filepath,label,class_index,true_class_index,predicted_class_index,correct
/mnt/c/Users/0M SAI RAM/Desktop/project/dataset/archive/derm12345_train_part_1/acb/DERM_852220.jpg,acb,0,0,0,True
/mnt/c/Users/0M SAI RAM/Desktop/project/dataset/archive/derm12345_train_part_1/acb/DERM_947970.jpg,acb,0,0,0,True
/mnt/c/Users/0M SAI RAM/Desktop/project/dataset/archive/derm12345_train_part_1/acb/DERM_719083.jpg,acb,0,0,0,True
/mnt/c/Users/0M SAI RAM/Desktop/project/dataset/archive/derm12345_train_part_1/acb/DERM_222838.jpg,acb,0,0,3,False
/mnt/c/Users/0M SAI RAM/Desktop/project/dataset/archive/derm12345_train_part_1/acb/DERM_490428.jpg,acb,0,0,2,False
/mnt/c/Users/0M SAI RAM/Desktop/project/dataset/archive/derm12345_train_part_1/acb/DERM_305870.jpg,acb,0,0,2,False
/mnt/c/Users/0M SAI RAM/Desktop/project/dataset/archive/derm12345_train_part_1/acb/DERM_206677.jpg,acb,0,0,2,False
/mnt/c/Users/0M SAI RAM/Desktop/project/dataset/archive/derm12345_train_part_1/acb/DERM_825774.jpg,acb,0,0,0,True
/mnt/c/Users/0M SAI RAM/Desktop/project/dataset/archive/derm12345_train_part_1/acb/DERM_388043.jpg,acb,0,0,3,False
/mnt/c/Users/0M SAI RAM/Desktop/project/dataset/archive/derm12345_train_part_1/acb/DERM_923059.jpg,acb,0,0,4,False
/mnt/c/Users/0M SAI RAM/Desktop/project/dataset/archive/derm12345_train_part_1/acd/DERM_757213.jpg,acd,1,1,17,False
/mnt/c/Users/0M SAI RAM/Desktop/project/dataset/archive/derm12345_train_part_1/acd/DERM_775092.jpg,acd,1,1,8,False
/mnt/c/Users/0M SAI RAM/Desktop/project/dataset/archive/derm12345_train_part_1/acd/DERM_659430.jpg,acd,1,1,1,True
/mnt/c/Users/0M SAI RAM/Desktop/project/dataset/archive/derm12345_train_part_1/ajb/DERM_149296.jpg,ajb,2,2,2,True
/mnt/c/Users/0M SAI RAM/Desktop/project/dataset/archive/derm12345_train_part_1/ajb/DERM_640495.jpg,ajb,2,2,23,False
/mnt/c/Users/0M SAI RAM/Desktop/project/dataset/archive/derm12345_train_part_1/ajb/DERM_221699.jpg,ajb,2,2,2,True
/mnt/c/Users/0M SAI RAM/Desktop/project/dataset/archive/derm12345_train_part_1/ajb/DERM_287105.jpg,ajb,2,2,3,False
/mnt/c/Users/0M SAI RAM/Desktop/project/dataset/archive/derm12345_train_part_1/ajb/DERM_698670.jpg,ajb,2,2,2,True
/mnt/c/Users/0M SAI RAM/Desktop/project/dataset/archive/derm12345_train_part_1/ajb/DERM_661753.jpg,ajb,2,2,2,True
/mnt/c/Users/0M SAI RAM/Desktop/project/dataset/archive/derm12345_train_part_1/ajb/DERM_515758.jpg,ajb,2,2,2,True
/mnt/c/Users/0M SAI RAM/Desktop/project/dataset/archive/derm12345_train_part_1/ajb/DERM_317653.jpg,ajb,2,2,2,True
/mnt/c/Users/0M SAI RAM/Desktop/project/dataset/archive/derm12345_train_part_1/ajb/DERM_367107.jpg,ajb,2,2,2,True
/mnt/c/Users/0M SAI RAM/Desktop/project/dataset/archive/derm12345_train_part_1/ajb/DERM_178032.jpg,ajb,2,2,30,False
/mnt/c/Users/0M SAI RAM/Desktop/project/dataset/archive/derm12345_train_part_1/ajb/DERM_854814.jpg,ajb,2,2,2,True
/mnt/c/Users/0M SAI RAM/Desktop/project/dataset/archive/derm12345_train_part_1/ajb/DERM_618297.jpg,ajb,2,2,2,True
/mnt/c/Users/0M SAI RAM/Desktop/project/dataset/archive/derm12345_train_part_1/ajb/DERM_405818.jpg,ajb,2,2,2,True
/mnt/c/Users/0M SAI RAM/Desktop/project/dataset/archive/derm12345_train_part_1/ajb/DERM_552976.jpg,ajb,2,2,2,True
/mnt/c/Users/0M SAI RAM/Desktop/project/dataset/archive/derm12345_train_part_1/ajb/DERM_566297.jpg,ajb,2,2,2,True
/mnt/c/Users/0M SAI RAM/Desktop/project/dataset/archive/derm12345_train_part_1/ajb/DERM_930541.jpg,ajb,2,2,2,True
/mnt/c/Users/0M SAI RAM/Desktop/project/dataset/archive/derm12345_train_part_1/ajb/DERM_295766.jpg,ajb,2,2,22,False
/mnt/c/Users/0M SAI RAM/Desktop/project/dataset/archive/derm12345_train_part_1/ajb/DERM_182596.jpg,ajb,2,2,2,True
/mnt/c/Users/0M SAI RAM/Desktop/project/dataset/archive/derm12345_train_part_1/ajb/DERM_450503.jpg,ajb,2,2,2,True
/mnt/c/Users/0M SAI RAM/Desktop/project/dataset/archive/derm12345_train_part_1/ajb/DERM_722884.jpg,ajb,2,2,3,False
/mnt/c/Users/0M SAI RAM/Desktop/project/dataset/archive/derm12345_train_part_1/ajb/DERM_185433.jpg,ajb,2,2,2,True
/mnt/c/Users/0M SAI RAM/Desktop/project/dataset/archive/derm12345_train_part_1/ajb/DERM_229074.jpg,ajb,2,2,31,False
/mnt/c/Users/0M SAI RAM/Desktop/project/dataset/archive/derm12345_train_part_1/ajb/DERM_813215.jpg,ajb,2,2,2,True
/mnt/c/Users/0M SAI RAM/Desktop/project/dataset/archive/derm12345_train_part_1/ajb/DERM_724914.jpg,ajb,2,2,2,True
/mnt/c/Users/0M SAI RAM/Desktop/project/dataset/archive/derm12345_train_part_1/ajb/DERM_274153.jpg,ajb,2,2,2,True
/mnt/c/Users/0M SAI RAM/Desktop/project/dataset/archive/derm12345_train_part_1/ajb/DERM_314454.jpg,ajb,2,2,2,True
/mnt/c/Users/0M SAI RAM/Desktop/project/dataset/archive/derm12345_train_part_1/ajb/DERM_196048.jpg,ajb,2,2,3,False
/mnt/c/Users/0M SAI RAM/Desktop/project/dataset/archive/derm12345_train_part_1/ajb/DERM_636322.jpg,ajb,2,2,2,True
/mnt/c/Users/0M SAI RAM/Desktop/project/dataset/archive/derm12345_train_part_1/ajb/DERM_492993.jpg,ajb,2,2,3,False
/mnt/c/Users/0M SAI RAM/Desktop/project/dataset/archive/derm12345_train_part_1/ajb/DERM_176871.jpg,ajb,2,2,2,True
/mnt/c/Users/0M SAI RAM/Desktop/project/dataset/archive/derm12345_train_part_1/ajb/DERM_532823.jpg,ajb,2,2,2,True
/mnt/c/Users/0M SAI RAM/Desktop/project/dataset/archive/derm12345_train_part_1/ajb/DERM_183048.jpg,ajb,2,2,2,True
/mnt/c/Users/0M SAI RAM/Desktop/project/dataset/archive/derm12345_train_part_1/ajb/DERM_205001.jpg,ajb,2,2,3,False
/mnt/c/Users/0M SAI RAM/Desktop/project/dataset/archive/derm12345_train_part_1/ajb/DERM_724782.jpg,ajb,2,2,10,False
/mnt/c/Users/0M SAI RAM/Desktop/project/dataset/archive/derm12345_train_part_1/ajb/DERM_867066.jpg,ajb,2,2,2,True
/mnt/c/Users/0M SAI RAM/Desktop/project/dataset/archive/derm12345_train_part_1/ajb/DERM_140717.jpg,ajb,2,2,2,True
/mnt/c/Users/0M SAI RAM/Desktop/project/dataset/archive/derm12345_train_part_1/ajb/DERM_427494.jpg,ajb,2,2,2,True
/mnt/c/Users/0M SAI RAM/Desktop/project/dataset/archive/derm12345_train_part_1/ajb/DERM_191780.jpg,ajb,2,2,2,True
/mnt/c/Users/0M SAI RAM/Desktop/project/dataset/archive/derm12345_train_part_1/ajb/DERM_417727.jpg,ajb,2,2,2,True
/mnt/c/Users/0M SAI RAM/Desktop/project/dataset/archive/derm12345_train_part_1/ajb/DERM_436942.jpg,ajb,2,2,10,False
/mnt/c/Users/0M SAI RAM/Desktop/project/dataset/archive/derm12345_train_part_1/ajb/DERM_416646.jpg,ajb,2,2,22,False
/mnt/c/Users/0M SAI RAM/Desktop/project/dataset/archive/derm12345_train_part_1/ajb/DERM_858139.jpg,ajb,2,2,2,True
/mnt/c/Users/0M SAI RAM/Desktop/project/dataset/archive/derm12345_train_part_1/ajb/DERM_782271.jpg,ajb,2,2,2,True
/mnt/c/Users/0M SAI RAM/Desktop/project/dataset/archive/derm12345_train_part_1/ajb/DERM_139816.jpg,ajb,2,2,22,False
/mnt/c/Users/0M SAI RAM/Desktop/project/dataset/archive/derm12345_train_part_1/ajb/DERM_390874.jpg,ajb,2,2,2,True
/mnt/c/Users/0M SAI RAM/Desktop/project/dataset/archive/derm12345_train_part_1/ajb/DERM_943960.jpg,ajb,2,2,2,True
/mnt/c/Users/0M SAI RAM/Desktop/project/dataset/archive/derm12345_train_part_1/ajb/DERM_936083.jpg,ajb,2,2,2,True
/mnt/c/Users/0M SAI RAM/Desktop/project/dataset/archive/derm12345_train_part_1/ajb/DERM_766575.jpg,ajb,2,2,2,True
/mnt/c/Users/0M SAI RAM/Desktop/project/dataset/archive/derm12345_train_part_1/ajb/DERM_600379.jpg,ajb,2,2,3,False
/mnt/c/Users/0M SAI RAM/Desktop/project/dataset/archive/derm12345_train_part_1/ajb/DERM_491031.jpg,ajb,2,2,2,True
/mnt/c/Users/0M SAI RAM/Desktop/project/dataset/archive/derm12345_train_part_1/ajb/DERM_860510.jpg,ajb,2,2,2,True
/mnt/c/Users/0M SAI RAM/Desktop/project/dataset/archive/derm12345_train_part_1/ajb/DERM_400980.jpg,ajb,2,2,2,True
/mnt/c/Users/0M SAI RAM/Desktop/project/dataset/archive/derm12345_train_part_1/ajb/DERM_285158.jpg,ajb,2,2,2,True
/mnt/c/Users/0M SAI RAM/Desktop/project/dataset/archive/derm12345_train_part_1/ajb/DERM_602011.jpg,ajb,2,2,2,True
/mnt/c/Users/0M SAI RAM/Desktop/project/dataset/archive/derm12345_train_part_1/ajb/DERM_568370.jpg,ajb,2,2,2,True
/mnt/c/Users/0M SAI RAM/Desktop/project/dataset/archive/derm12345_train_part_1/ajb/DERM_432953.jpg,ajb,2,2,3,False
/mnt/c/Users/0M SAI RAM/Desktop/project/dataset/archive/derm12345_train_part_1/ajb/DERM_634566.jpg,ajb,2,2,23,False
/mnt/c/Users/0M SAI RAM/Desktop/project/dataset/archive/derm12345_train_part_1/ajb/DERM_719852.jpg,ajb,2,2,2,True
/mnt/c/Users/0M SAI RAM/Desktop/project/dataset/archive/derm12345_train_part_1/ajb/DERM_191653.jpg,ajb,2,2,3,False
/mnt/c/Users/0M SAI RAM/Desktop/project/dataset/archive/derm12345_train_part_1/ajb/DERM_456361.jpg,ajb,2,2,22,False
/mnt/c/Users/0M SAI RAM/Desktop/project/dataset/archive/derm12345_train_part_1/ajb/DERM_950125.jpg,ajb,2,2,0,False
/mnt/c/Users/0M SAI RAM/Desktop/project/dataset/archive/derm12345_train_part_1/ajb/DERM_415556.jpg,ajb,2,2,2,True
/mnt/c/Users/0M SAI RAM/Desktop/project/dataset/archive/derm12345_train_part_1/ajb/DERM_876431.jpg,ajb,2,2,2,True
/mnt/c/Users/0M SAI RAM/Desktop/project/dataset/archive/derm12345_train_part_1/ajb/DERM_970099.jpg,ajb,2,2,2,True
/mnt/c/Users/0M SAI RAM/Desktop/project/dataset/archive/derm12345_train_part_1/ajb/DERM_319244.jpg,ajb,2,2,2,True
/mnt/c/Users/0M SAI RAM/Desktop/project/dataset/archive/derm12345_train_part_1/ajb/DERM_462257.jpg,ajb,2,2,2,True
/mnt/c/Users/0M SAI RAM/Desktop/project/dataset/archive/derm12345_train_part_1/ajb/DERM_572768.jpg,ajb,2,2,23,False
/mnt/c/Users/0M SAI RAM/Desktop/project/dataset/archive/derm12345_train_part_1/ajb/DERM_166480.jpg,ajb,2,2,2,True
/mnt/c/Users/0M SAI RAM/Desktop/project/dataset/archive/derm12345_train_part_1/ajb/DERM_552579.jpg,ajb,2,2,2,True
/mnt/c/Users/0M SAI RAM/Desktop/project/dataset/archive/derm12345_train_part_1/ajb/DERM_611302.jpg,ajb,2,2,2,True
/mnt/c/Users/0M SAI RAM/Desktop/project/dataset/archive/derm12345_train_part_1/ajb/DERM_714355.jpg,ajb,2,2,2,True
/mnt/c/Users/0M SAI RAM/Desktop/project/dataset/archive/derm12345_train_part_1/ajb/DERM_693350.jpg,ajb,2,2,2,True
/mnt/c/Users/0M SAI RAM/Desktop/project/dataset/archive/derm12345_train_part_1/ajb/DERM_198130.jpg,ajb,2,2,2,True
/mnt/c/Users/0M SAI RAM/Desktop/project/dataset/archive/derm12345_train_part_1/ajb/DERM_184591.jpg,ajb,2,2,22,False
/mnt/c/Users/0M SAI RAM/Desktop/project/dataset/archive/derm12345_train_part_1/ajb/DERM_274824.jpg,ajb,2,2,2,True
/mnt/c/Users/0M SAI RAM/Desktop/project/dataset/archive/derm12345_train_part_1/ajb/DERM_442487.jpg,ajb,2,2,2,True
/mnt/c/Users/0M SAI RAM/Desktop/project/dataset/archive/derm12345_train_part_1/ajb/DERM_110836.jpg,ajb,2,2,3,False
/mnt/c/Users/0M SAI RAM/Desktop/project/dataset/archive/derm12345_train_part_1/ajb/DERM_485847.jpg,ajb,2,2,2,True
/mnt/c/Users/0M SAI RAM/Desktop/project/dataset/archive/derm12345_train_part_1/ajb/DERM_468422.jpg,ajb,2,2,2,True
/mnt/c/Users/0M SAI RAM/Desktop/project/dataset/archive/derm12345_train_part_1/ajb/DERM_185206.jpg,ajb,2,2,11,False
/mnt/c/Users/0M SAI RAM/Desktop/project/dataset/archive/derm12345_train_part_1/ajb/DERM_328513.jpg,ajb,2,2,23,False
/mnt/c/Users/0M SAI RAM/Desktop/project/dataset/archive/derm12345_train_part_1/ajb/DERM_690771.jpg,ajb,2,2,3,False
/mnt/c/Users/0M SAI RAM/Desktop/project/dataset/archive/derm12345_train_part_1/ajb/DERM_782514.jpg,ajb,2,2,23,False
/mnt/c/Users/0M SAI RAM/Desktop/project/dataset/archive/derm12345_train_part_1/ajb/DERM_948998.jpg,ajb,2,2,2,True
/mnt/c/Users/0M SAI RAM/Desktop/project/dataset/archive/derm12345_train_part_1/ajb/DERM_878766.jpg,ajb,2,2,2,True
/mnt/c/Users/0M SAI RAM/Desktop/project/dataset/archive/derm12345_train_part_1/ajb/DERM_175187.jpg,ajb,2,2,2,True
/mnt/c/Users/0M SAI RAM/Desktop/project/dataset/archive/derm12345_train_part_1/ajb/DERM_260059.jpg,ajb,2,2,2,True
/mnt/c/Users/0M SAI RAM/Desktop/project/dataset/archive/derm12345_train_part_1/ajb/DERM_867499.jpg,ajb,2,2,2,True
/mnt/c/Users/0M SAI RAM/Desktop/project/dataset/archive/derm12345_train_part_1/ajb/DERM_831521.jpg,ajb,2,2,3,False
/mnt/c/Users/0M SAI RAM/Desktop/project/dataset/archive/derm12345_train_part_1/ajb/DERM_349877.jpg,ajb,2,2,0,False
/mnt/c/Users/0M SAI RAM/Desktop/project/dataset/archive/derm12345_train_part_1/ajb/DERM_934009.jpg,ajb,2,2,14,False
/mnt/c/Users/0M SAI RAM/Desktop/project/dataset/archive/derm12345_train_part_1/ajb/DERM_638383.jpg,ajb,2,2,2,True
/mnt/c/Users/0M SAI RAM/Desktop/project/dataset/archive/derm12345_train_part_1/ajb/DERM_597965.jpg,ajb,2,2,2,True
/mnt/c/Users/0M SAI RAM/Desktop/project/dataset/archive/derm12345_train_part_1/ajb/DERM_180220.jpg,ajb,2,2,2,True
/mnt/c/Users/0M SAI RAM/Desktop/project/dataset/archive/derm12345_train_part_1/ajb/DERM_599264.jpg,ajb,2,2,23,False
/mnt/c/Users/0M SAI RAM/Desktop/project/dataset/archive/derm12345_train_part_1/ajb/DERM_344222.jpg,ajb,2,2,2,True
/mnt/c/Users/0M SAI RAM/Desktop/project/dataset/archive/derm12345_train_part_1/ajb/DERM_377957.jpg,ajb,2,2,2,True
/mnt/c/Users/0M SAI RAM/Desktop/project/dataset/archive/derm12345_train_part_1/ajb/DERM_314414.jpg,ajb,2,2,22,False
/mnt/c/Users/0M SAI RAM/Desktop/project/dataset/archive/derm12345_train_part_1/ajb/DERM_298461.jpg,ajb,2,2,3,False
/mnt/c/Users/0M SAI RAM/Desktop/project/dataset/archive/derm12345_train_part_1/ajb/DERM_200860.jpg,ajb,2,2,2,True
/mnt/c/Users/0M SAI RAM/Desktop/project/dataset/archive/derm12345_train_part_1/ajb/DERM_613573.jpg,ajb,2,2,2,True
/mnt/c/Users/0M SAI RAM/Desktop/project/dataset/archive/derm12345_train_part_1/ajb/DERM_704522.jpg,ajb,2,2,2,True
/mnt/c/Users/0M SAI RAM/Desktop/project/dataset/archive/derm12345_train_part_1/ajb/DERM_764399.jpg,ajb,2,2,2,True
/mnt/c/Users/0M SAI RAM/Desktop/project/dataset/archive/derm12345_train_part_1/ajb/DERM_805560.jpg,ajb,2,2,2,True
/mnt/c/Users/0M SAI RAM/Desktop/project/dataset/archive/derm12345_train_part_1/ajb/DERM_903028.jpg,ajb,2,2,2,True
/mnt/c/Users/0M SAI RAM/Desktop/project/dataset/archive/derm12345_train_part_1/ajb/DERM_854325.jpg,ajb,2,2,3,False
/mnt/c/Users/0M SAI RAM/Desktop/project/dataset/archive/derm12345_train_part_1/ajb/DERM_960652.jpg,ajb,2,2,2,True
/mnt/c/Users/0M SAI RAM/Desktop/project/dataset/archive/derm12345_train_part_1/ajb/DERM_379259.jpg,ajb,2,2,3,False
/mnt/c/Users/0M SAI RAM/Desktop/project/dataset/archive/derm12345_train_part_1/ajb/DERM_823968.jpg,ajb,2,2,2,True
/mnt/c/Users/0M SAI RAM/Desktop/project/dataset/archive/derm12345_train_part_1/ajb/DERM_685383.jpg,ajb,2,2,2,True
/mnt/c/Users/0M SAI RAM/Desktop/project/dataset/archive/derm12345_train_part_1/ajb/DERM_907092.jpg,ajb,2,2,37,False
/mnt/c/Users/0M SAI RAM/Desktop/project/dataset/archive/derm12345_train_part_1/ajb/DERM_985513.jpg,ajb,2,2,2,True
/mnt/c/Users/0M SAI RAM/Desktop/project/dataset/archive/derm12345_train_part_1/ajb/DERM_985514.jpg,ajb,2,2,2,True
/mnt/c/Users/0M SAI RAM/Desktop/project/dataset/archive/derm12345_train_part_1/ajd/DERM_508472.jpg,ajd,3,3,2,False
/mnt/c/Users/0M SAI RAM/Desktop/project/dataset/archive/derm12345_train_part_1/ajd/DERM_259004.jpg,ajd,3,3,3,True
/mnt/c/Users/0M SAI RAM/Desktop/project/dataset/archive/derm12345_train_part_1/ajd/DERM_786808.jpg,ajd,3,3,11,False
/mnt/c/Users/0M SAI RAM/Desktop/project/dataset/archive/derm12345_train_part_1/ajd/DERM_278931.jpg,ajd,3,3,3,True
/mnt/c/Users/0M SAI RAM/Desktop/project/dataset/archive/derm12345_train_part_1/ajd/DERM_135416.jpg,ajd,3,3,23,False
/mnt/c/Users/0M SAI RAM/Desktop/project/dataset/archive/derm12345_train_part_1/ajd/DERM_207342.jpg,ajd,3,3,2,False
/mnt/c/Users/0M SAI RAM/Desktop/project/dataset/archive/derm12345_train_part_1/ajd/DERM_931603.jpg,ajd,3,3,22,False
/mnt/c/Users/0M SAI RAM/Desktop/project/dataset/archive/derm12345_train_part_1/ajd/DERM_208508.jpg,ajd,3,3,2,False
/mnt/c/Users/0M SAI RAM/Desktop/project/dataset/archive/derm12345_train_part_1/ajd/DERM_426693.jpg,ajd,3,3,23,False
/mnt/c/Users/0M SAI RAM/Desktop/project/dataset/archive/derm12345_train_part_1/ajd/DERM_936964.jpg,ajd,3,3,22,False
/mnt/c/Users/0M SAI RAM/Desktop/project/dataset/archive/derm12345_train_part_1/ajd/DERM_254254.jpg,ajd,3,3,3,True
/mnt/c/Users/0M SAI RAM/Desktop/project/dataset/archive/derm12345_train_part_1/ajd/DERM_275945.jpg,ajd,3,3,2,False
/mnt/c/Users/0M SAI RAM/Desktop/project/dataset/archive/derm12345_train_part_1/ajd/DERM_285562.jpg,ajd,3,3,22,False
/mnt/c/Users/0M SAI RAM/Desktop/project/dataset/archive/derm12345_train_part_1/ajd/DERM_654119.jpg,ajd,3,3,3,True
/mnt/c/Users/0M SAI RAM/Desktop/project/dataset/archive/derm12345_train_part_1/ajd/DERM_182960.jpg,ajd,3,3,3,True
/mnt/c/Users/0M SAI RAM/Desktop/project/dataset/archive/derm12345_train_part_1/ajd/DERM_506215.jpg,ajd,3,3,2,False
/mnt/c/Users/0M SAI RAM/Desktop/project/dataset/archive/derm12345_train_part_1/ajd/DERM_282077.jpg,ajd,3,3,2,False
/mnt/c/Users/0M SAI RAM/Desktop/project/dataset/archive/derm12345_train_part_1/ajd/DERM_193929.jpg,ajd,3,3,2,False
/mnt/c/Users/0M SAI RAM/Desktop/project/dataset/archive/derm12345_train_part_1/ajd/DERM_319328.jpg,ajd,3,3,3,True
/mnt/c/Users/0M SAI RAM/Desktop/project/dataset/archive/derm12345_train_part_1/ajd/DERM_434660.jpg,ajd,3,3,3,True
/mnt/c/Users/0M SAI RAM/Desktop/project/dataset/archive/derm12345_train_part_1/ajd/DERM_196811.jpg,ajd,3,3,36,False
/mnt/c/Users/0M SAI RAM/Desktop/project/dataset/archive/derm12345_train_part_1/ajd/DERM_269958.jpg,ajd,3,3,36,False
/mnt/c/Users/0M SAI RAM/Desktop/project/dataset/archive/derm12345_train_part_1/ajd/DERM_967567.jpg,ajd,3,3,36,False
/mnt/c/Users/0M SAI RAM/Desktop/project/dataset/archive/derm12345_train_part_1/ajd/DERM_772883.jpg,ajd,3,3,23,False
/mnt/c/Users/0M SAI RAM/Desktop/project/dataset/archive/derm12345_train_part_1/ajd/DERM_934764.jpg,ajd,3,3,2,False
/mnt/c/Users/0M SAI RAM/Desktop/project/dataset/archive/derm12345_train_part_1/ajd/DERM_475918.jpg,ajd,3,3,12,False
/mnt/c/Users/0M SAI RAM/Desktop/project/dataset/archive/derm12345_train_part_1/ajd/DERM_985651.jpg,ajd,3,3,23,False
/mnt/c/Users/0M SAI RAM/Desktop/project/dataset/archive/derm12345_train_part_1/ajd/DERM_884566.jpg,ajd,3,3,3,True
/mnt/c/Users/0M SAI RAM/Desktop/project/dataset/archive/derm12345_train_part_1/ajd/DERM_197801.jpg,ajd,3,3,3,True
/mnt/c/Users/0M SAI RAM/Desktop/project/dataset/archive/derm12345_train_part_1/ajd/DERM_666707.jpg,ajd,3,3,23,False
/mnt/c/Users/0M SAI RAM/Desktop/project/dataset/archive/derm12345_train_part_1/ajd/DERM_176462.jpg,ajd,3,3,2,False
/mnt/c/Users/0M SAI RAM/Desktop/project/dataset/archive/derm12345_train_part_1/ajd/DERM_604505.jpg,ajd,3,3,3,True
/mnt/c/Users/0M SAI RAM/Desktop/project/dataset/archive/derm12345_train_part_1/ajd/DERM_320236.jpg,ajd,3,3,0,False
/mnt/c/Users/0M SAI RAM/Desktop/project/dataset/archive/derm12345_train_part_1/ajd/DERM_965218.jpg,ajd,3,3,23,False
/mnt/c/Users/0M SAI RAM/Desktop/project/dataset/archive/derm12345_train_part_1/ajd/DERM_649103.jpg,ajd,3,3,3,True
/mnt/c/Users/0M SAI RAM/Desktop/project/dataset/archive/derm12345_train_part_1/ajd/DERM_664873.jpg,ajd,3,3,3,True
/mnt/c/Users/0M SAI RAM/Desktop/project/dataset/archive/derm12345_train_part_1/ajd/DERM_614835.jpg,ajd,3,3,3,True
/mnt/c/Users/0M SAI RAM/Desktop/project/dataset/archive/derm12345_train_part_1/ajd/DERM_362671.jpg,ajd,3,3,3,True
/mnt/c/Users/0M SAI RAM/Desktop/project/dataset/archive/derm12345_train_part_1/ajd/DERM_415841.jpg,ajd,3,3,3,True
/mnt/c/Users/0M SAI RAM/Desktop/project/dataset/archive/derm12345_train_part_1/ajd/DERM_154342.jpg,ajd,3,3,8,False
/mnt/c/Users/0M SAI RAM/Desktop/project/dataset/archive/derm12345_train_part_1/ajd/DERM_663140.jpg,ajd,3,3,3,True
/mnt/c/Users/0M SAI RAM/Desktop/project/dataset/archive/derm12345_train_part_1/ajd/DERM_117265.jpg,ajd,3,3,3,True
/mnt/c/Users/0M SAI RAM/Desktop/project/dataset/archive/derm12345_train_part_1/ajd/DERM_171663.jpg,ajd,3,3,3,True
/mnt/c/Users/0M SAI RAM/Desktop/project/dataset/archive/derm12345_train_part_1/ajd/DERM_778762.jpg,ajd,3,3,38,False
/mnt/c/Users/0M SAI RAM/Desktop/project/dataset/archive/derm12345_train_part_1/ajd/DERM_913032.jpg,ajd,3,3,3,True
/mnt/c/Users/0M SAI RAM/Desktop/project/dataset/archive/derm12345_train_part_1/ajd/DERM_761166.jpg,ajd,3,3,3,True
/mnt/c/Users/0M SAI RAM/Desktop/project/dataset/archive/derm12345_train_part_1/ajd/DERM_756844.jpg,ajd,3,3,23,False
/mnt/c/Users/0M SAI RAM/Desktop/project/dataset/archive/derm12345_train_part_1/ajd/DERM_134430.jpg,ajd,3,3,23,False
/mnt/c/Users/0M SAI RAM/Desktop/project/dataset/archive/derm12345_train_part_1/ajd/DERM_129642.jpg,ajd,3,3,2,False
/mnt/c/Users/0M SAI RAM/Desktop/project/dataset/archive/derm12345_train_part_1/ajd/DERM_769195.jpg,ajd,3,3,2,False
/mnt/c/Users/0M SAI RAM/Desktop/project/dataset/archive/derm12345_train_part_1/ajd/DERM_260961.jpg,ajd,3,3,3,True
/mnt/c/Users/0M SAI RAM/Desktop/project/dataset/archive/derm12345_train_part_1/ajd/DERM_210134.jpg,ajd,3,3,3,True
/mnt/c/Users/0M SAI RAM/Desktop/project/dataset/archive/derm12345_train_part_1/ajd/DERM_725781.jpg,ajd,3,3,3,True
/mnt/c/Users/0M SAI RAM/Desktop/project/dataset/archive/derm12345_train_part_1/ajd/DERM_516133.jpg,ajd,3,3,2,False
/mnt/c/Users/0M SAI RAM/Desktop/project/dataset/archive/derm12345_train_part_1/ajd/DERM_167879.jpg,ajd,3,3,3,True
/mnt/c/Users/0M SAI RAM/Desktop/project/dataset/archive/derm12345_train_part_1/ajd/DERM_896778.jpg,ajd,3,3,3,True
/mnt/c/Users/0M SAI RAM/Desktop/project/dataset/archive/derm12345_train_part_1/ajd/DERM_831899.jpg,ajd,3,3,23,False
/mnt/c/Users/0M SAI RAM/Desktop/project/dataset/archive/derm12345_train_part_1/ajd/DERM_328313.jpg,ajd,3,3,23,False
/mnt/c/Users/0M SAI RAM/Desktop/project/dataset/archive/derm12345_train_part_1/ajd/DERM_106456.jpg,ajd,3,3,2,False
/mnt/c/Users/0M SAI RAM/Desktop/project/dataset/archive/derm12345_train_part_1/ajd/DERM_157572.jpg,ajd,3,3,30,False
/mnt/c/Users/0M SAI RAM/Desktop/project/dataset/archive/derm12345_train_part_1/ajd/DERM_765012.jpg,ajd,3,3,3,True
/mnt/c/Users/0M SAI RAM/Desktop/project/dataset/archive/derm12345_train_part_1/ajd/DERM_804255.jpg,ajd,3,3,3,True
/mnt/c/Users/0M SAI RAM/Desktop/project/dataset/archive/derm12345_train_part_1/ajd/DERM_850401.jpg,ajd,3,3,3,True
/mnt/c/Users/0M SAI RAM/Desktop/project/dataset/archive/derm12345_train_part_1/ajd/DERM_216304.jpg,ajd,3,3,3,True
/mnt/c/Users/0M SAI RAM/Desktop/project/dataset/archive/derm12345_train_part_1/ajd/DERM_897211.jpg,ajd,3,3,23,False
/mnt/c/Users/0M SAI RAM/Desktop/project/dataset/archive/derm12345_train_part_1/ajd/DERM_557338.jpg,ajd,3,3,22,False
/mnt/c/Users/0M SAI RAM/Desktop/project/dataset/archive/derm12345_train_part_1/ajd/DERM_691632.jpg,ajd,3,3,3,True
/mnt/c/Users/0M SAI RAM/Desktop/project/dataset/archive/derm12345_train_part_1/ajd/DERM_666409.jpg,ajd,3,3,2,False
/mnt/c/Users/0M SAI RAM/Desktop/project/dataset/archive/derm12345_train_part_1/ajd/DERM_569580.jpg,ajd,3,3,3,True
/mnt/c/Users/0M SAI RAM/Desktop/project/dataset/archive/derm12345_train_part_1/ajd/DERM_880256.jpg,ajd,3,3,11,False
/mnt/c/Users/0M SAI RAM/Desktop/project/dataset/archive/derm12345_train_part_1/ajd/DERM_268497.jpg,ajd,3,3,3,True
/mnt/c/Users/0M SAI RAM/Desktop/project/dataset/archive/derm12345_train_part_1/ajd/DERM_471275.jpg,ajd,3,3,3,True
/mnt/c/Users/0M SAI RAM/Desktop/project/dataset/archive/derm12345_train_part_1/ajd/DERM_626604.jpg,ajd,3,3,22,False
/mnt/c/Users/0M SAI RAM/Desktop/project/dataset/archive/derm12345_train_part_1/ajd/DERM_249894.jpg,ajd,3,3,29,False
/mnt/c/Users/0M SAI RAM/Desktop/project/dataset/archive/derm12345_train_part_1/ajd/DERM_173188.jpg,ajd,3,3,3,True
/mnt/c/Users/0M SAI RAM/Desktop/project/dataset/archive/derm12345_train_part_1/ajd/DERM_404448.jpg,ajd,3,3,3,True
/mnt/c/Users/0M SAI RAM/Desktop/project/dataset/archive/derm12345_train_part_1/ajd/DERM_447113.jpg,ajd,3,3,17,False
/mnt/c/Users/0M SAI RAM/Desktop/project/dataset/archive/derm12345_train_part_1/ak/DERM_204720.jpg,ak,4,4,36,False
/mnt/c/Users/0M SAI RAM/Desktop/project/dataset/archive/derm12345_train_part_1/ak/DERM_939061.jpg,ak,4,4,37,False
/mnt/c/Users/0M SAI RAM/Desktop/project/dataset/archive/derm12345_train_part_1/ak/DERM_991729.jpg,ak,4,4,37,False
/mnt/c/Users/0M SAI RAM/Desktop/project/dataset/archive/derm12345_train_part_1/ak/DERM_661733.jpg,ak,4,4,8,False
/mnt/c/Users/0M SAI RAM/Desktop/project/dataset/archive/derm12345_train_part_1/ak/DERM_552655.jpg,ak,4,4,37,False
/mnt/c/Users/0M SAI RAM/Desktop/project/dataset/archive/derm12345_train_part_1/ak/DERM_100202.jpg,ak,4,4,4,True
/mnt/c/Users/0M SAI RAM/Desktop/project/dataset/archive/derm12345_train_part_1/ak/DERM_102992.jpg,ak,4,4,4,True
/mnt/c/Users/0M SAI RAM/Desktop/project/dataset/archive/derm12345_train_part_1/ak/DERM_318108.jpg,ak,4,4,4,True
/mnt/c/Users/0M SAI RAM/Desktop/project/dataset/archive/derm12345_train_part_1/ak/DERM_152559.jpg,ak,4,4,4,True
/mnt/c/Users/0M SAI RAM/Desktop/project/dataset/archive/derm12345_train_part_1/ak/DERM_931777.jpg,ak,4,4,4,True
/mnt/c/Users/0M SAI RAM/Desktop/project/dataset/archive/derm12345_train_part_1/ak/DERM_518617.jpg,ak,4,4,37,False
/mnt/c/Users/0M SAI RAM/Desktop/project/dataset/archive/derm12345_train_part_1/ak/DERM_239449.jpg,ak,4,4,23,False
/mnt/c/Users/0M SAI RAM/Desktop/project/dataset/archive/derm12345_train_part_1/ak/DERM_398494.jpg,ak,4,4,14,False
/mnt/c/Users/0M SAI RAM/Desktop/project/dataset/archive/derm12345_train_part_1/ak/DERM_935224.jpg,ak,4,4,27,False
/mnt/c/Users/0M SAI RAM/Desktop/project/dataset/archive/derm12345_train_part_1/ak/DERM_972385.jpg,ak,4,4,27,False
/mnt/c/Users/0M SAI RAM/Desktop/project/dataset/archive/derm12345_train_part_1/alm/DERM_413378.jpg,alm,5,5,5,True
/mnt/c/Users/0M SAI RAM/Desktop/project/dataset/archive/derm12345_train_part_1/alm/DERM_478092.jpg,alm,5,5,36,False
/mnt/c/Users/0M SAI RAM/Desktop/project/dataset/archive/derm12345_train_part_1/alm/DERM_656946.jpg,alm,5,5,12,False
/mnt/c/Users/0M SAI RAM/Desktop/project/dataset/archive/derm12345_train_part_1/alm/DERM_842665.jpg,alm,5,5,5,True
/mnt/c/Users/0M SAI RAM/Desktop/project/dataset/archive/derm12345_train_part_1/alm/DERM_398967.jpg,alm,5,5,12,False
/mnt/c/Users/0M SAI RAM/Desktop/project/dataset/archive/derm12345_train_part_1/alm/DERM_654788.jpg,alm,5,5,5,True
/mnt/c/Users/0M SAI RAM/Desktop/project/dataset/archive/derm12345_train_part_1/alm/DERM_411147.jpg,alm,5,5,5,True
/mnt/c/Users/0M SAI RAM/Desktop/project/dataset/archive/derm12345_train_part_1/alm/DERM_416557.jpg,alm,5,5,5,True
/mnt/c/Users/0M SAI RAM/Desktop/project/dataset/archive/derm12345_train_part_1/alm/DERM_753929.jpg,alm,5,5,5,True
/mnt/c/Users/0M SAI RAM/Desktop/project/dataset/archive/derm12345_train_part_1/alm/DERM_113822.jpg,alm,5,5,5,True
/mnt/c/Users/0M SAI RAM/Desktop/project/dataset/archive/derm12345_train_part_1/alm/DERM_957658.jpg,alm,5,5,5,True
/mnt/c/Users/0M SAI RAM/Desktop/project/dataset/archive/derm12345_train_part_1/alm/DERM_716669.jpg,alm,5,5,31,False
/mnt/c/Users/0M SAI RAM/Desktop/project/dataset/archive/derm12345_train_part_1/alm/DERM_277013.jpg,alm,5,5,5,True
/mnt/c/Users/0M SAI RAM/Desktop/project/dataset/archive/derm12345_train_part_1/alm/DERM_997491.jpg,alm,5,5,5,True
/mnt/c/Users/0M SAI RAM/Desktop/project/dataset/archive/derm12345_train_part_1/alm/DERM_304092.jpg,alm,5,5,27,False
/mnt/c/Users/0M SAI RAM/Desktop/project/dataset/archive/derm12345_train_part_1/alm/DERM_818267.jpg,alm,5,5,8,False
/mnt/c/Users/0M SAI RAM/Desktop/project/dataset/archive/derm12345_train_part_1/angk/DERM_106254.jpg,angk,6,6,6,True
/mnt/c/Users/0M SAI RAM/Desktop/project/dataset/archive/derm12345_train_part_1/angk/DERM_289758.jpg,angk,6,6,25,False
/mnt/c/Users/0M SAI RAM/Desktop/project/dataset/archive/derm12345_train_part_1/angk/DERM_481934.jpg,angk,6,6,6,True
/mnt/c/Users/0M SAI RAM/Desktop/project/dataset/archive/derm12345_train_part_1/angk/DERM_374710.jpg,angk,6,6,6,True
/mnt/c/Users/0M SAI RAM/Desktop/project/dataset/archive/derm12345_train_part_1/angk/DERM_381385.jpg,angk,6,6,6,True
/mnt/c/Users/0M SAI RAM/Desktop/project/dataset/archive/derm12345_train_part_1/angk/DERM_604193.jpg,angk,6,6,6,True
/mnt/c/Users/0M SAI RAM/Desktop/project/dataset/archive/derm12345_train_part_1/angk/DERM_298200.jpg,angk,6,6,6,True
/mnt/c/Users/0M SAI RAM/Desktop/project/dataset/archive/derm12345_train_part_1/angk/DERM_480082.jpg,angk,6,6,6,True
/mnt/c/Users/0M SAI RAM/Desktop/project/dataset/archive/derm12345_train_part_1/angk/DERM_685838.jpg,angk,6,6,6,True
/mnt/c/Users/0M SAI RAM/Desktop/project/dataset/archive/derm12345_train_part_1/angk/DERM_209229.jpg,angk,6,6,6,True
/mnt/c/Users/0M SAI RAM/Desktop/project/dataset/archive/derm12345_train_part_1/angk/DERM_378744.jpg,angk,6,6,6,True
/mnt/c/Users/0M SAI RAM/Desktop/project/dataset/archive/derm12345_train_part_1/anm/DERM_421457.jpg,anm,7,7,7,True
/mnt/c/Users/0M SAI RAM/Desktop/project/dataset/archive/derm12345_train_part_1/anm/DERM_479899.jpg,anm,7,7,7,True
/mnt/c/Users/0M SAI RAM/Desktop/project/dataset/archive/derm12345_train_part_1/anm/DERM_521313.jpg,anm,7,7,7,True
/mnt/c/Users/0M SAI RAM/Desktop/project/dataset/archive/derm12345_train_part_1/anm/DERM_612790.jpg,anm,7,7,18,False
/mnt/c/Users/0M SAI RAM/Desktop/project/dataset/archive/derm12345_train_part_1/anm/DERM_481938.jpg,anm,7,7,36,False
/mnt/c/Users/0M SAI RAM/Desktop/project/dataset/archive/derm12345_train_part_1/anm/DERM_854464.jpg,anm,7,7,7,True
/mnt/c/Users/0M SAI RAM/Desktop/project/dataset/archive/derm12345_train_part_1/anm/DERM_438875.jpg,anm,7,7,7,True
/mnt/c/Users/0M SAI RAM/Desktop/project/dataset/archive/derm12345_train_part_1/anm/DERM_832689.jpg,anm,7,7,7,True
/mnt/c/Users/0M SAI RAM/Desktop/project/dataset/archive/derm12345_train_part_1/anm/DERM_440113.jpg,anm,7,7,7,True
/mnt/c/Users/0M SAI RAM/Desktop/project/dataset/archive/derm12345_train_part_1/anm/DERM_942708.jpg,anm,7,7,7,True
/mnt/c/Users/0M SAI RAM/Desktop/project/dataset/archive/derm12345_train_part_1/anm/DERM_465010.jpg,anm,7,7,7,True
/mnt/c/Users/0M SAI RAM/Desktop/project/dataset/archive/derm12345_train_part_1/anm/DERM_489207.jpg,anm,7,7,7,True
/mnt/c/Users/0M SAI RAM/Desktop/project/dataset/archive/derm12345_train_part_1/anm/DERM_225210.jpg,anm,7,7,12,False
/mnt/c/Users/0M SAI RAM/Desktop/project/dataset/archive/derm12345_train_part_1/anm/DERM_366769.jpg,anm,7,7,7,True
/mnt/c/Users/0M SAI RAM/Desktop/project/dataset/archive/derm12345_train_part_1/anm/DERM_994853.jpg,anm,7,7,2,False
/mnt/c/Users/0M SAI RAM/Desktop/project/dataset/archive/derm12345_train_part_1/anm/DERM_783577.jpg,anm,7,7,7,True
/mnt/c/Users/0M SAI RAM/Desktop/project/dataset/archive/derm12345_train_part_1/anm/DERM_512621.jpg,anm,7,7,7,True
/mnt/c/Users/0M SAI RAM/Desktop/project/dataset/archive/derm12345_train_part_1/anm/DERM_712504.jpg,anm,7,7,7,True
/mnt/c/Users/0M SAI RAM/Desktop/project/dataset/archive/derm12345_train_part_1/anm/DERM_300360.jpg,anm,7,7,7,True
/mnt/c/Users/0M SAI RAM/Desktop/project/dataset/archive/derm12345_train_part_1/anm/DERM_751780.jpg,anm,7,7,7,True
/mnt/c/Users/0M SAI RAM/Desktop/project/dataset/archive/derm12345_train_part_1/bcc/DERM_629107.jpg,bcc,8,8,8,True
/mnt/c/Users/0M SAI RAM/Desktop/project/dataset/archive/derm12345_train_part_1/bcc/DERM_682025.jpg,bcc,8,8,8,True
/mnt/c/Users/0M SAI RAM/Desktop/project/dataset/archive/derm12345_train_part_1/bcc/DERM_579082.jpg,bcc,8,8,8,True
/mnt/c/Users/0M SAI RAM/Desktop/project/dataset/archive/derm12345_train_part_1/bcc/DERM_847010.jpg,bcc,8,8,8,True
/mnt/c/Users/0M SAI RAM/Desktop/project/dataset/archive/derm12345_train_part_1/bcc/DERM_116185.jpg,bcc,8,8,36,False
/mnt/c/Users/0M SAI RAM/Desktop/project/dataset/archive/derm12345_train_part_1/bcc/DERM_459593.jpg,bcc,8,8,8,True
/mnt/c/Users/0M SAI RAM/Desktop/project/dataset/archive/derm12345_train_part_1/bcc/DERM_744793.jpg,bcc,8,8,36,False
/mnt/c/Users/0M SAI RAM/Desktop/project/dataset/archive/derm12345_train_part_1/bcc/DERM_910536.jpg,bcc,8,8,8,True
/mnt/c/Users/0M SAI RAM/Desktop/project/dataset/archive/derm12345_train_part_1/bcc/DERM_361759.jpg,bcc,8,8,8,True
/mnt/c/Users/0M SAI RAM/Desktop/project/dataset/archive/derm12345_train_part_1/bcc/DERM_778521.jpg,bcc,8,8,8,True
/mnt/c/Users/0M SAI RAM/Desktop/project/dataset/archive/derm12345_train_part_1/bcc/DERM_677605.jpg,bcc,8,8,9,False
/mnt/c/Users/0M SAI RAM/Desktop/project/dataset/archive/derm12345_train_part_1/bcc/DERM_138427.jpg,bcc,8,8,36,False
/mnt/c/Users/0M SAI RAM/Desktop/project/dataset/archive/derm12345_train_part_1/bcc/DERM_576408.jpg,bcc,8,8,36,False
/mnt/c/Users/0M SAI RAM/Desktop/project/dataset/archive/derm12345_train_part_1/bcc/DERM_349301.jpg,bcc,8,8,37,False
/mnt/c/Users/0M SAI RAM/Desktop/project/dataset/archive/derm12345_train_part_1/bcc/DERM_653414.jpg,bcc,8,8,36,False
/mnt/c/Users/0M SAI RAM/Desktop/project/dataset/archive/derm12345_train_part_1/bcc/DERM_103559.jpg,bcc,8,8,31,False
/mnt/c/Users/0M SAI RAM/Desktop/project/dataset/archive/derm12345_train_part_1/bcc/DERM_429997.jpg,bcc,8,8,8,True
/mnt/c/Users/0M SAI RAM/Desktop/project/dataset/archive/derm12345_train_part_1/bcc/DERM_866915.jpg,bcc,8,8,8,True
/mnt/c/Users/0M SAI RAM/Desktop/project/dataset/archive/derm12345_train_part_1/bcc/DERM_353247.jpg,bcc,8,8,8,True
/mnt/c/Users/0M SAI RAM/Desktop/project/dataset/archive/derm12345_train_part_1/bcc/DERM_901504.jpg,bcc,8,8,8,True
/mnt/c/Users/0M SAI RAM/Desktop/project/dataset/archive/derm12345_train_part_1/bcc/DERM_405727.jpg,bcc,8,8,8,True
/mnt/c/Users/0M SAI RAM/Desktop/project/dataset/archive/derm12345_train_part_1/bcc/DERM_393669.jpg,bcc,8,8,8,True
/mnt/c/Users/0M SAI RAM/Desktop/project/dataset/archive/derm12345_train_part_1/bcc/DERM_677850.jpg,bcc,8,8,8,True
/mnt/c/Users/0M SAI RAM/Desktop/project/dataset/archive/derm12345_train_part_1/bcc/DERM_287370.jpg,bcc,8,8,8,True
/mnt/c/Users/0M SAI RAM/Desktop/project/dataset/archive/derm12345_train_part_1/bcc/DERM_589774.jpg,bcc,8,8,30,False
/mnt/c/Users/0M SAI RAM/Desktop/project/dataset/archive/derm12345_train_part_1/bcc/DERM_626466.jpg,bcc,8,8,8,True
/mnt/c/Users/0M SAI RAM/Desktop/project/dataset/archive/derm12345_train_part_1/bcc/DERM_871076.jpg,bcc,8,8,8,True
/mnt/c/Users/0M SAI RAM/Desktop/project/dataset/archive/derm12345_train_part_1/bcc/DERM_844610.jpg,bcc,8,8,8,True
/mnt/c/Users/0M SAI RAM/Desktop/project/dataset/archive/derm12345_train_part_1/bcc/DERM_724739.jpg,bcc,8,8,8,True
/mnt/c/Users/0M SAI RAM/Desktop/project/dataset/archive/derm12345_train_part_1/bcc/DERM_703971.jpg,bcc,8,8,8,True
/mnt/c/Users/0M SAI RAM/Desktop/project/dataset/archive/derm12345_train_part_1/bcc/DERM_221445.jpg,bcc,8,8,36,False
/mnt/c/Users/0M SAI RAM/Desktop/project/dataset/archive/derm12345_train_part_1/bcc/DERM_383985.jpg,bcc,8,8,37,False
/mnt/c/Users/0M SAI RAM/Desktop/project/dataset/archive/derm12345_train_part_1/bcc/DERM_718178.jpg,bcc,8,8,12,False
/mnt/c/Users/0M SAI RAM/Desktop/project/dataset/archive/derm12345_train_part_1/bcc/DERM_108219.jpg,bcc,8,8,17,False
/mnt/c/Users/0M SAI RAM/Desktop/project/dataset/archive/derm12345_train_part_1/bcc/DERM_574366.jpg,bcc,8,8,8,True
/mnt/c/Users/0M SAI RAM/Desktop/project/dataset/archive/derm12345_train_part_1/bcc/DERM_373107.jpg,bcc,8,8,8,True
/mnt/c/Users/0M SAI RAM/Desktop/project/dataset/archive/derm12345_train_part_1/bcc/DERM_795560.jpg,bcc,8,8,8,True
/mnt/c/Users/0M SAI RAM/Desktop/project/dataset/archive/derm12345_train_part_1/bcc/DERM_710530.jpg,bcc,8,8,11,False
/mnt/c/Users/0M SAI RAM/Desktop/project/dataset/archive/derm12345_train_part_1/bcc/DERM_214017.jpg,bcc,8,8,8,True
/mnt/c/Users/0M SAI RAM/Desktop/project/dataset/archive/derm12345_train_part_1/bcc/DERM_453209.jpg,bcc,8,8,37,False
/mnt/c/Users/0M SAI RAM/Desktop/project/dataset/archive/derm12345_train_part_1/bcc/DERM_474755.jpg,bcc,8,8,8,True
/mnt/c/Users/0M SAI RAM/Desktop/project/dataset/archive/derm12345_train_part_1/bcc/DERM_944301.jpg,bcc,8,8,8,True
/mnt/c/Users/0M SAI RAM/Desktop/project/dataset/archive/derm12345_train_part_1/bcc/DERM_567762.jpg,bcc,8,8,8,True
/mnt/c/Users/0M SAI RAM/Desktop/project/dataset/archive/derm12345_train_part_1/bcc/DERM_194747.jpg,bcc,8,8,36,False
/mnt/c/Users/0M SAI RAM/Desktop/project/dataset/archive/derm12345_train_part_1/bcc/DERM_270062.jpg,bcc,8,8,8,True
/mnt/c/Users/0M SAI RAM/Desktop/project/dataset/archive/derm12345_train_part_1/bcc/DERM_865666.jpg,bcc,8,8,8,True
/mnt/c/Users/0M SAI RAM/Desktop/project/dataset/archive/derm12345_train_part_1/bcc/DERM_241853.jpg,bcc,8,8,36,False
/mnt/c/Users/0M SAI RAM/Desktop/project/dataset/archive/derm12345_train_part_1/bcc/DERM_944128.jpg,bcc,8,8,8,True
/mnt/c/Users/0M SAI RAM/Desktop/project/dataset/archive/derm12345_train_part_1/bcc/DERM_259473.jpg,bcc,8,8,8,True
/mnt/c/Users/0M SAI RAM/Desktop/project/dataset/archive/derm12345_train_part_1/bcc/DERM_923146.jpg,bcc,8,8,8,True
/mnt/c/Users/0M SAI RAM/Desktop/project/dataset/archive/derm12345_train_part_1/bcc/DERM_440527.jpg,bcc,8,8,8,True
/mnt/c/Users/0M SAI RAM/Desktop/project/dataset/archive/derm12345_train_part_1/bcc/DERM_284688.jpg,bcc,8,8,8,True
/mnt/c/Users/0M SAI RAM/Desktop/project/dataset/archive/derm12345_train_part_1/bcc/DERM_473490.jpg,bcc,8,8,12,False
/mnt/c/Users/0M SAI RAM/Desktop/project/dataset/archive/derm12345_train_part_1/bcc/DERM_856698.jpg,bcc,8,8,20,False
/mnt/c/Users/0M SAI RAM/Desktop/project/dataset/archive/derm12345_train_part_1/bcc/DERM_459245.jpg,bcc,8,8,8,True
/mnt/c/Users/0M SAI RAM/Desktop/project/dataset/archive/derm12345_train_part_1/bcc/DERM_367832.jpg,bcc,8,8,8,True
/mnt/c/Users/0M SAI RAM/Desktop/project/dataset/archive/derm12345_train_part_1/bcc/DERM_670506.jpg,bcc,8,8,8,True
/mnt/c/Users/0M SAI RAM/Desktop/project/dataset/archive/derm12345_train_part_1/bcc/DERM_907074.jpg,bcc,8,8,8,True
/mnt/c/Users/0M SAI RAM/Desktop/project/dataset/archive/derm12345_train_part_1/bcc/DERM_305997.jpg,bcc,8,8,8,True
/mnt/c/Users/0M SAI RAM/Desktop/project/dataset/archive/derm12345_train_part_1/bcc/DERM_423523.jpg,bcc,8,8,17,False
/mnt/c/Users/0M SAI RAM/Desktop/project/dataset/archive/derm12345_train_part_1/bcc/DERM_633225.jpg,bcc,8,8,36,False
/mnt/c/Users/0M SAI RAM/Desktop/project/dataset/archive/derm12345_train_part_1/bcc/DERM_461949.jpg,bcc,8,8,8,True
/mnt/c/Users/0M SAI RAM/Desktop/project/dataset/archive/derm12345_train_part_1/bcc/DERM_670831.jpg,bcc,8,8,8,True
/mnt/c/Users/0M SAI RAM/Desktop/project/dataset/archive/derm12345_train_part_1/bcc/DERM_575582.jpg,bcc,8,8,8,True
/mnt/c/Users/0M SAI RAM/Desktop/project/dataset/archive/derm12345_train_part_1/bcc/DERM_931888.jpg,bcc,8,8,31,False
/mnt/c/Users/0M SAI RAM/Desktop/project/dataset/archive/derm12345_train_part_1/bcc/DERM_819136.jpg,bcc,8,8,36,False
/mnt/c/Users/0M SAI RAM/Desktop/project/dataset/archive/derm12345_train_part_1/bcc/DERM_134097.jpg,bcc,8,8,36,False
/mnt/c/Users/0M SAI RAM/Desktop/project/dataset/archive/derm12345_train_part_1/bcc/DERM_487314.jpg,bcc,8,8,8,True
/mnt/c/Users/0M SAI RAM/Desktop/project/dataset/archive/derm12345_train_part_1/bcc/DERM_749145.jpg,bcc,8,8,8,True
/mnt/c/Users/0M SAI RAM/Desktop/project/dataset/archive/derm12345_train_part_1/bcc/DERM_966650.jpg,bcc,8,8,11,False
/mnt/c/Users/0M SAI RAM/Desktop/project/dataset/archive/derm12345_train_part_1/bcc/DERM_435986.jpg,bcc,8,8,8,True
/mnt/c/Users/0M SAI RAM/Desktop/project/dataset/archive/derm12345_train_part_1/bcc/DERM_251021.jpg,bcc,8,8,31,False
/mnt/c/Users/0M SAI RAM/Desktop/project/dataset/archive/derm12345_train_part_1/bcc/DERM_397175.jpg,bcc,8,8,8,True
/mnt/c/Users/0M SAI RAM/Desktop/project/dataset/archive/derm12345_train_part_1/bcc/DERM_451938.jpg,bcc,8,8,8,True
/mnt/c/Users/0M SAI RAM/Desktop/project/dataset/archive/derm12345_train_part_1/bcc/DERM_287949.jpg,bcc,8,8,36,False
/mnt/c/Users/0M SAI RAM/Desktop/project/dataset/archive/derm12345_train_part_1/bcc/DERM_747294.jpg,bcc,8,8,37,False
/mnt/c/Users/0M SAI RAM/Desktop/project/dataset/archive/derm12345_train_part_1/bcc/DERM_780863.jpg,bcc,8,8,36,False
/mnt/c/Users/0M SAI RAM/Desktop/project/dataset/archive/derm12345_train_part_1/bcc/DERM_466524.jpg,bcc,8,8,8,True
/mnt/c/Users/0M SAI RAM/Desktop/project/dataset/archive/derm12345_train_part_1/bcc/DERM_639879.jpg,bcc,8,8,36,False
/mnt/c/Users/0M SAI RAM/Desktop/project/dataset/archive/derm12345_train_part_1/bcc/DERM_968107.jpg,bcc,8,8,17,False
/mnt/c/Users/0M SAI RAM/Desktop/project/dataset/archive/derm12345_train_part_1/bcc/DERM_650312.jpg,bcc,8,8,17,False
/mnt/c/Users/0M SAI RAM/Desktop/project/dataset/archive/derm12345_train_part_1/bcc/DERM_711589.jpg,bcc,8,8,8,True
/mnt/c/Users/0M SAI RAM/Desktop/project/dataset/archive/derm12345_train_part_1/bcc/DERM_202309.jpg,bcc,8,8,8,True
/mnt/c/Users/0M SAI RAM/Desktop/project/dataset/archive/derm12345_train_part_1/bcc/DERM_779332.jpg,bcc,8,8,8,True
/mnt/c/Users/0M SAI RAM/Desktop/project/dataset/archive/derm12345_train_part_1/bcc/DERM_173867.jpg,bcc,8,8,36,False
/mnt/c/Users/0M SAI RAM/Desktop/project/dataset/archive/derm12345_train_part_1/bcc/DERM_486570.jpg,bcc,8,8,8,True
/mnt/c/Users/0M SAI RAM/Desktop/project/dataset/archive/derm12345_train_part_1/bcc/DERM_391619.jpg,bcc,8,8,8,True
/mnt/c/Users/0M SAI RAM/Desktop/project/dataset/archive/derm12345_train_part_1/bcc/DERM_585721.jpg,bcc,8,8,37,False
/mnt/c/Users/0M SAI RAM/Desktop/project/dataset/archive/derm12345_train_part_1/bcc/DERM_375531.jpg,bcc,8,8,8,True
/mnt/c/Users/0M SAI RAM/Desktop/project/dataset/archive/derm12345_train_part_1/bcc/DERM_198620.jpg,bcc,8,8,8,True
/mnt/c/Users/0M SAI RAM/Desktop/project/dataset/archive/derm12345_train_part_1/bcc/DERM_619005.jpg,bcc,8,8,8,True
/mnt/c/Users/0M SAI RAM/Desktop/project/dataset/archive/derm12345_train_part_1/bcc/DERM_381233.jpg,bcc,8,8,36,False
/mnt/c/Users/0M SAI RAM/Desktop/project/dataset/archive/derm12345_train_part_1/bcc/DERM_578047.jpg,bcc,8,8,8,True
/mnt/c/Users/0M SAI RAM/Desktop/project/dataset/archive/derm12345_train_part_1/bcc/DERM_798172.jpg,bcc,8,8,17,False
/mnt/c/Users/0M SAI RAM/Desktop/project/dataset/archive/derm12345_train_part_1/bcc/DERM_471954.jpg,bcc,8,8,16,False
/mnt/c/Users/0M SAI RAM/Desktop/project/dataset/archive/derm12345_train_part_1/bcc/DERM_659146.jpg,bcc,8,8,8,True
/mnt/c/Users/0M SAI RAM/Desktop/project/dataset/archive/derm12345_train_part_1/bcc/DERM_729804.jpg,bcc,8,8,8,True
/mnt/c/Users/0M SAI RAM/Desktop/project/dataset/archive/derm12345_train_part_1/bcc/DERM_231891.jpg,bcc,8,8,8,True
/mnt/c/Users/0M SAI RAM/Desktop/project/dataset/archive/derm12345_train_part_1/bcc/DERM_418638.jpg,bcc,8,8,4,False
/mnt/c/Users/0M SAI RAM/Desktop/project/dataset/archive/derm12345_train_part_1/bcc/DERM_307468.jpg,bcc,8,8,37,False
/mnt/c/Users/0M SAI RAM/Desktop/project/dataset/archive/derm12345_train_part_1/bcc/DERM_572943.jpg,bcc,8,8,18,False
/mnt/c/Users/0M SAI RAM/Desktop/project/dataset/archive/derm12345_train_part_1/bcc/DERM_643482.jpg,bcc,8,8,37,False
/mnt/c/Users/0M SAI RAM/Desktop/project/dataset/archive/derm12345_train_part_1/bcc/DERM_899362.jpg,bcc,8,8,8,True
/mnt/c/Users/0M SAI RAM/Desktop/project/dataset/archive/derm12345_train_part_1/bcc/DERM_539187.jpg,bcc,8,8,23,False
/mnt/c/Users/0M SAI RAM/Desktop/project/dataset/archive/derm12345_train_part_1/bcc/DERM_414547.jpg,bcc,8,8,17,False
/mnt/c/Users/0M SAI RAM/Desktop/project/dataset/archive/derm12345_train_part_1/bcc/DERM_508577.jpg,bcc,8,8,11,False
/mnt/c/Users/0M SAI RAM/Desktop/project/dataset/archive/derm12345_train_part_1/bcc/DERM_906922.jpg,bcc,8,8,8,True
/mnt/c/Users/0M SAI RAM/Desktop/project/dataset/archive/derm12345_train_part_1/bcc/DERM_259269.jpg,bcc,8,8,20,False
/mnt/c/Users/0M SAI RAM/Desktop/project/dataset/archive/derm12345_train_part_1/bcc/DERM_889275.jpg,bcc,8,8,8,True
/mnt/c/Users/0M SAI RAM/Desktop/project/dataset/archive/derm12345_train_part_1/bcc/DERM_407763.jpg,bcc,8,8,8,True
/mnt/c/Users/0M SAI RAM/Desktop/project/dataset/archive/derm12345_train_part_1/bcc/DERM_963319.jpg,bcc,8,8,8,True
/mnt/c/Users/0M SAI RAM/Desktop/project/dataset/archive/derm12345_train_part_1/bcc/DERM_802617.jpg,bcc,8,8,8,True
/mnt/c/Users/0M SAI RAM/Desktop/project/dataset/archive/derm12345_train_part_1/bd/DERM_290403.jpg,bd,9,9,8,False
/mnt/c/Users/0M SAI RAM/Desktop/project/dataset/archive/derm12345_train_part_1/bd/DERM_331165.jpg,bd,9,9,37,False
/mnt/c/Users/0M SAI RAM/Desktop/project/dataset/archive/derm12345_train_part_1/bd/DERM_507415.jpg,bd,9,9,8,False
/mnt/c/Users/0M SAI RAM/Desktop/project/dataset/archive/derm12345_train_part_1/bd/DERM_695354.jpg,bd,9,9,31,False
/mnt/c/Users/0M SAI RAM/Desktop/project/dataset/archive/derm12345_train_part_1/bd/DERM_639861.jpg,bd,9,9,8,False
/mnt/c/Users/0M SAI RAM/Desktop/project/dataset/archive/derm12345_train_part_1/bd/DERM_932273.jpg,bd,9,9,9,True
/mnt/c/Users/0M SAI RAM/Desktop/project/dataset/archive/derm12345_train_part_1/bd/DERM_524227.jpg,bd,9,9,9,True
/mnt/c/Users/0M SAI RAM/Desktop/project/dataset/archive/derm12345_train_part_1/bd/DERM_761919.jpg,bd,9,9,9,True
/mnt/c/Users/0M SAI RAM/Desktop/project/dataset/archive/derm12345_train_part_1/bd/DERM_510303.jpg,bd,9,9,9,True
/mnt/c/Users/0M SAI RAM/Desktop/project/dataset/archive/derm12345_train_part_1/bd/DERM_206050.jpg,bd,9,9,4,False
/mnt/c/Users/0M SAI RAM/Desktop/project/dataset/archive/derm12345_train_part_1/bdb/DERM_382181.jpg,bdb,10,10,4,False
/mnt/c/Users/0M SAI RAM/Desktop/project/dataset/archive/derm12345_train_part_1/bdb/DERM_912172.jpg,bdb,10,10,22,False
/mnt/c/Users/0M SAI RAM/Desktop/project/dataset/archive/derm12345_train_part_1/bdb/DERM_431383.jpg,bdb,10,10,8,False
/mnt/c/Users/0M SAI RAM/Desktop/project/dataset/archive/derm12345_train_part_1/bdb/DERM_868068.jpg,bdb,10,10,8,False
/mnt/c/Users/0M SAI RAM/Desktop/project/dataset/archive/derm12345_train_part_1/bdb/DERM_436767.jpg,bdb,10,10,10,True
/mnt/c/Users/0M SAI RAM/Desktop/project/dataset/archive/derm12345_train_part_1/bdb/DERM_568546.jpg,bdb,10,10,10,True
/mnt/c/Users/0M SAI RAM/Desktop/project/dataset/archive/derm12345_train_part_1/bdb/DERM_769245.jpg,bdb,10,10,10,True
/mnt/c/Users/0M SAI RAM/Desktop/project/dataset/archive/derm12345_train_part_1/bdb/DERM_938097.jpg,bdb,10,10,10,True
/mnt/c/Users/0M SAI RAM/Desktop/project/dataset/archive/derm12345_train_part_1/bdb/DERM_798256.jpg,bdb,10,10,18,False
/mnt/c/Users/0M SAI RAM/Desktop/project/dataset/archive/derm12345_train_part_1/bdb/DERM_486087.jpg,bdb,10,10,10,True
/mnt/c/Users/0M SAI RAM/Desktop/project/dataset/archive/derm12345_train_part_1/bdb/DERM_841780.jpg,bdb,10,10,11,False
/mnt/c/Users/0M SAI RAM/Desktop/project/dataset/archive/derm12345_train_part_1/bdb/DERM_869496.jpg,bdb,10,10,17,False
/mnt/c/Users/0M SAI RAM/Desktop/project/dataset/archive/derm12345_train_part_1/bdb/DERM_624022.jpg,bdb,10,10,10,True
/mnt/c/Users/0M SAI RAM/Desktop/project/dataset/archive/derm12345_train_part_1/bdb/DERM_153270.jpg,bdb,10,10,18,False
/mnt/c/Users/0M SAI RAM/Desktop/project/dataset/archive/derm12345_train_part_1/bdb/DERM_142430.jpg,bdb,10,10,37,False
/mnt/c/Users/0M SAI RAM/Desktop/project/dataset/archive/derm12345_train_part_1/bdb/DERM_753109.jpg,bdb,10,10,11,False
/mnt/c/Users/0M SAI RAM/Desktop/project/dataset/archive/derm12345_train_part_1/bdb/DERM_742847.jpg,bdb,10,10,18,False
/mnt/c/Users/0M SAI RAM/Desktop/project/dataset/archive/derm12345_train_part_1/bdb/DERM_915933.jpg,bdb,10,10,10,True
/mnt/c/Users/0M SAI RAM/Desktop/project/dataset/archive/derm12345_train_part_1/bdb/DERM_505683.jpg,bdb,10,10,10,True
/mnt/c/Users/0M SAI RAM/Desktop/project/dataset/archive/derm12345_train_part_1/bdb/DERM_703022.jpg,bdb,10,10,10,True
/mnt/c/Users/0M SAI RAM/Desktop/project/dataset/archive/derm12345_train_part_1/bdb/DERM_618370.jpg,bdb,10,10,23,False
/mnt/c/Users/0M SAI RAM/Desktop/project/dataset/archive/derm12345_train_part_1/bdb/DERM_812168.jpg,bdb,10,10,10,True
/mnt/c/Users/0M SAI RAM/Desktop/project/dataset/archive/derm12345_train_part_1/bdb/DERM_804036.jpg,bdb,10,10,38,False
/mnt/c/Users/0M SAI RAM/Desktop/project/dataset/archive/derm12345_train_part_1/bdb/DERM_984702.jpg,bdb,10,10,10,True
/mnt/c/Users/0M SAI RAM/Desktop/project/dataset/archive/derm12345_train_part_1/bdb/DERM_831443.jpg,bdb,10,10,0,False
/mnt/c/Users/0M SAI RAM/Desktop/project/dataset/archive/derm12345_train_part_1/bdb/DERM_808422.jpg,bdb,10,10,23,False
/mnt/c/Users/0M SAI RAM/Desktop/project/dataset/archive/derm12345_train_part_1/bdb/DERM_138600.jpg,bdb,10,10,18,False
/mnt/c/Users/0M SAI RAM/Desktop/project/dataset/archive/derm12345_train_part_1/bdb/DERM_714914.jpg,bdb,10,10,37,False
/mnt/c/Users/0M SAI RAM/Desktop/project/dataset/archive/derm12345_train_part_1/bdb/DERM_987346.jpg,bdb,10,10,10,True
/mnt/c/Users/0M SAI RAM/Desktop/project/dataset/archive/derm12345_train_part_1/bdb/DERM_112335.jpg,bdb,10,10,10,True
/mnt/c/Users/0M SAI RAM/Desktop/project/dataset/archive/derm12345_train_part_1/bdb/DERM_458805.jpg,bdb,10,10,10,True
/mnt/c/Users/0M SAI RAM/Desktop/project/dataset/archive/derm12345_train_part_1/bdb/DERM_794540.jpg,bdb,10,10,10,True
/mnt/c/Users/0M SAI RAM/Desktop/project/dataset/archive/derm12345_train_part_1/bdb/DERM_729665.jpg,bdb,10,10,12,False
/mnt/c/Users/0M SAI RAM/Desktop/project/dataset/archive/derm12345_train_part_1/bdb/DERM_876452.jpg,bdb,10,10,22,False
/mnt/c/Users/0M SAI RAM/Desktop/project/dataset/archive/derm12345_train_part_1/bdb/DERM_708646.jpg,bdb,10,10,10,True
/mnt/c/Users/0M SAI RAM/Desktop/project/dataset/archive/derm12345_train_part_1/bdb/DERM_502725.jpg,bdb,10,10,22,False
/mnt/c/Users/0M SAI RAM/Desktop/project/dataset/archive/derm12345_train_part_1/bdb/DERM_800492.jpg,bdb,10,10,10,True
/mnt/c/Users/0M SAI RAM/Desktop/project/dataset/archive/derm12345_train_part_1/bdb/DERM_800161.jpg,bdb,10,10,22,False
/mnt/c/Users/0M SAI RAM/Desktop/project/dataset/archive/derm12345_train_part_1/bdb/DERM_610777.jpg,bdb,10,10,10,True
/mnt/c/Users/0M SAI RAM/Desktop/project/dataset/archive/derm12345_train_part_1/bdb/DERM_969846.jpg,bdb,10,10,17,False
/mnt/c/Users/0M SAI RAM/Desktop/project/dataset/archive/derm12345_train_part_1/bdb/DERM_211202.jpg,bdb,10,10,17,False
/mnt/c/Users/0M SAI RAM/Desktop/project/dataset/archive/derm12345_train_part_1/bdb/DERM_359085.jpg,bdb,10,10,27,False
/mnt/c/Users/0M SAI RAM/Desktop/project/dataset/archive/derm12345_train_part_1/bdb/DERM_380165.jpg,bdb,10,10,31,False
/mnt/c/Users/0M SAI RAM/Desktop/project/dataset/archive/derm12345_train_part_1/bdb/DERM_883050.jpg,bdb,10,10,10,True
/mnt/c/Users/0M SAI RAM/Desktop/project/dataset/archive/derm12345_train_part_1/cb/DERM_379995.jpg,cb,11,11,11,True
/mnt/c/Users/0M SAI RAM/Desktop/project/dataset/archive/derm12345_train_part_1/cb/DERM_765130.jpg,cb,11,11,22,False
/mnt/c/Users/0M SAI RAM/Desktop/project/dataset/archive/derm12345_train_part_1/cb/DERM_778862.jpg,cb,11,11,17,False
/mnt/c/Users/0M SAI RAM/Desktop/project/dataset/archive/derm12345_train_part_1/cb/DERM_667722.jpg,cb,11,11,11,True
/mnt/c/Users/0M SAI RAM/Desktop/project/dataset/archive/derm12345_train_part_1/cb/DERM_387055.jpg,cb,11,11,14,False
/mnt/c/Users/0M SAI RAM/Desktop/project/dataset/archive/derm12345_train_part_1/cb/DERM_426676.jpg,cb,11,11,14,False
/mnt/c/Users/0M SAI RAM/Desktop/project/dataset/archive/derm12345_train_part_1/cb/DERM_615410.jpg,cb,11,11,23,False
/mnt/c/Users/0M SAI RAM/Desktop/project/dataset/archive/derm12345_train_part_1/cb/DERM_829589.jpg,cb,11,11,23,False
/mnt/c/Users/0M SAI RAM/Desktop/project/dataset/archive/derm12345_train_part_1/cb/DERM_389096.jpg,cb,11,11,11,True
/mnt/c/Users/0M SAI RAM/Desktop/project/dataset/archive/derm12345_train_part_1/cb/DERM_147479.jpg,cb,11,11,11,True
/mnt/c/Users/0M SAI RAM/Desktop/project/dataset/archive/derm12345_train_part_1/cb/DERM_714127.jpg,cb,11,11,11,True
/mnt/c/Users/0M SAI RAM/Desktop/project/dataset/archive/derm12345_train_part_1/cb/DERM_105639.jpg,cb,11,11,11,True
/mnt/c/Users/0M SAI RAM/Desktop/project/dataset/archive/derm12345_train_part_1/cb/DERM_321759.jpg,cb,11,11,23,False
/mnt/c/Users/0M SAI RAM/Desktop/project/dataset/archive/derm12345_train_part_1/cb/DERM_764153.jpg,cb,11,11,11,True
/mnt/c/Users/0M SAI RAM/Desktop/project/dataset/archive/derm12345_train_part_1/cb/DERM_449642.jpg,cb,11,11,37,False
/mnt/c/Users/0M SAI RAM/Desktop/project/dataset/archive/derm12345_train_part_1/cb/DERM_270916.jpg,cb,11,11,11,True
/mnt/c/Users/0M SAI RAM/Desktop/project/dataset/archive/derm12345_train_part_1/cb/DERM_907030.jpg,cb,11,11,14,False
/mnt/c/Users/0M SAI RAM/Desktop/project/dataset/archive/derm12345_train_part_1/cb/DERM_372460.jpg,cb,11,11,38,False
/mnt/c/Users/0M SAI RAM/Desktop/project/dataset/archive/derm12345_train_part_1/cb/DERM_215910.jpg,cb,11,11,14,False
/mnt/c/Users/0M SAI RAM/Desktop/project/dataset/archive/derm12345_train_part_1/cb/DERM_872994.jpg,cb,11,11,11,True
/mnt/c/Users/0M SAI RAM/Desktop/project/dataset/archive/derm12345_train_part_1/cb/DERM_446044.jpg,cb,11,11,11,True
/mnt/c/Users/0M SAI RAM/Desktop/project/dataset/archive/derm12345_train_part_1/cb/DERM_231934.jpg,cb,11,11,22,False
/mnt/c/Users/0M SAI RAM/Desktop/project/dataset/archive/derm12345_train_part_1/cb/DERM_674790.jpg,cb,11,11,11,True
/mnt/c/Users/0M SAI RAM/Desktop/project/dataset/archive/derm12345_train_part_1/cb/DERM_472643.jpg,cb,11,11,23,False
/mnt/c/Users/0M SAI RAM/Desktop/project/dataset/archive/derm12345_train_part_1/cb/DERM_349928.jpg,cb,11,11,11,True
/mnt/c/Users/0M SAI RAM/Desktop/project/dataset/archive/derm12345_train_part_1/cb/DERM_566559.jpg,cb,11,11,11,True
/mnt/c/Users/0M SAI RAM/Desktop/project/dataset/archive/derm12345_train_part_1/cb/DERM_530498.jpg,cb,11,11,22,False
/mnt/c/Users/0M SAI RAM/Desktop/project/dataset/archive/derm12345_train_part_1/cb/DERM_260854.jpg,cb,11,11,23,False
/mnt/c/Users/0M SAI RAM/Desktop/project/dataset/archive/derm12345_train_part_1/cb/DERM_680903.jpg,cb,11,11,11,True
/mnt/c/Users/0M SAI RAM/Desktop/project/dataset/archive/derm12345_train_part_1/cb/DERM_365220.jpg,cb,11,11,11,True
/mnt/c/Users/0M SAI RAM/Desktop/project/dataset/archive/derm12345_train_part_1/cb/DERM_127425.jpg,cb,11,11,37,False
/mnt/c/Users/0M SAI RAM/Desktop/project/dataset/archive/derm12345_train_part_1/cb/DERM_792125.jpg,cb,11,11,22,False
/mnt/c/Users/0M SAI RAM/Desktop/project/dataset/archive/derm12345_train_part_1/cb/DERM_610942.jpg,cb,11,11,11,True
/mnt/c/Users/0M SAI RAM/Desktop/project/dataset/archive/derm12345_train_part_1/cb/DERM_284935.jpg,cb,11,11,23,False
/mnt/c/Users/0M SAI RAM/Desktop/project/dataset/archive/derm12345_train_part_1/cb/DERM_316246.jpg,cb,11,11,17,False
/mnt/c/Users/0M SAI RAM/Desktop/project/dataset/archive/derm12345_train_part_1/cb/DERM_530831.jpg,cb,11,11,23,False
/mnt/c/Users/0M SAI RAM/Desktop/project/dataset/archive/derm12345_train_part_1/cb/DERM_651128.jpg,cb,11,11,11,True
/mnt/c/Users/0M SAI RAM/Desktop/project/dataset/archive/derm12345_train_part_1/cb/DERM_318477.jpg,cb,11,11,23,False
/mnt/c/Users/0M SAI RAM/Desktop/project/dataset/archive/derm12345_train_part_1/cb/DERM_988807.jpg,cb,11,11,11,True
/mnt/c/Users/0M SAI RAM/Desktop/project/dataset/archive/derm12345_train_part_1/cb/DERM_439743.jpg,cb,11,11,22,False
/mnt/c/Users/0M SAI RAM/Desktop/project/dataset/archive/derm12345_train_part_1/cb/DERM_170367.jpg,cb,11,11,22,False
/mnt/c/Users/0M SAI RAM/Desktop/project/dataset/archive/derm12345_train_part_1/cb/DERM_475852.jpg,cb,11,11,11,True
/mnt/c/Users/0M SAI RAM/Desktop/project/dataset/archive/derm12345_train_part_1/cb/DERM_321390.jpg,cb,11,11,37,False
/mnt/c/Users/0M SAI RAM/Desktop/project/dataset/archive/derm12345_train_part_1/cb/DERM_274811.jpg,cb,11,11,23,False
/mnt/c/Users/0M SAI RAM/Desktop/project/dataset/archive/derm12345_train_part_1/cb/DERM_496500.jpg,cb,11,11,23,False
/mnt/c/Users/0M SAI RAM/Desktop/project/dataset/archive/derm12345_train_part_1/cb/DERM_498714.jpg,cb,11,11,11,True
/mnt/c/Users/0M SAI RAM/Desktop/project/dataset/archive/derm12345_train_part_1/cb/DERM_993129.jpg,cb,11,11,11,True
/mnt/c/Users/0M SAI RAM/Desktop/project/dataset/archive/derm12345_train_part_1/cb/DERM_282282.jpg,cb,11,11,23,False
/mnt/c/Users/0M SAI RAM/Desktop/project/dataset/archive/derm12345_train_part_1/cb/DERM_562788.jpg,cb,11,11,17,False
/mnt/c/Users/0M SAI RAM/Desktop/project/dataset/archive/derm12345_train_part_1/cb/DERM_281416.jpg,cb,11,11,37,False
/mnt/c/Users/0M SAI RAM/Desktop/project/dataset/archive/derm12345_train_part_1/cb/DERM_797658.jpg,cb,11,11,12,False
/mnt/c/Users/0M SAI RAM/Desktop/project/dataset/archive/derm12345_train_part_1/cb/DERM_917282.jpg,cb,11,11,18,False
/mnt/c/Users/0M SAI RAM/Desktop/project/dataset/archive/derm12345_train_part_1/cb/DERM_449681.jpg,cb,11,11,11,True
/mnt/c/Users/0M SAI RAM/Desktop/project/dataset/archive/derm12345_train_part_1/cb/DERM_195971.jpg,cb,11,11,22,False
/mnt/c/Users/0M SAI RAM/Desktop/project/dataset/archive/derm12345_train_part_1/cb/DERM_420185.jpg,cb,11,11,37,False
/mnt/c/Users/0M SAI RAM/Desktop/project/dataset/archive/derm12345_train_part_1/cb/DERM_359544.jpg,cb,11,11,22,False
/mnt/c/Users/0M SAI RAM/Desktop/project/dataset/archive/derm12345_train_part_1/cb/DERM_990144.jpg,cb,11,11,11,True
/mnt/c/Users/0M SAI RAM/Desktop/project/dataset/archive/derm12345_train_part_1/cb/DERM_108276.jpg,cb,11,11,23,False
/mnt/c/Users/0M SAI RAM/Desktop/project/dataset/archive/derm12345_train_part_1/cb/DERM_173919.jpg,cb,11,11,11,True
/mnt/c/Users/0M SAI RAM/Desktop/project/dataset/archive/derm12345_train_part_1/cb/DERM_754776.jpg,cb,11,11,11,True
/mnt/c/Users/0M SAI RAM/Desktop/project/dataset/archive/derm12345_train_part_1/cb/DERM_446437.jpg,cb,11,11,23,False
/mnt/c/Users/0M SAI RAM/Desktop/project/dataset/archive/derm12345_train_part_1/cb/DERM_832155.jpg,cb,11,11,22,False
/mnt/c/Users/0M SAI RAM/Desktop/project/dataset/archive/derm12345_train_part_1/cb/DERM_838298.jpg,cb,11,11,22,False
/mnt/c/Users/0M SAI RAM/Desktop/project/dataset/archive/derm12345_train_part_1/cb/DERM_690270.jpg,cb,11,11,23,False
/mnt/c/Users/0M SAI RAM/Desktop/project/dataset/archive/derm12345_train_part_1/cb/DERM_351164.jpg,cb,11,11,23,False
/mnt/c/Users/0M SAI RAM/Desktop/project/dataset/archive/derm12345_train_part_1/cb/DERM_345814.jpg,cb,11,11,14,False
/mnt/c/Users/0M SAI RAM/Desktop/project/dataset/archive/derm12345_train_part_1/cb/DERM_499648.jpg,cb,11,11,17,False
/mnt/c/Users/0M SAI RAM/Desktop/project/dataset/archive/derm12345_train_part_1/cb/DERM_844979.jpg,cb,11,11,14,False
/mnt/c/Users/0M SAI RAM/Desktop/project/dataset/archive/derm12345_train_part_1/cb/DERM_955519.jpg,cb,11,11,23,False
/mnt/c/Users/0M SAI RAM/Desktop/project/dataset/archive/derm12345_train_part_1/cb/DERM_540259.jpg,cb,11,11,23,False
/mnt/c/Users/0M SAI RAM/Desktop/project/dataset/archive/derm12345_train_part_1/cb/DERM_894560.jpg,cb,11,11,37,False
/mnt/c/Users/0M SAI RAM/Desktop/project/dataset/archive/derm12345_train_part_1/cb/DERM_657222.jpg,cb,11,11,17,False
/mnt/c/Users/0M SAI RAM/Desktop/project/dataset/archive/derm12345_train_part_1/cb/DERM_851872.jpg,cb,11,11,11,True
/mnt/c/Users/0M SAI RAM/Desktop/project/dataset/archive/derm12345_train_part_1/cb/DERM_932968.jpg,cb,11,11,37,False
/mnt/c/Users/0M SAI RAM/Desktop/project/dataset/archive/derm12345_train_part_1/cb/DERM_391562.jpg,cb,11,11,11,True
/mnt/c/Users/0M SAI RAM/Desktop/project/dataset/archive/derm12345_train_part_1/cb/DERM_202284.jpg,cb,11,11,22,False
/mnt/c/Users/0M SAI RAM/Desktop/project/dataset/archive/derm12345_train_part_1/cb/DERM_155658.jpg,cb,11,11,11,True
/mnt/c/Users/0M SAI RAM/Desktop/project/dataset/archive/derm12345_train_part_1/cb/DERM_101193.jpg,cb,11,11,17,False
/mnt/c/Users/0M SAI RAM/Desktop/project/dataset/archive/derm12345_train_part_1/cb/DERM_418330.jpg,cb,11,11,11,True
/mnt/c/Users/0M SAI RAM/Desktop/project/dataset/archive/derm12345_train_part_1/cb/DERM_980474.jpg,cb,11,11,11,True
/mnt/c/Users/0M SAI RAM/Desktop/project/dataset/archive/derm12345_train_part_1/cb/DERM_418184.jpg,cb,11,11,23,False
/mnt/c/Users/0M SAI RAM/Desktop/project/dataset/archive/derm12345_train_part_1/cb/DERM_697945.jpg,cb,11,11,37,False
/mnt/c/Users/0M SAI RAM/Desktop/project/dataset/archive/derm12345_train_part_1/cb/DERM_916588.jpg,cb,11,11,23,False
/mnt/c/Users/0M SAI RAM/Desktop/project/dataset/archive/derm12345_train_part_1/cb/DERM_676476.jpg,cb,11,11,10,False
/mnt/c/Users/0M SAI RAM/Desktop/project/dataset/archive/derm12345_train_part_1/cb/DERM_562536.jpg,cb,11,11,31,False
/mnt/c/Users/0M SAI RAM/Desktop/project/dataset/archive/derm12345_train_part_1/cb/DERM_804862.jpg,cb,11,11,14,False
/mnt/c/Users/0M SAI RAM/Desktop/project/dataset/archive/derm12345_train_part_1/cb/DERM_427983.jpg,cb,11,11,11,True
/mnt/c/Users/0M SAI RAM/Desktop/project/dataset/archive/derm12345_train_part_1/cb/DERM_648882.jpg,cb,11,11,23,False
/mnt/c/Users/0M SAI RAM/Desktop/project/dataset/archive/derm12345_train_part_1/cb/DERM_800337.jpg,cb,11,11,22,False
/mnt/c/Users/0M SAI RAM/Desktop/project/dataset/archive/derm12345_train_part_1/cb/DERM_502999.jpg,cb,11,11,22,False
/mnt/c/Users/0M SAI RAM/Desktop/project/dataset/archive/derm12345_train_part_1/cb/DERM_848842.jpg,cb,11,11,11,True
/mnt/c/Users/0M SAI RAM/Desktop/project/dataset/archive/derm12345_train_part_1/cb/DERM_894497.jpg,cb,11,11,22,False
/mnt/c/Users/0M SAI RAM/Desktop/project/dataset/archive/derm12345_train_part_1/cb/DERM_220205.jpg,cb,11,11,22,False
/mnt/c/Users/0M SAI RAM/Desktop/project/dataset/archive/derm12345_train_part_1/cb/DERM_936501.jpg,cb,11,11,14,False
/mnt/c/Users/0M SAI RAM/Desktop/project/dataset/archive/derm12345_train_part_1/cb/DERM_229350.jpg,cb,11,11,11,True
/mnt/c/Users/0M SAI RAM/Desktop/project/dataset/archive/derm12345_train_part_1/cb/DERM_445703.jpg,cb,11,11,14,False
/mnt/c/Users/0M SAI RAM/Desktop/project/dataset/archive/derm12345_train_part_1/cb/DERM_284664.jpg,cb,11,11,3,False
/mnt/c/Users/0M SAI RAM/Desktop/project/dataset/archive/derm12345_train_part_1/cb/DERM_644538.jpg,cb,11,11,11,True
/mnt/c/Users/0M SAI RAM/Desktop/project/dataset/archive/derm12345_train_part_1/cb/DERM_791062.jpg,cb,11,11,17,False
/mnt/c/Users/0M SAI RAM/Desktop/project/dataset/archive/derm12345_train_part_1/cb/DERM_284488.jpg,cb,11,11,23,False
/mnt/c/Users/0M SAI RAM/Desktop/project/dataset/archive/derm12345_train_part_1/cb/DERM_583404.jpg,cb,11,11,22,False
/mnt/c/Users/0M SAI RAM/Desktop/project/dataset/archive/derm12345_train_part_1/cb/DERM_204875.jpg,cb,11,11,17,False
/mnt/c/Users/0M SAI RAM/Desktop/project/dataset/archive/derm12345_train_part_1/cb/DERM_306894.jpg,cb,11,11,14,False
/mnt/c/Users/0M SAI RAM/Desktop/project/dataset/archive/derm12345_train_part_1/cb/DERM_299906.jpg,cb,11,11,23,False
/mnt/c/Users/0M SAI RAM/Desktop/project/dataset/archive/derm12345_train_part_1/cb/DERM_673449.jpg,cb,11,11,10,False
/mnt/c/Users/0M SAI RAM/Desktop/project/dataset/archive/derm12345_train_part_1/cb/DERM_567430.jpg,cb,11,11,14,False
/mnt/c/Users/0M SAI RAM/Desktop/project/dataset/archive/derm12345_train_part_1/cb/DERM_153709.jpg,cb,11,11,23,False
/mnt/c/Users/0M SAI RAM/Desktop/project/dataset/archive/derm12345_train_part_1/cb/DERM_918094.jpg,cb,11,11,17,False
/mnt/c/Users/0M SAI RAM/Desktop/project/dataset/archive/derm12345_train_part_1/cb/DERM_721406.jpg,cb,11,11,23,False
/mnt/c/Users/0M SAI RAM/Desktop/project/dataset/archive/derm12345_train_part_1/cb/DERM_563218.jpg,cb,11,11,11,True
/mnt/c/Users/0M SAI RAM/Desktop/project/dataset/archive/derm12345_train_part_1/cb/DERM_258163.jpg,cb,11,11,37,False
/mnt/c/Users/0M SAI RAM/Desktop/project/dataset/archive/derm12345_train_part_1/cb/DERM_127775.jpg,cb,11,11,11,True
/mnt/c/Users/0M SAI RAM/Desktop/project/dataset/archive/derm12345_train_part_1/cb/DERM_638720.jpg,cb,11,11,11,True
/mnt/c/Users/0M SAI RAM/Desktop/project/dataset/archive/derm12345_train_part_1/cb/DERM_467773.jpg,cb,11,11,18,False
/mnt/c/Users/0M SAI RAM/Desktop/project/dataset/archive/derm12345_train_part_1/cb/DERM_392607.jpg,cb,11,11,17,False
/mnt/c/Users/0M SAI RAM/Desktop/project/dataset/archive/derm12345_train_part_1/cb/DERM_514365.jpg,cb,11,11,8,False
/mnt/c/Users/0M SAI RAM/Desktop/project/dataset/archive/derm12345_train_part_1/cb/DERM_296184.jpg,cb,11,11,11,True
/mnt/c/Users/0M SAI RAM/Desktop/project/dataset/archive/derm12345_train_part_1/cb/DERM_360421.jpg,cb,11,11,11,True
/mnt/c/Users/0M SAI RAM/Desktop/project/dataset/archive/derm12345_train_part_1/cb/DERM_136512.jpg,cb,11,11,11,True
/mnt/c/Users/0M SAI RAM/Desktop/project/dataset/archive/derm12345_train_part_1/cb/DERM_376808.jpg,cb,11,11,22,False
/mnt/c/Users/0M SAI RAM/Desktop/project/dataset/archive/derm12345_train_part_1/cb/DERM_738128.jpg,cb,11,11,11,True
/mnt/c/Users/0M SAI RAM/Desktop/project/dataset/archive/derm12345_train_part_1/cb/DERM_542651.jpg,cb,11,11,23,False
/mnt/c/Users/0M SAI RAM/Desktop/project/dataset/archive/derm12345_train_part_1/cb/DERM_472193.jpg,cb,11,11,23,False
/mnt/c/Users/0M SAI RAM/Desktop/project/dataset/archive/derm12345_train_part_1/cb/DERM_586531.jpg,cb,11,11,23,False
/mnt/c/Users/0M SAI RAM/Desktop/project/dataset/archive/derm12345_train_part_1/cb/DERM_634807.jpg,cb,11,11,14,False
/mnt/c/Users/0M SAI RAM/Desktop/project/dataset/archive/derm12345_train_part_1/cb/DERM_687338.jpg,cb,11,11,23,False
/mnt/c/Users/0M SAI RAM/Desktop/project/dataset/archive/derm12345_train_part_1/cb/DERM_738688.jpg,cb,11,11,17,False
/mnt/c/Users/0M SAI RAM/Desktop/project/dataset/archive/derm12345_train_part_1/cb/DERM_904914.jpg,cb,11,11,14,False
/mnt/c/Users/0M SAI RAM/Desktop/project/dataset/archive/derm12345_train_part_1/cb/DERM_346959.jpg,cb,11,11,11,True
/mnt/c/Users/0M SAI RAM/Desktop/project/dataset/archive/derm12345_train_part_1/cb/DERM_375980.jpg,cb,11,11,11,True
/mnt/c/Users/0M SAI RAM/Desktop/project/dataset/archive/derm12345_train_part_1/cb/DERM_904247.jpg,cb,11,11,11,True
/mnt/c/Users/0M SAI RAM/Desktop/project/dataset/archive/derm12345_train_part_1/cb/DERM_870620.jpg,cb,11,11,22,False
/mnt/c/Users/0M SAI RAM/Desktop/project/dataset/archive/derm12345_train_part_1/cb/DERM_328128.jpg,cb,11,11,11,True
/mnt/c/Users/0M SAI RAM/Desktop/project/dataset/archive/derm12345_train_part_1/cb/DERM_834716.jpg,cb,11,11,23,False
/mnt/c/Users/0M SAI RAM/Desktop/project/dataset/archive/derm12345_train_part_1/cb/DERM_284917.jpg,cb,11,11,23,False
/mnt/c/Users/0M SAI RAM/Desktop/project/dataset/archive/derm12345_train_part_1/cb/DERM_393807.jpg,cb,11,11,11,True
/mnt/c/Users/0M SAI RAM/Desktop/project/dataset/archive/derm12345_train_part_1/cb/DERM_996322.jpg,cb,11,11,11,True
/mnt/c/Users/0M SAI RAM/Desktop/project/dataset/archive/derm12345_train_part_1/cb/DERM_622601.jpg,cb,11,11,23,False
/mnt/c/Users/0M SAI RAM/Desktop/project/dataset/archive/derm12345_train_part_1/cb/DERM_217103.jpg,cb,11,11,14,False
/mnt/c/Users/0M SAI RAM/Desktop/project/dataset/archive/derm12345_train_part_1/cb/DERM_666087.jpg,cb,11,11,11,True
/mnt/c/Users/0M SAI RAM/Desktop/project/dataset/archive/derm12345_train_part_1/cb/DERM_395263.jpg,cb,11,11,23,False
/mnt/c/Users/0M SAI RAM/Desktop/project/dataset/archive/derm12345_train_part_1/cb/DERM_162188.jpg,cb,11,11,17,False
/mnt/c/Users/0M SAI RAM/Desktop/project/dataset/archive/derm12345_train_part_1/cb/DERM_631880.jpg,cb,11,11,11,True
/mnt/c/Users/0M SAI RAM/Desktop/project/dataset/archive/derm12345_train_part_1/cb/DERM_995704.jpg,cb,11,11,11,True
/mnt/c/Users/0M SAI RAM/Desktop/project/dataset/archive/derm12345_train_part_1/cb/DERM_629441.jpg,cb,11,11,11,True
/mnt/c/Users/0M SAI RAM/Desktop/project/dataset/archive/derm12345_train_part_1/cb/DERM_907002.jpg,cb,11,11,23,False
/mnt/c/Users/0M SAI RAM/Desktop/project/dataset/archive/derm12345_train_part_1/cb/DERM_530961.jpg,cb,11,11,11,True
/mnt/c/Users/0M SAI RAM/Desktop/project/dataset/archive/derm12345_train_part_1/cb/DERM_120418.jpg,cb,11,11,23,False
/mnt/c/Users/0M SAI RAM/Desktop/project/dataset/archive/derm12345_train_part_1/cb/DERM_372182.jpg,cb,11,11,17,False
/mnt/c/Users/0M SAI RAM/Desktop/project/dataset/archive/derm12345_train_part_1/cb/DERM_779207.jpg,cb,11,11,23,False
/mnt/c/Users/0M SAI RAM/Desktop/project/dataset/archive/derm12345_train_part_1/cb/DERM_719363.jpg,cb,11,11,30,False
/mnt/c/Users/0M SAI RAM/Desktop/project/dataset/archive/derm12345_train_part_1/cb/DERM_683535.jpg,cb,11,11,11,True
/mnt/c/Users/0M SAI RAM/Desktop/project/dataset/archive/derm12345_train_part_1/cb/DERM_166759.jpg,cb,11,11,11,True
/mnt/c/Users/0M SAI RAM/Desktop/project/dataset/archive/derm12345_train_part_1/cb/DERM_228847.jpg,cb,11,11,30,False
/mnt/c/Users/0M SAI RAM/Desktop/project/dataset/archive/derm12345_train_part_1/cb/DERM_976863.jpg,cb,11,11,11,True
/mnt/c/Users/0M SAI RAM/Desktop/project/dataset/archive/derm12345_train_part_1/cb/DERM_436128.jpg,cb,11,11,11,True
/mnt/c/Users/0M SAI RAM/Desktop/project/dataset/archive/derm12345_train_part_1/cb/DERM_635684.jpg,cb,11,11,37,False
/mnt/c/Users/0M SAI RAM/Desktop/project/dataset/archive/derm12345_train_part_1/cb/DERM_636002.jpg,cb,11,11,23,False
/mnt/c/Users/0M SAI RAM/Desktop/project/dataset/archive/derm12345_train_part_1/cb/DERM_516458.jpg,cb,11,11,23,False
/mnt/c/Users/0M SAI RAM/Desktop/project/dataset/archive/derm12345_train_part_1/cb/DERM_616300.jpg,cb,11,11,11,True
/mnt/c/Users/0M SAI RAM/Desktop/project/dataset/archive/derm12345_train_part_1/cb/DERM_963015.jpg,cb,11,11,23,False
/mnt/c/Users/0M SAI RAM/Desktop/project/dataset/archive/derm12345_train_part_1/cb/DERM_824173.jpg,cb,11,11,11,True
/mnt/c/Users/0M SAI RAM/Desktop/project/dataset/archive/derm12345_train_part_1/cb/DERM_894953.jpg,cb,11,11,11,True
/mnt/c/Users/0M SAI RAM/Desktop/project/dataset/archive/derm12345_train_part_1/cb/DERM_251771.jpg,cb,11,11,22,False
/mnt/c/Users/0M SAI RAM/Desktop/project/dataset/archive/derm12345_train_part_1/cb/DERM_215890.jpg,cb,11,11,11,True
/mnt/c/Users/0M SAI RAM/Desktop/project/dataset/archive/derm12345_train_part_1/cb/DERM_407598.jpg,cb,11,11,11,True
/mnt/c/Users/0M SAI RAM/Desktop/project/dataset/archive/derm12345_train_part_1/cb/DERM_494121.jpg,cb,11,11,11,True
/mnt/c/Users/0M SAI RAM/Desktop/project/dataset/archive/derm12345_train_part_1/cb/DERM_656567.jpg,cb,11,11,11,True
/mnt/c/Users/0M SAI RAM/Desktop/project/dataset/archive/derm12345_train_part_1/cb/DERM_424090.jpg,cb,11,11,17,False
/mnt/c/Users/0M SAI RAM/Desktop/project/dataset/archive/derm12345_train_part_1/cb/DERM_913286.jpg,cb,11,11,12,False
/mnt/c/Users/0M SAI RAM/Desktop/project/dataset/archive/derm12345_train_part_1/cb/DERM_192420.jpg,cb,11,11,23,False
/mnt/c/Users/0M SAI RAM/Desktop/project/dataset/archive/derm12345_train_part_1/cb/DERM_661396.jpg,cb,11,11,22,False
/mnt/c/Users/0M SAI RAM/Desktop/project/dataset/archive/derm12345_train_part_1/cb/DERM_727772.jpg,cb,11,11,11,True
/mnt/c/Users/0M SAI RAM/Desktop/project/dataset/archive/derm12345_train_part_1/cb/DERM_620561.jpg,cb,11,11,17,False
/mnt/c/Users/0M SAI RAM/Desktop/project/dataset/archive/derm12345_train_part_1/cb/DERM_164499.jpg,cb,11,11,11,True
/mnt/c/Users/0M SAI RAM/Desktop/project/dataset/archive/derm12345_train_part_1/cb/DERM_967112.jpg,cb,11,11,11,True
/mnt/c/Users/0M SAI RAM/Desktop/project/dataset/archive/derm12345_train_part_1/cb/DERM_888690.jpg,cb,11,11,23,False
/mnt/c/Users/0M SAI RAM/Desktop/project/dataset/archive/derm12345_train_part_1/cb/DERM_965552.jpg,cb,11,11,23,False
/mnt/c/Users/0M SAI RAM/Desktop/project/dataset/archive/derm12345_train_part_1/cb/DERM_145439.jpg,cb,11,11,11,True
/mnt/c/Users/0M SAI RAM/Desktop/project/dataset/archive/derm12345_train_part_1/cb/DERM_598808.jpg,cb,11,11,23,False
/mnt/c/Users/0M SAI RAM/Desktop/project/dataset/archive/derm12345_train_part_1/cb/DERM_313436.jpg,cb,11,11,37,False
/mnt/c/Users/0M SAI RAM/Desktop/project/dataset/archive/derm12345_train_part_1/cb/DERM_674500.jpg,cb,11,11,29,False
/mnt/c/Users/0M SAI RAM/Desktop/project/dataset/archive/derm12345_train_part_1/cb/DERM_707520.jpg,cb,11,11,27,False
/mnt/c/Users/0M SAI RAM/Desktop/project/dataset/archive/derm12345_train_part_1/cb/DERM_262958.jpg,cb,11,11,22,False
/mnt/c/Users/0M SAI RAM/Desktop/project/dataset/archive/derm12345_train_part_1/cb/DERM_280006.jpg,cb,11,11,14,False
/mnt/c/Users/0M SAI RAM/Desktop/project/dataset/archive/derm12345_train_part_1/cb/DERM_430253.jpg,cb,11,11,23,False
/mnt/c/Users/0M SAI RAM/Desktop/project/dataset/archive/derm12345_train_part_1/cb/DERM_693687.jpg,cb,11,11,11,True
/mnt/c/Users/0M SAI RAM/Desktop/project/dataset/archive/derm12345_train_part_1/cb/DERM_985560.jpg,cb,11,11,22,False
/mnt/c/Users/0M SAI RAM/Desktop/project/dataset/archive/derm12345_train_part_1/cb/DERM_537437.jpg,cb,11,11,17,False
/mnt/c/Users/0M SAI RAM/Desktop/project/dataset/archive/derm12345_train_part_1/cb/DERM_845579.jpg,cb,11,11,23,False
/mnt/c/Users/0M SAI RAM/Desktop/project/dataset/archive/derm12345_train_part_1/cb/DERM_985528.jpg,cb,11,11,22,False
/mnt/c/Users/0M SAI RAM/Desktop/project/dataset/archive/derm12345_train_part_1/cb/DERM_985534.jpg,cb,11,11,23,False
/mnt/c/Users/0M SAI RAM/Desktop/project/dataset/archive/derm12345_train_part_1/ccb/DERM_131817.jpg,ccb,12,12,12,True
/mnt/c/Users/0M SAI RAM/Desktop/project/dataset/archive/derm12345_train_part_1/ccb/DERM_600492.jpg,ccb,12,12,36,False
/mnt/c/Users/0M SAI RAM/Desktop/project/dataset/archive/derm12345_train_part_1/ccb/DERM_786732.jpg,ccb,12,12,37,False
/mnt/c/Users/0M SAI RAM/Desktop/project/dataset/archive/derm12345_train_part_1/ccb/DERM_345949.jpg,ccb,12,12,12,True
/mnt/c/Users/0M SAI RAM/Desktop/project/dataset/archive/derm12345_train_part_1/ccb/DERM_149164.jpg,ccb,12,12,31,False
/mnt/c/Users/0M SAI RAM/Desktop/project/dataset/archive/derm12345_train_part_1/ccb/DERM_206008.jpg,ccb,12,12,8,False
/mnt/c/Users/0M SAI RAM/Desktop/project/dataset/archive/derm12345_train_part_1/ccb/DERM_521516.jpg,ccb,12,12,12,True
/mnt/c/Users/0M SAI RAM/Desktop/project/dataset/archive/derm12345_train_part_1/ccb/DERM_704221.jpg,ccb,12,12,12,True
/mnt/c/Users/0M SAI RAM/Desktop/project/dataset/archive/derm12345_train_part_1/ccb/DERM_651970.jpg,ccb,12,12,12,True
/mnt/c/Users/0M SAI RAM/Desktop/project/dataset/archive/derm12345_train_part_1/ccb/DERM_951143.jpg,ccb,12,12,23,False
/mnt/c/Users/0M SAI RAM/Desktop/project/dataset/archive/derm12345_train_part_1/ccb/DERM_827243.jpg,ccb,12,12,12,True
/mnt/c/Users/0M SAI RAM/Desktop/project/dataset/archive/derm12345_train_part_1/ccb/DERM_379171.jpg,ccb,12,12,36,False
/mnt/c/Users/0M SAI RAM/Desktop/project/dataset/archive/derm12345_train_part_1/ccb/DERM_949258.jpg,ccb,12,12,5,False
/mnt/c/Users/0M SAI RAM/Desktop/project/dataset/archive/derm12345_train_part_1/ccb/DERM_538559.jpg,ccb,12,12,12,True
/mnt/c/Users/0M SAI RAM/Desktop/project/dataset/archive/derm12345_train_part_1/ccb/DERM_293355.jpg,ccb,12,12,2,False
/mnt/c/Users/0M SAI RAM/Desktop/project/dataset/archive/derm12345_train_part_1/ccb/DERM_323628.jpg,ccb,12,12,38,False
/mnt/c/Users/0M SAI RAM/Desktop/project/dataset/archive/derm12345_train_part_1/ccb/DERM_169992.jpg,ccb,12,12,12,True
/mnt/c/Users/0M SAI RAM/Desktop/project/dataset/archive/derm12345_train_part_1/ccb/DERM_638252.jpg,ccb,12,12,12,True
/mnt/c/Users/0M SAI RAM/Desktop/project/dataset/archive/derm12345_train_part_1/ccb/DERM_288782.jpg,ccb,12,12,12,True
/mnt/c/Users/0M SAI RAM/Desktop/project/dataset/archive/derm12345_train_part_1/ccb/DERM_295240.jpg,ccb,12,12,12,True
/mnt/c/Users/0M SAI RAM/Desktop/project/dataset/archive/derm12345_train_part_1/ccb/DERM_450384.jpg,ccb,12,12,12,True
/mnt/c/Users/0M SAI RAM/Desktop/project/dataset/archive/derm12345_train_part_1/ccb/DERM_332449.jpg,ccb,12,12,12,True
/mnt/c/Users/0M SAI RAM/Desktop/project/dataset/archive/derm12345_train_part_1/ccb/DERM_422607.jpg,ccb,12,12,12,True
/mnt/c/Users/0M SAI RAM/Desktop/project/dataset/archive/derm12345_train_part_1/ccb/DERM_545708.jpg,ccb,12,12,37,False
/mnt/c/Users/0M SAI RAM/Desktop/project/dataset/archive/derm12345_train_part_1/ccb/DERM_417379.jpg,ccb,12,12,37,False
/mnt/c/Users/0M SAI RAM/Desktop/project/dataset/archive/derm12345_train_part_1/ccb/DERM_695942.jpg,ccb,12,12,12,True
/mnt/c/Users/0M SAI RAM/Desktop/project/dataset/archive/derm12345_train_part_1/ccb/DERM_113426.jpg,ccb,12,12,16,False
/mnt/c/Users/0M SAI RAM/Desktop/project/dataset/archive/derm12345_train_part_1/ccb/DERM_472451.jpg,ccb,12,12,12,True
/mnt/c/Users/0M SAI RAM/Desktop/project/dataset/archive/derm12345_train_part_1/ccb/DERM_561612.jpg,ccb,12,12,14,False
/mnt/c/Users/0M SAI RAM/Desktop/project/dataset/archive/derm12345_train_part_1/ccb/DERM_989915.jpg,ccb,12,12,12,True
/mnt/c/Users/0M SAI RAM/Desktop/project/dataset/archive/derm12345_train_part_1/ccb/DERM_342447.jpg,ccb,12,12,12,True
/mnt/c/Users/0M SAI RAM/Desktop/project/dataset/archive/derm12345_train_part_1/ccb/DERM_853438.jpg,ccb,12,12,12,True
/mnt/c/Users/0M SAI RAM/Desktop/project/dataset/archive/derm12345_train_part_1/ccb/DERM_951344.jpg,ccb,12,12,12,True
/mnt/c/Users/0M SAI RAM/Desktop/project/dataset/archive/derm12345_train_part_1/ccb/DERM_186942.jpg,ccb,12,12,12,True
/mnt/c/Users/0M SAI RAM/Desktop/project/dataset/archive/derm12345_train_part_1/ccb/DERM_289530.jpg,ccb,12,12,12,True
/mnt/c/Users/0M SAI RAM/Desktop/project/dataset/archive/derm12345_train_part_1/ccb/DERM_424589.jpg,ccb,12,12,12,True
/mnt/c/Users/0M SAI RAM/Desktop/project/dataset/archive/derm12345_train_part_1/ccb/DERM_426771.jpg,ccb,12,12,12,True
/mnt/c/Users/0M SAI RAM/Desktop/project/dataset/archive/derm12345_train_part_1/ccb/DERM_552002.jpg,ccb,12,12,12,True
/mnt/c/Users/0M SAI RAM/Desktop/project/dataset/archive/derm12345_train_part_1/ccb/DERM_895380.jpg,ccb,12,12,36,False
/mnt/c/Users/0M SAI RAM/Desktop/project/dataset/archive/derm12345_train_part_1/ccb/DERM_182635.jpg,ccb,12,12,30,False
/mnt/c/Users/0M SAI RAM/Desktop/project/dataset/archive/derm12345_train_part_1/ccb/DERM_630039.jpg,ccb,12,12,12,True
/mnt/c/Users/0M SAI RAM/Desktop/project/dataset/archive/derm12345_train_part_1/ccb/DERM_896575.jpg,ccb,12,12,12,True
/mnt/c/Users/0M SAI RAM/Desktop/project/dataset/archive/derm12345_train_part_1/ccb/DERM_158742.jpg,ccb,12,12,31,False
/mnt/c/Users/0M SAI RAM/Desktop/project/dataset/archive/derm12345_train_part_1/ccb/DERM_221298.jpg,ccb,12,12,12,True
/mnt/c/Users/0M SAI RAM/Desktop/project/dataset/archive/derm12345_train_part_1/ccb/DERM_241285.jpg,ccb,12,12,12,True
/mnt/c/Users/0M SAI RAM/Desktop/project/dataset/archive/derm12345_train_part_1/ccb/DERM_353457.jpg,ccb,12,12,12,True
/mnt/c/Users/0M SAI RAM/Desktop/project/dataset/archive/derm12345_train_part_1/ccb/DERM_583011.jpg,ccb,12,12,12,True
/mnt/c/Users/0M SAI RAM/Desktop/project/dataset/archive/derm12345_train_part_1/ccb/DERM_848702.jpg,ccb,12,12,31,False
/mnt/c/Users/0M SAI RAM/Desktop/project/dataset/archive/derm12345_train_part_1/ccb/DERM_838508.jpg,ccb,12,12,16,False
/mnt/c/Users/0M SAI RAM/Desktop/project/dataset/archive/derm12345_train_part_1/ccb/DERM_757139.jpg,ccb,12,12,16,False
/mnt/c/Users/0M SAI RAM/Desktop/project/dataset/archive/derm12345_train_part_1/ccb/DERM_431638.jpg,ccb,12,12,12,True
/mnt/c/Users/0M SAI RAM/Desktop/project/dataset/archive/derm12345_train_part_1/ccb/DERM_971679.jpg,ccb,12,12,12,True
/mnt/c/Users/0M SAI RAM/Desktop/project/dataset/archive/derm12345_train_part_1/ccb/DERM_151828.jpg,ccb,12,12,14,False
/mnt/c/Users/0M SAI RAM/Desktop/project/dataset/archive/derm12345_train_part_1/ccb/DERM_596079.jpg,ccb,12,12,14,False
/mnt/c/Users/0M SAI RAM/Desktop/project/dataset/archive/derm12345_train_part_1/ccb/DERM_182869.jpg,ccb,12,12,12,True
/mnt/c/Users/0M SAI RAM/Desktop/project/dataset/archive/derm12345_train_part_1/ccb/DERM_198459.jpg,ccb,12,12,12,True
/mnt/c/Users/0M SAI RAM/Desktop/project/dataset/archive/derm12345_train_part_1/ccb/DERM_292028.jpg,ccb,12,12,12,True
/mnt/c/Users/0M SAI RAM/Desktop/project/dataset/archive/derm12345_train_part_1/ccb/DERM_491945.jpg,ccb,12,12,16,False
/mnt/c/Users/0M SAI RAM/Desktop/project/dataset/archive/derm12345_train_part_1/ccb/DERM_668354.jpg,ccb,12,12,12,True
/mnt/c/Users/0M SAI RAM/Desktop/project/dataset/archive/derm12345_train_part_1/ccb/DERM_758047.jpg,ccb,12,12,16,False
/mnt/c/Users/0M SAI RAM/Desktop/project/dataset/archive/derm12345_train_part_1/ccb/DERM_786470.jpg,ccb,12,12,16,False
/mnt/c/Users/0M SAI RAM/Desktop/project/dataset/archive/derm12345_train_part_1/ccb/DERM_105737.jpg,ccb,12,12,14,False
/mnt/c/Users/0M SAI RAM/Desktop/project/dataset/archive/derm12345_train_part_1/ccb/DERM_717149.jpg,ccb,12,12,11,False
/mnt/c/Users/0M SAI RAM/Desktop/project/dataset/archive/derm12345_train_part_1/ccb/DERM_615263.jpg,ccb,12,12,12,True
/mnt/c/Users/0M SAI RAM/Desktop/project/dataset/archive/derm12345_train_part_1/ccb/DERM_684187.jpg,ccb,12,12,12,True
/mnt/c/Users/0M SAI RAM/Desktop/project/dataset/archive/derm12345_train_part_1/ccb/DERM_996249.jpg,ccb,12,12,12,True
/mnt/c/Users/0M SAI RAM/Desktop/project/dataset/archive/derm12345_train_part_1/ccb/DERM_271089.jpg,ccb,12,12,37,False
/mnt/c/Users/0M SAI RAM/Desktop/project/dataset/archive/derm12345_train_part_1/ccb/DERM_774764.jpg,ccb,12,12,23,False
/mnt/c/Users/0M SAI RAM/Desktop/project/dataset/archive/derm12345_train_part_1/ccb/DERM_197011.jpg,ccb,12,12,12,True
/mnt/c/Users/0M SAI RAM/Desktop/project/dataset/archive/derm12345_train_part_1/ccb/DERM_349148.jpg,ccb,12,12,12,True
/mnt/c/Users/0M SAI RAM/Desktop/project/dataset/archive/derm12345_train_part_1/ccb/DERM_441765.jpg,ccb,12,12,12,True
/mnt/c/Users/0M SAI RAM/Desktop/project/dataset/archive/derm12345_train_part_1/ccb/DERM_648867.jpg,ccb,12,12,12,True
/mnt/c/Users/0M SAI RAM/Desktop/project/dataset/archive/derm12345_train_part_1/ccb/DERM_837800.jpg,ccb,12,12,8,False
/mnt/c/Users/0M SAI RAM/Desktop/project/dataset/archive/derm12345_train_part_1/ccb/DERM_980880.jpg,ccb,12,12,12,True
/mnt/c/Users/0M SAI RAM/Desktop/project/dataset/archive/derm12345_train_part_1/ccb/DERM_646268.jpg,ccb,12,12,14,False
/mnt/c/Users/0M SAI RAM/Desktop/project/dataset/archive/derm12345_train_part_1/ccb/DERM_829378.jpg,ccb,12,12,12,True
/mnt/c/Users/0M SAI RAM/Desktop/project/dataset/archive/derm12345_train_part_1/ccb/DERM_693654.jpg,ccb,12,12,16,False
/mnt/c/Users/0M SAI RAM/Desktop/project/dataset/archive/derm12345_train_part_1/ccb/DERM_730937.jpg,ccb,12,12,30,False
/mnt/c/Users/0M SAI RAM/Desktop/project/dataset/archive/derm12345_train_part_1/ccb/DERM_955771.jpg,ccb,12,12,12,True
/mnt/c/Users/0M SAI RAM/Desktop/project/dataset/archive/derm12345_train_part_1/ccb/DERM_964250.jpg,ccb,12,12,16,False
/mnt/c/Users/0M SAI RAM/Desktop/project/dataset/archive/derm12345_train_part_1/ccb/DERM_175943.jpg,ccb,12,12,12,True
/mnt/c/Users/0M SAI RAM/Desktop/project/dataset/archive/derm12345_train_part_1/ccb/DERM_347218.jpg,ccb,12,12,12,True
/mnt/c/Users/0M SAI RAM/Desktop/project/dataset/archive/derm12345_train_part_1/ccb/DERM_228205.jpg,ccb,12,12,12,True
/mnt/c/Users/0M SAI RAM/Desktop/project/dataset/archive/derm12345_train_part_1/ccb/DERM_186030.jpg,ccb,12,12,12,True
/mnt/c/Users/0M SAI RAM/Desktop/project/dataset/archive/derm12345_train_part_1/ccb/DERM_622805.jpg,ccb,12,12,23,False
/mnt/c/Users/0M SAI RAM/Desktop/project/dataset/archive/derm12345_train_part_1/ccb/DERM_858215.jpg,ccb,12,12,12,True
/mnt/c/Users/0M SAI RAM/Desktop/project/dataset/archive/derm12345_train_part_1/ccb/DERM_548724.jpg,ccb,12,12,12,True
/mnt/c/Users/0M SAI RAM/Desktop/project/dataset/archive/derm12345_train_part_1/ccb/DERM_785050.jpg,ccb,12,12,12,True
/mnt/c/Users/0M SAI RAM/Desktop/project/dataset/archive/derm12345_train_part_1/ccb/DERM_814168.jpg,ccb,12,12,12,True
/mnt/c/Users/0M SAI RAM/Desktop/project/dataset/archive/derm12345_train_part_1/ccb/DERM_282445.jpg,ccb,12,12,12,True
/mnt/c/Users/0M SAI RAM/Desktop/project/dataset/archive/derm12345_train_part_1/ccb/DERM_651612.jpg,ccb,12,12,12,True
/mnt/c/Users/0M SAI RAM/Desktop/project/dataset/archive/derm12345_train_part_1/ccb/DERM_201890.jpg,ccb,12,12,37,False
/mnt/c/Users/0M SAI RAM/Desktop/project/dataset/archive/derm12345_train_part_1/ccb/DERM_684725.jpg,ccb,12,12,11,False
/mnt/c/Users/0M SAI RAM/Desktop/project/dataset/archive/derm12345_train_part_1/ccb/DERM_975454.jpg,ccb,12,12,11,False
/mnt/c/Users/0M SAI RAM/Desktop/project/dataset/archive/derm12345_train_part_1/ccb/DERM_295090.jpg,ccb,12,12,16,False
/mnt/c/Users/0M SAI RAM/Desktop/project/dataset/archive/derm12345_train_part_1/ccb/DERM_844388.jpg,ccb,12,12,16,False
/mnt/c/Users/0M SAI RAM/Desktop/project/dataset/archive/derm12345_train_part_1/ccb/DERM_943247.jpg,ccb,12,12,12,True
/mnt/c/Users/0M SAI RAM/Desktop/project/dataset/archive/derm12345_train_part_1/ccb/DERM_530945.jpg,ccb,12,12,12,True
/mnt/c/Users/0M SAI RAM/Desktop/project/dataset/archive/derm12345_train_part_1/ccb/DERM_688068.jpg,ccb,12,12,22,False
/mnt/c/Users/0M SAI RAM/Desktop/project/dataset/archive/derm12345_train_part_1/ccb/DERM_995108.jpg,ccb,12,12,12,True
/mnt/c/Users/0M SAI RAM/Desktop/project/dataset/archive/derm12345_train_part_1/ccb/DERM_954345.jpg,ccb,12,12,12,True
/mnt/c/Users/0M SAI RAM/Desktop/project/dataset/archive/derm12345_train_part_1/ccb/DERM_871224.jpg,ccb,12,12,12,True
/mnt/c/Users/0M SAI RAM/Desktop/project/dataset/archive/derm12345_train_part_1/ccb/DERM_875264.jpg,ccb,12,12,12,True
/mnt/c/Users/0M SAI RAM/Desktop/project/dataset/archive/derm12345_train_part_1/ccb/DERM_976500.jpg,ccb,12,12,12,True
/mnt/c/Users/0M SAI RAM/Desktop/project/dataset/archive/derm12345_train_part_1/ccb/DERM_709816.jpg,ccb,12,12,12,True
/mnt/c/Users/0M SAI RAM/Desktop/project/dataset/archive/derm12345_train_part_1/ccb/DERM_156839.jpg,ccb,12,12,38,False
/mnt/c/Users/0M SAI RAM/Desktop/project/dataset/archive/derm12345_train_part_1/ccb/DERM_907644.jpg,ccb,12,12,38,False
/mnt/c/Users/0M SAI RAM/Desktop/project/dataset/archive/derm12345_train_part_1/ccb/DERM_566284.jpg,ccb,12,12,12,True
/mnt/c/Users/0M SAI RAM/Desktop/project/dataset/archive/derm12345_train_part_1/ccb/DERM_623316.jpg,ccb,12,12,30,False
/mnt/c/Users/0M SAI RAM/Desktop/project/dataset/archive/derm12345_train_part_1/ccb/DERM_416619.jpg,ccb,12,12,11,False
/mnt/c/Users/0M SAI RAM/Desktop/project/dataset/archive/derm12345_train_part_1/ccb/DERM_369623.jpg,ccb,12,12,23,False
/mnt/c/Users/0M SAI RAM/Desktop/project/dataset/archive/derm12345_train_part_1/ccb/DERM_557531.jpg,ccb,12,12,12,True
/mnt/c/Users/0M SAI RAM/Desktop/project/dataset/archive/derm12345_train_part_1/ccd/DERM_553986.jpg,ccd,13,13,13,True
/mnt/c/Users/0M SAI RAM/Desktop/project/dataset/archive/derm12345_train_part_1/ccd/DERM_671935.jpg,ccd,13,13,23,False
/mnt/c/Users/0M SAI RAM/Desktop/project/dataset/archive/derm12345_train_part_1/ccd/DERM_844565.jpg,ccd,13,13,31,False
/mnt/c/Users/0M SAI RAM/Desktop/project/dataset/archive/derm12345_train_part_1/ccd/DERM_456142.jpg,ccd,13,13,12,False
/mnt/c/Users/0M SAI RAM/Desktop/project/dataset/archive/derm12345_train_part_1/ccd/DERM_185855.jpg,ccd,13,13,14,False
/mnt/c/Users/0M SAI RAM/Desktop/project/dataset/archive/derm12345_train_part_1/ccd/DERM_231936.jpg,ccd,13,13,16,False
/mnt/c/Users/0M SAI RAM/Desktop/project/dataset/archive/derm12345_train_part_1/ccd/DERM_238348.jpg,ccd,13,13,13,True
/mnt/c/Users/0M SAI RAM/Desktop/project/dataset/archive/derm12345_train_part_1/ccd/DERM_620228.jpg,ccd,13,13,17,False
/mnt/c/Users/0M SAI RAM/Desktop/project/dataset/archive/derm12345_train_part_1/cd/DERM_730183.jpg,cd,14,14,22,False
/mnt/c/Users/0M SAI RAM/Desktop/project/dataset/archive/derm12345_train_part_1/cd/DERM_160817.jpg,cd,14,14,14,True
/mnt/c/Users/0M SAI RAM/Desktop/project/dataset/archive/derm12345_train_part_1/cd/DERM_107942.jpg,cd,14,14,14,True
/mnt/c/Users/0M SAI RAM/Desktop/project/dataset/archive/derm12345_train_part_1/cd/DERM_516525.jpg,cd,14,14,11,False
/mnt/c/Users/0M SAI RAM/Desktop/project/dataset/archive/derm12345_train_part_1/cd/DERM_147999.jpg,cd,14,14,22,False
/mnt/c/Users/0M SAI RAM/Desktop/project/dataset/archive/derm12345_train_part_1/cd/DERM_435924.jpg,cd,14,14,11,False
/mnt/c/Users/0M SAI RAM/Desktop/project/dataset/archive/derm12345_train_part_1/cd/DERM_191939.jpg,cd,14,14,18,False
/mnt/c/Users/0M SAI RAM/Desktop/project/dataset/archive/derm12345_train_part_1/cd/DERM_314027.jpg,cd,14,14,14,True
/mnt/c/Users/0M SAI RAM/Desktop/project/dataset/archive/derm12345_train_part_1/cd/DERM_291242.jpg,cd,14,14,23,False
/mnt/c/Users/0M SAI RAM/Desktop/project/dataset/archive/derm12345_train_part_1/cd/DERM_841567.jpg,cd,14,14,14,True
/mnt/c/Users/0M SAI RAM/Desktop/project/dataset/archive/derm12345_train_part_1/cd/DERM_720870.jpg,cd,14,14,11,False
/mnt/c/Users/0M SAI RAM/Desktop/project/dataset/archive/derm12345_train_part_1/cd/DERM_500695.jpg,cd,14,14,11,False
/mnt/c/Users/0M SAI RAM/Desktop/project/dataset/archive/derm12345_train_part_1/cd/DERM_611778.jpg,cd,14,14,23,False
/mnt/c/Users/0M SAI RAM/Desktop/project/dataset/archive/derm12345_train_part_1/cd/DERM_782140.jpg,cd,14,14,23,False
/mnt/c/Users/0M SAI RAM/Desktop/project/dataset/archive/derm12345_train_part_1/cd/DERM_963073.jpg,cd,14,14,37,False
/mnt/c/Users/0M SAI RAM/Desktop/project/dataset/archive/derm12345_train_part_1/cd/DERM_122136.jpg,cd,14,14,37,False
/mnt/c/Users/0M SAI RAM/Desktop/project/dataset/archive/derm12345_train_part_1/cd/DERM_122139.jpg,cd,14,14,3,False
/mnt/c/Users/0M SAI RAM/Desktop/project/dataset/archive/derm12345_train_part_1/cd/DERM_519637.jpg,cd,14,14,23,False
/mnt/c/Users/0M SAI RAM/Desktop/project/dataset/archive/derm12345_train_part_1/cd/DERM_137077.jpg,cd,14,14,16,False
/mnt/c/Users/0M SAI RAM/Desktop/project/dataset/archive/derm12345_train_part_1/cd/DERM_460052.jpg,cd,14,14,22,False
/mnt/c/Users/0M SAI RAM/Desktop/project/dataset/archive/derm12345_train_part_1/cd/DERM_602340.jpg,cd,14,14,14,True
/mnt/c/Users/0M SAI RAM/Desktop/project/dataset/archive/derm12345_train_part_1/cd/DERM_932943.jpg,cd,14,14,18,False
/mnt/c/Users/0M SAI RAM/Desktop/project/dataset/archive/derm12345_train_part_1/cd/DERM_172923.jpg,cd,14,14,23,False
/mnt/c/Users/0M SAI RAM/Desktop/project/dataset/archive/derm12345_train_part_1/cd/DERM_578822.jpg,cd,14,14,12,False
/mnt/c/Users/0M SAI RAM/Desktop/project/dataset/archive/derm12345_train_part_1/cd/DERM_536144.jpg,cd,14,14,12,False
/mnt/c/Users/0M SAI RAM/Desktop/project/dataset/archive/derm12345_train_part_1/cd/DERM_655867.jpg,cd,14,14,8,False
/mnt/c/Users/0M SAI RAM/Desktop/project/dataset/archive/derm12345_train_part_1/cd/DERM_113298.jpg,cd,14,14,16,False
/mnt/c/Users/0M SAI RAM/Desktop/project/dataset/archive/derm12345_train_part_1/cd/DERM_548497.jpg,cd,14,14,8,False
/mnt/c/Users/0M SAI RAM/Desktop/project/dataset/archive/derm12345_train_part_1/cd/DERM_447732.jpg,cd,14,14,23,False
/mnt/c/Users/0M SAI RAM/Desktop/project/dataset/archive/derm12345_train_part_1/cd/DERM_651450.jpg,cd,14,14,23,False
/mnt/c/Users/0M SAI RAM/Desktop/project/dataset/archive/derm12345_train_part_1/cd/DERM_931543.jpg,cd,14,14,23,False
/mnt/c/Users/0M SAI RAM/Desktop/project/dataset/archive/derm12345_train_part_1/cd/DERM_746562.jpg,cd,14,14,23,False
/mnt/c/Users/0M SAI RAM/Desktop/project/dataset/archive/derm12345_train_part_1/cd/DERM_182234.jpg,cd,14,14,23,False
/mnt/c/Users/0M SAI RAM/Desktop/project/dataset/archive/derm12345_train_part_1/cd/DERM_532619.jpg,cd,14,14,17,False
/mnt/c/Users/0M SAI RAM/Desktop/project/dataset/archive/derm12345_train_part_1/cd/DERM_875560.jpg,cd,14,14,11,False
/mnt/c/Users/0M SAI RAM/Desktop/project/dataset/archive/derm12345_train_part_1/cd/DERM_223933.jpg,cd,14,14,14,True
/mnt/c/Users/0M SAI RAM/Desktop/project/dataset/archive/derm12345_train_part_1/cd/DERM_720643.jpg,cd,14,14,14,True
/mnt/c/Users/0M SAI RAM/Desktop/project/dataset/archive/derm12345_train_part_1/cd/DERM_669543.jpg,cd,14,14,31,False
/mnt/c/Users/0M SAI RAM/Desktop/project/dataset/archive/derm12345_train_part_1/cd/DERM_328145.jpg,cd,14,14,23,False
/mnt/c/Users/0M SAI RAM/Desktop/project/dataset/archive/derm12345_train_part_1/cd/DERM_214833.jpg,cd,14,14,11,False
/mnt/c/Users/0M SAI RAM/Desktop/project/dataset/archive/derm12345_train_part_1/cd/DERM_245007.jpg,cd,14,14,22,False
/mnt/c/Users/0M SAI RAM/Desktop/project/dataset/archive/derm12345_train_part_1/cd/DERM_571257.jpg,cd,14,14,14,True
/mnt/c/Users/0M SAI RAM/Desktop/project/dataset/archive/derm12345_train_part_1/cd/DERM_831113.jpg,cd,14,14,14,True
/mnt/c/Users/0M SAI RAM/Desktop/project/dataset/archive/derm12345_train_part_1/cd/DERM_126852.jpg,cd,14,14,22,False
/mnt/c/Users/0M SAI RAM/Desktop/project/dataset/archive/derm12345_train_part_1/cd/DERM_257206.jpg,cd,14,14,23,False
/mnt/c/Users/0M SAI RAM/Desktop/project/dataset/archive/derm12345_train_part_1/cd/DERM_255804.jpg,cd,14,14,22,False
/mnt/c/Users/0M SAI RAM/Desktop/project/dataset/archive/derm12345_train_part_1/cd/DERM_908713.jpg,cd,14,14,14,True
/mnt/c/Users/0M SAI RAM/Desktop/project/dataset/archive/derm12345_train_part_1/cd/DERM_578737.jpg,cd,14,14,11,False
/mnt/c/Users/0M SAI RAM/Desktop/project/dataset/archive/derm12345_train_part_1/cd/DERM_644234.jpg,cd,14,14,22,False
/mnt/c/Users/0M SAI RAM/Desktop/project/dataset/archive/derm12345_train_part_1/cd/DERM_310117.jpg,cd,14,14,11,False
/mnt/c/Users/0M SAI RAM/Desktop/project/dataset/archive/derm12345_train_part_1/cd/DERM_508370.jpg,cd,14,14,13,False
/mnt/c/Users/0M SAI RAM/Desktop/project/dataset/archive/derm12345_train_part_1/cd/DERM_937470.jpg,cd,14,14,26,False
/mnt/c/Users/0M SAI RAM/Desktop/project/dataset/archive/derm12345_train_part_1/cd/DERM_910227.jpg,cd,14,14,23,False
/mnt/c/Users/0M SAI RAM/Desktop/project/dataset/archive/derm12345_train_part_1/cd/DERM_177686.jpg,cd,14,14,23,False
/mnt/c/Users/0M SAI RAM/Desktop/project/dataset/archive/derm12345_train_part_1/cd/DERM_177923.jpg,cd,14,14,23,False
/mnt/c/Users/0M SAI RAM/Desktop/project/dataset/archive/derm12345_train_part_1/cd/DERM_481255.jpg,cd,14,14,3,False
/mnt/c/Users/0M SAI RAM/Desktop/project/dataset/archive/derm12345_train_part_1/cd/DERM_898543.jpg,cd,14,14,22,False
/mnt/c/Users/0M SAI RAM/Desktop/project/dataset/archive/derm12345_train_part_1/cd/DERM_314113.jpg,cd,14,14,12,False
/mnt/c/Users/0M SAI RAM/Desktop/project/dataset/archive/derm12345_train_part_1/cd/DERM_956078.jpg,cd,14,14,22,False
/mnt/c/Users/0M SAI RAM/Desktop/project/dataset/archive/derm12345_train_part_1/cd/DERM_577600.jpg,cd,14,14,22,False
/mnt/c/Users/0M SAI RAM/Desktop/project/dataset/archive/derm12345_train_part_1/cd/DERM_934110.jpg,cd,14,14,23,False
/mnt/c/Users/0M SAI RAM/Desktop/project/dataset/archive/derm12345_train_part_1/cd/DERM_781573.jpg,cd,14,14,23,False
/mnt/c/Users/0M SAI RAM/Desktop/project/dataset/archive/derm12345_train_part_1/cd/DERM_781482.jpg,cd,14,14,23,False
/mnt/c/Users/0M SAI RAM/Desktop/project/dataset/archive/derm12345_train_part_1/cd/DERM_807199.jpg,cd,14,14,14,True
/mnt/c/Users/0M SAI RAM/Desktop/project/dataset/archive/derm12345_train_part_1/cd/DERM_226624.jpg,cd,14,14,17,False
/mnt/c/Users/0M SAI RAM/Desktop/project/dataset/archive/derm12345_train_part_1/cd/DERM_455805.jpg,cd,14,14,11,False
/mnt/c/Users/0M SAI RAM/Desktop/project/dataset/archive/derm12345_train_part_1/cd/DERM_286230.jpg,cd,14,14,14,True
/mnt/c/Users/0M SAI RAM/Desktop/project/dataset/archive/derm12345_train_part_1/cd/DERM_505832.jpg,cd,14,14,12,False
/mnt/c/Users/0M SAI RAM/Desktop/project/dataset/archive/derm12345_train_part_1/cd/DERM_210077.jpg,cd,14,14,14,True
/mnt/c/Users/0M SAI RAM/Desktop/project/dataset/archive/derm12345_train_part_1/cd/DERM_936082.jpg,cd,14,14,22,False
/mnt/c/Users/0M SAI RAM/Desktop/project/dataset/archive/derm12345_train_part_1/cd/DERM_420161.jpg,cd,14,14,14,True
/mnt/c/Users/0M SAI RAM/Desktop/project/dataset/archive/derm12345_train_part_1/cd/DERM_326426.jpg,cd,14,14,14,True
/mnt/c/Users/0M SAI RAM/Desktop/project/dataset/archive/derm12345_train_part_1/cd/DERM_151127.jpg,cd,14,14,37,False
/mnt/c/Users/0M SAI RAM/Desktop/project/dataset/archive/derm12345_train_part_1/cd/DERM_227622.jpg,cd,14,14,14,True
/mnt/c/Users/0M SAI RAM/Desktop/project/dataset/archive/derm12345_train_part_1/cd/DERM_644580.jpg,cd,14,14,37,False
/mnt/c/Users/0M SAI RAM/Desktop/project/dataset/archive/derm12345_train_part_1/cd/DERM_906913.jpg,cd,14,14,30,False
/mnt/c/Users/0M SAI RAM/Desktop/project/dataset/archive/derm12345_train_part_1/cd/DERM_384503.jpg,cd,14,14,23,False
/mnt/c/Users/0M SAI RAM/Desktop/project/dataset/archive/derm12345_train_part_1/cd/DERM_490762.jpg,cd,14,14,23,False
/mnt/c/Users/0M SAI RAM/Desktop/project/dataset/archive/derm12345_train_part_1/cd/DERM_894278.jpg,cd,14,14,12,False
/mnt/c/Users/0M SAI RAM/Desktop/project/dataset/archive/derm12345_train_part_1/cd/DERM_520496.jpg,cd,14,14,22,False
/mnt/c/Users/0M SAI RAM/Desktop/project/dataset/archive/derm12345_train_part_1/cd/DERM_245178.jpg,cd,14,14,23,False
/mnt/c/Users/0M SAI RAM/Desktop/project/dataset/archive/derm12345_train_part_1/cd/DERM_276207.jpg,cd,14,14,11,False
/mnt/c/Users/0M SAI RAM/Desktop/project/dataset/archive/derm12345_train_part_1/cd/DERM_239213.jpg,cd,14,14,11,False
/mnt/c/Users/0M SAI RAM/Desktop/project/dataset/archive/derm12345_train_part_1/cd/DERM_981078.jpg,cd,14,14,37,False
/mnt/c/Users/0M SAI RAM/Desktop/project/dataset/archive/derm12345_train_part_1/cd/DERM_661183.jpg,cd,14,14,11,False
/mnt/c/Users/0M SAI RAM/Desktop/project/dataset/archive/derm12345_train_part_1/cd/DERM_895297.jpg,cd,14,14,23,False
/mnt/c/Users/0M SAI RAM/Desktop/project/dataset/archive/derm12345_train_part_1/cd/DERM_366534.jpg,cd,14,14,23,False
/mnt/c/Users/0M SAI RAM/Desktop/project/dataset/archive/derm12345_train_part_1/cd/DERM_748889.jpg,cd,14,14,12,False
/mnt/c/Users/0M SAI RAM/Desktop/project/dataset/archive/derm12345_train_part_1/cd/DERM_942806.jpg,cd,14,14,18,False
/mnt/c/Users/0M SAI RAM/Desktop/project/dataset/archive/derm12345_train_part_1/cd/DERM_839384.jpg,cd,14,14,14,True
/mnt/c/Users/0M SAI RAM/Desktop/project/dataset/archive/derm12345_train_part_1/cd/DERM_661876.jpg,cd,14,14,11,False
/mnt/c/Users/0M SAI RAM/Desktop/project/dataset/archive/derm12345_train_part_1/cd/DERM_222524.jpg,cd,14,14,11,False
/mnt/c/Users/0M SAI RAM/Desktop/project/dataset/archive/derm12345_train_part_1/cd/DERM_546864.jpg,cd,14,14,3,False
/mnt/c/Users/0M SAI RAM/Desktop/project/dataset/archive/derm12345_train_part_1/cd/DERM_152595.jpg,cd,14,14,23,False
/mnt/c/Users/0M SAI RAM/Desktop/project/dataset/archive/derm12345_train_part_1/cd/DERM_573208.jpg,cd,14,14,23,False
/mnt/c/Users/0M SAI RAM/Desktop/project/dataset/archive/derm12345_train_part_1/cd/DERM_411822.jpg,cd,14,14,22,False
/mnt/c/Users/0M SAI RAM/Desktop/project/dataset/archive/derm12345_train_part_1/cd/DERM_439754.jpg,cd,14,14,11,False
/mnt/c/Users/0M SAI RAM/Desktop/project/dataset/archive/derm12345_train_part_1/cd/DERM_233584.jpg,cd,14,14,23,False
/mnt/c/Users/0M SAI RAM/Desktop/project/dataset/archive/derm12345_train_part_1/cd/DERM_428955.jpg,cd,14,14,11,False
/mnt/c/Users/0M SAI RAM/Desktop/project/dataset/archive/derm12345_train_part_1/cd/DERM_763064.jpg,cd,14,14,14,True
/mnt/c/Users/0M SAI RAM/Desktop/project/dataset/archive/derm12345_train_part_1/cd/DERM_902738.jpg,cd,14,14,23,False
/mnt/c/Users/0M SAI RAM/Desktop/project/dataset/archive/derm12345_train_part_1/cd/DERM_458889.jpg,cd,14,14,23,False
/mnt/c/Users/0M SAI RAM/Desktop/project/dataset/archive/derm12345_train_part_1/cd/DERM_105811.jpg,cd,14,14,14,True
/mnt/c/Users/0M SAI RAM/Desktop/project/dataset/archive/derm12345_train_part_1/cd/DERM_617916.jpg,cd,14,14,22,False
/mnt/c/Users/0M SAI RAM/Desktop/project/dataset/archive/derm12345_train_part_1/cd/DERM_778894.jpg,cd,14,14,23,False
/mnt/c/Users/0M SAI RAM/Desktop/project/dataset/archive/derm12345_train_part_1/cd/DERM_212612.jpg,cd,14,14,14,True
/mnt/c/Users/0M SAI RAM/Desktop/project/dataset/archive/derm12345_train_part_1/cd/DERM_676190.jpg,cd,14,14,22,False
/mnt/c/Users/0M SAI RAM/Desktop/project/dataset/archive/derm12345_train_part_1/cd/DERM_601455.jpg,cd,14,14,12,False
/mnt/c/Users/0M SAI RAM/Desktop/project/dataset/archive/derm12345_train_part_1/cd/DERM_269979.jpg,cd,14,14,23,False
/mnt/c/Users/0M SAI RAM/Desktop/project/dataset/archive/derm12345_train_part_1/cd/DERM_723054.jpg,cd,14,14,22,False
/mnt/c/Users/0M SAI RAM/Desktop/project/dataset/archive/derm12345_train_part_1/cd/DERM_358023.jpg,cd,14,14,14,True
/mnt/c/Users/0M SAI RAM/Desktop/project/dataset/archive/derm12345_train_part_1/cd/DERM_590919.jpg,cd,14,14,11,False
/mnt/c/Users/0M SAI RAM/Desktop/project/dataset/archive/derm12345_train_part_1/cd/DERM_357616.jpg,cd,14,14,22,False
/mnt/c/Users/0M SAI RAM/Desktop/project/dataset/archive/derm12345_train_part_1/cd/DERM_251941.jpg,cd,14,14,23,False
/mnt/c/Users/0M SAI RAM/Desktop/project/dataset/archive/derm12345_train_part_1/cd/DERM_732289.jpg,cd,14,14,11,False
/mnt/c/Users/0M SAI RAM/Desktop/project/dataset/archive/derm12345_train_part_1/cd/DERM_765739.jpg,cd,14,14,23,False
/mnt/c/Users/0M SAI RAM/Desktop/project/dataset/archive/derm12345_train_part_1/cd/DERM_307448.jpg,cd,14,14,23,False
/mnt/c/Users/0M SAI RAM/Desktop/project/dataset/archive/derm12345_train_part_1/cd/DERM_295426.jpg,cd,14,14,23,False
/mnt/c/Users/0M SAI RAM/Desktop/project/dataset/archive/derm12345_train_part_1/cd/DERM_420346.jpg,cd,14,14,14,True
/mnt/c/Users/0M SAI RAM/Desktop/project/dataset/archive/derm12345_train_part_1/cd/DERM_516849.jpg,cd,14,14,14,True
/mnt/c/Users/0M SAI RAM/Desktop/project/dataset/archive/derm12345_train_part_1/cd/DERM_922027.jpg,cd,14,14,14,True
/mnt/c/Users/0M SAI RAM/Desktop/project/dataset/archive/derm12345_train_part_1/cd/DERM_643467.jpg,cd,14,14,22,False
/mnt/c/Users/0M SAI RAM/Desktop/project/dataset/archive/derm12345_train_part_1/cd/DERM_560967.jpg,cd,14,14,14,True
/mnt/c/Users/0M SAI RAM/Desktop/project/dataset/archive/derm12345_train_part_1/cd/DERM_379996.jpg,cd,14,14,23,False
/mnt/c/Users/0M SAI RAM/Desktop/project/dataset/archive/derm12345_train_part_1/cd/DERM_525095.jpg,cd,14,14,23,False
/mnt/c/Users/0M SAI RAM/Desktop/project/dataset/archive/derm12345_train_part_1/cd/DERM_663703.jpg,cd,14,14,37,False
/mnt/c/Users/0M SAI RAM/Desktop/project/dataset/archive/derm12345_train_part_1/cd/DERM_748102.jpg,cd,14,14,12,False
/mnt/c/Users/0M SAI RAM/Desktop/project/dataset/archive/derm12345_train_part_1/cd/DERM_257439.jpg,cd,14,14,14,True
/mnt/c/Users/0M SAI RAM/Desktop/project/dataset/archive/derm12345_train_part_1/cd/DERM_300369.jpg,cd,14,14,37,False
/mnt/c/Users/0M SAI RAM/Desktop/project/dataset/archive/derm12345_train_part_1/cd/DERM_239437.jpg,cd,14,14,23,False
/mnt/c/Users/0M SAI RAM/Desktop/project/dataset/archive/derm12345_train_part_1/cd/DERM_627273.jpg,cd,14,14,14,True
/mnt/c/Users/0M SAI RAM/Desktop/project/dataset/archive/derm12345_train_part_1/cd/DERM_754461.jpg,cd,14,14,11,False
/mnt/c/Users/0M SAI RAM/Desktop/project/dataset/archive/derm12345_train_part_1/ch/DERM_597718.jpg,ch,15,15,15,True
/mnt/c/Users/0M SAI RAM/Desktop/project/dataset/archive/derm12345_train_part_1/ch/DERM_926659.jpg,ch,15,15,17,False
/mnt/c/Users/0M SAI RAM/Desktop/project/dataset/archive/derm12345_train_part_1/ch/DERM_134081.jpg,ch,15,15,15,True
/mnt/c/Users/0M SAI RAM/Desktop/project/dataset/archive/derm12345_train_part_1/cjb/DERM_407526.jpg,cjb,16,16,16,True
/mnt/c/Users/0M SAI RAM/Desktop/project/dataset/archive/derm12345_train_part_1/cjb/DERM_534277.jpg,cjb,16,16,16,True
/mnt/c/Users/0M SAI RAM/Desktop/project/dataset/archive/derm12345_train_part_1/cjb/DERM_222244.jpg,cjb,16,16,12,False
/mnt/c/Users/0M SAI RAM/Desktop/project/dataset/archive/derm12345_train_part_1/cjb/DERM_465947.jpg,cjb,16,16,23,False
/mnt/c/Users/0M SAI RAM/Desktop/project/dataset/archive/derm12345_train_part_1/cjb/DERM_279608.jpg,cjb,16,16,12,False
/mnt/c/Users/0M SAI RAM/Desktop/project/dataset/archive/derm12345_train_part_1/cjb/DERM_623214.jpg,cjb,16,16,16,True
/mnt/c/Users/0M SAI RAM/Desktop/project/dataset/archive/derm12345_train_part_1/cjb/DERM_474908.jpg,cjb,16,16,23,False
/mnt/c/Users/0M SAI RAM/Desktop/project/dataset/archive/derm12345_train_part_1/cjb/DERM_175594.jpg,cjb,16,16,8,False
/mnt/c/Users/0M SAI RAM/Desktop/project/dataset/archive/derm12345_train_part_1/cjb/DERM_153637.jpg,cjb,16,16,16,True
/mnt/c/Users/0M SAI RAM/Desktop/project/dataset/archive/derm12345_train_part_1/cjb/DERM_819002.jpg,cjb,16,16,16,True
/mnt/c/Users/0M SAI RAM/Desktop/project/dataset/archive/derm12345_train_part_1/cjb/DERM_489945.jpg,cjb,16,16,23,False
/mnt/c/Users/0M SAI RAM/Desktop/project/dataset/archive/derm12345_train_part_1/cjb/DERM_150619.jpg,cjb,16,16,16,True
/mnt/c/Users/0M SAI RAM/Desktop/project/dataset/archive/derm12345_train_part_1/cjb/DERM_771740.jpg,cjb,16,16,12,False
/mnt/c/Users/0M SAI RAM/Desktop/project/dataset/archive/derm12345_train_part_1/cjb/DERM_576406.jpg,cjb,16,16,18,False
/mnt/c/Users/0M SAI RAM/Desktop/project/dataset/archive/derm12345_train_part_1/cjb/DERM_605597.jpg,cjb,16,16,22,False
/mnt/c/Users/0M SAI RAM/Desktop/project/dataset/archive/derm12345_train_part_1/cjb/DERM_480421.jpg,cjb,16,16,16,True
/mnt/c/Users/0M SAI RAM/Desktop/project/dataset/archive/derm12345_train_part_1/cjb/DERM_376177.jpg,cjb,16,16,23,False
/mnt/c/Users/0M SAI RAM/Desktop/project/dataset/archive/derm12345_train_part_1/cjb/DERM_597944.jpg,cjb,16,16,12,False
/mnt/c/Users/0M SAI RAM/Desktop/project/dataset/archive/derm12345_train_part_1/cjb/DERM_673090.jpg,cjb,16,16,23,False
/mnt/c/Users/0M SAI RAM/Desktop/project/dataset/archive/derm12345_train_part_1/cjb/DERM_694019.jpg,cjb,16,16,23,False
/mnt/c/Users/0M SAI RAM/Desktop/project/dataset/archive/derm12345_train_part_1/cjb/DERM_245317.jpg,cjb,16,16,12,False
/mnt/c/Users/0M SAI RAM/Desktop/project/dataset/archive/derm12345_train_part_1/cjb/DERM_943497.jpg,cjb,16,16,11,False
/mnt/c/Users/0M SAI RAM/Desktop/project/dataset/archive/derm12345_train_part_1/cjb/DERM_961943.jpg,cjb,16,16,37,False
/mnt/c/Users/0M SAI RAM/Desktop/project/dataset/archive/derm12345_train_part_1/cjb/DERM_980210.jpg,cjb,16,16,23,False
/mnt/c/Users/0M SAI RAM/Desktop/project/dataset/archive/derm12345_train_part_1/cjb/DERM_455394.jpg,cjb,16,16,8,False
/mnt/c/Users/0M SAI RAM/Desktop/project/dataset/archive/derm12345_train_part_1/cjb/DERM_160612.jpg,cjb,16,16,12,False
/mnt/c/Users/0M SAI RAM/Desktop/project/dataset/archive/derm12345_train_part_1/cjb/DERM_265310.jpg,cjb,16,16,12,False
/mnt/c/Users/0M SAI RAM/Desktop/project/dataset/archive/derm12345_train_part_1/cjb/DERM_109436.jpg,cjb,16,16,11,False
/mnt/c/Users/0M SAI RAM/Desktop/project/dataset/archive/derm12345_train_part_1/cjb/DERM_119137.jpg,cjb,16,16,16,True
/mnt/c/Users/0M SAI RAM/Desktop/project/dataset/archive/derm12345_train_part_1/cjb/DERM_126924.jpg,cjb,16,16,12,False
/mnt/c/Users/0M SAI RAM/Desktop/project/dataset/archive/derm12345_train_part_1/cjb/DERM_167989.jpg,cjb,16,16,16,True
/mnt/c/Users/0M SAI RAM/Desktop/project/dataset/archive/derm12345_train_part_1/cjb/DERM_174671.jpg,cjb,16,16,16,True
/mnt/c/Users/0M SAI RAM/Desktop/project/dataset/archive/derm12345_train_part_1/cjb/DERM_274020.jpg,cjb,16,16,16,True
/mnt/c/Users/0M SAI RAM/Desktop/project/dataset/archive/derm12345_train_part_1/cjb/DERM_550593.jpg,cjb,16,16,16,True
/mnt/c/Users/0M SAI RAM/Desktop/project/dataset/archive/derm12345_train_part_1/cjb/DERM_579221.jpg,cjb,16,16,37,False
/mnt/c/Users/0M SAI RAM/Desktop/project/dataset/archive/derm12345_train_part_1/cjb/DERM_659325.jpg,cjb,16,16,16,True
/mnt/c/Users/0M SAI RAM/Desktop/project/dataset/archive/derm12345_train_part_1/cjb/DERM_845976.jpg,cjb,16,16,16,True
/mnt/c/Users/0M SAI RAM/Desktop/project/dataset/archive/derm12345_train_part_1/cjb/DERM_898020.jpg,cjb,16,16,16,True
/mnt/c/Users/0M SAI RAM/Desktop/project/dataset/archive/derm12345_train_part_1/db/DERM_159723.jpg,db,17,17,8,False
/mnt/c/Users/0M SAI RAM/Desktop/project/dataset/archive/derm12345_train_part_1/db/DERM_133457.jpg,db,17,17,17,True
/mnt/c/Users/0M SAI RAM/Desktop/project/dataset/archive/derm12345_train_part_1/db/DERM_890985.jpg,db,17,17,17,True
/mnt/c/Users/0M SAI RAM/Desktop/project/dataset/archive/derm12345_train_part_1/db/DERM_315642.jpg,db,17,17,17,True
/mnt/c/Users/0M SAI RAM/Desktop/project/dataset/archive/derm12345_train_part_1/db/DERM_807140.jpg,db,17,17,17,True
/mnt/c/Users/0M SAI RAM/Desktop/project/dataset/archive/derm12345_train_part_1/db/DERM_117862.jpg,db,17,17,22,False
/mnt/c/Users/0M SAI RAM/Desktop/project/dataset/archive/derm12345_train_part_1/db/DERM_399768.jpg,db,17,17,17,True
/mnt/c/Users/0M SAI RAM/Desktop/project/dataset/archive/derm12345_train_part_1/db/DERM_545437.jpg,db,17,17,17,True
/mnt/c/Users/0M SAI RAM/Desktop/project/dataset/archive/derm12345_train_part_1/db/DERM_905348.jpg,db,17,17,14,False
/mnt/c/Users/0M SAI RAM/Desktop/project/dataset/archive/derm12345_train_part_1/db/DERM_633743.jpg,db,17,17,17,True
/mnt/c/Users/0M SAI RAM/Desktop/project/dataset/archive/derm12345_train_part_1/db/DERM_456538.jpg,db,17,17,11,False
/mnt/c/Users/0M SAI RAM/Desktop/project/dataset/archive/derm12345_train_part_1/db/DERM_645754.jpg,db,17,17,37,False
/mnt/c/Users/0M SAI RAM/Desktop/project/dataset/archive/derm12345_train_part_1/db/DERM_451997.jpg,db,17,17,14,False
/mnt/c/Users/0M SAI RAM/Desktop/project/dataset/archive/derm12345_train_part_1/db/DERM_197360.jpg,db,17,17,38,False
/mnt/c/Users/0M SAI RAM/Desktop/project/dataset/archive/derm12345_train_part_1/db/DERM_829498.jpg,db,17,17,37,False
/mnt/c/Users/0M SAI RAM/Desktop/project/dataset/archive/derm12345_train_part_1/db/DERM_594970.jpg,db,17,17,17,True
/mnt/c/Users/0M SAI RAM/Desktop/project/dataset/archive/derm12345_train_part_1/db/DERM_483027.jpg,db,17,17,22,False
/mnt/c/Users/0M SAI RAM/Desktop/project/dataset/archive/derm12345_train_part_1/db/DERM_915780.jpg,db,17,17,11,False
/mnt/c/Users/0M SAI RAM/Desktop/project/dataset/archive/derm12345_train_part_1/db/DERM_798869.jpg,db,17,17,10,False
/mnt/c/Users/0M SAI RAM/Desktop/project/dataset/archive/derm12345_train_part_1/db/DERM_174321.jpg,db,17,17,37,False
/mnt/c/Users/0M SAI RAM/Desktop/project/dataset/archive/derm12345_train_part_1/db/DERM_441243.jpg,db,17,17,17,True
/mnt/c/Users/0M SAI RAM/Desktop/project/dataset/archive/derm12345_train_part_1/db/DERM_363276.jpg,db,17,17,17,True
/mnt/c/Users/0M SAI RAM/Desktop/project/dataset/archive/derm12345_train_part_1/db/DERM_525918.jpg,db,17,17,17,True
/mnt/c/Users/0M SAI RAM/Desktop/project/dataset/archive/derm12345_train_part_1/db/DERM_492270.jpg,db,17,17,37,False
/mnt/c/Users/0M SAI RAM/Desktop/project/dataset/archive/derm12345_train_part_1/db/DERM_929963.jpg,db,17,17,17,True
/mnt/c/Users/0M SAI RAM/Desktop/project/dataset/archive/derm12345_train_part_1/db/DERM_578030.jpg,db,17,17,37,False
/mnt/c/Users/0M SAI RAM/Desktop/project/dataset/archive/derm12345_train_part_1/db/DERM_467672.jpg,db,17,17,17,True
/mnt/c/Users/0M SAI RAM/Desktop/project/dataset/archive/derm12345_train_part_1/db/DERM_504915.jpg,db,17,17,17,True
/mnt/c/Users/0M SAI RAM/Desktop/project/dataset/archive/derm12345_train_part_1/db/DERM_334483.jpg,db,17,17,37,False
/mnt/c/Users/0M SAI RAM/Desktop/project/dataset/archive/derm12345_train_part_1/db/DERM_764001.jpg,db,17,17,17,True
/mnt/c/Users/0M SAI RAM/Desktop/project/dataset/archive/derm12345_train_part_1/db/DERM_385757.jpg,db,17,17,17,True
/mnt/c/Users/0M SAI RAM/Desktop/project/dataset/archive/derm12345_train_part_1/db/DERM_650900.jpg,db,17,17,23,False
/mnt/c/Users/0M SAI RAM/Desktop/project/dataset/archive/derm12345_train_part_1/db/DERM_726443.jpg,db,17,17,17,True
/mnt/c/Users/0M SAI RAM/Desktop/project/dataset/archive/derm12345_train_part_1/db/DERM_578670.jpg,db,17,17,17,True
/mnt/c/Users/0M SAI RAM/Desktop/project/dataset/archive/derm12345_train_part_1/db/DERM_694026.jpg,db,17,17,11,False
/mnt/c/Users/0M SAI RAM/Desktop/project/dataset/archive/derm12345_train_part_1/db/DERM_141084.jpg,db,17,17,2,False
/mnt/c/Users/0M SAI RAM/Desktop/project/dataset/archive/derm12345_train_part_1/db/DERM_968413.jpg,db,17,17,37,False
/mnt/c/Users/0M SAI RAM/Desktop/project/dataset/archive/derm12345_train_part_1/db/DERM_586911.jpg,db,17,17,17,True
/mnt/c/Users/0M SAI RAM/Desktop/project/dataset/archive/derm12345_train_part_1/db/DERM_489691.jpg,db,17,17,17,True
/mnt/c/Users/0M SAI RAM/Desktop/project/dataset/archive/derm12345_train_part_1/db/DERM_210901.jpg,db,17,17,17,True
/mnt/c/Users/0M SAI RAM/Desktop/project/dataset/archive/derm12345_train_part_1/db/DERM_826935.jpg,db,17,17,17,True
/mnt/c/Users/0M SAI RAM/Desktop/project/dataset/archive/derm12345_train_part_1/db/DERM_285507.jpg,db,17,17,37,False
/mnt/c/Users/0M SAI RAM/Desktop/project/dataset/archive/derm12345_train_part_1/db/DERM_567515.jpg,db,17,17,17,True
/mnt/c/Users/0M SAI RAM/Desktop/project/dataset/archive/derm12345_train_part_1/db/DERM_177728.jpg,db,17,17,37,False
/mnt/c/Users/0M SAI RAM/Desktop/project/dataset/archive/derm12345_train_part_1/db/DERM_916037.jpg,db,17,17,11,False
/mnt/c/Users/0M SAI RAM/Desktop/project/dataset/archive/derm12345_train_part_1/db/DERM_782266.jpg,db,17,17,17,True
/mnt/c/Users/0M SAI RAM/Desktop/project/dataset/archive/derm12345_train_part_1/db/DERM_374494.jpg,db,17,17,31,False
/mnt/c/Users/0M SAI RAM/Desktop/project/dataset/archive/derm12345_train_part_1/db/DERM_448859.jpg,db,17,17,17,True
/mnt/c/Users/0M SAI RAM/Desktop/project/dataset/archive/derm12345_train_part_1/db/DERM_469573.jpg,db,17,17,17,True
/mnt/c/Users/0M SAI RAM/Desktop/project/dataset/archive/derm12345_train_part_1/db/DERM_523266.jpg,db,17,17,11,False
/mnt/c/Users/0M SAI RAM/Desktop/project/dataset/archive/derm12345_train_part_1/db/DERM_790226.jpg,db,17,17,17,True
/mnt/c/Users/0M SAI RAM/Desktop/project/dataset/archive/derm12345_train_part_1/db/DERM_558648.jpg,db,17,17,22,False
/mnt/c/Users/0M SAI RAM/Desktop/project/dataset/archive/derm12345_train_part_1/db/DERM_762429.jpg,db,17,17,11,False
/mnt/c/Users/0M SAI RAM/Desktop/project/dataset/archive/derm12345_train_part_1/db/DERM_526388.jpg,db,17,17,10,False
/mnt/c/Users/0M SAI RAM/Desktop/project/dataset/archive/derm12345_train_part_1/db/DERM_616710.jpg,db,17,17,17,True
/mnt/c/Users/0M SAI RAM/Desktop/project/dataset/archive/derm12345_train_part_1/db/DERM_571428.jpg,db,17,17,37,False
/mnt/c/Users/0M SAI RAM/Desktop/project/dataset/archive/derm12345_train_part_1/db/DERM_549762.jpg,db,17,17,17,True
/mnt/c/Users/0M SAI RAM/Desktop/project/dataset/archive/derm12345_train_part_1/db/DERM_968493.jpg,db,17,17,17,True
/mnt/c/Users/0M SAI RAM/Desktop/project/dataset/archive/derm12345_train_part_1/db/DERM_892182.jpg,db,17,17,17,True
/mnt/c/Users/0M SAI RAM/Desktop/project/dataset/archive/derm12345_train_part_1/db/DERM_507824.jpg,db,17,17,23,False
/mnt/c/Users/0M SAI RAM/Desktop/project/dataset/archive/derm12345_train_part_1/db/DERM_677380.jpg,db,17,17,11,False
/mnt/c/Users/0M SAI RAM/Desktop/project/dataset/archive/derm12345_train_part_1/db/DERM_636672.jpg,db,17,17,11,False
/mnt/c/Users/0M SAI RAM/Desktop/project/dataset/archive/derm12345_train_part_1/db/DERM_646186.jpg,db,17,17,17,True
/mnt/c/Users/0M SAI RAM/Desktop/project/dataset/archive/derm12345_train_part_1/db/DERM_194828.jpg,db,17,17,23,False
/mnt/c/Users/0M SAI RAM/Desktop/project/dataset/archive/derm12345_train_part_1/db/DERM_985121.jpg,db,17,17,23,False
/mnt/c/Users/0M SAI RAM/Desktop/project/dataset/archive/derm12345_train_part_1/db/DERM_236397.jpg,db,17,17,17,True
/mnt/c/Users/0M SAI RAM/Desktop/project/dataset/archive/derm12345_train_part_1/db/DERM_508927.jpg,db,17,17,17,True
/mnt/c/Users/0M SAI RAM/Desktop/project/dataset/archive/derm12345_train_part_1/db/DERM_816716.jpg,db,17,17,23,False
/mnt/c/Users/0M SAI RAM/Desktop/project/dataset/archive/derm12345_train_part_1/db/DERM_725021.jpg,db,17,17,17,True
/mnt/c/Users/0M SAI RAM/Desktop/project/dataset/archive/derm12345_train_part_1/db/DERM_849401.jpg,db,17,17,17,True
/mnt/c/Users/0M SAI RAM/Desktop/project/dataset/archive/derm12345_train_part_1/db/DERM_505098.jpg,db,17,17,17,True
/mnt/c/Users/0M SAI RAM/Desktop/project/dataset/archive/derm12345_train_part_1/db/DERM_700684.jpg,db,17,17,17,True
/mnt/c/Users/0M SAI RAM/Desktop/project/dataset/archive/derm12345_train_part_1/db/DERM_818919.jpg,db,17,17,14,False
/mnt/c/Users/0M SAI RAM/Desktop/project/dataset/archive/derm12345_train_part_1/db/DERM_626964.jpg,db,17,17,37,False
/mnt/c/Users/0M SAI RAM/Desktop/project/dataset/archive/derm12345_train_part_1/db/DERM_719645.jpg,db,17,17,17,True
/mnt/c/Users/0M SAI RAM/Desktop/project/dataset/archive/derm12345_train_part_1/db/DERM_523765.jpg,db,17,17,17,True
/mnt/c/Users/0M SAI RAM/Desktop/project/dataset/archive/derm12345_train_part_1/db/DERM_852582.jpg,db,17,17,17,True
/mnt/c/Users/0M SAI RAM/Desktop/project/dataset/archive/derm12345_train_part_1/db/DERM_492756.jpg,db,17,17,10,False
/mnt/c/Users/0M SAI RAM/Desktop/project/dataset/archive/derm12345_train_part_1/db/DERM_908778.jpg,db,17,17,11,False
/mnt/c/Users/0M SAI RAM/Desktop/project/dataset/archive/derm12345_train_part_1/db/DERM_695055.jpg,db,17,17,5,False
/mnt/c/Users/0M SAI RAM/Desktop/project/dataset/archive/derm12345_train_part_1/db/DERM_244141.jpg,db,17,17,17,True
/mnt/c/Users/0M SAI RAM/Desktop/project/dataset/archive/derm12345_train_part_1/db/DERM_489242.jpg,db,17,17,17,True
/mnt/c/Users/0M SAI RAM/Desktop/project/dataset/archive/derm12345_train_part_1/db/DERM_717610.jpg,db,17,17,37,False
/mnt/c/Users/0M SAI RAM/Desktop/project/dataset/archive/derm12345_train_part_1/db/DERM_314009.jpg,db,17,17,37,False
/mnt/c/Users/0M SAI RAM/Desktop/project/dataset/archive/derm12345_train_part_1/db/DERM_942361.jpg,db,17,17,17,True
/mnt/c/Users/0M SAI RAM/Desktop/project/dataset/archive/derm12345_train_part_1/db/DERM_252298.jpg,db,17,17,17,True
/mnt/c/Users/0M SAI RAM/Desktop/project/dataset/archive/derm12345_train_part_1/db/DERM_113963.jpg,db,17,17,17,True
/mnt/c/Users/0M SAI RAM/Desktop/project/dataset/archive/derm12345_train_part_1/db/DERM_735621.jpg,db,17,17,23,False
/mnt/c/Users/0M SAI RAM/Desktop/project/dataset/archive/derm12345_train_part_1/db/DERM_155863.jpg,db,17,17,17,True
/mnt/c/Users/0M SAI RAM/Desktop/project/dataset/archive/derm12345_train_part_1/db/DERM_467049.jpg,db,17,17,11,False
/mnt/c/Users/0M SAI RAM/Desktop/project/dataset/archive/derm12345_train_part_1/db/DERM_727654.jpg,db,17,17,17,True
/mnt/c/Users/0M SAI RAM/Desktop/project/dataset/archive/derm12345_train_part_1/db/DERM_216207.jpg,db,17,17,17,True
/mnt/c/Users/0M SAI RAM/Desktop/project/dataset/archive/derm12345_train_part_1/db/DERM_883657.jpg,db,17,17,11,False
/mnt/c/Users/0M SAI RAM/Desktop/project/dataset/archive/derm12345_train_part_1/db/DERM_321674.jpg,db,17,17,17,True
/mnt/c/Users/0M SAI RAM/Desktop/project/dataset/archive/derm12345_train_part_1/db/DERM_219814.jpg,db,17,17,17,True
/mnt/c/Users/0M SAI RAM/Desktop/project/dataset/archive/derm12345_train_part_1/db/DERM_221435.jpg,db,17,17,11,False
/mnt/c/Users/0M SAI RAM/Desktop/project/dataset/archive/derm12345_train_part_1/db/DERM_866544.jpg,db,17,17,17,True
/mnt/c/Users/0M SAI RAM/Desktop/project/dataset/archive/derm12345_train_part_1/db/DERM_288227.jpg,db,17,17,11,False
/mnt/c/Users/0M SAI RAM/Desktop/project/dataset/archive/derm12345_train_part_1/db/DERM_712087.jpg,db,17,17,17,True
/mnt/c/Users/0M SAI RAM/Desktop/project/dataset/archive/derm12345_train_part_1/db/DERM_259509.jpg,db,17,17,22,False
/mnt/c/Users/0M SAI RAM/Desktop/project/dataset/archive/derm12345_train_part_1/db/DERM_850873.jpg,db,17,17,11,False
/mnt/c/Users/0M SAI RAM/Desktop/project/dataset/archive/derm12345_train_part_1/db/DERM_991744.jpg,db,17,17,22,False
/mnt/c/Users/0M SAI RAM/Desktop/project/dataset/archive/derm12345_train_part_1/db/DERM_248732.jpg,db,17,17,11,False
/mnt/c/Users/0M SAI RAM/Desktop/project/dataset/archive/derm12345_train_part_1/db/DERM_969192.jpg,db,17,17,11,False
/mnt/c/Users/0M SAI RAM/Desktop/project/dataset/archive/derm12345_train_part_1/db/DERM_624970.jpg,db,17,17,30,False
/mnt/c/Users/0M SAI RAM/Desktop/project/dataset/archive/derm12345_train_part_1/db/DERM_538820.jpg,db,17,17,17,True
/mnt/c/Users/0M SAI RAM/Desktop/project/dataset/archive/derm12345_train_part_1/db/DERM_799566.jpg,db,17,17,10,False
/mnt/c/Users/0M SAI RAM/Desktop/project/dataset/archive/derm12345_train_part_1/db/DERM_759065.jpg,db,17,17,17,True
/mnt/c/Users/0M SAI RAM/Desktop/project/dataset/archive/derm12345_train_part_1/db/DERM_463017.jpg,db,17,17,17,True
/mnt/c/Users/0M SAI RAM/Desktop/project/dataset/archive/derm12345_train_part_1/db/DERM_603663.jpg,db,17,17,23,False
/mnt/c/Users/0M SAI RAM/Desktop/project/dataset/archive/derm12345_train_part_1/db/DERM_850523.jpg,db,17,17,37,False
/mnt/c/Users/0M SAI RAM/Desktop/project/dataset/archive/derm12345_train_part_1/db/DERM_696742.jpg,db,17,17,17,True
/mnt/c/Users/0M SAI RAM/Desktop/project/dataset/archive/derm12345_train_part_1/db/DERM_556867.jpg,db,17,17,17,True
/mnt/c/Users/0M SAI RAM/Desktop/project/dataset/archive/derm12345_train_part_1/db/DERM_110522.jpg,db,17,17,11,False
/mnt/c/Users/0M SAI RAM/Desktop/project/dataset/archive/derm12345_train_part_1/db/DERM_548385.jpg,db,17,17,11,False
/mnt/c/Users/0M SAI RAM/Desktop/project/dataset/archive/derm12345_train_part_1/db/DERM_180281.jpg,db,17,17,11,False
/mnt/c/Users/0M SAI RAM/Desktop/project/dataset/archive/derm12345_train_part_1/db/DERM_571171.jpg,db,17,17,12,False
/mnt/c/Users/0M SAI RAM/Desktop/project/dataset/archive/derm12345_train_part_1/db/DERM_829148.jpg,db,17,17,17,True
/mnt/c/Users/0M SAI RAM/Desktop/project/dataset/archive/derm12345_train_part_1/db/DERM_812643.jpg,db,17,17,37,False
/mnt/c/Users/0M SAI RAM/Desktop/project/dataset/archive/derm12345_train_part_1/db/DERM_125555.jpg,db,17,17,37,False
/mnt/c/Users/0M SAI RAM/Desktop/project/dataset/archive/derm12345_train_part_1/db/DERM_820379.jpg,db,17,17,11,False
/mnt/c/Users/0M SAI RAM/Desktop/project/dataset/archive/derm12345_train_part_1/db/DERM_965926.jpg,db,17,17,11,False
/mnt/c/Users/0M SAI RAM/Desktop/project/dataset/archive/derm12345_train_part_1/db/DERM_688520.jpg,db,17,17,17,True
/mnt/c/Users/0M SAI RAM/Desktop/project/dataset/archive/derm12345_train_part_1/db/DERM_486475.jpg,db,17,17,11,False
/mnt/c/Users/0M SAI RAM/Desktop/project/dataset/archive/derm12345_train_part_1/db/DERM_785060.jpg,db,17,17,37,False
/mnt/c/Users/0M SAI RAM/Desktop/project/dataset/archive/derm12345_train_part_1/db/DERM_446673.jpg,db,17,17,17,True
/mnt/c/Users/0M SAI RAM/Desktop/project/dataset/archive/derm12345_train_part_1/db/DERM_660354.jpg,db,17,17,17,True
/mnt/c/Users/0M SAI RAM/Desktop/project/dataset/archive/derm12345_train_part_1/db/DERM_774823.jpg,db,17,17,37,False
/mnt/c/Users/0M SAI RAM/Desktop/project/dataset/archive/derm12345_train_part_1/db/DERM_756874.jpg,db,17,17,37,False
/mnt/c/Users/0M SAI RAM/Desktop/project/dataset/archive/derm12345_train_part_1/db/DERM_637043.jpg,db,17,17,17,True
/mnt/c/Users/0M SAI RAM/Desktop/project/dataset/archive/derm12345_train_part_1/db/DERM_440502.jpg,db,17,17,14,False
/mnt/c/Users/0M SAI RAM/Desktop/project/dataset/archive/derm12345_train_part_1/db/DERM_766034.jpg,db,17,17,20,False
/mnt/c/Users/0M SAI RAM/Desktop/project/dataset/archive/derm12345_train_part_1/db/DERM_228506.jpg,db,17,17,22,False
/mnt/c/Users/0M SAI RAM/Desktop/project/dataset/archive/derm12345_train_part_1/db/DERM_844807.jpg,db,17,17,11,False
/mnt/c/Users/0M SAI RAM/Desktop/project/dataset/archive/derm12345_train_part_1/db/DERM_230772.jpg,db,17,17,14,False
/mnt/c/Users/0M SAI RAM/Desktop/project/dataset/archive/derm12345_train_part_1/db/DERM_791422.jpg,db,17,17,17,True
/mnt/c/Users/0M SAI RAM/Desktop/project/dataset/archive/derm12345_train_part_1/db/DERM_919416.jpg,db,17,17,37,False
/mnt/c/Users/0M SAI RAM/Desktop/project/dataset/archive/derm12345_train_part_1/db/DERM_300809.jpg,db,17,17,17,True
/mnt/c/Users/0M SAI RAM/Desktop/project/dataset/archive/derm12345_train_part_1/db/DERM_867413.jpg,db,17,17,17,True
/mnt/c/Users/0M SAI RAM/Desktop/project/dataset/archive/derm12345_train_part_1/db/DERM_285086.jpg,db,17,17,37,False
/mnt/c/Users/0M SAI RAM/Desktop/project/dataset/archive/derm12345_train_part_1/db/DERM_477888.jpg,db,17,17,17,True
/mnt/c/Users/0M SAI RAM/Desktop/project/dataset/archive/derm12345_train_part_1/db/DERM_624904.jpg,db,17,17,17,True
/mnt/c/Users/0M SAI RAM/Desktop/project/dataset/archive/derm12345_train_part_1/db/DERM_252824.jpg,db,17,17,17,True
/mnt/c/Users/0M SAI RAM/Desktop/project/dataset/archive/derm12345_train_part_1/db/DERM_277330.jpg,db,17,17,11,False
/mnt/c/Users/0M SAI RAM/Desktop/project/dataset/archive/derm12345_train_part_1/db/DERM_772679.jpg,db,17,17,17,True
/mnt/c/Users/0M SAI RAM/Desktop/project/dataset/archive/derm12345_train_part_1/db/DERM_331735.jpg,db,17,17,8,False
/mnt/c/Users/0M SAI RAM/Desktop/project/dataset/archive/derm12345_train_part_1/db/DERM_355234.jpg,db,17,17,17,True
/mnt/c/Users/0M SAI RAM/Desktop/project/dataset/archive/derm12345_train_part_1/db/DERM_320843.jpg,db,17,17,37,False
/mnt/c/Users/0M SAI RAM/Desktop/project/dataset/archive/derm12345_train_part_1/db/DERM_809817.jpg,db,17,17,11,False
/mnt/c/Users/0M SAI RAM/Desktop/project/dataset/archive/derm12345_train_part_1/df/DERM_448324.jpg,df,18,18,22,False
/mnt/c/Users/0M SAI RAM/Desktop/project/dataset/archive/derm12345_train_part_1/df/DERM_752389.jpg,df,18,18,18,True
/mnt/c/Users/0M SAI RAM/Desktop/project/dataset/archive/derm12345_train_part_1/df/DERM_650966.jpg,df,18,18,18,True
/mnt/c/Users/0M SAI RAM/Desktop/project/dataset/archive/derm12345_train_part_1/df/DERM_223746.jpg,df,18,18,23,False
/mnt/c/Users/0M SAI RAM/Desktop/project/dataset/archive/derm12345_train_part_1/df/DERM_566828.jpg,df,18,18,18,True
/mnt/c/Users/0M SAI RAM/Desktop/project/dataset/archive/derm12345_train_part_1/df/DERM_602787.jpg,df,18,18,18,True
/mnt/c/Users/0M SAI RAM/Desktop/project/dataset/archive/derm12345_train_part_1/df/DERM_171700.jpg,df,18,18,12,False
/mnt/c/Users/0M SAI RAM/Desktop/project/dataset/archive/derm12345_train_part_1/df/DERM_461481.jpg,df,18,18,18,True
/mnt/c/Users/0M SAI RAM/Desktop/project/dataset/archive/derm12345_train_part_1/df/DERM_142775.jpg,df,18,18,18,True
/mnt/c/Users/0M SAI RAM/Desktop/project/dataset/archive/derm12345_train_part_1/df/DERM_454889.jpg,df,18,18,23,False
/mnt/c/Users/0M SAI RAM/Desktop/project/dataset/archive/derm12345_train_part_1/df/DERM_256864.jpg,df,18,18,18,True
/mnt/c/Users/0M SAI RAM/Desktop/project/dataset/archive/derm12345_train_part_1/df/DERM_287140.jpg,df,18,18,18,True
/mnt/c/Users/0M SAI RAM/Desktop/project/dataset/archive/derm12345_train_part_1/df/DERM_873468.jpg,df,18,18,17,False
/mnt/c/Users/0M SAI RAM/Desktop/project/dataset/archive/derm12345_train_part_1/df/DERM_472610.jpg,df,18,18,18,True
/mnt/c/Users/0M SAI RAM/Desktop/project/dataset/archive/derm12345_train_part_1/df/DERM_333686.jpg,df,18,18,18,True
/mnt/c/Users/0M SAI RAM/Desktop/project/dataset/archive/derm12345_train_part_1/df/DERM_162783.jpg,df,18,18,18,True
/mnt/c/Users/0M SAI RAM/Desktop/project/dataset/archive/derm12345_train_part_1/df/DERM_108308.jpg,df,18,18,22,False
/mnt/c/Users/0M SAI RAM/Desktop/project/dataset/archive/derm12345_train_part_1/df/DERM_774525.jpg,df,18,18,22,False
/mnt/c/Users/0M SAI RAM/Desktop/project/dataset/archive/derm12345_train_part_1/df/DERM_330342.jpg,df,18,18,10,False
/mnt/c/Users/0M SAI RAM/Desktop/project/dataset/archive/derm12345_train_part_1/df/DERM_894016.jpg,df,18,18,23,False
/mnt/c/Users/0M SAI RAM/Desktop/project/dataset/archive/derm12345_train_part_1/df/DERM_684983.jpg,df,18,18,18,True
/mnt/c/Users/0M SAI RAM/Desktop/project/dataset/archive/derm12345_train_part_1/df/DERM_180582.jpg,df,18,18,23,False
/mnt/c/Users/0M SAI RAM/Desktop/project/dataset/archive/derm12345_train_part_1/df/DERM_953075.jpg,df,18,18,14,False
/mnt/c/Users/0M SAI RAM/Desktop/project/dataset/archive/derm12345_train_part_1/df/DERM_195067.jpg,df,18,18,23,False
/mnt/c/Users/0M SAI RAM/Desktop/project/dataset/archive/derm12345_train_part_1/df/DERM_938500.jpg,df,18,18,18,True
/mnt/c/Users/0M SAI RAM/Desktop/project/dataset/archive/derm12345_train_part_1/df/DERM_467431.jpg,df,18,18,18,True
/mnt/c/Users/0M SAI RAM/Desktop/project/dataset/archive/derm12345_train_part_1/df/DERM_331179.jpg,df,18,18,17,False
/mnt/c/Users/0M SAI RAM/Desktop/project/dataset/archive/derm12345_train_part_1/df/DERM_978445.jpg,df,18,18,23,False
/mnt/c/Users/0M SAI RAM/Desktop/project/dataset/archive/derm12345_train_part_1/df/DERM_428558.jpg,df,18,18,18,True
/mnt/c/Users/0M SAI RAM/Desktop/project/dataset/archive/derm12345_train_part_1/df/DERM_616002.jpg,df,18,18,18,True
/mnt/c/Users/0M SAI RAM/Desktop/project/dataset/archive/derm12345_train_part_1/df/DERM_405071.jpg,df,18,18,22,False
/mnt/c/Users/0M SAI RAM/Desktop/project/dataset/archive/derm12345_train_part_1/df/DERM_726174.jpg,df,18,18,18,True
/mnt/c/Users/0M SAI RAM/Desktop/project/dataset/archive/derm12345_train_part_1/df/DERM_948356.jpg,df,18,18,23,False
/mnt/c/Users/0M SAI RAM/Desktop/project/dataset/archive/derm12345_train_part_1/df/DERM_104762.jpg,df,18,18,18,True
/mnt/c/Users/0M SAI RAM/Desktop/project/dataset/archive/derm12345_train_part_1/df/DERM_689446.jpg,df,18,18,23,False
/mnt/c/Users/0M SAI RAM/Desktop/project/dataset/archive/derm12345_train_part_1/df/DERM_977533.jpg,df,18,18,18,True
/mnt/c/Users/0M SAI RAM/Desktop/project/dataset/archive/derm12345_train_part_1/df/DERM_385398.jpg,df,18,18,18,True
/mnt/c/Users/0M SAI RAM/Desktop/project/dataset/archive/derm12345_train_part_1/df/DERM_337189.jpg,df,18,18,18,True
/mnt/c/Users/0M SAI RAM/Desktop/project/dataset/archive/derm12345_train_part_1/df/DERM_938363.jpg,df,18,18,23,False
/mnt/c/Users/0M SAI RAM/Desktop/project/dataset/archive/derm12345_train_part_1/df/DERM_415025.jpg,df,18,18,18,True
/mnt/c/Users/0M SAI RAM/Desktop/project/dataset/archive/derm12345_train_part_1/df/DERM_510886.jpg,df,18,18,18,True
/mnt/c/Users/0M SAI RAM/Desktop/project/dataset/archive/derm12345_train_part_1/df/DERM_866314.jpg,df,18,18,23,False
/mnt/c/Users/0M SAI RAM/Desktop/project/dataset/archive/derm12345_train_part_1/df/DERM_503689.jpg,df,18,18,17,False
/mnt/c/Users/0M SAI RAM/Desktop/project/dataset/archive/derm12345_train_part_1/df/DERM_643357.jpg,df,18,18,17,False
/mnt/c/Users/0M SAI RAM/Desktop/project/dataset/archive/derm12345_train_part_1/df/DERM_672286.jpg,df,18,18,18,True
/mnt/c/Users/0M SAI RAM/Desktop/project/dataset/archive/derm12345_train_part_1/df/DERM_466121.jpg,df,18,18,18,True
/mnt/c/Users/0M SAI RAM/Desktop/project/dataset/archive/derm12345_train_part_1/df/DERM_531389.jpg,df,18,18,17,False
/mnt/c/Users/0M SAI RAM/Desktop/project/dataset/archive/derm12345_train_part_1/df/DERM_981277.jpg,df,18,18,18,True
/mnt/c/Users/0M SAI RAM/Desktop/project/dataset/archive/derm12345_train_part_1/dfsp/DERM_152930.jpg,dfsp,19,19,19,True
/mnt/c/Users/0M SAI RAM/Desktop/project/dataset/archive/derm12345_train_part_1/ha/DERM_224093.jpg,ha,20,20,20,True
/mnt/c/Users/0M SAI RAM/Desktop/project/dataset/archive/derm12345_train_part_1/ha/DERM_596861.jpg,ha,20,20,2,False
/mnt/c/Users/0M SAI RAM/Desktop/project/dataset/archive/derm12345_train_part_1/ha/DERM_935601.jpg,ha,20,20,8,False
/mnt/c/Users/0M SAI RAM/Desktop/project/dataset/archive/derm12345_train_part_1/ha/DERM_692888.jpg,ha,20,20,8,False
/mnt/c/Users/0M SAI RAM/Desktop/project/dataset/archive/derm12345_train_part_1/ha/DERM_164089.jpg,ha,20,20,20,True
/mnt/c/Users/0M SAI RAM/Desktop/project/dataset/archive/derm12345_train_part_1/ha/DERM_598952.jpg,ha,20,20,11,False
/mnt/c/Users/0M SAI RAM/Desktop/project/dataset/archive/derm12345_train_part_1/ha/DERM_614034.jpg,ha,20,20,20,True
/mnt/c/Users/0M SAI RAM/Desktop/project/dataset/archive/derm12345_train_part_1/ha/DERM_978732.jpg,ha,20,20,23,False
/mnt/c/Users/0M SAI RAM/Desktop/project/dataset/archive/derm12345_train_part_1/ha/DERM_409885.jpg,ha,20,20,20,True
/mnt/c/Users/0M SAI RAM/Desktop/project/dataset/archive/derm12345_train_part_1/ha/DERM_886078.jpg,ha,20,20,20,True
/mnt/c/Users/0M SAI RAM/Desktop/project/dataset/archive/derm12345_train_part_1/ha/DERM_883563.jpg,ha,20,20,20,True
/mnt/c/Users/0M SAI RAM/Desktop/project/dataset/archive/derm12345_train_part_1/ha/DERM_892627.jpg,ha,20,20,30,False
/mnt/c/Users/0M SAI RAM/Desktop/project/dataset/archive/derm12345_train_part_1/ha/DERM_474843.jpg,ha,20,20,20,True
/mnt/c/Users/0M SAI RAM/Desktop/project/dataset/archive/derm12345_train_part_1/ha/DERM_849048.jpg,ha,20,20,20,True
/mnt/c/Users/0M SAI RAM/Desktop/project/dataset/archive/derm12345_train_part_1/ha/DERM_576317.jpg,ha,20,20,20,True
/mnt/c/Users/0M SAI RAM/Desktop/project/dataset/archive/derm12345_train_part_1/ha/DERM_148079.jpg,ha,20,20,8,False
/mnt/c/Users/0M SAI RAM/Desktop/project/dataset/archive/derm12345_train_part_1/ha/DERM_998779.jpg,ha,20,20,20,True
/mnt/c/Users/0M SAI RAM/Desktop/project/dataset/archive/derm12345_train_part_1/ha/DERM_467610.jpg,ha,20,20,17,False
/mnt/c/Users/0M SAI RAM/Desktop/project/dataset/archive/derm12345_train_part_1/ha/DERM_844678.jpg,ha,20,20,23,False
/mnt/c/Users/0M SAI RAM/Desktop/project/dataset/archive/derm12345_train_part_1/ha/DERM_494207.jpg,ha,20,20,20,True
/mnt/c/Users/0M SAI RAM/Desktop/project/dataset/archive/derm12345_train_part_1/ha/DERM_447945.jpg,ha,20,20,20,True
/mnt/c/Users/0M SAI RAM/Desktop/project/dataset/archive/derm12345_train_part_1/ha/DERM_161915.jpg,ha,20,20,20,True
/mnt/c/Users/0M SAI RAM/Desktop/project/dataset/archive/derm12345_train_part_1/ha/DERM_833308.jpg,ha,20,20,37,False
/mnt/c/Users/0M SAI RAM/Desktop/project/dataset/archive/derm12345_train_part_1/ha/DERM_772034.jpg,ha,20,20,22,False
/mnt/c/Users/0M SAI RAM/Desktop/project/dataset/archive/derm12345_train_part_1/ha/DERM_132080.jpg,ha,20,20,20,True
/mnt/c/Users/0M SAI RAM/Desktop/project/dataset/archive/derm12345_train_part_1/ha/DERM_574671.jpg,ha,20,20,20,True
/mnt/c/Users/0M SAI RAM/Desktop/project/dataset/archive/derm12345_train_part_1/ha/DERM_722643.jpg,ha,20,20,20,True
/mnt/c/Users/0M SAI RAM/Desktop/project/dataset/archive/derm12345_train_part_1/ha/DERM_386470.jpg,ha,20,20,20,True
/mnt/c/Users/0M SAI RAM/Desktop/project/dataset/archive/derm12345_train_part_1/ha/DERM_814799.jpg,ha,20,20,11,False
/mnt/c/Users/0M SAI RAM/Desktop/project/dataset/archive/derm12345_train_part_1/ha/DERM_603034.jpg,ha,20,20,22,False
/mnt/c/Users/0M SAI RAM/Desktop/project/dataset/archive/derm12345_train_part_1/ha/DERM_566195.jpg,ha,20,20,17,False
/mnt/c/Users/0M SAI RAM/Desktop/project/dataset/archive/derm12345_train_part_1/ha/DERM_825373.jpg,ha,20,20,23,False
/mnt/c/Users/0M SAI RAM/Desktop/project/dataset/archive/derm12345_train_part_1/ha/DERM_242135.jpg,ha,20,20,20,True
/mnt/c/Users/0M SAI RAM/Desktop/project/dataset/archive/derm12345_train_part_1/ha/DERM_415314.jpg,ha,20,20,20,True
/mnt/c/Users/0M SAI RAM/Desktop/project/dataset/archive/derm12345_train_part_1/ha/DERM_724181.jpg,ha,20,20,20,True
/mnt/c/Users/0M SAI RAM/Desktop/project/dataset/archive/derm12345_train_part_1/ha/DERM_466882.jpg,ha,20,20,20,True
/mnt/c/Users/0M SAI RAM/Desktop/project/dataset/archive/derm12345_train_part_1/ha/DERM_758513.jpg,ha,20,20,20,True
/mnt/c/Users/0M SAI RAM/Desktop/project/dataset/archive/derm12345_train_part_1/ha/DERM_879335.jpg,ha,20,20,20,True
/mnt/c/Users/0M SAI RAM/Desktop/project/dataset/archive/derm12345_train_part_1/ha/DERM_129445.jpg,ha,20,20,20,True
/mnt/c/Users/0M SAI RAM/Desktop/project/dataset/archive/derm12345_train_part_1/ha/DERM_219269.jpg,ha,20,20,8,False
/mnt/c/Users/0M SAI RAM/Desktop/project/dataset/archive/derm12345_train_part_1/ha/DERM_229507.jpg,ha,20,20,20,True
/mnt/c/Users/0M SAI RAM/Desktop/project/dataset/archive/derm12345_train_part_1/ha/DERM_702063.jpg,ha,20,20,20,True
/mnt/c/Users/0M SAI RAM/Desktop/project/dataset/archive/derm12345_train_part_1/ha/DERM_384773.jpg,ha,20,20,20,True
/mnt/c/Users/0M SAI RAM/Desktop/project/dataset/archive/derm12345_train_part_1/ha/DERM_183548.jpg,ha,20,20,20,True
/mnt/c/Users/0M SAI RAM/Desktop/project/dataset/archive/derm12345_train_part_1/isl/DERM_621248.jpg,isl,21,21,21,True
/mnt/c/Users/0M SAI RAM/Desktop/project/dataset/archive/derm12345_train_part_1/isl/DERM_909458.jpg,isl,21,21,21,True
/mnt/c/Users/0M SAI RAM/Desktop/project/dataset/archive/derm12345_train_part_1/jb/DERM_914444.jpg,jb,22,22,23,False
/mnt/c/Users/0M SAI RAM/Desktop/project/dataset/archive/derm12345_train_part_1/jb/DERM_464604.jpg,jb,22,22,22,True
/mnt/c/Users/0M SAI RAM/Desktop/project/dataset/archive/derm12345_train_part_1/jb/DERM_794046.jpg,jb,22,22,14,False
/mnt/c/Users/0M SAI RAM/Desktop/project/dataset/archive/derm12345_train_part_1/jb/DERM_101521.jpg,jb,22,22,22,True
/mnt/c/Users/0M SAI RAM/Desktop/project/dataset/archive/derm12345_train_part_1/jb/DERM_235672.jpg,jb,22,22,22,True
/mnt/c/Users/0M SAI RAM/Desktop/project/dataset/archive/derm12345_train_part_1/jb/DERM_249543.jpg,jb,22,22,30,False
/mnt/c/Users/0M SAI RAM/Desktop/project/dataset/archive/derm12345_train_part_1/jb/DERM_710763.jpg,jb,22,22,23,False
/mnt/c/Users/0M SAI RAM/Desktop/project/dataset/archive/derm12345_train_part_1/jb/DERM_393003.jpg,jb,22,22,23,False
/mnt/c/Users/0M SAI RAM/Desktop/project/dataset/archive/derm12345_train_part_1/jb/DERM_642237.jpg,jb,22,22,23,False
/mnt/c/Users/0M SAI RAM/Desktop/project/dataset/archive/derm12345_train_part_1/jb/DERM_513069.jpg,jb,22,22,22,True
/mnt/c/Users/0M SAI RAM/Desktop/project/dataset/archive/derm12345_train_part_1/jb/DERM_534552.jpg,jb,22,22,23,False
/mnt/c/Users/0M SAI RAM/Desktop/project/dataset/archive/derm12345_train_part_1/jb/DERM_948374.jpg,jb,22,22,23,False
/mnt/c/Users/0M SAI RAM/Desktop/project/dataset/archive/derm12345_train_part_1/jb/DERM_572020.jpg,jb,22,22,22,True
/mnt/c/Users/0M SAI RAM/Desktop/project/dataset/archive/derm12345_train_part_1/jb/DERM_679817.jpg,jb,22,22,22,True
/mnt/c/Users/0M SAI RAM/Desktop/project/dataset/archive/derm12345_train_part_1/jb/DERM_790470.jpg,jb,22,22,22,True
/mnt/c/Users/0M SAI RAM/Desktop/project/dataset/archive/derm12345_train_part_1/jb/DERM_588513.jpg,jb,22,22,22,True
/mnt/c/Users/0M SAI RAM/Desktop/project/dataset/archive/derm12345_train_part_1/jb/DERM_380717.jpg,jb,22,22,22,True
/mnt/c/Users/0M SAI RAM/Desktop/project/dataset/archive/derm12345_train_part_1/jb/DERM_671289.jpg,jb,22,22,22,True
/mnt/c/Users/0M SAI RAM/Desktop/project/dataset/archive/derm12345_train_part_1/jb/DERM_779251.jpg,jb,22,22,22,True
/mnt/c/Users/0M SAI RAM/Desktop/project/dataset/archive/derm12345_train_part_1/jb/DERM_644652.jpg,jb,22,22,14,False
/mnt/c/Users/0M SAI RAM/Desktop/project/dataset/archive/derm12345_train_part_1/jb/DERM_585574.jpg,jb,22,22,22,True
/mnt/c/Users/0M SAI RAM/Desktop/project/dataset/archive/derm12345_train_part_1/jb/DERM_570970.jpg,jb,22,22,23,False
/mnt/c/Users/0M SAI RAM/Desktop/project/dataset/archive/derm12345_train_part_1/jb/DERM_159649.jpg,jb,22,22,23,False
/mnt/c/Users/0M SAI RAM/Desktop/project/dataset/archive/derm12345_train_part_1/jb/DERM_802813.jpg,jb,22,22,23,False
/mnt/c/Users/0M SAI RAM/Desktop/project/dataset/archive/derm12345_train_part_1/jb/DERM_395208.jpg,jb,22,22,23,False
/mnt/c/Users/0M SAI RAM/Desktop/project/dataset/archive/derm12345_train_part_1/jb/DERM_437629.jpg,jb,22,22,22,True
/mnt/c/Users/0M SAI RAM/Desktop/project/dataset/archive/derm12345_train_part_1/jb/DERM_530365.jpg,jb,22,22,23,False
/mnt/c/Users/0M SAI RAM/Desktop/project/dataset/archive/derm12345_train_part_1/jb/DERM_840446.jpg,jb,22,22,22,True
/mnt/c/Users/0M SAI RAM/Desktop/project/dataset/archive/derm12345_train_part_1/jb/DERM_301214.jpg,jb,22,22,23,False
/mnt/c/Users/0M SAI RAM/Desktop/project/dataset/archive/derm12345_train_part_1/jb/DERM_413469.jpg,jb,22,22,22,True
/mnt/c/Users/0M SAI RAM/Desktop/project/dataset/archive/derm12345_train_part_1/jb/DERM_688344.jpg,jb,22,22,23,False
/mnt/c/Users/0M SAI RAM/Desktop/project/dataset/archive/derm12345_train_part_1/jb/DERM_450265.jpg,jb,22,22,23,False
/mnt/c/Users/0M SAI RAM/Desktop/project/dataset/archive/derm12345_train_part_1/jb/DERM_332687.jpg,jb,22,22,23,False
/mnt/c/Users/0M SAI RAM/Desktop/project/dataset/archive/derm12345_train_part_1/jb/DERM_471896.jpg,jb,22,22,22,True
/mnt/c/Users/0M SAI RAM/Desktop/project/dataset/archive/derm12345_train_part_1/jb/DERM_238575.jpg,jb,22,22,22,True
/mnt/c/Users/0M SAI RAM/Desktop/project/dataset/archive/derm12345_train_part_1/jb/DERM_353413.jpg,jb,22,22,14,False
/mnt/c/Users/0M SAI RAM/Desktop/project/dataset/archive/derm12345_train_part_1/jb/DERM_605811.jpg,jb,22,22,23,False
/mnt/c/Users/0M SAI RAM/Desktop/project/dataset/archive/derm12345_train_part_1/jb/DERM_926094.jpg,jb,22,22,11,False
/mnt/c/Users/0M SAI RAM/Desktop/project/dataset/archive/derm12345_train_part_1/jb/DERM_709845.jpg,jb,22,22,12,False
/mnt/c/Users/0M SAI RAM/Desktop/project/dataset/archive/derm12345_train_part_1/jb/DERM_512583.jpg,jb,22,22,23,False
/mnt/c/Users/0M SAI RAM/Desktop/project/dataset/archive/derm12345_train_part_1/jb/DERM_831489.jpg,jb,22,22,23,False
/mnt/c/Users/0M SAI RAM/Desktop/project/dataset/archive/derm12345_train_part_1/jb/DERM_257696.jpg,jb,22,22,22,True
/mnt/c/Users/0M SAI RAM/Desktop/project/dataset/archive/derm12345_train_part_1/jb/DERM_283023.jpg,jb,22,22,22,True
/mnt/c/Users/0M SAI RAM/Desktop/project/dataset/archive/derm12345_train_part_1/jb/DERM_633744.jpg,jb,22,22,3,False
/mnt/c/Users/0M SAI RAM/Desktop/project/dataset/archive/derm12345_train_part_1/jb/DERM_180926.jpg,jb,22,22,22,True
/mnt/c/Users/0M SAI RAM/Desktop/project/dataset/archive/derm12345_train_part_1/jb/DERM_732721.jpg,jb,22,22,22,True
/mnt/c/Users/0M SAI RAM/Desktop/project/dataset/archive/derm12345_train_part_1/jb/DERM_290258.jpg,jb,22,22,22,True
/mnt/c/Users/0M SAI RAM/Desktop/project/dataset/archive/derm12345_train_part_1/jb/DERM_325411.jpg,jb,22,22,23,False
/mnt/c/Users/0M SAI RAM/Desktop/project/dataset/archive/derm12345_train_part_1/jb/DERM_751716.jpg,jb,22,22,22,True
/mnt/c/Users/0M SAI RAM/Desktop/project/dataset/archive/derm12345_train_part_1/jb/DERM_542360.jpg,jb,22,22,30,False
/mnt/c/Users/0M SAI RAM/Desktop/project/dataset/archive/derm12345_train_part_1/jb/DERM_636642.jpg,jb,22,22,22,True
/mnt/c/Users/0M SAI RAM/Desktop/project/dataset/archive/derm12345_train_part_1/jb/DERM_256753.jpg,jb,22,22,22,True
/mnt/c/Users/0M SAI RAM/Desktop/project/dataset/archive/derm12345_train_part_1/jb/DERM_391310.jpg,jb,22,22,22,True
/mnt/c/Users/0M SAI RAM/Desktop/project/dataset/archive/derm12345_train_part_1/jb/DERM_266298.jpg,jb,22,22,22,True
/mnt/c/Users/0M SAI RAM/Desktop/project/dataset/archive/derm12345_train_part_1/jb/DERM_171770.jpg,jb,22,22,23,False
/mnt/c/Users/0M SAI RAM/Desktop/project/dataset/archive/derm12345_train_part_1/jb/DERM_127546.jpg,jb,22,22,23,False
/mnt/c/Users/0M SAI RAM/Desktop/project/dataset/archive/derm12345_train_part_1/jb/DERM_749338.jpg,jb,22,22,11,False
/mnt/c/Users/0M SAI RAM/Desktop/project/dataset/archive/derm12345_train_part_1/jb/DERM_996454.jpg,jb,22,22,22,True
/mnt/c/Users/0M SAI RAM/Desktop/project/dataset/archive/derm12345_train_part_1/jb/DERM_444682.jpg,jb,22,22,3,False
/mnt/c/Users/0M SAI RAM/Desktop/project/dataset/archive/derm12345_train_part_1/jb/DERM_423347.jpg,jb,22,22,22,True
/mnt/c/Users/0M SAI RAM/Desktop/project/dataset/archive/derm12345_train_part_1/jb/DERM_903824.jpg,jb,22,22,11,False
/mnt/c/Users/0M SAI RAM/Desktop/project/dataset/archive/derm12345_train_part_1/jb/DERM_847452.jpg,jb,22,22,23,False
/mnt/c/Users/0M SAI RAM/Desktop/project/dataset/archive/derm12345_train_part_1/jb/DERM_890024.jpg,jb,22,22,22,True
/mnt/c/Users/0M SAI RAM/Desktop/project/dataset/archive/derm12345_train_part_1/jb/DERM_975105.jpg,jb,22,22,23,False
/mnt/c/Users/0M SAI RAM/Desktop/project/dataset/archive/derm12345_train_part_1/jb/DERM_396880.jpg,jb,22,22,23,False
/mnt/c/Users/0M SAI RAM/Desktop/project/dataset/archive/derm12345_train_part_1/jb/DERM_117401.jpg,jb,22,22,23,False
/mnt/c/Users/0M SAI RAM/Desktop/project/dataset/archive/derm12345_train_part_1/jb/DERM_496819.jpg,jb,22,22,30,False
/mnt/c/Users/0M SAI RAM/Desktop/project/dataset/archive/derm12345_train_part_1/jb/DERM_578457.jpg,jb,22,22,23,False
/mnt/c/Users/0M SAI RAM/Desktop/project/dataset/archive/derm12345_train_part_1/jb/DERM_119696.jpg,jb,22,22,22,True
/mnt/c/Users/0M SAI RAM/Desktop/project/dataset/archive/derm12345_train_part_1/jb/DERM_650378.jpg,jb,22,22,12,False
/mnt/c/Users/0M SAI RAM/Desktop/project/dataset/archive/derm12345_train_part_1/jb/DERM_871423.jpg,jb,22,22,14,False
/mnt/c/Users/0M SAI RAM/Desktop/project/dataset/archive/derm12345_train_part_1/jb/DERM_869599.jpg,jb,22,22,23,False
/mnt/c/Users/0M SAI RAM/Desktop/project/dataset/archive/derm12345_train_part_1/jb/DERM_265583.jpg,jb,22,22,23,False
/mnt/c/Users/0M SAI RAM/Desktop/project/dataset/archive/derm12345_train_part_1/jb/DERM_807150.jpg,jb,22,22,23,False
/mnt/c/Users/0M SAI RAM/Desktop/project/dataset/archive/derm12345_train_part_1/jb/DERM_985573.jpg,jb,22,22,23,False
/mnt/c/Users/0M SAI RAM/Desktop/project/dataset/archive/derm12345_train_part_1/jb/DERM_308905.jpg,jb,22,22,23,False
/mnt/c/Users/0M SAI RAM/Desktop/project/dataset/archive/derm12345_train_part_1/jb/DERM_303422.jpg,jb,22,22,22,True
/mnt/c/Users/0M SAI RAM/Desktop/project/dataset/archive/derm12345_train_part_1/jb/DERM_239292.jpg,jb,22,22,23,False
/mnt/c/Users/0M SAI RAM/Desktop/project/dataset/archive/derm12345_train_part_1/jb/DERM_102142.jpg,jb,22,22,23,False
/mnt/c/Users/0M SAI RAM/Desktop/project/dataset/archive/derm12345_train_part_1/jb/DERM_686562.jpg,jb,22,22,22,True
/mnt/c/Users/0M SAI RAM/Desktop/project/dataset/archive/derm12345_train_part_1/jb/DERM_241412.jpg,jb,22,22,14,False
/mnt/c/Users/0M SAI RAM/Desktop/project/dataset/archive/derm12345_train_part_1/jb/DERM_340477.jpg,jb,22,22,22,True
/mnt/c/Users/0M SAI RAM/Desktop/project/dataset/archive/derm12345_train_part_1/jb/DERM_749973.jpg,jb,22,22,23,False
/mnt/c/Users/0M SAI RAM/Desktop/project/dataset/archive/derm12345_train_part_1/jb/DERM_445230.jpg,jb,22,22,23,False
/mnt/c/Users/0M SAI RAM/Desktop/project/dataset/archive/derm12345_train_part_1/jb/DERM_975707.jpg,jb,22,22,30,False
/mnt/c/Users/0M SAI RAM/Desktop/project/dataset/archive/derm12345_train_part_1/jb/DERM_297161.jpg,jb,22,22,23,False
/mnt/c/Users/0M SAI RAM/Desktop/project/dataset/archive/derm12345_train_part_1/jb/DERM_219479.jpg,jb,22,22,23,False
/mnt/c/Users/0M SAI RAM/Desktop/project/dataset/archive/derm12345_train_part_1/jb/DERM_322576.jpg,jb,22,22,22,True
/mnt/c/Users/0M SAI RAM/Desktop/project/dataset/archive/derm12345_train_part_1/jb/DERM_384059.jpg,jb,22,22,22,True
/mnt/c/Users/0M SAI RAM/Desktop/project/dataset/archive/derm12345_train_part_1/jb/DERM_296129.jpg,jb,22,22,22,True
/mnt/c/Users/0M SAI RAM/Desktop/project/dataset/archive/derm12345_train_part_1/jb/DERM_300780.jpg,jb,22,22,22,True
/mnt/c/Users/0M SAI RAM/Desktop/project/dataset/archive/derm12345_train_part_1/jb/DERM_228906.jpg,jb,22,22,23,False
/mnt/c/Users/0M SAI RAM/Desktop/project/dataset/archive/derm12345_train_part_1/jb/DERM_917224.jpg,jb,22,22,22,True
/mnt/c/Users/0M SAI RAM/Desktop/project/dataset/archive/derm12345_train_part_1/jb/DERM_702540.jpg,jb,22,22,22,True
/mnt/c/Users/0M SAI RAM/Desktop/project/dataset/archive/derm12345_train_part_1/jb/DERM_598247.jpg,jb,22,22,22,True
/mnt/c/Users/0M SAI RAM/Desktop/project/dataset/archive/derm12345_train_part_1/jb/DERM_996732.jpg,jb,22,22,23,False
/mnt/c/Users/0M SAI RAM/Desktop/project/dataset/archive/derm12345_train_part_1/jb/DERM_109895.jpg,jb,22,22,23,False
/mnt/c/Users/0M SAI RAM/Desktop/project/dataset/archive/derm12345_train_part_1/jb/DERM_280584.jpg,jb,22,22,22,True
/mnt/c/Users/0M SAI RAM/Desktop/project/dataset/archive/derm12345_train_part_1/jb/DERM_338800.jpg,jb,22,22,17,False
/mnt/c/Users/0M SAI RAM/Desktop/project/dataset/archive/derm12345_train_part_1/jb/DERM_700070.jpg,jb,22,22,37,False
/mnt/c/Users/0M SAI RAM/Desktop/project/dataset/archive/derm12345_train_part_1/jb/DERM_752667.jpg,jb,22,22,3,False
/mnt/c/Users/0M SAI RAM/Desktop/project/dataset/archive/derm12345_train_part_1/jb/DERM_237586.jpg,jb,22,22,22,True
/mnt/c/Users/0M SAI RAM/Desktop/project/dataset/archive/derm12345_train_part_1/jb/DERM_149365.jpg,jb,22,22,22,True
/mnt/c/Users/0M SAI RAM/Desktop/project/dataset/archive/derm12345_train_part_1/jb/DERM_586913.jpg,jb,22,22,30,False
/mnt/c/Users/0M SAI RAM/Desktop/project/dataset/archive/derm12345_train_part_1/jb/DERM_448109.jpg,jb,22,22,22,True
/mnt/c/Users/0M SAI RAM/Desktop/project/dataset/archive/derm12345_train_part_1/jb/DERM_206478.jpg,jb,22,22,22,True
/mnt/c/Users/0M SAI RAM/Desktop/project/dataset/archive/derm12345_train_part_1/jb/DERM_830576.jpg,jb,22,22,30,False
/mnt/c/Users/0M SAI RAM/Desktop/project/dataset/archive/derm12345_train_part_1/jb/DERM_455644.jpg,jb,22,22,30,False
/mnt/c/Users/0M SAI RAM/Desktop/project/dataset/archive/derm12345_train_part_1/jb/DERM_129656.jpg,jb,22,22,30,False
/mnt/c/Users/0M SAI RAM/Desktop/project/dataset/archive/derm12345_train_part_1/jb/DERM_608527.jpg,jb,22,22,11,False
/mnt/c/Users/0M SAI RAM/Desktop/project/dataset/archive/derm12345_train_part_1/jb/DERM_577335.jpg,jb,22,22,23,False
/mnt/c/Users/0M SAI RAM/Desktop/project/dataset/archive/derm12345_train_part_1/jb/DERM_637656.jpg,jb,22,22,22,True
/mnt/c/Users/0M SAI RAM/Desktop/project/dataset/archive/derm12345_train_part_1/jb/DERM_951079.jpg,jb,22,22,22,True
/mnt/c/Users/0M SAI RAM/Desktop/project/dataset/archive/derm12345_train_part_1/jb/DERM_355104.jpg,jb,22,22,23,False
/mnt/c/Users/0M SAI RAM/Desktop/project/dataset/archive/derm12345_train_part_1/jb/DERM_547866.jpg,jb,22,22,23,False
/mnt/c/Users/0M SAI RAM/Desktop/project/dataset/archive/derm12345_train_part_1/jb/DERM_921743.jpg,jb,22,22,23,False
/mnt/c/Users/0M SAI RAM/Desktop/project/dataset/archive/derm12345_train_part_1/jb/DERM_634824.jpg,jb,22,22,23,False
/mnt/c/Users/0M SAI RAM/Desktop/project/dataset/archive/derm12345_train_part_1/jb/DERM_593440.jpg,jb,22,22,23,False
/mnt/c/Users/0M SAI RAM/Desktop/project/dataset/archive/derm12345_train_part_1/jb/DERM_118068.jpg,jb,22,22,30,False
/mnt/c/Users/0M SAI RAM/Desktop/project/dataset/archive/derm12345_train_part_1/jb/DERM_419146.jpg,jb,22,22,22,True
/mnt/c/Users/0M SAI RAM/Desktop/project/dataset/archive/derm12345_train_part_1/jb/DERM_294904.jpg,jb,22,22,22,True
/mnt/c/Users/0M SAI RAM/Desktop/project/dataset/archive/derm12345_train_part_1/jb/DERM_115684.jpg,jb,22,22,22,True
/mnt/c/Users/0M SAI RAM/Desktop/project/dataset/archive/derm12345_train_part_1/jb/DERM_368250.jpg,jb,22,22,23,False
/mnt/c/Users/0M SAI RAM/Desktop/project/dataset/archive/derm12345_train_part_1/jb/DERM_445051.jpg,jb,22,22,22,True
/mnt/c/Users/0M SAI RAM/Desktop/project/dataset/archive/derm12345_train_part_1/jb/DERM_184189.jpg,jb,22,22,22,True
/mnt/c/Users/0M SAI RAM/Desktop/project/dataset/archive/derm12345_train_part_1/jb/DERM_427394.jpg,jb,22,22,23,False
/mnt/c/Users/0M SAI RAM/Desktop/project/dataset/archive/derm12345_train_part_1/jb/DERM_760694.jpg,jb,22,22,17,False
/mnt/c/Users/0M SAI RAM/Desktop/project/dataset/archive/derm12345_train_part_1/jb/DERM_701400.jpg,jb,22,22,22,True
/mnt/c/Users/0M SAI RAM/Desktop/project/dataset/archive/derm12345_train_part_1/jb/DERM_294606.jpg,jb,22,22,11,False
/mnt/c/Users/0M SAI RAM/Desktop/project/dataset/archive/derm12345_train_part_1/jb/DERM_561024.jpg,jb,22,22,23,False
/mnt/c/Users/0M SAI RAM/Desktop/project/dataset/archive/derm12345_train_part_1/jb/DERM_734063.jpg,jb,22,22,23,False
/mnt/c/Users/0M SAI RAM/Desktop/project/dataset/archive/derm12345_train_part_1/jb/DERM_172387.jpg,jb,22,22,17,False
/mnt/c/Users/0M SAI RAM/Desktop/project/dataset/archive/derm12345_train_part_1/jb/DERM_843450.jpg,jb,22,22,23,False
/mnt/c/Users/0M SAI RAM/Desktop/project/dataset/archive/derm12345_train_part_1/jb/DERM_716505.jpg,jb,22,22,22,True
/mnt/c/Users/0M SAI RAM/Desktop/project/dataset/archive/derm12345_train_part_1/jb/DERM_981604.jpg,jb,22,22,22,True
/mnt/c/Users/0M SAI RAM/Desktop/project/dataset/archive/derm12345_train_part_1/jb/DERM_814194.jpg,jb,22,22,37,False
/mnt/c/Users/0M SAI RAM/Desktop/project/dataset/archive/derm12345_train_part_1/jb/DERM_242362.jpg,jb,22,22,22,True
/mnt/c/Users/0M SAI RAM/Desktop/project/dataset/archive/derm12345_train_part_1/jb/DERM_141262.jpg,jb,22,22,23,False
/mnt/c/Users/0M SAI RAM/Desktop/project/dataset/archive/derm12345_train_part_1/jb/DERM_938406.jpg,jb,22,22,23,False
/mnt/c/Users/0M SAI RAM/Desktop/project/dataset/archive/derm12345_train_part_1/jb/DERM_799788.jpg,jb,22,22,22,True
/mnt/c/Users/0M SAI RAM/Desktop/project/dataset/archive/derm12345_train_part_1/jb/DERM_355557.jpg,jb,22,22,23,False
/mnt/c/Users/0M SAI RAM/Desktop/project/dataset/archive/derm12345_train_part_1/jb/DERM_913814.jpg,jb,22,22,23,False
/mnt/c/Users/0M SAI RAM/Desktop/project/dataset/archive/derm12345_train_part_1/jb/DERM_932006.jpg,jb,22,22,23,False
/mnt/c/Users/0M SAI RAM/Desktop/project/dataset/archive/derm12345_train_part_1/jb/DERM_297688.jpg,jb,22,22,22,True
/mnt/c/Users/0M SAI RAM/Desktop/project/dataset/archive/derm12345_train_part_1/jb/DERM_870669.jpg,jb,22,22,29,False
/mnt/c/Users/0M SAI RAM/Desktop/project/dataset/archive/derm12345_train_part_1/jb/DERM_654394.jpg,jb,22,22,29,False
/mnt/c/Users/0M SAI RAM/Desktop/project/dataset/archive/derm12345_train_part_1/jb/DERM_678754.jpg,jb,22,22,22,True
/mnt/c/Users/0M SAI RAM/Desktop/project/dataset/archive/derm12345_train_part_1/jb/DERM_947281.jpg,jb,22,22,23,False
/mnt/c/Users/0M SAI RAM/Desktop/project/dataset/archive/derm12345_train_part_1/jb/DERM_485279.jpg,jb,22,22,23,False
/mnt/c/Users/0M SAI RAM/Desktop/project/dataset/archive/derm12345_train_part_1/jb/DERM_996186.jpg,jb,22,22,23,False
/mnt/c/Users/0M SAI RAM/Desktop/project/dataset/archive/derm12345_train_part_1/jb/DERM_786116.jpg,jb,22,22,22,True
/mnt/c/Users/0M SAI RAM/Desktop/project/dataset/archive/derm12345_train_part_1/jb/DERM_294865.jpg,jb,22,22,23,False
/mnt/c/Users/0M SAI RAM/Desktop/project/dataset/archive/derm12345_train_part_1/jb/DERM_297973.jpg,jb,22,22,22,True
/mnt/c/Users/0M SAI RAM/Desktop/project/dataset/archive/derm12345_train_part_1/jb/DERM_272219.jpg,jb,22,22,22,True
/mnt/c/Users/0M SAI RAM/Desktop/project/dataset/archive/derm12345_train_part_1/jb/DERM_940050.jpg,jb,22,22,22,True
/mnt/c/Users/0M SAI RAM/Desktop/project/dataset/archive/derm12345_train_part_1/jb/DERM_401554.jpg,jb,22,22,22,True
/mnt/c/Users/0M SAI RAM/Desktop/project/dataset/archive/derm12345_train_part_1/jb/DERM_891340.jpg,jb,22,22,22,True
/mnt/c/Users/0M SAI RAM/Desktop/project/dataset/archive/derm12345_train_part_1/jb/DERM_799822.jpg,jb,22,22,14,False
/mnt/c/Users/0M SAI RAM/Desktop/project/dataset/archive/derm12345_train_part_1/jb/DERM_857662.jpg,jb,22,22,22,True
/mnt/c/Users/0M SAI RAM/Desktop/project/dataset/archive/derm12345_train_part_1/jb/DERM_550046.jpg,jb,22,22,23,False
/mnt/c/Users/0M SAI RAM/Desktop/project/dataset/archive/derm12345_train_part_1/jb/DERM_464883.jpg,jb,22,22,23,False
/mnt/c/Users/0M SAI RAM/Desktop/project/dataset/archive/derm12345_train_part_1/jb/DERM_789903.jpg,jb,22,22,11,False
/mnt/c/Users/0M SAI RAM/Desktop/project/dataset/archive/derm12345_train_part_1/jb/DERM_539085.jpg,jb,22,22,23,False
/mnt/c/Users/0M SAI RAM/Desktop/project/dataset/archive/derm12345_train_part_1/jb/DERM_980887.jpg,jb,22,22,23,False
/mnt/c/Users/0M SAI RAM/Desktop/project/dataset/archive/derm12345_train_part_1/jb/DERM_583399.jpg,jb,22,22,14,False
/mnt/c/Users/0M SAI RAM/Desktop/project/dataset/archive/derm12345_train_part_1/jb/DERM_305586.jpg,jb,22,22,23,False
/mnt/c/Users/0M SAI RAM/Desktop/project/dataset/archive/derm12345_train_part_1/jb/DERM_523726.jpg,jb,22,22,23,False
/mnt/c/Users/0M SAI RAM/Desktop/project/dataset/archive/derm12345_train_part_1/jb/DERM_223053.jpg,jb,22,22,22,True
/mnt/c/Users/0M SAI RAM/Desktop/project/dataset/archive/derm12345_train_part_1/jb/DERM_667413.jpg,jb,22,22,11,False
/mnt/c/Users/0M SAI RAM/Desktop/project/dataset/archive/derm12345_train_part_1/jb/DERM_323776.jpg,jb,22,22,22,True
/mnt/c/Users/0M SAI RAM/Desktop/project/dataset/archive/derm12345_train_part_1/jb/DERM_871270.jpg,jb,22,22,23,False
/mnt/c/Users/0M SAI RAM/Desktop/project/dataset/archive/derm12345_train_part_1/jb/DERM_542912.jpg,jb,22,22,22,True
/mnt/c/Users/0M SAI RAM/Desktop/project/dataset/archive/derm12345_train_part_1/jb/DERM_265620.jpg,jb,22,22,18,False
/mnt/c/Users/0M SAI RAM/Desktop/project/dataset/archive/derm12345_train_part_1/jb/DERM_334721.jpg,jb,22,22,22,True
/mnt/c/Users/0M SAI RAM/Desktop/project/dataset/archive/derm12345_train_part_1/jb/DERM_252215.jpg,jb,22,22,23,False
/mnt/c/Users/0M SAI RAM/Desktop/project/dataset/archive/derm12345_train_part_1/jb/DERM_960697.jpg,jb,22,22,23,False
/mnt/c/Users/0M SAI RAM/Desktop/project/dataset/archive/derm12345_train_part_1/jb/DERM_418805.jpg,jb,22,22,17,False
/mnt/c/Users/0M SAI RAM/Desktop/project/dataset/archive/derm12345_train_part_1/jb/DERM_908471.jpg,jb,22,22,22,True
/mnt/c/Users/0M SAI RAM/Desktop/project/dataset/archive/derm12345_train_part_1/jb/DERM_154839.jpg,jb,22,22,22,True
/mnt/c/Users/0M SAI RAM/Desktop/project/dataset/archive/derm12345_train_part_1/jb/DERM_973401.jpg,jb,22,22,23,False
/mnt/c/Users/0M SAI RAM/Desktop/project/dataset/archive/derm12345_train_part_1/jb/DERM_300504.jpg,jb,22,22,23,False
/mnt/c/Users/0M SAI RAM/Desktop/project/dataset/archive/derm12345_train_part_1/jb/DERM_464458.jpg,jb,22,22,23,False
/mnt/c/Users/0M SAI RAM/Desktop/project/dataset/archive/derm12345_train_part_1/jb/DERM_585699.jpg,jb,22,22,11,False
/mnt/c/Users/0M SAI RAM/Desktop/project/dataset/archive/derm12345_train_part_1/jb/DERM_664692.jpg,jb,22,22,14,False
/mnt/c/Users/0M SAI RAM/Desktop/project/dataset/archive/derm12345_train_part_1/jb/DERM_723361.jpg,jb,22,22,23,False
/mnt/c/Users/0M SAI RAM/Desktop/project/dataset/archive/derm12345_train_part_1/jb/DERM_484391.jpg,jb,22,22,23,False
/mnt/c/Users/0M SAI RAM/Desktop/project/dataset/archive/derm12345_train_part_1/jb/DERM_160064.jpg,jb,22,22,23,False
/mnt/c/Users/0M SAI RAM/Desktop/project/dataset/archive/derm12345_train_part_1/jb/DERM_679748.jpg,jb,22,22,23,False
/mnt/c/Users/0M SAI RAM/Desktop/project/dataset/archive/derm12345_train_part_1/jb/DERM_264249.jpg,jb,22,22,12,False
/mnt/c/Users/0M SAI RAM/Desktop/project/dataset/archive/derm12345_train_part_1/jb/DERM_900067.jpg,jb,22,22,22,True
/mnt/c/Users/0M SAI RAM/Desktop/project/dataset/archive/derm12345_train_part_1/jb/DERM_992708.jpg,jb,22,22,23,False
/mnt/c/Users/0M SAI RAM/Desktop/project/dataset/archive/derm12345_train_part_1/jb/DERM_497571.jpg,jb,22,22,22,True
/mnt/c/Users/0M SAI RAM/Desktop/project/dataset/archive/derm12345_train_part_1/jb/DERM_273351.jpg,jb,22,22,22,True
/mnt/c/Users/0M SAI RAM/Desktop/project/dataset/archive/derm12345_train_part_1/jb/DERM_376922.jpg,jb,22,22,12,False
/mnt/c/Users/0M SAI RAM/Desktop/project/dataset/archive/derm12345_train_part_1/jb/DERM_332484.jpg,jb,22,22,23,False
/mnt/c/Users/0M SAI RAM/Desktop/project/dataset/archive/derm12345_train_part_1/jb/DERM_923773.jpg,jb,22,22,23,False
/mnt/c/Users/0M SAI RAM/Desktop/project/dataset/archive/derm12345_train_part_1/jb/DERM_899621.jpg,jb,22,22,22,True
/mnt/c/Users/0M SAI RAM/Desktop/project/dataset/archive/derm12345_train_part_1/jb/DERM_445990.jpg,jb,22,22,23,False
/mnt/c/Users/0M SAI RAM/Desktop/project/dataset/archive/derm12345_train_part_1/jb/DERM_478443.jpg,jb,22,22,22,True
/mnt/c/Users/0M SAI RAM/Desktop/project/dataset/archive/derm12345_train_part_1/jb/DERM_913026.jpg,jb,22,22,23,False
/mnt/c/Users/0M SAI RAM/Desktop/project/dataset/archive/derm12345_train_part_1/jb/DERM_820623.jpg,jb,22,22,23,False
/mnt/c/Users/0M SAI RAM/Desktop/project/dataset/archive/derm12345_train_part_1/jb/DERM_852682.jpg,jb,22,22,22,True
/mnt/c/Users/0M SAI RAM/Desktop/project/dataset/archive/derm12345_train_part_1/jb/DERM_668858.jpg,jb,22,22,23,False
/mnt/c/Users/0M SAI RAM/Desktop/project/dataset/archive/derm12345_train_part_1/jb/DERM_893652.jpg,jb,22,22,22,True
/mnt/c/Users/0M SAI RAM/Desktop/project/dataset/archive/derm12345_train_part_1/jb/DERM_453736.jpg,jb,22,22,30,False
/mnt/c/Users/0M SAI RAM/Desktop/project/dataset/archive/derm12345_train_part_1/jb/DERM_762489.jpg,jb,22,22,22,True
/mnt/c/Users/0M SAI RAM/Desktop/project/dataset/archive/derm12345_train_part_1/jb/DERM_242029.jpg,jb,22,22,22,True
/mnt/c/Users/0M SAI RAM/Desktop/project/dataset/archive/derm12345_train_part_1/jb/DERM_345860.jpg,jb,22,22,23,False
/mnt/c/Users/0M SAI RAM/Desktop/project/dataset/archive/derm12345_train_part_1/jb/DERM_190690.jpg,jb,22,22,22,True
/mnt/c/Users/0M SAI RAM/Desktop/project/dataset/archive/derm12345_train_part_1/jb/DERM_380261.jpg,jb,22,22,23,False
/mnt/c/Users/0M SAI RAM/Desktop/project/dataset/archive/derm12345_train_part_1/jb/DERM_662630.jpg,jb,22,22,22,True
/mnt/c/Users/0M SAI RAM/Desktop/project/dataset/archive/derm12345_train_part_1/jb/DERM_766163.jpg,jb,22,22,23,False
/mnt/c/Users/0M SAI RAM/Desktop/project/dataset/archive/derm12345_train_part_1/jb/DERM_181171.jpg,jb,22,22,22,True
/mnt/c/Users/0M SAI RAM/Desktop/project/dataset/archive/derm12345_train_part_1/jb/DERM_751207.jpg,jb,22,22,23,False
/mnt/c/Users/0M SAI RAM/Desktop/project/dataset/archive/derm12345_train_part_1/jb/DERM_849008.jpg,jb,22,22,23,False
/mnt/c/Users/0M SAI RAM/Desktop/project/dataset/archive/derm12345_train_part_1/jb/DERM_632100.jpg,jb,22,22,23,False
/mnt/c/Users/0M SAI RAM/Desktop/project/dataset/archive/derm12345_train_part_1/jb/DERM_815042.jpg,jb,22,22,17,False
/mnt/c/Users/0M SAI RAM/Desktop/project/dataset/archive/derm12345_train_part_1/jb/DERM_397917.jpg,jb,22,22,23,False
/mnt/c/Users/0M SAI RAM/Desktop/project/dataset/archive/derm12345_train_part_1/jb/DERM_375735.jpg,jb,22,22,22,True
/mnt/c/Users/0M SAI RAM/Desktop/project/dataset/archive/derm12345_train_part_1/jb/DERM_633495.jpg,jb,22,22,22,True
/mnt/c/Users/0M SAI RAM/Desktop/project/dataset/archive/derm12345_train_part_1/jb/DERM_719776.jpg,jb,22,22,22,True
/mnt/c/Users/0M SAI RAM/Desktop/project/dataset/archive/derm12345_train_part_1/jb/DERM_378550.jpg,jb,22,22,11,False
/mnt/c/Users/0M SAI RAM/Desktop/project/dataset/archive/derm12345_train_part_1/jb/DERM_427037.jpg,jb,22,22,23,False
/mnt/c/Users/0M SAI RAM/Desktop/project/dataset/archive/derm12345_train_part_1/jb/DERM_174919.jpg,jb,22,22,30,False
/mnt/c/Users/0M SAI RAM/Desktop/project/dataset/archive/derm12345_train_part_1/jb/DERM_780522.jpg,jb,22,22,22,True
/mnt/c/Users/0M SAI RAM/Desktop/project/dataset/archive/derm12345_train_part_1/jb/DERM_399724.jpg,jb,22,22,22,True
/mnt/c/Users/0M SAI RAM/Desktop/project/dataset/archive/derm12345_train_part_1/jb/DERM_448903.jpg,jb,22,22,22,True
/mnt/c/Users/0M SAI RAM/Desktop/project/dataset/archive/derm12345_train_part_1/jb/DERM_970426.jpg,jb,22,22,23,False
/mnt/c/Users/0M SAI RAM/Desktop/project/dataset/archive/derm12345_train_part_1/jb/DERM_345967.jpg,jb,22,22,23,False
/mnt/c/Users/0M SAI RAM/Desktop/project/dataset/archive/derm12345_train_part_1/jb/DERM_405250.jpg,jb,22,22,22,True
/mnt/c/Users/0M SAI RAM/Desktop/project/dataset/archive/derm12345_train_part_1/jb/DERM_251888.jpg,jb,22,22,12,False
/mnt/c/Users/0M SAI RAM/Desktop/project/dataset/archive/derm12345_train_part_1/jb/DERM_552522.jpg,jb,22,22,22,True
/mnt/c/Users/0M SAI RAM/Desktop/project/dataset/archive/derm12345_train_part_1/jb/DERM_915292.jpg,jb,22,22,23,False
/mnt/c/Users/0M SAI RAM/Desktop/project/dataset/archive/derm12345_train_part_1/jb/DERM_899379.jpg,jb,22,22,22,True
/mnt/c/Users/0M SAI RAM/Desktop/project/dataset/archive/derm12345_train_part_1/jb/DERM_921901.jpg,jb,22,22,22,True
/mnt/c/Users/0M SAI RAM/Desktop/project/dataset/archive/derm12345_train_part_1/jb/DERM_726053.jpg,jb,22,22,22,True
/mnt/c/Users/0M SAI RAM/Desktop/project/dataset/archive/derm12345_train_part_1/jb/DERM_462506.jpg,jb,22,22,11,False
/mnt/c/Users/0M SAI RAM/Desktop/project/dataset/archive/derm12345_train_part_1/jb/DERM_972857.jpg,jb,22,22,23,False
/mnt/c/Users/0M SAI RAM/Desktop/project/dataset/archive/derm12345_train_part_1/jb/DERM_480691.jpg,jb,22,22,23,False
/mnt/c/Users/0M SAI RAM/Desktop/project/dataset/archive/derm12345_train_part_1/jb/DERM_372363.jpg,jb,22,22,23,False
/mnt/c/Users/0M SAI RAM/Desktop/project/dataset/archive/derm12345_train_part_1/jb/DERM_223543.jpg,jb,22,22,23,False
/mnt/c/Users/0M SAI RAM/Desktop/project/dataset/archive/derm12345_train_part_1/jb/DERM_437507.jpg,jb,22,22,23,False
/mnt/c/Users/0M SAI RAM/Desktop/project/dataset/archive/derm12345_train_part_1/jb/DERM_776769.jpg,jb,22,22,22,True
/mnt/c/Users/0M SAI RAM/Desktop/project/dataset/archive/derm12345_train_part_1/jb/DERM_734960.jpg,jb,22,22,20,False
/mnt/c/Users/0M SAI RAM/Desktop/project/dataset/archive/derm12345_train_part_1/jb/DERM_402551.jpg,jb,22,22,23,False
/mnt/c/Users/0M SAI RAM/Desktop/project/dataset/archive/derm12345_train_part_1/jb/DERM_911905.jpg,jb,22,22,23,False
/mnt/c/Users/0M SAI RAM/Desktop/project/dataset/archive/derm12345_train_part_1/jb/DERM_797490.jpg,jb,22,22,11,False
/mnt/c/Users/0M SAI RAM/Desktop/project/dataset/archive/derm12345_train_part_1/jb/DERM_197057.jpg,jb,22,22,22,True
/mnt/c/Users/0M SAI RAM/Desktop/project/dataset/archive/derm12345_train_part_1/jb/DERM_652866.jpg,jb,22,22,22,True
/mnt/c/Users/0M SAI RAM/Desktop/project/dataset/archive/derm12345_train_part_1/jb/DERM_538325.jpg,jb,22,22,12,False
/mnt/c/Users/0M SAI RAM/Desktop/project/dataset/archive/derm12345_train_part_1/jb/DERM_452003.jpg,jb,22,22,23,False
/mnt/c/Users/0M SAI RAM/Desktop/project/dataset/archive/derm12345_train_part_1/jb/DERM_937493.jpg,jb,22,22,22,True
/mnt/c/Users/0M SAI RAM/Desktop/project/dataset/archive/derm12345_train_part_1/jb/DERM_253889.jpg,jb,22,22,22,True
/mnt/c/Users/0M SAI RAM/Desktop/project/dataset/archive/derm12345_train_part_1/jb/DERM_440479.jpg,jb,22,22,23,False
/mnt/c/Users/0M SAI RAM/Desktop/project/dataset/archive/derm12345_train_part_1/jb/DERM_670644.jpg,jb,22,22,23,False
/mnt/c/Users/0M SAI RAM/Desktop/project/dataset/archive/derm12345_train_part_1/jb/DERM_572140.jpg,jb,22,22,22,True
/mnt/c/Users/0M SAI RAM/Desktop/project/dataset/archive/derm12345_train_part_1/jb/DERM_584755.jpg,jb,22,22,14,False
/mnt/c/Users/0M SAI RAM/Desktop/project/dataset/archive/derm12345_train_part_1/jb/DERM_271270.jpg,jb,22,22,22,True
/mnt/c/Users/0M SAI RAM/Desktop/project/dataset/archive/derm12345_train_part_1/jb/DERM_291708.jpg,jb,22,22,23,False
/mnt/c/Users/0M SAI RAM/Desktop/project/dataset/archive/derm12345_train_part_1/jb/DERM_698648.jpg,jb,22,22,23,False
/mnt/c/Users/0M SAI RAM/Desktop/project/dataset/archive/derm12345_train_part_1/jb/DERM_757170.jpg,jb,22,22,36,False
/mnt/c/Users/0M SAI RAM/Desktop/project/dataset/archive/derm12345_train_part_1/jb/DERM_854127.jpg,jb,22,22,23,False
/mnt/c/Users/0M SAI RAM/Desktop/project/dataset/archive/derm12345_train_part_1/jb/DERM_689061.jpg,jb,22,22,23,False
/mnt/c/Users/0M SAI RAM/Desktop/project/dataset/archive/derm12345_train_part_1/jb/DERM_162158.jpg,jb,22,22,22,True
/mnt/c/Users/0M SAI RAM/Desktop/project/dataset/archive/derm12345_train_part_1/jb/DERM_726796.jpg,jb,22,22,22,True
/mnt/c/Users/0M SAI RAM/Desktop/project/dataset/archive/derm12345_train_part_1/jb/DERM_174187.jpg,jb,22,22,2,False
/mnt/c/Users/0M SAI RAM/Desktop/project/dataset/archive/derm12345_train_part_1/jb/DERM_766924.jpg,jb,22,22,23,False
/mnt/c/Users/0M SAI RAM/Desktop/project/dataset/archive/derm12345_train_part_1/jb/DERM_311549.jpg,jb,22,22,17,False
/mnt/c/Users/0M SAI RAM/Desktop/project/dataset/archive/derm12345_train_part_1/jb/DERM_363173.jpg,jb,22,22,23,False
/mnt/c/Users/0M SAI RAM/Desktop/project/dataset/archive/derm12345_train_part_1/jb/DERM_105963.jpg,jb,22,22,23,False
/mnt/c/Users/0M SAI RAM/Desktop/project/dataset/archive/derm12345_train_part_1/jb/DERM_191277.jpg,jb,22,22,23,False
/mnt/c/Users/0M SAI RAM/Desktop/project/dataset/archive/derm12345_train_part_1/jb/DERM_198995.jpg,jb,22,22,22,True
/mnt/c/Users/0M SAI RAM/Desktop/project/dataset/archive/derm12345_train_part_1/jb/DERM_538830.jpg,jb,22,22,23,False
/mnt/c/Users/0M SAI RAM/Desktop/project/dataset/archive/derm12345_train_part_1/jb/DERM_634426.jpg,jb,22,22,23,False
/mnt/c/Users/0M SAI RAM/Desktop/project/dataset/archive/derm12345_train_part_1/jb/DERM_628237.jpg,jb,22,22,23,False
/mnt/c/Users/0M SAI RAM/Desktop/project/dataset/archive/derm12345_train_part_1/jb/DERM_333661.jpg,jb,22,22,23,False
/mnt/c/Users/0M SAI RAM/Desktop/project/dataset/archive/derm12345_train_part_1/jb/DERM_517030.jpg,jb,22,22,22,True
/mnt/c/Users/0M SAI RAM/Desktop/project/dataset/archive/derm12345_train_part_1/jb/DERM_317271.jpg,jb,22,22,23,False
/mnt/c/Users/0M SAI RAM/Desktop/project/dataset/archive/derm12345_train_part_1/jb/DERM_658233.jpg,jb,22,22,22,True
/mnt/c/Users/0M SAI RAM/Desktop/project/dataset/archive/derm12345_train_part_1/jb/DERM_967442.jpg,jb,22,22,22,True
/mnt/c/Users/0M SAI RAM/Desktop/project/dataset/archive/derm12345_train_part_1/jb/DERM_125153.jpg,jb,22,22,22,True
/mnt/c/Users/0M SAI RAM/Desktop/project/dataset/archive/derm12345_train_part_1/jb/DERM_660200.jpg,jb,22,22,22,True
/mnt/c/Users/0M SAI RAM/Desktop/project/dataset/archive/derm12345_train_part_1/jb/DERM_165115.jpg,jb,22,22,23,False
/mnt/c/Users/0M SAI RAM/Desktop/project/dataset/archive/derm12345_train_part_1/jb/DERM_304047.jpg,jb,22,22,22,True
/mnt/c/Users/0M SAI RAM/Desktop/project/dataset/archive/derm12345_train_part_1/jb/DERM_193423.jpg,jb,22,22,23,False
/mnt/c/Users/0M SAI RAM/Desktop/project/dataset/archive/derm12345_train_part_1/jb/DERM_845777.jpg,jb,22,22,23,False
/mnt/c/Users/0M SAI RAM/Desktop/project/dataset/archive/derm12345_train_part_1/jb/DERM_296456.jpg,jb,22,22,23,False
/mnt/c/Users/0M SAI RAM/Desktop/project/dataset/archive/derm12345_train_part_1/jb/DERM_736253.jpg,jb,22,22,11,False
/mnt/c/Users/0M SAI RAM/Desktop/project/dataset/archive/derm12345_train_part_1/jb/DERM_853140.jpg,jb,22,22,37,False
/mnt/c/Users/0M SAI RAM/Desktop/project/dataset/archive/derm12345_train_part_1/jb/DERM_535575.jpg,jb,22,22,10,False
/mnt/c/Users/0M SAI RAM/Desktop/project/dataset/archive/derm12345_train_part_1/jb/DERM_201214.jpg,jb,22,22,23,False
/mnt/c/Users/0M SAI RAM/Desktop/project/dataset/archive/derm12345_train_part_1/jb/DERM_210086.jpg,jb,22,22,23,False
/mnt/c/Users/0M SAI RAM/Desktop/project/dataset/archive/derm12345_train_part_1/jb/DERM_410732.jpg,jb,22,22,23,False
/mnt/c/Users/0M SAI RAM/Desktop/project/dataset/archive/derm12345_train_part_1/jb/DERM_127028.jpg,jb,22,22,22,True
/mnt/c/Users/0M SAI RAM/Desktop/project/dataset/archive/derm12345_train_part_1/jb/DERM_369714.jpg,jb,22,22,23,False
/mnt/c/Users/0M SAI RAM/Desktop/project/dataset/archive/derm12345_train_part_1/jb/DERM_685306.jpg,jb,22,22,23,False
/mnt/c/Users/0M SAI RAM/Desktop/project/dataset/archive/derm12345_train_part_1/jb/DERM_738232.jpg,jb,22,22,23,False
/mnt/c/Users/0M SAI RAM/Desktop/project/dataset/archive/derm12345_train_part_1/jb/DERM_734374.jpg,jb,22,22,23,False
/mnt/c/Users/0M SAI RAM/Desktop/project/dataset/archive/derm12345_train_part_1/jb/DERM_958747.jpg,jb,22,22,23,False
/mnt/c/Users/0M SAI RAM/Desktop/project/dataset/archive/derm12345_train_part_1/jb/DERM_401205.jpg,jb,22,22,23,False
/mnt/c/Users/0M SAI RAM/Desktop/project/dataset/archive/derm12345_train_part_1/jb/DERM_468470.jpg,jb,22,22,11,False
/mnt/c/Users/0M SAI RAM/Desktop/project/dataset/archive/derm12345_train_part_1/jb/DERM_132495.jpg,jb,22,22,14,False
/mnt/c/Users/0M SAI RAM/Desktop/project/dataset/archive/derm12345_train_part_1/jb/DERM_559599.jpg,jb,22,22,23,False
/mnt/c/Users/0M SAI RAM/Desktop/project/dataset/archive/derm12345_train_part_1/jb/DERM_419896.jpg,jb,22,22,23,False
/mnt/c/Users/0M SAI RAM/Desktop/project/dataset/archive/derm12345_train_part_1/jb/DERM_493560.jpg,jb,22,22,23,False
/mnt/c/Users/0M SAI RAM/Desktop/project/dataset/archive/derm12345_train_part_1/jb/DERM_482304.jpg,jb,22,22,22,True
/mnt/c/Users/0M SAI RAM/Desktop/project/dataset/archive/derm12345_train_part_1/jb/DERM_573297.jpg,jb,22,22,22,True
/mnt/c/Users/0M SAI RAM/Desktop/project/dataset/archive/derm12345_train_part_1/jb/DERM_636697.jpg,jb,22,22,22,True
/mnt/c/Users/0M SAI RAM/Desktop/project/dataset/archive/derm12345_train_part_1/jb/DERM_361130.jpg,jb,22,22,22,True
/mnt/c/Users/0M SAI RAM/Desktop/project/dataset/archive/derm12345_train_part_1/jb/DERM_823158.jpg,jb,22,22,22,True
/mnt/c/Users/0M SAI RAM/Desktop/project/dataset/archive/derm12345_train_part_1/jb/DERM_789426.jpg,jb,22,22,14,False
/mnt/c/Users/0M SAI RAM/Desktop/project/dataset/archive/derm12345_train_part_1/jb/DERM_872294.jpg,jb,22,22,14,False
/mnt/c/Users/0M SAI RAM/Desktop/project/dataset/archive/derm12345_train_part_1/jb/DERM_640158.jpg,jb,22,22,23,False
/mnt/c/Users/0M SAI RAM/Desktop/project/dataset/archive/derm12345_train_part_1/jb/DERM_451258.jpg,jb,22,22,23,False
/mnt/c/Users/0M SAI RAM/Desktop/project/dataset/archive/derm12345_train_part_1/jb/DERM_202933.jpg,jb,22,22,22,True
/mnt/c/Users/0M SAI RAM/Desktop/project/dataset/archive/derm12345_train_part_1/jb/DERM_455690.jpg,jb,22,22,22,True
/mnt/c/Users/0M SAI RAM/Desktop/project/dataset/archive/derm12345_train_part_1/jb/DERM_720573.jpg,jb,22,22,22,True
/mnt/c/Users/0M SAI RAM/Desktop/project/dataset/archive/derm12345_train_part_1/jb/DERM_449015.jpg,jb,22,22,14,False
/mnt/c/Users/0M SAI RAM/Desktop/project/dataset/archive/derm12345_train_part_1/jb/DERM_661732.jpg,jb,22,22,11,False
/mnt/c/Users/0M SAI RAM/Desktop/project/dataset/archive/derm12345_train_part_1/jb/DERM_337884.jpg,jb,22,22,11,False
/mnt/c/Users/0M SAI RAM/Desktop/project/dataset/archive/derm12345_train_part_1/jb/DERM_461408.jpg,jb,22,22,23,False
/mnt/c/Users/0M SAI RAM/Desktop/project/dataset/archive/derm12345_train_part_1/jb/DERM_604317.jpg,jb,22,22,37,False
/mnt/c/Users/0M SAI RAM/Desktop/project/dataset/archive/derm12345_train_part_1/jb/DERM_282200.jpg,jb,22,22,23,False
/mnt/c/Users/0M SAI RAM/Desktop/project/dataset/archive/derm12345_train_part_1/jb/DERM_696836.jpg,jb,22,22,11,False
/mnt/c/Users/0M SAI RAM/Desktop/project/dataset/archive/derm12345_train_part_1/jb/DERM_568380.jpg,jb,22,22,23,False
/mnt/c/Users/0M SAI RAM/Desktop/project/dataset/archive/derm12345_train_part_1/jb/DERM_985521.jpg,jb,22,22,17,False
/mnt/c/Users/0M SAI RAM/Desktop/project/dataset/archive/derm12345_train_part_1/jb/DERM_985533.jpg,jb,22,22,22,True
/mnt/c/Users/0M SAI RAM/Desktop/project/dataset/archive/derm12345_train_part_2/jd/DERM_753624.jpg,jd,23,23,23,True
/mnt/c/Users/0M SAI RAM/Desktop/project/dataset/archive/derm12345_train_part_2/jd/DERM_213879.jpg,jd,23,23,23,True
/mnt/c/Users/0M SAI RAM/Desktop/project/dataset/archive/derm12345_train_part_2/jd/DERM_429894.jpg,jd,23,23,23,True
/mnt/c/Users/0M SAI RAM/Desktop/project/dataset/archive/derm12345_train_part_2/jd/DERM_400556.jpg,jd,23,23,23,True
/mnt/c/Users/0M SAI RAM/Desktop/project/dataset/archive/derm12345_train_part_2/jd/DERM_688054.jpg,jd,23,23,22,False
/mnt/c/Users/0M SAI RAM/Desktop/project/dataset/archive/derm12345_train_part_2/jd/DERM_783873.jpg,jd,23,23,23,True
/mnt/c/Users/0M SAI RAM/Desktop/project/dataset/archive/derm12345_train_part_2/jd/DERM_335945.jpg,jd,23,23,23,True
/mnt/c/Users/0M SAI RAM/Desktop/project/dataset/archive/derm12345_train_part_2/jd/DERM_477220.jpg,jd,23,23,23,True
/mnt/c/Users/0M SAI RAM/Desktop/project/dataset/archive/derm12345_train_part_2/jd/DERM_841260.jpg,jd,23,23,22,False
/mnt/c/Users/0M SAI RAM/Desktop/project/dataset/archive/derm12345_train_part_2/jd/DERM_911343.jpg,jd,23,23,23,True
/mnt/c/Users/0M SAI RAM/Desktop/project/dataset/archive/derm12345_train_part_2/jd/DERM_918887.jpg,jd,23,23,22,False
/mnt/c/Users/0M SAI RAM/Desktop/project/dataset/archive/derm12345_train_part_2/jd/DERM_543007.jpg,jd,23,23,3,False
/mnt/c/Users/0M SAI RAM/Desktop/project/dataset/archive/derm12345_train_part_2/jd/DERM_788710.jpg,jd,23,23,23,True
/mnt/c/Users/0M SAI RAM/Desktop/project/dataset/archive/derm12345_train_part_2/jd/DERM_112467.jpg,jd,23,23,22,False
/mnt/c/Users/0M SAI RAM/Desktop/project/dataset/archive/derm12345_train_part_2/jd/DERM_796632.jpg,jd,23,23,22,False
/mnt/c/Users/0M SAI RAM/Desktop/project/dataset/archive/derm12345_train_part_2/jd/DERM_703456.jpg,jd,23,23,23,True
/mnt/c/Users/0M SAI RAM/Desktop/project/dataset/archive/derm12345_train_part_2/jd/DERM_652219.jpg,jd,23,23,16,False
/mnt/c/Users/0M SAI RAM/Desktop/project/dataset/archive/derm12345_train_part_2/jd/DERM_128502.jpg,jd,23,23,23,True
/mnt/c/Users/0M SAI RAM/Desktop/project/dataset/archive/derm12345_train_part_2/jd/DERM_441513.jpg,jd,23,23,14,False
/mnt/c/Users/0M SAI RAM/Desktop/project/dataset/archive/derm12345_train_part_2/jd/DERM_466150.jpg,jd,23,23,23,True
/mnt/c/Users/0M SAI RAM/Desktop/project/dataset/archive/derm12345_train_part_2/jd/DERM_749527.jpg,jd,23,23,23,True
/mnt/c/Users/0M SAI RAM/Desktop/project/dataset/archive/derm12345_train_part_2/jd/DERM_210283.jpg,jd,23,23,22,False
/mnt/c/Users/0M SAI RAM/Desktop/project/dataset/archive/derm12345_train_part_2/jd/DERM_364773.jpg,jd,23,23,23,True
/mnt/c/Users/0M SAI RAM/Desktop/project/dataset/archive/derm12345_train_part_2/jd/DERM_708587.jpg,jd,23,23,23,True
/mnt/c/Users/0M SAI RAM/Desktop/project/dataset/archive/derm12345_train_part_2/jd/DERM_542055.jpg,jd,23,23,37,False
/mnt/c/Users/0M SAI RAM/Desktop/project/dataset/archive/derm12345_train_part_2/jd/DERM_930194.jpg,jd,23,23,14,False
/mnt/c/Users/0M SAI RAM/Desktop/project/dataset/archive/derm12345_train_part_2/jd/DERM_751708.jpg,jd,23,23,23,True
/mnt/c/Users/0M SAI RAM/Desktop/project/dataset/archive/derm12345_train_part_2/jd/DERM_352284.jpg,jd,23,23,23,True
/mnt/c/Users/0M SAI RAM/Desktop/project/dataset/archive/derm12345_train_part_2/jd/DERM_247019.jpg,jd,23,23,11,False
/mnt/c/Users/0M SAI RAM/Desktop/project/dataset/archive/derm12345_train_part_2/jd/DERM_539636.jpg,jd,23,23,23,True
/mnt/c/Users/0M SAI RAM/Desktop/project/dataset/archive/derm12345_train_part_2/jd/DERM_246589.jpg,jd,23,23,23,True
/mnt/c/Users/0M SAI RAM/Desktop/project/dataset/archive/derm12345_train_part_2/jd/DERM_184269.jpg,jd,23,23,23,True
/mnt/c/Users/0M SAI RAM/Desktop/project/dataset/archive/derm12345_train_part_2/jd/DERM_233966.jpg,jd,23,23,23,True
/mnt/c/Users/0M SAI RAM/Desktop/project/dataset/archive/derm12345_train_part_2/jd/DERM_398163.jpg,jd,23,23,17,False
/mnt/c/Users/0M SAI RAM/Desktop/project/dataset/archive/derm12345_train_part_2/jd/DERM_557834.jpg,jd,23,23,23,True
/mnt/c/Users/0M SAI RAM/Desktop/project/dataset/archive/derm12345_train_part_2/jd/DERM_464783.jpg,jd,23,23,23,True
/mnt/c/Users/0M SAI RAM/Desktop/project/dataset/archive/derm12345_train_part_2/jd/DERM_286328.jpg,jd,23,23,22,False
/mnt/c/Users/0M SAI RAM/Desktop/project/dataset/archive/derm12345_train_part_2/jd/DERM_178965.jpg,jd,23,23,23,True
/mnt/c/Users/0M SAI RAM/Desktop/project/dataset/archive/derm12345_train_part_2/jd/DERM_596300.jpg,jd,23,23,23,True
/mnt/c/Users/0M SAI RAM/Desktop/project/dataset/archive/derm12345_train_part_2/jd/DERM_797668.jpg,jd,23,23,23,True
/mnt/c/Users/0M SAI RAM/Desktop/project/dataset/archive/derm12345_train_part_2/jd/DERM_135829.jpg,jd,23,23,22,False
/mnt/c/Users/0M SAI RAM/Desktop/project/dataset/archive/derm12345_train_part_2/jd/DERM_845996.jpg,jd,23,23,22,False
/mnt/c/Users/0M SAI RAM/Desktop/project/dataset/archive/derm12345_train_part_2/jd/DERM_945487.jpg,jd,23,23,23,True
/mnt/c/Users/0M SAI RAM/Desktop/project/dataset/archive/derm12345_train_part_2/jd/DERM_668358.jpg,jd,23,23,11,False
/mnt/c/Users/0M SAI RAM/Desktop/project/dataset/archive/derm12345_train_part_2/jd/DERM_754633.jpg,jd,23,23,23,True
/mnt/c/Users/0M SAI RAM/Desktop/project/dataset/archive/derm12345_train_part_2/jd/DERM_422248.jpg,jd,23,23,23,True
/mnt/c/Users/0M SAI RAM/Desktop/project/dataset/archive/derm12345_train_part_2/jd/DERM_511990.jpg,jd,23,23,22,False
/mnt/c/Users/0M SAI RAM/Desktop/project/dataset/archive/derm12345_train_part_2/jd/DERM_130147.jpg,jd,23,23,23,True
/mnt/c/Users/0M SAI RAM/Desktop/project/dataset/archive/derm12345_train_part_2/jd/DERM_107098.jpg,jd,23,23,23,True
/mnt/c/Users/0M SAI RAM/Desktop/project/dataset/archive/derm12345_train_part_2/jd/DERM_565679.jpg,jd,23,23,22,False
/mnt/c/Users/0M SAI RAM/Desktop/project/dataset/archive/derm12345_train_part_2/jd/DERM_752154.jpg,jd,23,23,11,False
/mnt/c/Users/0M SAI RAM/Desktop/project/dataset/archive/derm12345_train_part_2/jd/DERM_680590.jpg,jd,23,23,37,False
/mnt/c/Users/0M SAI RAM/Desktop/project/dataset/archive/derm12345_train_part_2/jd/DERM_108416.jpg,jd,23,23,23,True
/mnt/c/Users/0M SAI RAM/Desktop/project/dataset/archive/derm12345_train_part_2/jd/DERM_133693.jpg,jd,23,23,23,True
/mnt/c/Users/0M SAI RAM/Desktop/project/dataset/archive/derm12345_train_part_2/jd/DERM_504112.jpg,jd,23,23,22,False
/mnt/c/Users/0M SAI RAM/Desktop/project/dataset/archive/derm12345_train_part_2/jd/DERM_543658.jpg,jd,23,23,23,True
/mnt/c/Users/0M SAI RAM/Desktop/project/dataset/archive/derm12345_train_part_2/jd/DERM_639126.jpg,jd,23,23,23,True
/mnt/c/Users/0M SAI RAM/Desktop/project/dataset/archive/derm12345_train_part_2/jd/DERM_712331.jpg,jd,23,23,22,False
/mnt/c/Users/0M SAI RAM/Desktop/project/dataset/archive/derm12345_train_part_2/jd/DERM_571863.jpg,jd,23,23,23,True
/mnt/c/Users/0M SAI RAM/Desktop/project/dataset/archive/derm12345_train_part_2/jd/DERM_680076.jpg,jd,23,23,23,True
/mnt/c/Users/0M SAI RAM/Desktop/project/dataset/archive/derm12345_train_part_2/jd/DERM_908021.jpg,jd,23,23,22,False
/mnt/c/Users/0M SAI RAM/Desktop/project/dataset/archive/derm12345_train_part_2/jd/DERM_797795.jpg,jd,23,23,23,True
/mnt/c/Users/0M SAI RAM/Desktop/project/dataset/archive/derm12345_train_part_2/jd/DERM_569777.jpg,jd,23,23,23,True
/mnt/c/Users/0M SAI RAM/Desktop/project/dataset/archive/derm12345_train_part_2/jd/DERM_551956.jpg,jd,23,23,23,True
/mnt/c/Users/0M SAI RAM/Desktop/project/dataset/archive/derm12345_train_part_2/jd/DERM_604627.jpg,jd,23,23,31,False
/mnt/c/Users/0M SAI RAM/Desktop/project/dataset/archive/derm12345_train_part_2/jd/DERM_763061.jpg,jd,23,23,13,False
/mnt/c/Users/0M SAI RAM/Desktop/project/dataset/archive/derm12345_train_part_2/jd/DERM_245770.jpg,jd,23,23,14,False
/mnt/c/Users/0M SAI RAM/Desktop/project/dataset/archive/derm12345_train_part_2/jd/DERM_766770.jpg,jd,23,23,14,False
/mnt/c/Users/0M SAI RAM/Desktop/project/dataset/archive/derm12345_train_part_2/jd/DERM_837602.jpg,jd,23,23,14,False
/mnt/c/Users/0M SAI RAM/Desktop/project/dataset/archive/derm12345_train_part_2/jd/DERM_355152.jpg,jd,23,23,14,False
/mnt/c/Users/0M SAI RAM/Desktop/project/dataset/archive/derm12345_train_part_2/jd/DERM_902883.jpg,jd,23,23,2,False
/mnt/c/Users/0M SAI RAM/Desktop/project/dataset/archive/derm12345_train_part_2/jd/DERM_277605.jpg,jd,23,23,14,False
/mnt/c/Users/0M SAI RAM/Desktop/project/dataset/archive/derm12345_train_part_2/jd/DERM_802181.jpg,jd,23,23,22,False
/mnt/c/Users/0M SAI RAM/Desktop/project/dataset/archive/derm12345_train_part_2/jd/DERM_801266.jpg,jd,23,23,11,False
/mnt/c/Users/0M SAI RAM/Desktop/project/dataset/archive/derm12345_train_part_2/jd/DERM_812136.jpg,jd,23,23,22,False
/mnt/c/Users/0M SAI RAM/Desktop/project/dataset/archive/derm12345_train_part_2/jd/DERM_582909.jpg,jd,23,23,23,True
/mnt/c/Users/0M SAI RAM/Desktop/project/dataset/archive/derm12345_train_part_2/jd/DERM_850687.jpg,jd,23,23,23,True
/mnt/c/Users/0M SAI RAM/Desktop/project/dataset/archive/derm12345_train_part_2/jd/DERM_928867.jpg,jd,23,23,23,True
/mnt/c/Users/0M SAI RAM/Desktop/project/dataset/archive/derm12345_train_part_2/jd/DERM_119169.jpg,jd,23,23,0,False
/mnt/c/Users/0M SAI RAM/Desktop/project/dataset/archive/derm12345_train_part_2/jd/DERM_677647.jpg,jd,23,23,14,False
/mnt/c/Users/0M SAI RAM/Desktop/project/dataset/archive/derm12345_train_part_2/jd/DERM_645978.jpg,jd,23,23,23,True
/mnt/c/Users/0M SAI RAM/Desktop/project/dataset/archive/derm12345_train_part_2/jd/DERM_888893.jpg,jd,23,23,22,False
/mnt/c/Users/0M SAI RAM/Desktop/project/dataset/archive/derm12345_train_part_2/jd/DERM_361509.jpg,jd,23,23,23,True
/mnt/c/Users/0M SAI RAM/Desktop/project/dataset/archive/derm12345_train_part_2/jd/DERM_167876.jpg,jd,23,23,11,False
/mnt/c/Users/0M SAI RAM/Desktop/project/dataset/archive/derm12345_train_part_2/jd/DERM_539096.jpg,jd,23,23,23,True
/mnt/c/Users/0M SAI RAM/Desktop/project/dataset/archive/derm12345_train_part_2/jd/DERM_443218.jpg,jd,23,23,23,True
/mnt/c/Users/0M SAI RAM/Desktop/project/dataset/archive/derm12345_train_part_2/jd/DERM_615949.jpg,jd,23,23,23,True
/mnt/c/Users/0M SAI RAM/Desktop/project/dataset/archive/derm12345_train_part_2/jd/DERM_839966.jpg,jd,23,23,23,True
/mnt/c/Users/0M SAI RAM/Desktop/project/dataset/archive/derm12345_train_part_2/jd/DERM_821889.jpg,jd,23,23,23,True
/mnt/c/Users/0M SAI RAM/Desktop/project/dataset/archive/derm12345_train_part_2/jd/DERM_132434.jpg,jd,23,23,23,True
/mnt/c/Users/0M SAI RAM/Desktop/project/dataset/archive/derm12345_train_part_2/jd/DERM_971417.jpg,jd,23,23,23,True
/mnt/c/Users/0M SAI RAM/Desktop/project/dataset/archive/derm12345_train_part_2/jd/DERM_970869.jpg,jd,23,23,22,False
/mnt/c/Users/0M SAI RAM/Desktop/project/dataset/archive/derm12345_train_part_2/jd/DERM_519512.jpg,jd,23,23,22,False
/mnt/c/Users/0M SAI RAM/Desktop/project/dataset/archive/derm12345_train_part_2/jd/DERM_756642.jpg,jd,23,23,23,True
/mnt/c/Users/0M SAI RAM/Desktop/project/dataset/archive/derm12345_train_part_2/jd/DERM_983575.jpg,jd,23,23,23,True
/mnt/c/Users/0M SAI RAM/Desktop/project/dataset/archive/derm12345_train_part_2/jd/DERM_279007.jpg,jd,23,23,23,True
/mnt/c/Users/0M SAI RAM/Desktop/project/dataset/archive/derm12345_train_part_2/jd/DERM_267954.jpg,jd,23,23,23,True
/mnt/c/Users/0M SAI RAM/Desktop/project/dataset/archive/derm12345_train_part_2/jd/DERM_320766.jpg,jd,23,23,23,True
/mnt/c/Users/0M SAI RAM/Desktop/project/dataset/archive/derm12345_train_part_2/jd/DERM_395786.jpg,jd,23,23,23,True
/mnt/c/Users/0M SAI RAM/Desktop/project/dataset/archive/derm12345_train_part_2/jd/DERM_739620.jpg,jd,23,23,23,True
/mnt/c/Users/0M SAI RAM/Desktop/project/dataset/archive/derm12345_train_part_2/jd/DERM_810308.jpg,jd,23,23,23,True
/mnt/c/Users/0M SAI RAM/Desktop/project/dataset/archive/derm12345_train_part_2/jd/DERM_709097.jpg,jd,23,23,3,False
/mnt/c/Users/0M SAI RAM/Desktop/project/dataset/archive/derm12345_train_part_2/jd/DERM_822067.jpg,jd,23,23,11,False
/mnt/c/Users/0M SAI RAM/Desktop/project/dataset/archive/derm12345_train_part_2/jd/DERM_826855.jpg,jd,23,23,23,True
/mnt/c/Users/0M SAI RAM/Desktop/project/dataset/archive/derm12345_train_part_2/jd/DERM_905041.jpg,jd,23,23,23,True
/mnt/c/Users/0M SAI RAM/Desktop/project/dataset/archive/derm12345_train_part_2/jd/DERM_990760.jpg,jd,23,23,23,True
/mnt/c/Users/0M SAI RAM/Desktop/project/dataset/archive/derm12345_train_part_2/jd/DERM_478617.jpg,jd,23,23,22,False
/mnt/c/Users/0M SAI RAM/Desktop/project/dataset/archive/derm12345_train_part_2/jd/DERM_358198.jpg,jd,23,23,23,True
/mnt/c/Users/0M SAI RAM/Desktop/project/dataset/archive/derm12345_train_part_2/jd/DERM_616914.jpg,jd,23,23,18,False
/mnt/c/Users/0M SAI RAM/Desktop/project/dataset/archive/derm12345_train_part_2/jd/DERM_527233.jpg,jd,23,23,23,True
/mnt/c/Users/0M SAI RAM/Desktop/project/dataset/archive/derm12345_train_part_2/jd/DERM_122837.jpg,jd,23,23,22,False
/mnt/c/Users/0M SAI RAM/Desktop/project/dataset/archive/derm12345_train_part_2/jd/DERM_644127.jpg,jd,23,23,23,True
/mnt/c/Users/0M SAI RAM/Desktop/project/dataset/archive/derm12345_train_part_2/jd/DERM_457689.jpg,jd,23,23,23,True
/mnt/c/Users/0M SAI RAM/Desktop/project/dataset/archive/derm12345_train_part_2/jd/DERM_368023.jpg,jd,23,23,11,False
/mnt/c/Users/0M SAI RAM/Desktop/project/dataset/archive/derm12345_train_part_2/jd/DERM_825178.jpg,jd,23,23,22,False
/mnt/c/Users/0M SAI RAM/Desktop/project/dataset/archive/derm12345_train_part_2/jd/DERM_146594.jpg,jd,23,23,22,False
/mnt/c/Users/0M SAI RAM/Desktop/project/dataset/archive/derm12345_train_part_2/jd/DERM_253959.jpg,jd,23,23,22,False
/mnt/c/Users/0M SAI RAM/Desktop/project/dataset/archive/derm12345_train_part_2/jd/DERM_323995.jpg,jd,23,23,23,True
/mnt/c/Users/0M SAI RAM/Desktop/project/dataset/archive/derm12345_train_part_2/jd/DERM_399948.jpg,jd,23,23,22,False
/mnt/c/Users/0M SAI RAM/Desktop/project/dataset/archive/derm12345_train_part_2/jd/DERM_175965.jpg,jd,23,23,23,True
/mnt/c/Users/0M SAI RAM/Desktop/project/dataset/archive/derm12345_train_part_2/jd/DERM_796296.jpg,jd,23,23,14,False
/mnt/c/Users/0M SAI RAM/Desktop/project/dataset/archive/derm12345_train_part_2/jd/DERM_790651.jpg,jd,23,23,23,True
/mnt/c/Users/0M SAI RAM/Desktop/project/dataset/archive/derm12345_train_part_2/jd/DERM_185779.jpg,jd,23,23,22,False
/mnt/c/Users/0M SAI RAM/Desktop/project/dataset/archive/derm12345_train_part_2/jd/DERM_999859.jpg,jd,23,23,23,True
/mnt/c/Users/0M SAI RAM/Desktop/project/dataset/archive/derm12345_train_part_2/jd/DERM_605202.jpg,jd,23,23,23,True
/mnt/c/Users/0M SAI RAM/Desktop/project/dataset/archive/derm12345_train_part_2/jd/DERM_742739.jpg,jd,23,23,23,True
/mnt/c/Users/0M SAI RAM/Desktop/project/dataset/archive/derm12345_train_part_2/jd/DERM_175394.jpg,jd,23,23,23,True
/mnt/c/Users/0M SAI RAM/Desktop/project/dataset/archive/derm12345_train_part_2/jd/DERM_494443.jpg,jd,23,23,23,True
/mnt/c/Users/0M SAI RAM/Desktop/project/dataset/archive/derm12345_train_part_2/jd/DERM_947492.jpg,jd,23,23,14,False
/mnt/c/Users/0M SAI RAM/Desktop/project/dataset/archive/derm12345_train_part_2/jd/DERM_535643.jpg,jd,23,23,22,False
/mnt/c/Users/0M SAI RAM/Desktop/project/dataset/archive/derm12345_train_part_2/jd/DERM_623735.jpg,jd,23,23,11,False
/mnt/c/Users/0M SAI RAM/Desktop/project/dataset/archive/derm12345_train_part_2/jd/DERM_537593.jpg,jd,23,23,37,False
/mnt/c/Users/0M SAI RAM/Desktop/project/dataset/archive/derm12345_train_part_2/jd/DERM_811083.jpg,jd,23,23,23,True
/mnt/c/Users/0M SAI RAM/Desktop/project/dataset/archive/derm12345_train_part_2/jd/DERM_108720.jpg,jd,23,23,22,False
/mnt/c/Users/0M SAI RAM/Desktop/project/dataset/archive/derm12345_train_part_2/jd/DERM_283531.jpg,jd,23,23,14,False
/mnt/c/Users/0M SAI RAM/Desktop/project/dataset/archive/derm12345_train_part_2/jd/DERM_391218.jpg,jd,23,23,14,False
/mnt/c/Users/0M SAI RAM/Desktop/project/dataset/archive/derm12345_train_part_2/jd/DERM_153858.jpg,jd,23,23,23,True
/mnt/c/Users/0M SAI RAM/Desktop/project/dataset/archive/derm12345_train_part_2/jd/DERM_712670.jpg,jd,23,23,11,False
/mnt/c/Users/0M SAI RAM/Desktop/project/dataset/archive/derm12345_train_part_2/jd/DERM_388885.jpg,jd,23,23,23,True
/mnt/c/Users/0M SAI RAM/Desktop/project/dataset/archive/derm12345_train_part_2/jd/DERM_104850.jpg,jd,23,23,23,True
/mnt/c/Users/0M SAI RAM/Desktop/project/dataset/archive/derm12345_train_part_2/jd/DERM_875445.jpg,jd,23,23,23,True
/mnt/c/Users/0M SAI RAM/Desktop/project/dataset/archive/derm12345_train_part_2/jd/DERM_892959.jpg,jd,23,23,17,False
/mnt/c/Users/0M SAI RAM/Desktop/project/dataset/archive/derm12345_train_part_2/jd/DERM_207918.jpg,jd,23,23,11,False
/mnt/c/Users/0M SAI RAM/Desktop/project/dataset/archive/derm12345_train_part_2/jd/DERM_581061.jpg,jd,23,23,14,False
/mnt/c/Users/0M SAI RAM/Desktop/project/dataset/archive/derm12345_train_part_2/jd/DERM_151674.jpg,jd,23,23,23,True
/mnt/c/Users/0M SAI RAM/Desktop/project/dataset/archive/derm12345_train_part_2/jd/DERM_476156.jpg,jd,23,23,23,True
/mnt/c/Users/0M SAI RAM/Desktop/project/dataset/archive/derm12345_train_part_2/jd/DERM_664818.jpg,jd,23,23,14,False
/mnt/c/Users/0M SAI RAM/Desktop/project/dataset/archive/derm12345_train_part_2/jd/DERM_189466.jpg,jd,23,23,14,False
/mnt/c/Users/0M SAI RAM/Desktop/project/dataset/archive/derm12345_train_part_2/jd/DERM_717254.jpg,jd,23,23,23,True
/mnt/c/Users/0M SAI RAM/Desktop/project/dataset/archive/derm12345_train_part_2/jd/DERM_552336.jpg,jd,23,23,23,True
/mnt/c/Users/0M SAI RAM/Desktop/project/dataset/archive/derm12345_train_part_2/jd/DERM_238148.jpg,jd,23,23,23,True
/mnt/c/Users/0M SAI RAM/Desktop/project/dataset/archive/derm12345_train_part_2/jd/DERM_651904.jpg,jd,23,23,23,True
/mnt/c/Users/0M SAI RAM/Desktop/project/dataset/archive/derm12345_train_part_2/jd/DERM_830526.jpg,jd,23,23,11,False
/mnt/c/Users/0M SAI RAM/Desktop/project/dataset/archive/derm12345_train_part_2/jd/DERM_387277.jpg,jd,23,23,23,True
/mnt/c/Users/0M SAI RAM/Desktop/project/dataset/archive/derm12345_train_part_2/jd/DERM_443330.jpg,jd,23,23,23,True
/mnt/c/Users/0M SAI RAM/Desktop/project/dataset/archive/derm12345_train_part_2/jd/DERM_805984.jpg,jd,23,23,23,True
/mnt/c/Users/0M SAI RAM/Desktop/project/dataset/archive/derm12345_train_part_2/jd/DERM_492970.jpg,jd,23,23,23,True
/mnt/c/Users/0M SAI RAM/Desktop/project/dataset/archive/derm12345_train_part_2/jd/DERM_403937.jpg,jd,23,23,22,False
/mnt/c/Users/0M SAI RAM/Desktop/project/dataset/archive/derm12345_train_part_2/jd/DERM_233798.jpg,jd,23,23,22,False
/mnt/c/Users/0M SAI RAM/Desktop/project/dataset/archive/derm12345_train_part_2/jd/DERM_638668.jpg,jd,23,23,23,True
/mnt/c/Users/0M SAI RAM/Desktop/project/dataset/archive/derm12345_train_part_2/jd/DERM_638721.jpg,jd,23,23,22,False
/mnt/c/Users/0M SAI RAM/Desktop/project/dataset/archive/derm12345_train_part_2/jd/DERM_507903.jpg,jd,23,23,23,True
/mnt/c/Users/0M SAI RAM/Desktop/project/dataset/archive/derm12345_train_part_2/jd/DERM_864829.jpg,jd,23,23,23,True
/mnt/c/Users/0M SAI RAM/Desktop/project/dataset/archive/derm12345_train_part_2/jd/DERM_823919.jpg,jd,23,23,14,False
/mnt/c/Users/0M SAI RAM/Desktop/project/dataset/archive/derm12345_train_part_2/jd/DERM_743331.jpg,jd,23,23,18,False
/mnt/c/Users/0M SAI RAM/Desktop/project/dataset/archive/derm12345_train_part_2/jd/DERM_303794.jpg,jd,23,23,23,True
/mnt/c/Users/0M SAI RAM/Desktop/project/dataset/archive/derm12345_train_part_2/jd/DERM_586906.jpg,jd,23,23,23,True
/mnt/c/Users/0M SAI RAM/Desktop/project/dataset/archive/derm12345_train_part_2/jd/DERM_804219.jpg,jd,23,23,23,True
/mnt/c/Users/0M SAI RAM/Desktop/project/dataset/archive/derm12345_train_part_2/jd/DERM_571655.jpg,jd,23,23,23,True
/mnt/c/Users/0M SAI RAM/Desktop/project/dataset/archive/derm12345_train_part_2/jd/DERM_131455.jpg,jd,23,23,23,True
/mnt/c/Users/0M SAI RAM/Desktop/project/dataset/archive/derm12345_train_part_2/jd/DERM_897900.jpg,jd,23,23,3,False
/mnt/c/Users/0M SAI RAM/Desktop/project/dataset/archive/derm12345_train_part_2/jd/DERM_324153.jpg,jd,23,23,23,True
/mnt/c/Users/0M SAI RAM/Desktop/project/dataset/archive/derm12345_train_part_2/jd/DERM_858444.jpg,jd,23,23,23,True
/mnt/c/Users/0M SAI RAM/Desktop/project/dataset/archive/derm12345_train_part_2/jd/DERM_333475.jpg,jd,23,23,23,True
/mnt/c/Users/0M SAI RAM/Desktop/project/dataset/archive/derm12345_train_part_2/jd/DERM_759132.jpg,jd,23,23,23,True
/mnt/c/Users/0M SAI RAM/Desktop/project/dataset/archive/derm12345_train_part_2/jd/DERM_828726.jpg,jd,23,23,23,True
/mnt/c/Users/0M SAI RAM/Desktop/project/dataset/archive/derm12345_train_part_2/jd/DERM_317529.jpg,jd,23,23,22,False
/mnt/c/Users/0M SAI RAM/Desktop/project/dataset/archive/derm12345_train_part_2/jd/DERM_836615.jpg,jd,23,23,30,False
/mnt/c/Users/0M SAI RAM/Desktop/project/dataset/archive/derm12345_train_part_2/jd/DERM_634376.jpg,jd,23,23,23,True
/mnt/c/Users/0M SAI RAM/Desktop/project/dataset/archive/derm12345_train_part_2/jd/DERM_862828.jpg,jd,23,23,22,False
/mnt/c/Users/0M SAI RAM/Desktop/project/dataset/archive/derm12345_train_part_2/jd/DERM_946707.jpg,jd,23,23,23,True
/mnt/c/Users/0M SAI RAM/Desktop/project/dataset/archive/derm12345_train_part_2/jd/DERM_531811.jpg,jd,23,23,23,True
/mnt/c/Users/0M SAI RAM/Desktop/project/dataset/archive/derm12345_train_part_2/jd/DERM_341918.jpg,jd,23,23,23,True
/mnt/c/Users/0M SAI RAM/Desktop/project/dataset/archive/derm12345_train_part_2/jd/DERM_102619.jpg,jd,23,23,23,True
/mnt/c/Users/0M SAI RAM/Desktop/project/dataset/archive/derm12345_train_part_2/jd/DERM_359313.jpg,jd,23,23,22,False
/mnt/c/Users/0M SAI RAM/Desktop/project/dataset/archive/derm12345_train_part_2/jd/DERM_452558.jpg,jd,23,23,23,True
/mnt/c/Users/0M SAI RAM/Desktop/project/dataset/archive/derm12345_train_part_2/jd/DERM_816241.jpg,jd,23,23,23,True
/mnt/c/Users/0M SAI RAM/Desktop/project/dataset/archive/derm12345_train_part_2/jd/DERM_925202.jpg,jd,23,23,23,True
/mnt/c/Users/0M SAI RAM/Desktop/project/dataset/archive/derm12345_train_part_2/jd/DERM_673313.jpg,jd,23,23,23,True
/mnt/c/Users/0M SAI RAM/Desktop/project/dataset/archive/derm12345_train_part_2/jd/DERM_324092.jpg,jd,23,23,23,True
/mnt/c/Users/0M SAI RAM/Desktop/project/dataset/archive/derm12345_train_part_2/jd/DERM_349910.jpg,jd,23,23,11,False
/mnt/c/Users/0M SAI RAM/Desktop/project/dataset/archive/derm12345_train_part_2/jd/DERM_527748.jpg,jd,23,23,23,True
/mnt/c/Users/0M SAI RAM/Desktop/project/dataset/archive/derm12345_train_part_2/jd/DERM_940036.jpg,jd,23,23,14,False
/mnt/c/Users/0M SAI RAM/Desktop/project/dataset/archive/derm12345_train_part_2/jd/DERM_274166.jpg,jd,23,23,23,True
/mnt/c/Users/0M SAI RAM/Desktop/project/dataset/archive/derm12345_train_part_2/jd/DERM_854371.jpg,jd,23,23,23,True
/mnt/c/Users/0M SAI RAM/Desktop/project/dataset/archive/derm12345_train_part_2/jd/DERM_915777.jpg,jd,23,23,23,True
/mnt/c/Users/0M SAI RAM/Desktop/project/dataset/archive/derm12345_train_part_2/jd/DERM_995913.jpg,jd,23,23,14,False
/mnt/c/Users/0M SAI RAM/Desktop/project/dataset/archive/derm12345_train_part_2/jd/DERM_609349.jpg,jd,23,23,12,False
/mnt/c/Users/0M SAI RAM/Desktop/project/dataset/archive/derm12345_train_part_2/jd/DERM_915035.jpg,jd,23,23,22,False
/mnt/c/Users/0M SAI RAM/Desktop/project/dataset/archive/derm12345_train_part_2/jd/DERM_581274.jpg,jd,23,23,23,True
/mnt/c/Users/0M SAI RAM/Desktop/project/dataset/archive/derm12345_train_part_2/jd/DERM_425181.jpg,jd,23,23,23,True
/mnt/c/Users/0M SAI RAM/Desktop/project/dataset/archive/derm12345_train_part_2/jd/DERM_413091.jpg,jd,23,23,22,False
/mnt/c/Users/0M SAI RAM/Desktop/project/dataset/archive/derm12345_train_part_2/jd/DERM_236013.jpg,jd,23,23,23,True
/mnt/c/Users/0M SAI RAM/Desktop/project/dataset/archive/derm12345_train_part_2/jd/DERM_836367.jpg,jd,23,23,22,False
/mnt/c/Users/0M SAI RAM/Desktop/project/dataset/archive/derm12345_train_part_2/jd/DERM_611370.jpg,jd,23,23,23,True
/mnt/c/Users/0M SAI RAM/Desktop/project/dataset/archive/derm12345_train_part_2/jd/DERM_580193.jpg,jd,23,23,23,True
/mnt/c/Users/0M SAI RAM/Desktop/project/dataset/archive/derm12345_train_part_2/jd/DERM_583486.jpg,jd,23,23,22,False
/mnt/c/Users/0M SAI RAM/Desktop/project/dataset/archive/derm12345_train_part_2/jd/DERM_632121.jpg,jd,23,23,14,False
/mnt/c/Users/0M SAI RAM/Desktop/project/dataset/archive/derm12345_train_part_2/jd/DERM_104803.jpg,jd,23,23,23,True
/mnt/c/Users/0M SAI RAM/Desktop/project/dataset/archive/derm12345_train_part_2/jd/DERM_340336.jpg,jd,23,23,23,True
/mnt/c/Users/0M SAI RAM/Desktop/project/dataset/archive/derm12345_train_part_2/jd/DERM_147388.jpg,jd,23,23,23,True
/mnt/c/Users/0M SAI RAM/Desktop/project/dataset/archive/derm12345_train_part_2/jd/DERM_167366.jpg,jd,23,23,23,True
/mnt/c/Users/0M SAI RAM/Desktop/project/dataset/archive/derm12345_train_part_2/jd/DERM_150762.jpg,jd,23,23,23,True
/mnt/c/Users/0M SAI RAM/Desktop/project/dataset/archive/derm12345_train_part_2/jd/DERM_696883.jpg,jd,23,23,23,True
/mnt/c/Users/0M SAI RAM/Desktop/project/dataset/archive/derm12345_train_part_2/jd/DERM_450428.jpg,jd,23,23,23,True
/mnt/c/Users/0M SAI RAM/Desktop/project/dataset/archive/derm12345_train_part_2/jd/DERM_243094.jpg,jd,23,23,22,False
/mnt/c/Users/0M SAI RAM/Desktop/project/dataset/archive/derm12345_train_part_2/jd/DERM_989711.jpg,jd,23,23,22,False
/mnt/c/Users/0M SAI RAM/Desktop/project/dataset/archive/derm12345_train_part_2/jd/DERM_623605.jpg,jd,23,23,23,True
/mnt/c/Users/0M SAI RAM/Desktop/project/dataset/archive/derm12345_train_part_2/jd/DERM_699293.jpg,jd,23,23,23,True
/mnt/c/Users/0M SAI RAM/Desktop/project/dataset/archive/derm12345_train_part_2/jd/DERM_310854.jpg,jd,23,23,23,True
/mnt/c/Users/0M SAI RAM/Desktop/project/dataset/archive/derm12345_train_part_2/jd/DERM_476445.jpg,jd,23,23,23,True
/mnt/c/Users/0M SAI RAM/Desktop/project/dataset/archive/derm12345_train_part_2/jd/DERM_647966.jpg,jd,23,23,23,True
/mnt/c/Users/0M SAI RAM/Desktop/project/dataset/archive/derm12345_train_part_2/jd/DERM_387894.jpg,jd,23,23,14,False
/mnt/c/Users/0M SAI RAM/Desktop/project/dataset/archive/derm12345_train_part_2/jd/DERM_196395.jpg,jd,23,23,14,False
/mnt/c/Users/0M SAI RAM/Desktop/project/dataset/archive/derm12345_train_part_2/jd/DERM_701659.jpg,jd,23,23,23,True
/mnt/c/Users/0M SAI RAM/Desktop/project/dataset/archive/derm12345_train_part_2/jd/DERM_356524.jpg,jd,23,23,23,True
/mnt/c/Users/0M SAI RAM/Desktop/project/dataset/archive/derm12345_train_part_2/jd/DERM_286321.jpg,jd,23,23,23,True
/mnt/c/Users/0M SAI RAM/Desktop/project/dataset/archive/derm12345_train_part_2/jd/DERM_737739.jpg,jd,23,23,23,True
/mnt/c/Users/0M SAI RAM/Desktop/project/dataset/archive/derm12345_train_part_2/jd/DERM_545036.jpg,jd,23,23,23,True
/mnt/c/Users/0M SAI RAM/Desktop/project/dataset/archive/derm12345_train_part_2/jd/DERM_132378.jpg,jd,23,23,23,True
/mnt/c/Users/0M SAI RAM/Desktop/project/dataset/archive/derm12345_train_part_2/jd/DERM_777316.jpg,jd,23,23,23,True
/mnt/c/Users/0M SAI RAM/Desktop/project/dataset/archive/derm12345_train_part_2/jd/DERM_401047.jpg,jd,23,23,14,False
/mnt/c/Users/0M SAI RAM/Desktop/project/dataset/archive/derm12345_train_part_2/jd/DERM_250396.jpg,jd,23,23,12,False
/mnt/c/Users/0M SAI RAM/Desktop/project/dataset/archive/derm12345_train_part_2/jd/DERM_463684.jpg,jd,23,23,23,True
/mnt/c/Users/0M SAI RAM/Desktop/project/dataset/archive/derm12345_train_part_2/jd/DERM_745097.jpg,jd,23,23,23,True
/mnt/c/Users/0M SAI RAM/Desktop/project/dataset/archive/derm12345_train_part_2/jd/DERM_675220.jpg,jd,23,23,23,True
/mnt/c/Users/0M SAI RAM/Desktop/project/dataset/archive/derm12345_train_part_2/jd/DERM_272461.jpg,jd,23,23,23,True
/mnt/c/Users/0M SAI RAM/Desktop/project/dataset/archive/derm12345_train_part_2/jd/DERM_849390.jpg,jd,23,23,37,False
/mnt/c/Users/0M SAI RAM/Desktop/project/dataset/archive/derm12345_train_part_2/jd/DERM_483782.jpg,jd,23,23,3,False
/mnt/c/Users/0M SAI RAM/Desktop/project/dataset/archive/derm12345_train_part_2/jd/DERM_505408.jpg,jd,23,23,22,False
/mnt/c/Users/0M SAI RAM/Desktop/project/dataset/archive/derm12345_train_part_2/jd/DERM_432411.jpg,jd,23,23,22,False
/mnt/c/Users/0M SAI RAM/Desktop/project/dataset/archive/derm12345_train_part_2/jd/DERM_449480.jpg,jd,23,23,23,True
/mnt/c/Users/0M SAI RAM/Desktop/project/dataset/archive/derm12345_train_part_2/jd/DERM_340398.jpg,jd,23,23,23,True
/mnt/c/Users/0M SAI RAM/Desktop/project/dataset/archive/derm12345_train_part_2/jd/DERM_207041.jpg,jd,23,23,23,True
/mnt/c/Users/0M SAI RAM/Desktop/project/dataset/archive/derm12345_train_part_2/jd/DERM_940733.jpg,jd,23,23,23,True
/mnt/c/Users/0M SAI RAM/Desktop/project/dataset/archive/derm12345_train_part_2/jd/DERM_220830.jpg,jd,23,23,22,False
/mnt/c/Users/0M SAI RAM/Desktop/project/dataset/archive/derm12345_train_part_2/jd/DERM_273812.jpg,jd,23,23,23,True
/mnt/c/Users/0M SAI RAM/Desktop/project/dataset/archive/derm12345_train_part_2/jd/DERM_642831.jpg,jd,23,23,22,False
/mnt/c/Users/0M SAI RAM/Desktop/project/dataset/archive/derm12345_train_part_2/jd/DERM_670975.jpg,jd,23,23,23,True
/mnt/c/Users/0M SAI RAM/Desktop/project/dataset/archive/derm12345_train_part_2/jd/DERM_751176.jpg,jd,23,23,22,False
/mnt/c/Users/0M SAI RAM/Desktop/project/dataset/archive/derm12345_train_part_2/jd/DERM_470136.jpg,jd,23,23,22,False
/mnt/c/Users/0M SAI RAM/Desktop/project/dataset/archive/derm12345_train_part_2/jd/DERM_456341.jpg,jd,23,23,23,True
/mnt/c/Users/0M SAI RAM/Desktop/project/dataset/archive/derm12345_train_part_2/jd/DERM_411978.jpg,jd,23,23,23,True
/mnt/c/Users/0M SAI RAM/Desktop/project/dataset/archive/derm12345_train_part_2/jd/DERM_355912.jpg,jd,23,23,17,False
/mnt/c/Users/0M SAI RAM/Desktop/project/dataset/archive/derm12345_train_part_2/jd/DERM_564098.jpg,jd,23,23,3,False
/mnt/c/Users/0M SAI RAM/Desktop/project/dataset/archive/derm12345_train_part_2/jd/DERM_962795.jpg,jd,23,23,23,True
/mnt/c/Users/0M SAI RAM/Desktop/project/dataset/archive/derm12345_train_part_2/jd/DERM_638187.jpg,jd,23,23,22,False
/mnt/c/Users/0M SAI RAM/Desktop/project/dataset/archive/derm12345_train_part_2/jd/DERM_469784.jpg,jd,23,23,23,True
/mnt/c/Users/0M SAI RAM/Desktop/project/dataset/archive/derm12345_train_part_2/jd/DERM_547287.jpg,jd,23,23,23,True
/mnt/c/Users/0M SAI RAM/Desktop/project/dataset/archive/derm12345_train_part_2/jd/DERM_810596.jpg,jd,23,23,23,True
/mnt/c/Users/0M SAI RAM/Desktop/project/dataset/archive/derm12345_train_part_2/jd/DERM_985473.jpg,jd,23,23,22,False
/mnt/c/Users/0M SAI RAM/Desktop/project/dataset/archive/derm12345_train_part_2/jd/DERM_286981.jpg,jd,23,23,23,True
/mnt/c/Users/0M SAI RAM/Desktop/project/dataset/archive/derm12345_train_part_2/jd/DERM_366765.jpg,jd,23,23,23,True
/mnt/c/Users/0M SAI RAM/Desktop/project/dataset/archive/derm12345_train_part_2/jd/DERM_404180.jpg,jd,23,23,23,True
/mnt/c/Users/0M SAI RAM/Desktop/project/dataset/archive/derm12345_train_part_2/jd/DERM_386442.jpg,jd,23,23,22,False
/mnt/c/Users/0M SAI RAM/Desktop/project/dataset/archive/derm12345_train_part_2/jd/DERM_697787.jpg,jd,23,23,23,True
/mnt/c/Users/0M SAI RAM/Desktop/project/dataset/archive/derm12345_train_part_2/jd/DERM_409552.jpg,jd,23,23,23,True
/mnt/c/Users/0M SAI RAM/Desktop/project/dataset/archive/derm12345_train_part_2/jd/DERM_576953.jpg,jd,23,23,23,True
/mnt/c/Users/0M SAI RAM/Desktop/project/dataset/archive/derm12345_train_part_2/jd/DERM_127284.jpg,jd,23,23,37,False
/mnt/c/Users/0M SAI RAM/Desktop/project/dataset/archive/derm12345_train_part_2/jd/DERM_942641.jpg,jd,23,23,23,True
/mnt/c/Users/0M SAI RAM/Desktop/project/dataset/archive/derm12345_train_part_2/jd/DERM_222803.jpg,jd,23,23,16,False
/mnt/c/Users/0M SAI RAM/Desktop/project/dataset/archive/derm12345_train_part_2/jd/DERM_196639.jpg,jd,23,23,22,False
/mnt/c/Users/0M SAI RAM/Desktop/project/dataset/archive/derm12345_train_part_2/jd/DERM_872859.jpg,jd,23,23,23,True
/mnt/c/Users/0M SAI RAM/Desktop/project/dataset/archive/derm12345_train_part_2/jd/DERM_681949.jpg,jd,23,23,17,False
/mnt/c/Users/0M SAI RAM/Desktop/project/dataset/archive/derm12345_train_part_2/jd/DERM_162457.jpg,jd,23,23,23,True
/mnt/c/Users/0M SAI RAM/Desktop/project/dataset/archive/derm12345_train_part_2/jd/DERM_125132.jpg,jd,23,23,23,True
/mnt/c/Users/0M SAI RAM/Desktop/project/dataset/archive/derm12345_train_part_2/jd/DERM_766694.jpg,jd,23,23,23,True
/mnt/c/Users/0M SAI RAM/Desktop/project/dataset/archive/derm12345_train_part_2/jd/DERM_184540.jpg,jd,23,23,22,False
/mnt/c/Users/0M SAI RAM/Desktop/project/dataset/archive/derm12345_train_part_2/jd/DERM_176712.jpg,jd,23,23,23,True
/mnt/c/Users/0M SAI RAM/Desktop/project/dataset/archive/derm12345_train_part_2/jd/DERM_661664.jpg,jd,23,23,23,True
/mnt/c/Users/0M SAI RAM/Desktop/project/dataset/archive/derm12345_train_part_2/jd/DERM_151850.jpg,jd,23,23,23,True
/mnt/c/Users/0M SAI RAM/Desktop/project/dataset/archive/derm12345_train_part_2/jd/DERM_468468.jpg,jd,23,23,22,False
/mnt/c/Users/0M SAI RAM/Desktop/project/dataset/archive/derm12345_train_part_2/jd/DERM_250597.jpg,jd,23,23,22,False
/mnt/c/Users/0M SAI RAM/Desktop/project/dataset/archive/derm12345_train_part_2/jd/DERM_516383.jpg,jd,23,23,23,True
/mnt/c/Users/0M SAI RAM/Desktop/project/dataset/archive/derm12345_train_part_2/jd/DERM_178023.jpg,jd,23,23,23,True
/mnt/c/Users/0M SAI RAM/Desktop/project/dataset/archive/derm12345_train_part_2/jd/DERM_182683.jpg,jd,23,23,22,False
/mnt/c/Users/0M SAI RAM/Desktop/project/dataset/archive/derm12345_train_part_2/jd/DERM_575385.jpg,jd,23,23,23,True
/mnt/c/Users/0M SAI RAM/Desktop/project/dataset/archive/derm12345_train_part_2/jd/DERM_895463.jpg,jd,23,23,14,False
/mnt/c/Users/0M SAI RAM/Desktop/project/dataset/archive/derm12345_train_part_2/jd/DERM_686747.jpg,jd,23,23,23,True
/mnt/c/Users/0M SAI RAM/Desktop/project/dataset/archive/derm12345_train_part_2/jd/DERM_137246.jpg,jd,23,23,23,True
/mnt/c/Users/0M SAI RAM/Desktop/project/dataset/archive/derm12345_train_part_2/jd/DERM_761780.jpg,jd,23,23,23,True
/mnt/c/Users/0M SAI RAM/Desktop/project/dataset/archive/derm12345_train_part_2/jd/DERM_946548.jpg,jd,23,23,23,True
/mnt/c/Users/0M SAI RAM/Desktop/project/dataset/archive/derm12345_train_part_2/jd/DERM_845135.jpg,jd,23,23,22,False
/mnt/c/Users/0M SAI RAM/Desktop/project/dataset/archive/derm12345_train_part_2/jd/DERM_122468.jpg,jd,23,23,23,True
/mnt/c/Users/0M SAI RAM/Desktop/project/dataset/archive/derm12345_train_part_2/jd/DERM_302550.jpg,jd,23,23,23,True
/mnt/c/Users/0M SAI RAM/Desktop/project/dataset/archive/derm12345_train_part_2/jd/DERM_484696.jpg,jd,23,23,23,True
/mnt/c/Users/0M SAI RAM/Desktop/project/dataset/archive/derm12345_train_part_2/jd/DERM_767685.jpg,jd,23,23,23,True
/mnt/c/Users/0M SAI RAM/Desktop/project/dataset/archive/derm12345_train_part_2/jd/DERM_839839.jpg,jd,23,23,22,False
/mnt/c/Users/0M SAI RAM/Desktop/project/dataset/archive/derm12345_train_part_2/jd/DERM_797720.jpg,jd,23,23,11,False
/mnt/c/Users/0M SAI RAM/Desktop/project/dataset/archive/derm12345_train_part_2/jd/DERM_240087.jpg,jd,23,23,23,True
/mnt/c/Users/0M SAI RAM/Desktop/project/dataset/archive/derm12345_train_part_2/jd/DERM_720125.jpg,jd,23,23,23,True
/mnt/c/Users/0M SAI RAM/Desktop/project/dataset/archive/derm12345_train_part_2/jd/DERM_484204.jpg,jd,23,23,23,True
/mnt/c/Users/0M SAI RAM/Desktop/project/dataset/archive/derm12345_train_part_2/jd/DERM_751759.jpg,jd,23,23,23,True
/mnt/c/Users/0M SAI RAM/Desktop/project/dataset/archive/derm12345_train_part_2/jd/DERM_973199.jpg,jd,23,23,23,True
/mnt/c/Users/0M SAI RAM/Desktop/project/dataset/archive/derm12345_train_part_2/jd/DERM_842092.jpg,jd,23,23,14,False
/mnt/c/Users/0M SAI RAM/Desktop/project/dataset/archive/derm12345_train_part_2/jd/DERM_398189.jpg,jd,23,23,23,True
/mnt/c/Users/0M SAI RAM/Desktop/project/dataset/archive/derm12345_train_part_2/jd/DERM_418610.jpg,jd,23,23,23,True
/mnt/c/Users/0M SAI RAM/Desktop/project/dataset/archive/derm12345_train_part_2/jd/DERM_299828.jpg,jd,23,23,23,True
/mnt/c/Users/0M SAI RAM/Desktop/project/dataset/archive/derm12345_train_part_2/jd/DERM_402466.jpg,jd,23,23,23,True
/mnt/c/Users/0M SAI RAM/Desktop/project/dataset/archive/derm12345_train_part_2/jd/DERM_300769.jpg,jd,23,23,23,True
/mnt/c/Users/0M SAI RAM/Desktop/project/dataset/archive/derm12345_train_part_2/jd/DERM_508838.jpg,jd,23,23,23,True
/mnt/c/Users/0M SAI RAM/Desktop/project/dataset/archive/derm12345_train_part_2/jd/DERM_764166.jpg,jd,23,23,22,False
/mnt/c/Users/0M SAI RAM/Desktop/project/dataset/archive/derm12345_train_part_2/jd/DERM_513072.jpg,jd,23,23,23,True
/mnt/c/Users/0M SAI RAM/Desktop/project/dataset/archive/derm12345_train_part_2/jd/DERM_652207.jpg,jd,23,23,23,True
/mnt/c/Users/0M SAI RAM/Desktop/project/dataset/archive/derm12345_train_part_2/jd/DERM_542194.jpg,jd,23,23,23,True
/mnt/c/Users/0M SAI RAM/Desktop/project/dataset/archive/derm12345_train_part_2/jd/DERM_777931.jpg,jd,23,23,23,True
/mnt/c/Users/0M SAI RAM/Desktop/project/dataset/archive/derm12345_train_part_2/jd/DERM_112669.jpg,jd,23,23,23,True
/mnt/c/Users/0M SAI RAM/Desktop/project/dataset/archive/derm12345_train_part_2/jd/DERM_909932.jpg,jd,23,23,23,True
/mnt/c/Users/0M SAI RAM/Desktop/project/dataset/archive/derm12345_train_part_2/jd/DERM_359785.jpg,jd,23,23,23,True
/mnt/c/Users/0M SAI RAM/Desktop/project/dataset/archive/derm12345_train_part_2/jd/DERM_170482.jpg,jd,23,23,23,True
/mnt/c/Users/0M SAI RAM/Desktop/project/dataset/archive/derm12345_train_part_2/jd/DERM_770135.jpg,jd,23,23,22,False
/mnt/c/Users/0M SAI RAM/Desktop/project/dataset/archive/derm12345_train_part_2/jd/DERM_794118.jpg,jd,23,23,23,True
/mnt/c/Users/0M SAI RAM/Desktop/project/dataset/archive/derm12345_train_part_2/jd/DERM_441531.jpg,jd,23,23,23,True
/mnt/c/Users/0M SAI RAM/Desktop/project/dataset/archive/derm12345_train_part_2/jd/DERM_446419.jpg,jd,23,23,23,True
/mnt/c/Users/0M SAI RAM/Desktop/project/dataset/archive/derm12345_train_part_2/jd/DERM_486057.jpg,jd,23,23,23,True
/mnt/c/Users/0M SAI RAM/Desktop/project/dataset/archive/derm12345_train_part_2/jd/DERM_992601.jpg,jd,23,23,23,True
/mnt/c/Users/0M SAI RAM/Desktop/project/dataset/archive/derm12345_train_part_2/jd/DERM_115710.jpg,jd,23,23,23,True
/mnt/c/Users/0M SAI RAM/Desktop/project/dataset/archive/derm12345_train_part_2/jd/DERM_964455.jpg,jd,23,23,23,True
/mnt/c/Users/0M SAI RAM/Desktop/project/dataset/archive/derm12345_train_part_2/jd/DERM_449644.jpg,jd,23,23,23,True
/mnt/c/Users/0M SAI RAM/Desktop/project/dataset/archive/derm12345_train_part_2/jd/DERM_847132.jpg,jd,23,23,23,True
/mnt/c/Users/0M SAI RAM/Desktop/project/dataset/archive/derm12345_train_part_2/jd/DERM_941313.jpg,jd,23,23,23,True
/mnt/c/Users/0M SAI RAM/Desktop/project/dataset/archive/derm12345_train_part_2/jd/DERM_244774.jpg,jd,23,23,22,False
/mnt/c/Users/0M SAI RAM/Desktop/project/dataset/archive/derm12345_train_part_2/jd/DERM_131465.jpg,jd,23,23,22,False
/mnt/c/Users/0M SAI RAM/Desktop/project/dataset/archive/derm12345_train_part_2/jd/DERM_684134.jpg,jd,23,23,23,True
/mnt/c/Users/0M SAI RAM/Desktop/project/dataset/archive/derm12345_train_part_2/jd/DERM_707030.jpg,jd,23,23,23,True
/mnt/c/Users/0M SAI RAM/Desktop/project/dataset/archive/derm12345_train_part_2/jd/DERM_575323.jpg,jd,23,23,11,False
/mnt/c/Users/0M SAI RAM/Desktop/project/dataset/archive/derm12345_train_part_2/jd/DERM_420666.jpg,jd,23,23,23,True
/mnt/c/Users/0M SAI RAM/Desktop/project/dataset/archive/derm12345_train_part_2/jd/DERM_982099.jpg,jd,23,23,23,True
/mnt/c/Users/0M SAI RAM/Desktop/project/dataset/archive/derm12345_train_part_2/jd/DERM_377637.jpg,jd,23,23,11,False
/mnt/c/Users/0M SAI RAM/Desktop/project/dataset/archive/derm12345_train_part_2/jd/DERM_223590.jpg,jd,23,23,23,True
/mnt/c/Users/0M SAI RAM/Desktop/project/dataset/archive/derm12345_train_part_2/jd/DERM_440721.jpg,jd,23,23,23,True
/mnt/c/Users/0M SAI RAM/Desktop/project/dataset/archive/derm12345_train_part_2/jd/DERM_815088.jpg,jd,23,23,23,True
/mnt/c/Users/0M SAI RAM/Desktop/project/dataset/archive/derm12345_train_part_2/jd/DERM_426776.jpg,jd,23,23,23,True
/mnt/c/Users/0M SAI RAM/Desktop/project/dataset/archive/derm12345_train_part_2/jd/DERM_616706.jpg,jd,23,23,23,True
/mnt/c/Users/0M SAI RAM/Desktop/project/dataset/archive/derm12345_train_part_2/jd/DERM_979838.jpg,jd,23,23,14,False
/mnt/c/Users/0M SAI RAM/Desktop/project/dataset/archive/derm12345_train_part_2/jd/DERM_814111.jpg,jd,23,23,23,True
/mnt/c/Users/0M SAI RAM/Desktop/project/dataset/archive/derm12345_train_part_2/jd/DERM_631335.jpg,jd,23,23,23,True
/mnt/c/Users/0M SAI RAM/Desktop/project/dataset/archive/derm12345_train_part_2/jd/DERM_661123.jpg,jd,23,23,30,False
/mnt/c/Users/0M SAI RAM/Desktop/project/dataset/archive/derm12345_train_part_2/jd/DERM_364158.jpg,jd,23,23,22,False
/mnt/c/Users/0M SAI RAM/Desktop/project/dataset/archive/derm12345_train_part_2/jd/DERM_564820.jpg,jd,23,23,22,False
/mnt/c/Users/0M SAI RAM/Desktop/project/dataset/archive/derm12345_train_part_2/jd/DERM_380327.jpg,jd,23,23,23,True
/mnt/c/Users/0M SAI RAM/Desktop/project/dataset/archive/derm12345_train_part_2/jd/DERM_538397.jpg,jd,23,23,22,False
/mnt/c/Users/0M SAI RAM/Desktop/project/dataset/archive/derm12345_train_part_2/jd/DERM_186154.jpg,jd,23,23,23,True
/mnt/c/Users/0M SAI RAM/Desktop/project/dataset/archive/derm12345_train_part_2/jd/DERM_297967.jpg,jd,23,23,22,False
/mnt/c/Users/0M SAI RAM/Desktop/project/dataset/archive/derm12345_train_part_2/jd/DERM_657729.jpg,jd,23,23,23,True
/mnt/c/Users/0M SAI RAM/Desktop/project/dataset/archive/derm12345_train_part_2/jd/DERM_649167.jpg,jd,23,23,23,True
/mnt/c/Users/0M SAI RAM/Desktop/project/dataset/archive/derm12345_train_part_2/jd/DERM_259152.jpg,jd,23,23,23,True
/mnt/c/Users/0M SAI RAM/Desktop/project/dataset/archive/derm12345_train_part_2/jd/DERM_700882.jpg,jd,23,23,23,True
/mnt/c/Users/0M SAI RAM/Desktop/project/dataset/archive/derm12345_train_part_2/jd/DERM_799729.jpg,jd,23,23,14,False
/mnt/c/Users/0M SAI RAM/Desktop/project/dataset/archive/derm12345_train_part_2/jd/DERM_371011.jpg,jd,23,23,23,True
/mnt/c/Users/0M SAI RAM/Desktop/project/dataset/archive/derm12345_train_part_2/jd/DERM_902369.jpg,jd,23,23,23,True
/mnt/c/Users/0M SAI RAM/Desktop/project/dataset/archive/derm12345_train_part_2/jd/DERM_586315.jpg,jd,23,23,23,True
/mnt/c/Users/0M SAI RAM/Desktop/project/dataset/archive/derm12345_train_part_2/jd/DERM_104403.jpg,jd,23,23,23,True
/mnt/c/Users/0M SAI RAM/Desktop/project/dataset/archive/derm12345_train_part_2/jd/DERM_237491.jpg,jd,23,23,23,True
/mnt/c/Users/0M SAI RAM/Desktop/project/dataset/archive/derm12345_train_part_2/jd/DERM_514070.jpg,jd,23,23,23,True
/mnt/c/Users/0M SAI RAM/Desktop/project/dataset/archive/derm12345_train_part_2/jd/DERM_709405.jpg,jd,23,23,12,False
/mnt/c/Users/0M SAI RAM/Desktop/project/dataset/archive/derm12345_train_part_2/jd/DERM_937340.jpg,jd,23,23,23,True
/mnt/c/Users/0M SAI RAM/Desktop/project/dataset/archive/derm12345_train_part_2/jd/DERM_553182.jpg,jd,23,23,12,False
/mnt/c/Users/0M SAI RAM/Desktop/project/dataset/archive/derm12345_train_part_2/jd/DERM_175584.jpg,jd,23,23,23,True
/mnt/c/Users/0M SAI RAM/Desktop/project/dataset/archive/derm12345_train_part_2/jd/DERM_777939.jpg,jd,23,23,23,True
/mnt/c/Users/0M SAI RAM/Desktop/project/dataset/archive/derm12345_train_part_2/jd/DERM_969749.jpg,jd,23,23,22,False
/mnt/c/Users/0M SAI RAM/Desktop/project/dataset/archive/derm12345_train_part_2/jd/DERM_176161.jpg,jd,23,23,23,True
/mnt/c/Users/0M SAI RAM/Desktop/project/dataset/archive/derm12345_train_part_2/jd/DERM_143772.jpg,jd,23,23,23,True
/mnt/c/Users/0M SAI RAM/Desktop/project/dataset/archive/derm12345_train_part_2/jd/DERM_705187.jpg,jd,23,23,23,True
/mnt/c/Users/0M SAI RAM/Desktop/project/dataset/archive/derm12345_train_part_2/jd/DERM_116519.jpg,jd,23,23,23,True
/mnt/c/Users/0M SAI RAM/Desktop/project/dataset/archive/derm12345_train_part_2/jd/DERM_507374.jpg,jd,23,23,23,True
/mnt/c/Users/0M SAI RAM/Desktop/project/dataset/archive/derm12345_train_part_2/jd/DERM_178957.jpg,jd,23,23,17,False
/mnt/c/Users/0M SAI RAM/Desktop/project/dataset/archive/derm12345_train_part_2/jd/DERM_375983.jpg,jd,23,23,23,True
/mnt/c/Users/0M SAI RAM/Desktop/project/dataset/archive/derm12345_train_part_2/jd/DERM_679189.jpg,jd,23,23,23,True
/mnt/c/Users/0M SAI RAM/Desktop/project/dataset/archive/derm12345_train_part_2/jd/DERM_696721.jpg,jd,23,23,23,True
/mnt/c/Users/0M SAI RAM/Desktop/project/dataset/archive/derm12345_train_part_2/jd/DERM_897844.jpg,jd,23,23,14,False
/mnt/c/Users/0M SAI RAM/Desktop/project/dataset/archive/derm12345_train_part_2/jd/DERM_371472.jpg,jd,23,23,11,False
/mnt/c/Users/0M SAI RAM/Desktop/project/dataset/archive/derm12345_train_part_2/jd/DERM_611975.jpg,jd,23,23,23,True
/mnt/c/Users/0M SAI RAM/Desktop/project/dataset/archive/derm12345_train_part_2/jd/DERM_876496.jpg,jd,23,23,11,False
/mnt/c/Users/0M SAI RAM/Desktop/project/dataset/archive/derm12345_train_part_2/jd/DERM_565966.jpg,jd,23,23,23,True
/mnt/c/Users/0M SAI RAM/Desktop/project/dataset/archive/derm12345_train_part_2/jd/DERM_608529.jpg,jd,23,23,23,True
/mnt/c/Users/0M SAI RAM/Desktop/project/dataset/archive/derm12345_train_part_2/jd/DERM_584720.jpg,jd,23,23,23,True
/mnt/c/Users/0M SAI RAM/Desktop/project/dataset/archive/derm12345_train_part_2/jd/DERM_293971.jpg,jd,23,23,2,False
/mnt/c/Users/0M SAI RAM/Desktop/project/dataset/archive/derm12345_train_part_2/jd/DERM_948192.jpg,jd,23,23,23,True
/mnt/c/Users/0M SAI RAM/Desktop/project/dataset/archive/derm12345_train_part_2/jd/DERM_539173.jpg,jd,23,23,23,True
/mnt/c/Users/0M SAI RAM/Desktop/project/dataset/archive/derm12345_train_part_2/jd/DERM_820882.jpg,jd,23,23,23,True
/mnt/c/Users/0M SAI RAM/Desktop/project/dataset/archive/derm12345_train_part_2/jd/DERM_508671.jpg,jd,23,23,23,True
/mnt/c/Users/0M SAI RAM/Desktop/project/dataset/archive/derm12345_train_part_2/jd/DERM_517235.jpg,jd,23,23,23,True
/mnt/c/Users/0M SAI RAM/Desktop/project/dataset/archive/derm12345_train_part_2/jd/DERM_122487.jpg,jd,23,23,23,True
/mnt/c/Users/0M SAI RAM/Desktop/project/dataset/archive/derm12345_train_part_2/jd/DERM_549321.jpg,jd,23,23,11,False
/mnt/c/Users/0M SAI RAM/Desktop/project/dataset/archive/derm12345_train_part_2/jd/DERM_549768.jpg,jd,23,23,11,False
/mnt/c/Users/0M SAI RAM/Desktop/project/dataset/archive/derm12345_train_part_2/jd/DERM_787465.jpg,jd,23,23,23,True
/mnt/c/Users/0M SAI RAM/Desktop/project/dataset/archive/derm12345_train_part_2/jd/DERM_721899.jpg,jd,23,23,23,True
/mnt/c/Users/0M SAI RAM/Desktop/project/dataset/archive/derm12345_train_part_2/jd/DERM_753082.jpg,jd,23,23,23,True
/mnt/c/Users/0M SAI RAM/Desktop/project/dataset/archive/derm12345_train_part_2/jd/DERM_918644.jpg,jd,23,23,22,False
/mnt/c/Users/0M SAI RAM/Desktop/project/dataset/archive/derm12345_train_part_2/jd/DERM_861234.jpg,jd,23,23,17,False
/mnt/c/Users/0M SAI RAM/Desktop/project/dataset/archive/derm12345_train_part_2/jd/DERM_942063.jpg,jd,23,23,22,False
/mnt/c/Users/0M SAI RAM/Desktop/project/dataset/archive/derm12345_train_part_2/jd/DERM_302834.jpg,jd,23,23,23,True
/mnt/c/Users/0M SAI RAM/Desktop/project/dataset/archive/derm12345_train_part_2/jd/DERM_393830.jpg,jd,23,23,11,False
/mnt/c/Users/0M SAI RAM/Desktop/project/dataset/archive/derm12345_train_part_2/jd/DERM_266310.jpg,jd,23,23,11,False
/mnt/c/Users/0M SAI RAM/Desktop/project/dataset/archive/derm12345_train_part_2/jd/DERM_641652.jpg,jd,23,23,22,False
/mnt/c/Users/0M SAI RAM/Desktop/project/dataset/archive/derm12345_train_part_2/jd/DERM_429804.jpg,jd,23,23,22,False
/mnt/c/Users/0M SAI RAM/Desktop/project/dataset/archive/derm12345_train_part_2/jd/DERM_762939.jpg,jd,23,23,23,True
/mnt/c/Users/0M SAI RAM/Desktop/project/dataset/archive/derm12345_train_part_2/jd/DERM_820060.jpg,jd,23,23,14,False
/mnt/c/Users/0M SAI RAM/Desktop/project/dataset/archive/derm12345_train_part_2/jd/DERM_445782.jpg,jd,23,23,23,True
/mnt/c/Users/0M SAI RAM/Desktop/project/dataset/archive/derm12345_train_part_2/jd/DERM_427120.jpg,jd,23,23,22,False
/mnt/c/Users/0M SAI RAM/Desktop/project/dataset/archive/derm12345_train_part_2/jd/DERM_455931.jpg,jd,23,23,23,True
/mnt/c/Users/0M SAI RAM/Desktop/project/dataset/archive/derm12345_train_part_2/jd/DERM_720700.jpg,jd,23,23,23,True
/mnt/c/Users/0M SAI RAM/Desktop/project/dataset/archive/derm12345_train_part_2/jd/DERM_759366.jpg,jd,23,23,23,True
/mnt/c/Users/0M SAI RAM/Desktop/project/dataset/archive/derm12345_train_part_2/jd/DERM_832357.jpg,jd,23,23,22,False
/mnt/c/Users/0M SAI RAM/Desktop/project/dataset/archive/derm12345_train_part_2/jd/DERM_947340.jpg,jd,23,23,22,False
/mnt/c/Users/0M SAI RAM/Desktop/project/dataset/archive/derm12345_train_part_2/jd/DERM_850172.jpg,jd,23,23,22,False
/mnt/c/Users/0M SAI RAM/Desktop/project/dataset/archive/derm12345_train_part_2/jd/DERM_826781.jpg,jd,23,23,14,False
/mnt/c/Users/0M SAI RAM/Desktop/project/dataset/archive/derm12345_train_part_2/jd/DERM_654043.jpg,jd,23,23,23,True
/mnt/c/Users/0M SAI RAM/Desktop/project/dataset/archive/derm12345_train_part_2/jd/DERM_375207.jpg,jd,23,23,23,True
/mnt/c/Users/0M SAI RAM/Desktop/project/dataset/archive/derm12345_train_part_2/jd/DERM_905066.jpg,jd,23,23,23,True
/mnt/c/Users/0M SAI RAM/Desktop/project/dataset/archive/derm12345_train_part_2/jd/DERM_866687.jpg,jd,23,23,22,False
/mnt/c/Users/0M SAI RAM/Desktop/project/dataset/archive/derm12345_train_part_2/jd/DERM_917405.jpg,jd,23,23,14,False
/mnt/c/Users/0M SAI RAM/Desktop/project/dataset/archive/derm12345_train_part_2/jd/DERM_153793.jpg,jd,23,23,23,True
/mnt/c/Users/0M SAI RAM/Desktop/project/dataset/archive/derm12345_train_part_2/jd/DERM_252429.jpg,jd,23,23,23,True
/mnt/c/Users/0M SAI RAM/Desktop/project/dataset/archive/derm12345_train_part_2/jd/DERM_753834.jpg,jd,23,23,23,True
/mnt/c/Users/0M SAI RAM/Desktop/project/dataset/archive/derm12345_train_part_2/jd/DERM_818744.jpg,jd,23,23,23,True
/mnt/c/Users/0M SAI RAM/Desktop/project/dataset/archive/derm12345_train_part_2/jd/DERM_742421.jpg,jd,23,23,14,False
/mnt/c/Users/0M SAI RAM/Desktop/project/dataset/archive/derm12345_train_part_2/jd/DERM_158035.jpg,jd,23,23,23,True
/mnt/c/Users/0M SAI RAM/Desktop/project/dataset/archive/derm12345_train_part_2/jd/DERM_463107.jpg,jd,23,23,23,True
/mnt/c/Users/0M SAI RAM/Desktop/project/dataset/archive/derm12345_train_part_2/jd/DERM_131584.jpg,jd,23,23,10,False
/mnt/c/Users/0M SAI RAM/Desktop/project/dataset/archive/derm12345_train_part_2/jd/DERM_938026.jpg,jd,23,23,23,True
/mnt/c/Users/0M SAI RAM/Desktop/project/dataset/archive/derm12345_train_part_2/jd/DERM_279275.jpg,jd,23,23,11,False
/mnt/c/Users/0M SAI RAM/Desktop/project/dataset/archive/derm12345_train_part_2/jd/DERM_828615.jpg,jd,23,23,23,True
/mnt/c/Users/0M SAI RAM/Desktop/project/dataset/archive/derm12345_train_part_2/jd/DERM_257864.jpg,jd,23,23,14,False
/mnt/c/Users/0M SAI RAM/Desktop/project/dataset/archive/derm12345_train_part_2/jd/DERM_966483.jpg,jd,23,23,23,True
/mnt/c/Users/0M SAI RAM/Desktop/project/dataset/archive/derm12345_train_part_2/jd/DERM_491710.jpg,jd,23,23,23,True
/mnt/c/Users/0M SAI RAM/Desktop/project/dataset/archive/derm12345_train_part_2/jd/DERM_199923.jpg,jd,23,23,23,True
/mnt/c/Users/0M SAI RAM/Desktop/project/dataset/archive/derm12345_train_part_2/jd/DERM_204008.jpg,jd,23,23,23,True
/mnt/c/Users/0M SAI RAM/Desktop/project/dataset/archive/derm12345_train_part_2/jd/DERM_876349.jpg,jd,23,23,22,False
/mnt/c/Users/0M SAI RAM/Desktop/project/dataset/archive/derm12345_train_part_2/jd/DERM_800639.jpg,jd,23,23,23,True
/mnt/c/Users/0M SAI RAM/Desktop/project/dataset/archive/derm12345_train_part_2/jd/DERM_181072.jpg,jd,23,23,23,True
/mnt/c/Users/0M SAI RAM/Desktop/project/dataset/archive/derm12345_train_part_2/jd/DERM_706278.jpg,jd,23,23,23,True
/mnt/c/Users/0M SAI RAM/Desktop/project/dataset/archive/derm12345_train_part_2/jd/DERM_626563.jpg,jd,23,23,23,True
/mnt/c/Users/0M SAI RAM/Desktop/project/dataset/archive/derm12345_train_part_2/jd/DERM_901933.jpg,jd,23,23,23,True
/mnt/c/Users/0M SAI RAM/Desktop/project/dataset/archive/derm12345_train_part_2/jd/DERM_641915.jpg,jd,23,23,23,True
/mnt/c/Users/0M SAI RAM/Desktop/project/dataset/archive/derm12345_train_part_2/jd/DERM_779334.jpg,jd,23,23,22,False
/mnt/c/Users/0M SAI RAM/Desktop/project/dataset/archive/derm12345_train_part_2/jd/DERM_324238.jpg,jd,23,23,22,False
/mnt/c/Users/0M SAI RAM/Desktop/project/dataset/archive/derm12345_train_part_2/jd/DERM_381614.jpg,jd,23,23,23,True
/mnt/c/Users/0M SAI RAM/Desktop/project/dataset/archive/derm12345_train_part_2/jd/DERM_343023.jpg,jd,23,23,11,False
/mnt/c/Users/0M SAI RAM/Desktop/project/dataset/archive/derm12345_train_part_2/jd/DERM_501051.jpg,jd,23,23,23,True
/mnt/c/Users/0M SAI RAM/Desktop/project/dataset/archive/derm12345_train_part_2/jd/DERM_800463.jpg,jd,23,23,22,False
/mnt/c/Users/0M SAI RAM/Desktop/project/dataset/archive/derm12345_train_part_2/jd/DERM_809570.jpg,jd,23,23,23,True
/mnt/c/Users/0M SAI RAM/Desktop/project/dataset/archive/derm12345_train_part_2/jd/DERM_918339.jpg,jd,23,23,22,False
/mnt/c/Users/0M SAI RAM/Desktop/project/dataset/archive/derm12345_train_part_2/jd/DERM_284744.jpg,jd,23,23,22,False
/mnt/c/Users/0M SAI RAM/Desktop/project/dataset/archive/derm12345_train_part_2/jd/DERM_382107.jpg,jd,23,23,23,True
/mnt/c/Users/0M SAI RAM/Desktop/project/dataset/archive/derm12345_train_part_2/jd/DERM_426790.jpg,jd,23,23,11,False
/mnt/c/Users/0M SAI RAM/Desktop/project/dataset/archive/derm12345_train_part_2/jd/DERM_548284.jpg,jd,23,23,22,False
/mnt/c/Users/0M SAI RAM/Desktop/project/dataset/archive/derm12345_train_part_2/jd/DERM_834882.jpg,jd,23,23,22,False
/mnt/c/Users/0M SAI RAM/Desktop/project/dataset/archive/derm12345_train_part_2/jd/DERM_855723.jpg,jd,23,23,23,True
/mnt/c/Users/0M SAI RAM/Desktop/project/dataset/archive/derm12345_train_part_2/jd/DERM_910173.jpg,jd,23,23,23,True
/mnt/c/Users/0M SAI RAM/Desktop/project/dataset/archive/derm12345_train_part_2/jd/DERM_916957.jpg,jd,23,23,30,False
/mnt/c/Users/0M SAI RAM/Desktop/project/dataset/archive/derm12345_train_part_2/jd/DERM_981929.jpg,jd,23,23,22,False
/mnt/c/Users/0M SAI RAM/Desktop/project/dataset/archive/derm12345_train_part_2/jd/DERM_848760.jpg,jd,23,23,22,False
/mnt/c/Users/0M SAI RAM/Desktop/project/dataset/archive/derm12345_train_part_2/jd/DERM_131147.jpg,jd,23,23,23,True
/mnt/c/Users/0M SAI RAM/Desktop/project/dataset/archive/derm12345_train_part_2/jd/DERM_480470.jpg,jd,23,23,22,False
/mnt/c/Users/0M SAI RAM/Desktop/project/dataset/archive/derm12345_train_part_2/jd/DERM_599407.jpg,jd,23,23,12,False
/mnt/c/Users/0M SAI RAM/Desktop/project/dataset/archive/derm12345_train_part_2/jd/DERM_612744.jpg,jd,23,23,23,True
/mnt/c/Users/0M SAI RAM/Desktop/project/dataset/archive/derm12345_train_part_2/jd/DERM_719041.jpg,jd,23,23,23,True
/mnt/c/Users/0M SAI RAM/Desktop/project/dataset/archive/derm12345_train_part_2/jd/DERM_751170.jpg,jd,23,23,37,False
/mnt/c/Users/0M SAI RAM/Desktop/project/dataset/archive/derm12345_train_part_2/jd/DERM_920794.jpg,jd,23,23,23,True
/mnt/c/Users/0M SAI RAM/Desktop/project/dataset/archive/derm12345_train_part_2/jd/DERM_995721.jpg,jd,23,23,23,True
/mnt/c/Users/0M SAI RAM/Desktop/project/dataset/archive/derm12345_train_part_2/jd/DERM_837996.jpg,jd,23,23,23,True
/mnt/c/Users/0M SAI RAM/Desktop/project/dataset/archive/derm12345_train_part_2/jd/DERM_533900.jpg,jd,23,23,23,True
/mnt/c/Users/0M SAI RAM/Desktop/project/dataset/archive/derm12345_train_part_2/jd/DERM_289900.jpg,jd,23,23,23,True
/mnt/c/Users/0M SAI RAM/Desktop/project/dataset/archive/derm12345_train_part_2/jd/DERM_632904.jpg,jd,23,23,23,True
/mnt/c/Users/0M SAI RAM/Desktop/project/dataset/archive/derm12345_train_part_2/jd/DERM_516602.jpg,jd,23,23,18,False
/mnt/c/Users/0M SAI RAM/Desktop/project/dataset/archive/derm12345_train_part_2/jd/DERM_522695.jpg,jd,23,23,23,True
/mnt/c/Users/0M SAI RAM/Desktop/project/dataset/archive/derm12345_train_part_2/jd/DERM_136734.jpg,jd,23,23,23,True
/mnt/c/Users/0M SAI RAM/Desktop/project/dataset/archive/derm12345_train_part_2/jd/DERM_270626.jpg,jd,23,23,23,True
/mnt/c/Users/0M SAI RAM/Desktop/project/dataset/archive/derm12345_train_part_2/jd/DERM_618875.jpg,jd,23,23,23,True
/mnt/c/Users/0M SAI RAM/Desktop/project/dataset/archive/derm12345_train_part_2/jd/DERM_391074.jpg,jd,23,23,23,True
/mnt/c/Users/0M SAI RAM/Desktop/project/dataset/archive/derm12345_train_part_2/jd/DERM_907054.jpg,jd,23,23,11,False
/mnt/c/Users/0M SAI RAM/Desktop/project/dataset/archive/derm12345_train_part_2/jd/DERM_539549.jpg,jd,23,23,11,False
/mnt/c/Users/0M SAI RAM/Desktop/project/dataset/archive/derm12345_train_part_2/jd/DERM_969216.jpg,jd,23,23,11,False
/mnt/c/Users/0M SAI RAM/Desktop/project/dataset/archive/derm12345_train_part_2/jd/DERM_521597.jpg,jd,23,23,23,True
/mnt/c/Users/0M SAI RAM/Desktop/project/dataset/archive/derm12345_train_part_2/jd/DERM_561177.jpg,jd,23,23,11,False
/mnt/c/Users/0M SAI RAM/Desktop/project/dataset/archive/derm12345_train_part_2/jd/DERM_746787.jpg,jd,23,23,11,False
/mnt/c/Users/0M SAI RAM/Desktop/project/dataset/archive/derm12345_train_part_2/jd/DERM_378575.jpg,jd,23,23,23,True
/mnt/c/Users/0M SAI RAM/Desktop/project/dataset/archive/derm12345_train_part_2/jd/DERM_723375.jpg,jd,23,23,23,True
/mnt/c/Users/0M SAI RAM/Desktop/project/dataset/archive/derm12345_train_part_2/jd/DERM_610897.jpg,jd,23,23,22,False
/mnt/c/Users/0M SAI RAM/Desktop/project/dataset/archive/derm12345_train_part_2/jd/DERM_651251.jpg,jd,23,23,37,False
/mnt/c/Users/0M SAI RAM/Desktop/project/dataset/archive/derm12345_train_part_2/jd/DERM_976270.jpg,jd,23,23,23,True
/mnt/c/Users/0M SAI RAM/Desktop/project/dataset/archive/derm12345_train_part_2/jd/DERM_408105.jpg,jd,23,23,22,False
/mnt/c/Users/0M SAI RAM/Desktop/project/dataset/archive/derm12345_train_part_2/jd/DERM_585193.jpg,jd,23,23,11,False
/mnt/c/Users/0M SAI RAM/Desktop/project/dataset/archive/derm12345_train_part_2/jd/DERM_383140.jpg,jd,23,23,14,False
/mnt/c/Users/0M SAI RAM/Desktop/project/dataset/archive/derm12345_train_part_2/jd/DERM_416376.jpg,jd,23,23,23,True
/mnt/c/Users/0M SAI RAM/Desktop/project/dataset/archive/derm12345_train_part_2/jd/DERM_524503.jpg,jd,23,23,29,False
/mnt/c/Users/0M SAI RAM/Desktop/project/dataset/archive/derm12345_train_part_2/jd/DERM_607564.jpg,jd,23,23,23,True
/mnt/c/Users/0M SAI RAM/Desktop/project/dataset/archive/derm12345_train_part_2/jd/DERM_319250.jpg,jd,23,23,23,True
/mnt/c/Users/0M SAI RAM/Desktop/project/dataset/archive/derm12345_train_part_2/jd/DERM_437924.jpg,jd,23,23,37,False
/mnt/c/Users/0M SAI RAM/Desktop/project/dataset/archive/derm12345_train_part_2/jd/DERM_420119.jpg,jd,23,23,23,True
/mnt/c/Users/0M SAI RAM/Desktop/project/dataset/archive/derm12345_train_part_2/jd/DERM_880542.jpg,jd,23,23,11,False
/mnt/c/Users/0M SAI RAM/Desktop/project/dataset/archive/derm12345_train_part_2/jd/DERM_685518.jpg,jd,23,23,22,False
/mnt/c/Users/0M SAI RAM/Desktop/project/dataset/archive/derm12345_train_part_2/jd/DERM_410655.jpg,jd,23,23,23,True
/mnt/c/Users/0M SAI RAM/Desktop/project/dataset/archive/derm12345_train_part_2/jd/DERM_961980.jpg,jd,23,23,37,False
/mnt/c/Users/0M SAI RAM/Desktop/project/dataset/archive/derm12345_train_part_2/jd/DERM_333719.jpg,jd,23,23,37,False
/mnt/c/Users/0M SAI RAM/Desktop/project/dataset/archive/derm12345_train_part_2/jd/DERM_872284.jpg,jd,23,23,23,True
/mnt/c/Users/0M SAI RAM/Desktop/project/dataset/archive/derm12345_train_part_2/jd/DERM_787263.jpg,jd,23,23,11,False
/mnt/c/Users/0M SAI RAM/Desktop/project/dataset/archive/derm12345_train_part_2/jd/DERM_366255.jpg,jd,23,23,23,True
/mnt/c/Users/0M SAI RAM/Desktop/project/dataset/archive/derm12345_train_part_2/jd/DERM_443408.jpg,jd,23,23,23,True
/mnt/c/Users/0M SAI RAM/Desktop/project/dataset/archive/derm12345_train_part_2/jd/DERM_747523.jpg,jd,23,23,23,True
/mnt/c/Users/0M SAI RAM/Desktop/project/dataset/archive/derm12345_train_part_2/jd/DERM_434729.jpg,jd,23,23,29,False
/mnt/c/Users/0M SAI RAM/Desktop/project/dataset/archive/derm12345_train_part_2/jd/DERM_993541.jpg,jd,23,23,29,False
/mnt/c/Users/0M SAI RAM/Desktop/project/dataset/archive/derm12345_train_part_2/jd/DERM_608334.jpg,jd,23,23,12,False
/mnt/c/Users/0M SAI RAM/Desktop/project/dataset/archive/derm12345_train_part_2/jd/DERM_118811.jpg,jd,23,23,23,True
/mnt/c/Users/0M SAI RAM/Desktop/project/dataset/archive/derm12345_train_part_2/jd/DERM_429459.jpg,jd,23,23,23,True
/mnt/c/Users/0M SAI RAM/Desktop/project/dataset/archive/derm12345_train_part_2/jd/DERM_582539.jpg,jd,23,23,23,True
/mnt/c/Users/0M SAI RAM/Desktop/project/dataset/archive/derm12345_train_part_2/jd/DERM_974593.jpg,jd,23,23,11,False
/mnt/c/Users/0M SAI RAM/Desktop/project/dataset/archive/derm12345_train_part_2/jd/DERM_788801.jpg,jd,23,23,14,False
/mnt/c/Users/0M SAI RAM/Desktop/project/dataset/archive/derm12345_train_part_2/jd/DERM_152902.jpg,jd,23,23,22,False
/mnt/c/Users/0M SAI RAM/Desktop/project/dataset/archive/derm12345_train_part_2/jd/DERM_740471.jpg,jd,23,23,22,False
/mnt/c/Users/0M SAI RAM/Desktop/project/dataset/archive/derm12345_train_part_2/jd/DERM_610357.jpg,jd,23,23,23,True
/mnt/c/Users/0M SAI RAM/Desktop/project/dataset/archive/derm12345_train_part_2/jd/DERM_938182.jpg,jd,23,23,22,False
/mnt/c/Users/0M SAI RAM/Desktop/project/dataset/archive/derm12345_train_part_2/jd/DERM_336125.jpg,jd,23,23,22,False
/mnt/c/Users/0M SAI RAM/Desktop/project/dataset/archive/derm12345_train_part_2/jd/DERM_898286.jpg,jd,23,23,22,False
/mnt/c/Users/0M SAI RAM/Desktop/project/dataset/archive/derm12345_train_part_2/jd/DERM_109905.jpg,jd,23,23,14,False
/mnt/c/Users/0M SAI RAM/Desktop/project/dataset/archive/derm12345_train_part_2/jd/DERM_472890.jpg,jd,23,23,23,True
/mnt/c/Users/0M SAI RAM/Desktop/project/dataset/archive/derm12345_train_part_2/jd/DERM_407839.jpg,jd,23,23,22,False
/mnt/c/Users/0M SAI RAM/Desktop/project/dataset/archive/derm12345_train_part_2/jd/DERM_229271.jpg,jd,23,23,23,True
/mnt/c/Users/0M SAI RAM/Desktop/project/dataset/archive/derm12345_train_part_2/jd/DERM_194177.jpg,jd,23,23,23,True
/mnt/c/Users/0M SAI RAM/Desktop/project/dataset/archive/derm12345_train_part_2/jd/DERM_311063.jpg,jd,23,23,23,True
/mnt/c/Users/0M SAI RAM/Desktop/project/dataset/archive/derm12345_train_part_2/jd/DERM_580432.jpg,jd,23,23,23,True
/mnt/c/Users/0M SAI RAM/Desktop/project/dataset/archive/derm12345_train_part_2/jd/DERM_728806.jpg,jd,23,23,22,False
/mnt/c/Users/0M SAI RAM/Desktop/project/dataset/archive/derm12345_train_part_2/jd/DERM_129111.jpg,jd,23,23,22,False
/mnt/c/Users/0M SAI RAM/Desktop/project/dataset/archive/derm12345_train_part_2/jd/DERM_146311.jpg,jd,23,23,22,False
/mnt/c/Users/0M SAI RAM/Desktop/project/dataset/archive/derm12345_train_part_2/jd/DERM_686066.jpg,jd,23,23,37,False
/mnt/c/Users/0M SAI RAM/Desktop/project/dataset/archive/derm12345_train_part_2/jd/DERM_684383.jpg,jd,23,23,23,True
/mnt/c/Users/0M SAI RAM/Desktop/project/dataset/archive/derm12345_train_part_2/jd/DERM_611337.jpg,jd,23,23,37,False
/mnt/c/Users/0M SAI RAM/Desktop/project/dataset/archive/derm12345_train_part_2/jd/DERM_280109.jpg,jd,23,23,23,True
/mnt/c/Users/0M SAI RAM/Desktop/project/dataset/archive/derm12345_train_part_2/jd/DERM_281955.jpg,jd,23,23,22,False
/mnt/c/Users/0M SAI RAM/Desktop/project/dataset/archive/derm12345_train_part_2/jd/DERM_255888.jpg,jd,23,23,14,False
/mnt/c/Users/0M SAI RAM/Desktop/project/dataset/archive/derm12345_train_part_2/jd/DERM_219074.jpg,jd,23,23,23,True
/mnt/c/Users/0M SAI RAM/Desktop/project/dataset/archive/derm12345_train_part_2/jd/DERM_217799.jpg,jd,23,23,23,True
/mnt/c/Users/0M SAI RAM/Desktop/project/dataset/archive/derm12345_train_part_2/jd/DERM_851398.jpg,jd,23,23,22,False
/mnt/c/Users/0M SAI RAM/Desktop/project/dataset/archive/derm12345_train_part_2/jd/DERM_209361.jpg,jd,23,23,23,True
/mnt/c/Users/0M SAI RAM/Desktop/project/dataset/archive/derm12345_train_part_2/jd/DERM_397356.jpg,jd,23,23,22,False
/mnt/c/Users/0M SAI RAM/Desktop/project/dataset/archive/derm12345_train_part_2/jd/DERM_596203.jpg,jd,23,23,23,True
/mnt/c/Users/0M SAI RAM/Desktop/project/dataset/archive/derm12345_train_part_2/jd/DERM_595063.jpg,jd,23,23,23,True
/mnt/c/Users/0M SAI RAM/Desktop/project/dataset/archive/derm12345_train_part_2/jd/DERM_308246.jpg,jd,23,23,23,True
/mnt/c/Users/0M SAI RAM/Desktop/project/dataset/archive/derm12345_train_part_2/jd/DERM_138733.jpg,jd,23,23,22,False
/mnt/c/Users/0M SAI RAM/Desktop/project/dataset/archive/derm12345_train_part_2/jd/DERM_120075.jpg,jd,23,23,22,False
/mnt/c/Users/0M SAI RAM/Desktop/project/dataset/archive/derm12345_train_part_2/jd/DERM_202033.jpg,jd,23,23,31,False
/mnt/c/Users/0M SAI RAM/Desktop/project/dataset/archive/derm12345_train_part_2/jd/DERM_307963.jpg,jd,23,23,23,True
/mnt/c/Users/0M SAI RAM/Desktop/project/dataset/archive/derm12345_train_part_2/jd/DERM_461976.jpg,jd,23,23,11,False
/mnt/c/Users/0M SAI RAM/Desktop/project/dataset/archive/derm12345_train_part_2/jd/DERM_281301.jpg,jd,23,23,23,True
/mnt/c/Users/0M SAI RAM/Desktop/project/dataset/archive/derm12345_train_part_2/jd/DERM_626784.jpg,jd,23,23,23,True
/mnt/c/Users/0M SAI RAM/Desktop/project/dataset/archive/derm12345_train_part_2/jd/DERM_616812.jpg,jd,23,23,23,True
/mnt/c/Users/0M SAI RAM/Desktop/project/dataset/archive/derm12345_train_part_2/jd/DERM_695670.jpg,jd,23,23,11,False
/mnt/c/Users/0M SAI RAM/Desktop/project/dataset/archive/derm12345_train_part_2/jd/DERM_620601.jpg,jd,23,23,11,False
/mnt/c/Users/0M SAI RAM/Desktop/project/dataset/archive/derm12345_train_part_2/jd/DERM_658201.jpg,jd,23,23,23,True
/mnt/c/Users/0M SAI RAM/Desktop/project/dataset/archive/derm12345_train_part_2/jd/DERM_857656.jpg,jd,23,23,23,True
/mnt/c/Users/0M SAI RAM/Desktop/project/dataset/archive/derm12345_train_part_2/jd/DERM_434407.jpg,jd,23,23,23,True
/mnt/c/Users/0M SAI RAM/Desktop/project/dataset/archive/derm12345_train_part_2/jd/DERM_334115.jpg,jd,23,23,14,False
/mnt/c/Users/0M SAI RAM/Desktop/project/dataset/archive/derm12345_train_part_2/jd/DERM_192249.jpg,jd,23,23,23,True
/mnt/c/Users/0M SAI RAM/Desktop/project/dataset/archive/derm12345_train_part_2/jd/DERM_541568.jpg,jd,23,23,23,True
/mnt/c/Users/0M SAI RAM/Desktop/project/dataset/archive/derm12345_train_part_2/jd/DERM_530753.jpg,jd,23,23,22,False
/mnt/c/Users/0M SAI RAM/Desktop/project/dataset/archive/derm12345_train_part_2/jd/DERM_995021.jpg,jd,23,23,22,False
/mnt/c/Users/0M SAI RAM/Desktop/project/dataset/archive/derm12345_train_part_2/jd/DERM_987832.jpg,jd,23,23,23,True
/mnt/c/Users/0M SAI RAM/Desktop/project/dataset/archive/derm12345_train_part_2/jd/DERM_298119.jpg,jd,23,23,22,False
/mnt/c/Users/0M SAI RAM/Desktop/project/dataset/archive/derm12345_train_part_2/jd/DERM_845925.jpg,jd,23,23,22,False
/mnt/c/Users/0M SAI RAM/Desktop/project/dataset/archive/derm12345_train_part_2/jd/DERM_137650.jpg,jd,23,23,22,False
/mnt/c/Users/0M SAI RAM/Desktop/project/dataset/archive/derm12345_train_part_2/jd/DERM_601779.jpg,jd,23,23,23,True
/mnt/c/Users/0M SAI RAM/Desktop/project/dataset/archive/derm12345_train_part_2/jd/DERM_734008.jpg,jd,23,23,22,False
/mnt/c/Users/0M SAI RAM/Desktop/project/dataset/archive/derm12345_train_part_2/jd/DERM_230276.jpg,jd,23,23,22,False
/mnt/c/Users/0M SAI RAM/Desktop/project/dataset/archive/derm12345_train_part_2/jd/DERM_223106.jpg,jd,23,23,23,True
/mnt/c/Users/0M SAI RAM/Desktop/project/dataset/archive/derm12345_train_part_2/jd/DERM_718886.jpg,jd,23,23,22,False
/mnt/c/Users/0M SAI RAM/Desktop/project/dataset/archive/derm12345_train_part_2/jd/DERM_319874.jpg,jd,23,23,23,True
/mnt/c/Users/0M SAI RAM/Desktop/project/dataset/archive/derm12345_train_part_2/jd/DERM_213008.jpg,jd,23,23,22,False
/mnt/c/Users/0M SAI RAM/Desktop/project/dataset/archive/derm12345_train_part_2/jd/DERM_325007.jpg,jd,23,23,22,False
/mnt/c/Users/0M SAI RAM/Desktop/project/dataset/archive/derm12345_train_part_2/jd/DERM_636771.jpg,jd,23,23,23,True
/mnt/c/Users/0M SAI RAM/Desktop/project/dataset/archive/derm12345_train_part_2/jd/DERM_311350.jpg,jd,23,23,23,True
/mnt/c/Users/0M SAI RAM/Desktop/project/dataset/archive/derm12345_train_part_2/jd/DERM_967865.jpg,jd,23,23,23,True
/mnt/c/Users/0M SAI RAM/Desktop/project/dataset/archive/derm12345_train_part_2/jd/DERM_332111.jpg,jd,23,23,23,True
/mnt/c/Users/0M SAI RAM/Desktop/project/dataset/archive/derm12345_train_part_2/jd/DERM_552360.jpg,jd,23,23,23,True
/mnt/c/Users/0M SAI RAM/Desktop/project/dataset/archive/derm12345_train_part_2/jd/DERM_451114.jpg,jd,23,23,22,False
/mnt/c/Users/0M SAI RAM/Desktop/project/dataset/archive/derm12345_train_part_2/jd/DERM_743525.jpg,jd,23,23,22,False
/mnt/c/Users/0M SAI RAM/Desktop/project/dataset/archive/derm12345_train_part_2/jd/DERM_220138.jpg,jd,23,23,37,False
/mnt/c/Users/0M SAI RAM/Desktop/project/dataset/archive/derm12345_train_part_2/jd/DERM_361250.jpg,jd,23,23,23,True
/mnt/c/Users/0M SAI RAM/Desktop/project/dataset/archive/derm12345_train_part_2/jd/DERM_658007.jpg,jd,23,23,11,False
/mnt/c/Users/0M SAI RAM/Desktop/project/dataset/archive/derm12345_train_part_2/jd/DERM_530946.jpg,jd,23,23,22,False
/mnt/c/Users/0M SAI RAM/Desktop/project/dataset/archive/derm12345_train_part_2/jd/DERM_867199.jpg,jd,23,23,22,False
/mnt/c/Users/0M SAI RAM/Desktop/project/dataset/archive/derm12345_train_part_2/jd/DERM_275704.jpg,jd,23,23,23,True
/mnt/c/Users/0M SAI RAM/Desktop/project/dataset/archive/derm12345_train_part_2/jd/DERM_165036.jpg,jd,23,23,23,True
/mnt/c/Users/0M SAI RAM/Desktop/project/dataset/archive/derm12345_train_part_2/jd/DERM_473497.jpg,jd,23,23,22,False
/mnt/c/Users/0M SAI RAM/Desktop/project/dataset/archive/derm12345_train_part_2/jd/DERM_940397.jpg,jd,23,23,22,False
/mnt/c/Users/0M SAI RAM/Desktop/project/dataset/archive/derm12345_train_part_2/jd/DERM_808404.jpg,jd,23,23,11,False
/mnt/c/Users/0M SAI RAM/Desktop/project/dataset/archive/derm12345_train_part_2/jd/DERM_893168.jpg,jd,23,23,17,False
/mnt/c/Users/0M SAI RAM/Desktop/project/dataset/archive/derm12345_train_part_2/jd/DERM_741039.jpg,jd,23,23,12,False
/mnt/c/Users/0M SAI RAM/Desktop/project/dataset/archive/derm12345_train_part_2/jd/DERM_166875.jpg,jd,23,23,22,False
/mnt/c/Users/0M SAI RAM/Desktop/project/dataset/archive/derm12345_train_part_2/jd/DERM_360284.jpg,jd,23,23,22,False
/mnt/c/Users/0M SAI RAM/Desktop/project/dataset/archive/derm12345_train_part_2/jd/DERM_539764.jpg,jd,23,23,23,True
/mnt/c/Users/0M SAI RAM/Desktop/project/dataset/archive/derm12345_train_part_2/jd/DERM_735756.jpg,jd,23,23,3,False
/mnt/c/Users/0M SAI RAM/Desktop/project/dataset/archive/derm12345_train_part_2/jd/DERM_961408.jpg,jd,23,23,23,True
/mnt/c/Users/0M SAI RAM/Desktop/project/dataset/archive/derm12345_train_part_2/jd/DERM_117988.jpg,jd,23,23,23,True
/mnt/c/Users/0M SAI RAM/Desktop/project/dataset/archive/derm12345_train_part_2/jd/DERM_941861.jpg,jd,23,23,22,False
/mnt/c/Users/0M SAI RAM/Desktop/project/dataset/archive/derm12345_train_part_2/jd/DERM_907666.jpg,jd,23,23,23,True
/mnt/c/Users/0M SAI RAM/Desktop/project/dataset/archive/derm12345_train_part_2/jd/DERM_463524.jpg,jd,23,23,23,True
/mnt/c/Users/0M SAI RAM/Desktop/project/dataset/archive/derm12345_train_part_2/jd/DERM_425029.jpg,jd,23,23,22,False
/mnt/c/Users/0M SAI RAM/Desktop/project/dataset/archive/derm12345_train_part_2/jd/DERM_996205.jpg,jd,23,23,23,True
/mnt/c/Users/0M SAI RAM/Desktop/project/dataset/archive/derm12345_train_part_2/jd/DERM_595150.jpg,jd,23,23,23,True
/mnt/c/Users/0M SAI RAM/Desktop/project/dataset/archive/derm12345_train_part_2/jd/DERM_506117.jpg,jd,23,23,37,False
/mnt/c/Users/0M SAI RAM/Desktop/project/dataset/archive/derm12345_train_part_2/jd/DERM_321521.jpg,jd,23,23,23,True
/mnt/c/Users/0M SAI RAM/Desktop/project/dataset/archive/derm12345_train_part_2/jd/DERM_181703.jpg,jd,23,23,22,False
/mnt/c/Users/0M SAI RAM/Desktop/project/dataset/archive/derm12345_train_part_2/jd/DERM_364199.jpg,jd,23,23,10,False
/mnt/c/Users/0M SAI RAM/Desktop/project/dataset/archive/derm12345_train_part_2/jd/DERM_851430.jpg,jd,23,23,23,True
/mnt/c/Users/0M SAI RAM/Desktop/project/dataset/archive/derm12345_train_part_2/jd/DERM_385713.jpg,jd,23,23,23,True
/mnt/c/Users/0M SAI RAM/Desktop/project/dataset/archive/derm12345_train_part_2/jd/DERM_263582.jpg,jd,23,23,22,False
/mnt/c/Users/0M SAI RAM/Desktop/project/dataset/archive/derm12345_train_part_2/jd/DERM_850110.jpg,jd,23,23,3,False
/mnt/c/Users/0M SAI RAM/Desktop/project/dataset/archive/derm12345_train_part_2/jd/DERM_870211.jpg,jd,23,23,23,True
/mnt/c/Users/0M SAI RAM/Desktop/project/dataset/archive/derm12345_train_part_2/jd/DERM_622963.jpg,jd,23,23,23,True
/mnt/c/Users/0M SAI RAM/Desktop/project/dataset/archive/derm12345_train_part_2/jd/DERM_525199.jpg,jd,23,23,23,True
/mnt/c/Users/0M SAI RAM/Desktop/project/dataset/archive/derm12345_train_part_2/jd/DERM_452391.jpg,jd,23,23,22,False
/mnt/c/Users/0M SAI RAM/Desktop/project/dataset/archive/derm12345_train_part_2/jd/DERM_503434.jpg,jd,23,23,23,True
/mnt/c/Users/0M SAI RAM/Desktop/project/dataset/archive/derm12345_train_part_2/jd/DERM_238659.jpg,jd,23,23,23,True
/mnt/c/Users/0M SAI RAM/Desktop/project/dataset/archive/derm12345_train_part_2/jd/DERM_801790.jpg,jd,23,23,23,True
/mnt/c/Users/0M SAI RAM/Desktop/project/dataset/archive/derm12345_train_part_2/jd/DERM_559557.jpg,jd,23,23,16,False
/mnt/c/Users/0M SAI RAM/Desktop/project/dataset/archive/derm12345_train_part_2/jd/DERM_666152.jpg,jd,23,23,37,False
/mnt/c/Users/0M SAI RAM/Desktop/project/dataset/archive/derm12345_train_part_2/jd/DERM_468078.jpg,jd,23,23,23,True
/mnt/c/Users/0M SAI RAM/Desktop/project/dataset/archive/derm12345_train_part_2/jd/DERM_723736.jpg,jd,23,23,23,True
/mnt/c/Users/0M SAI RAM/Desktop/project/dataset/archive/derm12345_train_part_2/jd/DERM_910150.jpg,jd,23,23,23,True
/mnt/c/Users/0M SAI RAM/Desktop/project/dataset/archive/derm12345_train_part_2/jd/DERM_144442.jpg,jd,23,23,11,False
/mnt/c/Users/0M SAI RAM/Desktop/project/dataset/archive/derm12345_train_part_2/jd/DERM_367345.jpg,jd,23,23,22,False
/mnt/c/Users/0M SAI RAM/Desktop/project/dataset/archive/derm12345_train_part_2/jd/DERM_489228.jpg,jd,23,23,23,True
/mnt/c/Users/0M SAI RAM/Desktop/project/dataset/archive/derm12345_train_part_2/jd/DERM_913484.jpg,jd,23,23,23,True
/mnt/c/Users/0M SAI RAM/Desktop/project/dataset/archive/derm12345_train_part_2/jd/DERM_511793.jpg,jd,23,23,23,True
/mnt/c/Users/0M SAI RAM/Desktop/project/dataset/archive/derm12345_train_part_2/jd/DERM_404357.jpg,jd,23,23,23,True
/mnt/c/Users/0M SAI RAM/Desktop/project/dataset/archive/derm12345_train_part_2/jd/DERM_365705.jpg,jd,23,23,23,True
/mnt/c/Users/0M SAI RAM/Desktop/project/dataset/archive/derm12345_train_part_2/jd/DERM_494152.jpg,jd,23,23,23,True
/mnt/c/Users/0M SAI RAM/Desktop/project/dataset/archive/derm12345_train_part_2/jd/DERM_997538.jpg,jd,23,23,23,True
/mnt/c/Users/0M SAI RAM/Desktop/project/dataset/archive/derm12345_train_part_2/jd/DERM_314852.jpg,jd,23,23,11,False
/mnt/c/Users/0M SAI RAM/Desktop/project/dataset/archive/derm12345_train_part_2/jd/DERM_846701.jpg,jd,23,23,23,True
/mnt/c/Users/0M SAI RAM/Desktop/project/dataset/archive/derm12345_train_part_2/jd/DERM_868624.jpg,jd,23,23,23,True
/mnt/c/Users/0M SAI RAM/Desktop/project/dataset/archive/derm12345_train_part_2/jd/DERM_737134.jpg,jd,23,23,23,True
/mnt/c/Users/0M SAI RAM/Desktop/project/dataset/archive/derm12345_train_part_2/jd/DERM_800967.jpg,jd,23,23,22,False
/mnt/c/Users/0M SAI RAM/Desktop/project/dataset/archive/derm12345_train_part_2/jd/DERM_539785.jpg,jd,23,23,23,True
/mnt/c/Users/0M SAI RAM/Desktop/project/dataset/archive/derm12345_train_part_2/jd/DERM_750498.jpg,jd,23,23,23,True
/mnt/c/Users/0M SAI RAM/Desktop/project/dataset/archive/derm12345_train_part_2/jd/DERM_277453.jpg,jd,23,23,23,True
/mnt/c/Users/0M SAI RAM/Desktop/project/dataset/archive/derm12345_train_part_2/jd/DERM_616287.jpg,jd,23,23,23,True
/mnt/c/Users/0M SAI RAM/Desktop/project/dataset/archive/derm12345_train_part_2/jd/DERM_864554.jpg,jd,23,23,23,True
/mnt/c/Users/0M SAI RAM/Desktop/project/dataset/archive/derm12345_train_part_2/jd/DERM_158551.jpg,jd,23,23,11,False
/mnt/c/Users/0M SAI RAM/Desktop/project/dataset/archive/derm12345_train_part_2/jd/DERM_891058.jpg,jd,23,23,11,False
/mnt/c/Users/0M SAI RAM/Desktop/project/dataset/archive/derm12345_train_part_2/jd/DERM_144496.jpg,jd,23,23,23,True
/mnt/c/Users/0M SAI RAM/Desktop/project/dataset/archive/derm12345_train_part_2/jd/DERM_538709.jpg,jd,23,23,23,True
/mnt/c/Users/0M SAI RAM/Desktop/project/dataset/archive/derm12345_train_part_2/jd/DERM_227209.jpg,jd,23,23,37,False
/mnt/c/Users/0M SAI RAM/Desktop/project/dataset/archive/derm12345_train_part_2/jd/DERM_962284.jpg,jd,23,23,23,True
/mnt/c/Users/0M SAI RAM/Desktop/project/dataset/archive/derm12345_train_part_2/jd/DERM_672003.jpg,jd,23,23,23,True
/mnt/c/Users/0M SAI RAM/Desktop/project/dataset/archive/derm12345_train_part_2/jd/DERM_554192.jpg,jd,23,23,23,True
/mnt/c/Users/0M SAI RAM/Desktop/project/dataset/archive/derm12345_train_part_2/jd/DERM_786723.jpg,jd,23,23,23,True
/mnt/c/Users/0M SAI RAM/Desktop/project/dataset/archive/derm12345_train_part_2/jd/DERM_327282.jpg,jd,23,23,23,True
/mnt/c/Users/0M SAI RAM/Desktop/project/dataset/archive/derm12345_train_part_2/jd/DERM_537020.jpg,jd,23,23,22,False
/mnt/c/Users/0M SAI RAM/Desktop/project/dataset/archive/derm12345_train_part_2/jd/DERM_611317.jpg,jd,23,23,23,True
/mnt/c/Users/0M SAI RAM/Desktop/project/dataset/archive/derm12345_train_part_2/jd/DERM_105625.jpg,jd,23,23,23,True
/mnt/c/Users/0M SAI RAM/Desktop/project/dataset/archive/derm12345_train_part_2/jd/DERM_381273.jpg,jd,23,23,23,True
/mnt/c/Users/0M SAI RAM/Desktop/project/dataset/archive/derm12345_train_part_2/jd/DERM_798660.jpg,jd,23,23,23,True
/mnt/c/Users/0M SAI RAM/Desktop/project/dataset/archive/derm12345_train_part_2/jd/DERM_551189.jpg,jd,23,23,23,True
/mnt/c/Users/0M SAI RAM/Desktop/project/dataset/archive/derm12345_train_part_2/jd/DERM_635013.jpg,jd,23,23,23,True
/mnt/c/Users/0M SAI RAM/Desktop/project/dataset/archive/derm12345_train_part_2/jd/DERM_925732.jpg,jd,23,23,23,True
/mnt/c/Users/0M SAI RAM/Desktop/project/dataset/archive/derm12345_train_part_2/jd/DERM_343442.jpg,jd,23,23,23,True
/mnt/c/Users/0M SAI RAM/Desktop/project/dataset/archive/derm12345_train_part_2/jd/DERM_484528.jpg,jd,23,23,23,True
/mnt/c/Users/0M SAI RAM/Desktop/project/dataset/archive/derm12345_train_part_2/jd/DERM_924353.jpg,jd,23,23,14,False
/mnt/c/Users/0M SAI RAM/Desktop/project/dataset/archive/derm12345_train_part_2/jd/DERM_116050.jpg,jd,23,23,23,True
/mnt/c/Users/0M SAI RAM/Desktop/project/dataset/archive/derm12345_train_part_2/jd/DERM_355346.jpg,jd,23,23,23,True
/mnt/c/Users/0M SAI RAM/Desktop/project/dataset/archive/derm12345_train_part_2/jd/DERM_689645.jpg,jd,23,23,14,False
/mnt/c/Users/0M SAI RAM/Desktop/project/dataset/archive/derm12345_train_part_2/jd/DERM_414500.jpg,jd,23,23,14,False
/mnt/c/Users/0M SAI RAM/Desktop/project/dataset/archive/derm12345_train_part_2/jd/DERM_837585.jpg,jd,23,23,23,True
/mnt/c/Users/0M SAI RAM/Desktop/project/dataset/archive/derm12345_train_part_2/jd/DERM_579928.jpg,jd,23,23,22,False
/mnt/c/Users/0M SAI RAM/Desktop/project/dataset/archive/derm12345_train_part_2/jd/DERM_455599.jpg,jd,23,23,22,False
/mnt/c/Users/0M SAI RAM/Desktop/project/dataset/archive/derm12345_train_part_2/jd/DERM_147187.jpg,jd,23,23,23,True
/mnt/c/Users/0M SAI RAM/Desktop/project/dataset/archive/derm12345_train_part_2/jd/DERM_788829.jpg,jd,23,23,23,True
/mnt/c/Users/0M SAI RAM/Desktop/project/dataset/archive/derm12345_train_part_2/jd/DERM_559523.jpg,jd,23,23,23,True
/mnt/c/Users/0M SAI RAM/Desktop/project/dataset/archive/derm12345_train_part_2/jd/DERM_871955.jpg,jd,23,23,22,False
/mnt/c/Users/0M SAI RAM/Desktop/project/dataset/archive/derm12345_train_part_2/jd/DERM_151204.jpg,jd,23,23,23,True
/mnt/c/Users/0M SAI RAM/Desktop/project/dataset/archive/derm12345_train_part_2/jd/DERM_861928.jpg,jd,23,23,22,False
/mnt/c/Users/0M SAI RAM/Desktop/project/dataset/archive/derm12345_train_part_2/jd/DERM_475596.jpg,jd,23,23,23,True
/mnt/c/Users/0M SAI RAM/Desktop/project/dataset/archive/derm12345_train_part_2/jd/DERM_409046.jpg,jd,23,23,23,True
/mnt/c/Users/0M SAI RAM/Desktop/project/dataset/archive/derm12345_train_part_2/jd/DERM_314241.jpg,jd,23,23,23,True
/mnt/c/Users/0M SAI RAM/Desktop/project/dataset/archive/derm12345_train_part_2/jd/DERM_383079.jpg,jd,23,23,23,True
/mnt/c/Users/0M SAI RAM/Desktop/project/dataset/archive/derm12345_train_part_2/jd/DERM_154404.jpg,jd,23,23,23,True
/mnt/c/Users/0M SAI RAM/Desktop/project/dataset/archive/derm12345_train_part_2/jd/DERM_652086.jpg,jd,23,23,23,True
/mnt/c/Users/0M SAI RAM/Desktop/project/dataset/archive/derm12345_train_part_2/jd/DERM_133980.jpg,jd,23,23,23,True
/mnt/c/Users/0M SAI RAM/Desktop/project/dataset/archive/derm12345_train_part_2/jd/DERM_346419.jpg,jd,23,23,23,True
/mnt/c/Users/0M SAI RAM/Desktop/project/dataset/archive/derm12345_train_part_2/jd/DERM_474640.jpg,jd,23,23,23,True
/mnt/c/Users/0M SAI RAM/Desktop/project/dataset/archive/derm12345_train_part_2/jd/DERM_246046.jpg,jd,23,23,12,False
/mnt/c/Users/0M SAI RAM/Desktop/project/dataset/archive/derm12345_train_part_2/jd/DERM_644959.jpg,jd,23,23,23,True
/mnt/c/Users/0M SAI RAM/Desktop/project/dataset/archive/derm12345_train_part_2/jd/DERM_812763.jpg,jd,23,23,3,False
/mnt/c/Users/0M SAI RAM/Desktop/project/dataset/archive/derm12345_train_part_2/jd/DERM_314907.jpg,jd,23,23,22,False
/mnt/c/Users/0M SAI RAM/Desktop/project/dataset/archive/derm12345_train_part_2/jd/DERM_416555.jpg,jd,23,23,23,True
/mnt/c/Users/0M SAI RAM/Desktop/project/dataset/archive/derm12345_train_part_2/jd/DERM_198993.jpg,jd,23,23,22,False
/mnt/c/Users/0M SAI RAM/Desktop/project/dataset/archive/derm12345_train_part_2/jd/DERM_854034.jpg,jd,23,23,22,False
/mnt/c/Users/0M SAI RAM/Desktop/project/dataset/archive/derm12345_train_part_2/jd/DERM_893745.jpg,jd,23,23,23,True
/mnt/c/Users/0M SAI RAM/Desktop/project/dataset/archive/derm12345_train_part_2/jd/DERM_661528.jpg,jd,23,23,22,False
/mnt/c/Users/0M SAI RAM/Desktop/project/dataset/archive/derm12345_train_part_2/jd/DERM_410042.jpg,jd,23,23,23,True
/mnt/c/Users/0M SAI RAM/Desktop/project/dataset/archive/derm12345_train_part_2/jd/DERM_824459.jpg,jd,23,23,22,False
/mnt/c/Users/0M SAI RAM/Desktop/project/dataset/archive/derm12345_train_part_2/jd/DERM_298684.jpg,jd,23,23,23,True
/mnt/c/Users/0M SAI RAM/Desktop/project/dataset/archive/derm12345_train_part_2/jd/DERM_966983.jpg,jd,23,23,23,True
/mnt/c/Users/0M SAI RAM/Desktop/project/dataset/archive/derm12345_train_part_2/jd/DERM_567820.jpg,jd,23,23,23,True
/mnt/c/Users/0M SAI RAM/Desktop/project/dataset/archive/derm12345_train_part_2/jd/DERM_215966.jpg,jd,23,23,14,False
/mnt/c/Users/0M SAI RAM/Desktop/project/dataset/archive/derm12345_train_part_2/jd/DERM_596319.jpg,jd,23,23,3,False
/mnt/c/Users/0M SAI RAM/Desktop/project/dataset/archive/derm12345_train_part_2/jd/DERM_488287.jpg,jd,23,23,23,True
/mnt/c/Users/0M SAI RAM/Desktop/project/dataset/archive/derm12345_train_part_2/jd/DERM_597175.jpg,jd,23,23,23,True
/mnt/c/Users/0M SAI RAM/Desktop/project/dataset/archive/derm12345_train_part_2/jd/DERM_100022.jpg,jd,23,23,23,True
/mnt/c/Users/0M SAI RAM/Desktop/project/dataset/archive/derm12345_train_part_2/jd/DERM_613822.jpg,jd,23,23,37,False
/mnt/c/Users/0M SAI RAM/Desktop/project/dataset/archive/derm12345_train_part_2/jd/DERM_805139.jpg,jd,23,23,23,True
/mnt/c/Users/0M SAI RAM/Desktop/project/dataset/archive/derm12345_train_part_2/jd/DERM_450534.jpg,jd,23,23,23,True
/mnt/c/Users/0M SAI RAM/Desktop/project/dataset/archive/derm12345_train_part_2/jd/DERM_181866.jpg,jd,23,23,23,True
/mnt/c/Users/0M SAI RAM/Desktop/project/dataset/archive/derm12345_train_part_2/jd/DERM_734233.jpg,jd,23,23,22,False
/mnt/c/Users/0M SAI RAM/Desktop/project/dataset/archive/derm12345_train_part_2/jd/DERM_243433.jpg,jd,23,23,11,False
/mnt/c/Users/0M SAI RAM/Desktop/project/dataset/archive/derm12345_train_part_2/jd/DERM_502532.jpg,jd,23,23,23,True
/mnt/c/Users/0M SAI RAM/Desktop/project/dataset/archive/derm12345_train_part_2/jd/DERM_540223.jpg,jd,23,23,17,False
/mnt/c/Users/0M SAI RAM/Desktop/project/dataset/archive/derm12345_train_part_2/jd/DERM_818010.jpg,jd,23,23,11,False
/mnt/c/Users/0M SAI RAM/Desktop/project/dataset/archive/derm12345_train_part_2/jd/DERM_834995.jpg,jd,23,23,23,True
/mnt/c/Users/0M SAI RAM/Desktop/project/dataset/archive/derm12345_train_part_2/jd/DERM_855330.jpg,jd,23,23,17,False
/mnt/c/Users/0M SAI RAM/Desktop/project/dataset/archive/derm12345_train_part_2/jd/DERM_187136.jpg,jd,23,23,22,False
/mnt/c/Users/0M SAI RAM/Desktop/project/dataset/archive/derm12345_train_part_2/jd/DERM_224673.jpg,jd,23,23,23,True
/mnt/c/Users/0M SAI RAM/Desktop/project/dataset/archive/derm12345_train_part_2/jd/DERM_517982.jpg,jd,23,23,14,False
/mnt/c/Users/0M SAI RAM/Desktop/project/dataset/archive/derm12345_train_part_2/jd/DERM_633074.jpg,jd,23,23,23,True
/mnt/c/Users/0M SAI RAM/Desktop/project/dataset/archive/derm12345_train_part_2/jd/DERM_751555.jpg,jd,23,23,14,False
/mnt/c/Users/0M SAI RAM/Desktop/project/dataset/archive/derm12345_train_part_2/jd/DERM_669539.jpg,jd,23,23,22,False
/mnt/c/Users/0M SAI RAM/Desktop/project/dataset/archive/derm12345_train_part_2/jd/DERM_356881.jpg,jd,23,23,22,False
/mnt/c/Users/0M SAI RAM/Desktop/project/dataset/archive/derm12345_train_part_2/jd/DERM_523440.jpg,jd,23,23,23,True
/mnt/c/Users/0M SAI RAM/Desktop/project/dataset/archive/derm12345_train_part_2/jd/DERM_546056.jpg,jd,23,23,23,True
/mnt/c/Users/0M SAI RAM/Desktop/project/dataset/archive/derm12345_train_part_2/jd/DERM_289466.jpg,jd,23,23,22,False
/mnt/c/Users/0M SAI RAM/Desktop/project/dataset/archive/derm12345_train_part_2/jd/DERM_144043.jpg,jd,23,23,23,True
/mnt/c/Users/0M SAI RAM/Desktop/project/dataset/archive/derm12345_train_part_2/jd/DERM_149088.jpg,jd,23,23,23,True
/mnt/c/Users/0M SAI RAM/Desktop/project/dataset/archive/derm12345_train_part_2/jd/DERM_221770.jpg,jd,23,23,23,True
/mnt/c/Users/0M SAI RAM/Desktop/project/dataset/archive/derm12345_train_part_2/jd/DERM_363096.jpg,jd,23,23,23,True
/mnt/c/Users/0M SAI RAM/Desktop/project/dataset/archive/derm12345_train_part_2/jd/DERM_426443.jpg,jd,23,23,23,True
/mnt/c/Users/0M SAI RAM/Desktop/project/dataset/archive/derm12345_train_part_2/jd/DERM_443384.jpg,jd,23,23,23,True
/mnt/c/Users/0M SAI RAM/Desktop/project/dataset/archive/derm12345_train_part_2/jd/DERM_471840.jpg,jd,23,23,23,True
/mnt/c/Users/0M SAI RAM/Desktop/project/dataset/archive/derm12345_train_part_2/jd/DERM_475288.jpg,jd,23,23,23,True
/mnt/c/Users/0M SAI RAM/Desktop/project/dataset/archive/derm12345_train_part_2/jd/DERM_644512.jpg,jd,23,23,22,False
/mnt/c/Users/0M SAI RAM/Desktop/project/dataset/archive/derm12345_train_part_2/jd/DERM_698226.jpg,jd,23,23,23,True
/mnt/c/Users/0M SAI RAM/Desktop/project/dataset/archive/derm12345_train_part_2/jd/DERM_815353.jpg,jd,23,23,23,True
/mnt/c/Users/0M SAI RAM/Desktop/project/dataset/archive/derm12345_train_part_2/jd/DERM_870232.jpg,jd,23,23,22,False
/mnt/c/Users/0M SAI RAM/Desktop/project/dataset/archive/derm12345_train_part_2/jd/DERM_873046.jpg,jd,23,23,22,False
/mnt/c/Users/0M SAI RAM/Desktop/project/dataset/archive/derm12345_train_part_2/jd/DERM_874568.jpg,jd,23,23,22,False
/mnt/c/Users/0M SAI RAM/Desktop/project/dataset/archive/derm12345_train_part_2/jd/DERM_885582.jpg,jd,23,23,11,False
/mnt/c/Users/0M SAI RAM/Desktop/project/dataset/archive/derm12345_train_part_2/jd/DERM_919626.jpg,jd,23,23,23,True
/mnt/c/Users/0M SAI RAM/Desktop/project/dataset/archive/derm12345_train_part_2/jd/DERM_932332.jpg,jd,23,23,23,True
/mnt/c/Users/0M SAI RAM/Desktop/project/dataset/archive/derm12345_train_part_2/jd/DERM_419132.jpg,jd,23,23,23,True
/mnt/c/Users/0M SAI RAM/Desktop/project/dataset/archive/derm12345_train_part_2/jd/DERM_162579.jpg,jd,23,23,22,False
/mnt/c/Users/0M SAI RAM/Desktop/project/dataset/archive/derm12345_train_part_2/jd/DERM_441105.jpg,jd,23,23,37,False
/mnt/c/Users/0M SAI RAM/Desktop/project/dataset/archive/derm12345_train_part_2/jd/DERM_531790.jpg,jd,23,23,37,False
/mnt/c/Users/0M SAI RAM/Desktop/project/dataset/archive/derm12345_train_part_2/jd/DERM_226537.jpg,jd,23,23,23,True
/mnt/c/Users/0M SAI RAM/Desktop/project/dataset/archive/derm12345_train_part_2/jd/DERM_305807.jpg,jd,23,23,22,False
/mnt/c/Users/0M SAI RAM/Desktop/project/dataset/archive/derm12345_train_part_2/jd/DERM_401100.jpg,jd,23,23,11,False
/mnt/c/Users/0M SAI RAM/Desktop/project/dataset/archive/derm12345_train_part_2/jd/DERM_498715.jpg,jd,23,23,23,True
/mnt/c/Users/0M SAI RAM/Desktop/project/dataset/archive/derm12345_train_part_2/jd/DERM_650903.jpg,jd,23,23,23,True
/mnt/c/Users/0M SAI RAM/Desktop/project/dataset/archive/derm12345_train_part_2/jd/DERM_112209.jpg,jd,23,23,23,True
/mnt/c/Users/0M SAI RAM/Desktop/project/dataset/archive/derm12345_train_part_2/jd/DERM_225021.jpg,jd,23,23,23,True
/mnt/c/Users/0M SAI RAM/Desktop/project/dataset/archive/derm12345_train_part_2/jd/DERM_340349.jpg,jd,23,23,11,False
/mnt/c/Users/0M SAI RAM/Desktop/project/dataset/archive/derm12345_train_part_2/jd/DERM_734272.jpg,jd,23,23,23,True
/mnt/c/Users/0M SAI RAM/Desktop/project/dataset/archive/derm12345_train_part_2/jd/DERM_889488.jpg,jd,23,23,11,False
/mnt/c/Users/0M SAI RAM/Desktop/project/dataset/archive/derm12345_train_part_2/jd/DERM_390322.jpg,jd,23,23,37,False
/mnt/c/Users/0M SAI RAM/Desktop/project/dataset/archive/derm12345_train_part_2/jd/DERM_279078.jpg,jd,23,23,23,True
/mnt/c/Users/0M SAI RAM/Desktop/project/dataset/archive/derm12345_train_part_2/jd/DERM_573665.jpg,jd,23,23,23,True
/mnt/c/Users/0M SAI RAM/Desktop/project/dataset/archive/derm12345_train_part_2/jd/DERM_540402.jpg,jd,23,23,23,True
/mnt/c/Users/0M SAI RAM/Desktop/project/dataset/archive/derm12345_train_part_2/jd/DERM_992648.jpg,jd,23,23,23,True
/mnt/c/Users/0M SAI RAM/Desktop/project/dataset/archive/derm12345_train_part_2/jd/DERM_964225.jpg,jd,23,23,23,True
/mnt/c/Users/0M SAI RAM/Desktop/project/dataset/archive/derm12345_train_part_2/jd/DERM_112754.jpg,jd,23,23,37,False
/mnt/c/Users/0M SAI RAM/Desktop/project/dataset/archive/derm12345_train_part_2/jd/DERM_879131.jpg,jd,23,23,14,False
/mnt/c/Users/0M SAI RAM/Desktop/project/dataset/archive/derm12345_train_part_2/jd/DERM_449458.jpg,jd,23,23,11,False
/mnt/c/Users/0M SAI RAM/Desktop/project/dataset/archive/derm12345_train_part_2/jd/DERM_988996.jpg,jd,23,23,23,True
/mnt/c/Users/0M SAI RAM/Desktop/project/dataset/archive/derm12345_train_part_2/jd/DERM_546680.jpg,jd,23,23,22,False
/mnt/c/Users/0M SAI RAM/Desktop/project/dataset/archive/derm12345_train_part_2/jd/DERM_977454.jpg,jd,23,23,23,True
/mnt/c/Users/0M SAI RAM/Desktop/project/dataset/archive/derm12345_train_part_2/jd/DERM_319200.jpg,jd,23,23,23,True
/mnt/c/Users/0M SAI RAM/Desktop/project/dataset/archive/derm12345_train_part_2/jd/DERM_536595.jpg,jd,23,23,23,True
/mnt/c/Users/0M SAI RAM/Desktop/project/dataset/archive/derm12345_train_part_2/jd/DERM_602620.jpg,jd,23,23,23,True
/mnt/c/Users/0M SAI RAM/Desktop/project/dataset/archive/derm12345_train_part_2/jd/DERM_285890.jpg,jd,23,23,23,True
/mnt/c/Users/0M SAI RAM/Desktop/project/dataset/archive/derm12345_train_part_2/jd/DERM_721261.jpg,jd,23,23,22,False
/mnt/c/Users/0M SAI RAM/Desktop/project/dataset/archive/derm12345_train_part_2/jd/DERM_415179.jpg,jd,23,23,14,False
/mnt/c/Users/0M SAI RAM/Desktop/project/dataset/archive/derm12345_train_part_2/jd/DERM_240659.jpg,jd,23,23,23,True
/mnt/c/Users/0M SAI RAM/Desktop/project/dataset/archive/derm12345_train_part_2/jd/DERM_473898.jpg,jd,23,23,23,True
/mnt/c/Users/0M SAI RAM/Desktop/project/dataset/archive/derm12345_train_part_2/jd/DERM_797917.jpg,jd,23,23,22,False
/mnt/c/Users/0M SAI RAM/Desktop/project/dataset/archive/derm12345_train_part_2/jd/DERM_803501.jpg,jd,23,23,22,False
/mnt/c/Users/0M SAI RAM/Desktop/project/dataset/archive/derm12345_train_part_2/jd/DERM_216248.jpg,jd,23,23,14,False
/mnt/c/Users/0M SAI RAM/Desktop/project/dataset/archive/derm12345_train_part_2/jd/DERM_901301.jpg,jd,23,23,22,False
/mnt/c/Users/0M SAI RAM/Desktop/project/dataset/archive/derm12345_train_part_2/jd/DERM_891931.jpg,jd,23,23,22,False
/mnt/c/Users/0M SAI RAM/Desktop/project/dataset/archive/derm12345_train_part_2/jd/DERM_660341.jpg,jd,23,23,22,False
/mnt/c/Users/0M SAI RAM/Desktop/project/dataset/archive/derm12345_train_part_2/jd/DERM_109224.jpg,jd,23,23,14,False
/mnt/c/Users/0M SAI RAM/Desktop/project/dataset/archive/derm12345_train_part_2/jd/DERM_336981.jpg,jd,23,23,23,True
/mnt/c/Users/0M SAI RAM/Desktop/project/dataset/archive/derm12345_train_part_2/jd/DERM_299648.jpg,jd,23,23,22,False
/mnt/c/Users/0M SAI RAM/Desktop/project/dataset/archive/derm12345_train_part_2/jd/DERM_479618.jpg,jd,23,23,23,True
/mnt/c/Users/0M SAI RAM/Desktop/project/dataset/archive/derm12345_train_part_2/jd/DERM_527261.jpg,jd,23,23,23,True
/mnt/c/Users/0M SAI RAM/Desktop/project/dataset/archive/derm12345_train_part_2/jd/DERM_665672.jpg,jd,23,23,23,True
/mnt/c/Users/0M SAI RAM/Desktop/project/dataset/archive/derm12345_train_part_2/jd/DERM_776033.jpg,jd,23,23,11,False
/mnt/c/Users/0M SAI RAM/Desktop/project/dataset/archive/derm12345_train_part_2/jd/DERM_785577.jpg,jd,23,23,16,False
/mnt/c/Users/0M SAI RAM/Desktop/project/dataset/archive/derm12345_train_part_2/jd/DERM_347352.jpg,jd,23,23,23,True
/mnt/c/Users/0M SAI RAM/Desktop/project/dataset/archive/derm12345_train_part_2/jd/DERM_906900.jpg,jd,23,23,22,False
/mnt/c/Users/0M SAI RAM/Desktop/project/dataset/archive/derm12345_train_part_2/jd/DERM_857506.jpg,jd,23,23,23,True
/mnt/c/Users/0M SAI RAM/Desktop/project/dataset/archive/derm12345_train_part_2/jd/DERM_168677.jpg,jd,23,23,23,True
/mnt/c/Users/0M SAI RAM/Desktop/project/dataset/archive/derm12345_train_part_2/jd/DERM_200401.jpg,jd,23,23,22,False
/mnt/c/Users/0M SAI RAM/Desktop/project/dataset/archive/derm12345_train_part_2/jd/DERM_870240.jpg,jd,23,23,23,True
/mnt/c/Users/0M SAI RAM/Desktop/project/dataset/archive/derm12345_train_part_2/jd/DERM_515514.jpg,jd,23,23,14,False
/mnt/c/Users/0M SAI RAM/Desktop/project/dataset/archive/derm12345_train_part_2/jd/DERM_807029.jpg,jd,23,23,23,True
/mnt/c/Users/0M SAI RAM/Desktop/project/dataset/archive/derm12345_train_part_2/jd/DERM_418449.jpg,jd,23,23,23,True
/mnt/c/Users/0M SAI RAM/Desktop/project/dataset/archive/derm12345_train_part_2/jd/DERM_838018.jpg,jd,23,23,23,True
/mnt/c/Users/0M SAI RAM/Desktop/project/dataset/archive/derm12345_train_part_2/jd/DERM_734554.jpg,jd,23,23,23,True
/mnt/c/Users/0M SAI RAM/Desktop/project/dataset/archive/derm12345_train_part_2/jd/DERM_560584.jpg,jd,23,23,23,True
/mnt/c/Users/0M SAI RAM/Desktop/project/dataset/archive/derm12345_train_part_2/jd/DERM_899132.jpg,jd,23,23,23,True
/mnt/c/Users/0M SAI RAM/Desktop/project/dataset/archive/derm12345_train_part_2/jd/DERM_293796.jpg,jd,23,23,23,True
/mnt/c/Users/0M SAI RAM/Desktop/project/dataset/archive/derm12345_train_part_2/jd/DERM_757571.jpg,jd,23,23,23,True
/mnt/c/Users/0M SAI RAM/Desktop/project/dataset/archive/derm12345_train_part_2/jd/DERM_724424.jpg,jd,23,23,23,True
/mnt/c/Users/0M SAI RAM/Desktop/project/dataset/archive/derm12345_train_part_2/jd/DERM_748712.jpg,jd,23,23,23,True
/mnt/c/Users/0M SAI RAM/Desktop/project/dataset/archive/derm12345_train_part_2/jd/DERM_336264.jpg,jd,23,23,23,True
/mnt/c/Users/0M SAI RAM/Desktop/project/dataset/archive/derm12345_train_part_2/jd/DERM_446367.jpg,jd,23,23,22,False
/mnt/c/Users/0M SAI RAM/Desktop/project/dataset/archive/derm12345_train_part_2/jd/DERM_101387.jpg,jd,23,23,22,False
/mnt/c/Users/0M SAI RAM/Desktop/project/dataset/archive/derm12345_train_part_2/jd/DERM_130229.jpg,jd,23,23,4,False
/mnt/c/Users/0M SAI RAM/Desktop/project/dataset/archive/derm12345_train_part_2/jd/DERM_333337.jpg,jd,23,23,4,False
/mnt/c/Users/0M SAI RAM/Desktop/project/dataset/archive/derm12345_train_part_2/jd/DERM_929739.jpg,jd,23,23,22,False
/mnt/c/Users/0M SAI RAM/Desktop/project/dataset/archive/derm12345_train_part_2/jd/DERM_548465.jpg,jd,23,23,23,True
/mnt/c/Users/0M SAI RAM/Desktop/project/dataset/archive/derm12345_train_part_2/jd/DERM_362839.jpg,jd,23,23,23,True
/mnt/c/Users/0M SAI RAM/Desktop/project/dataset/archive/derm12345_train_part_2/jd/DERM_451562.jpg,jd,23,23,22,False
/mnt/c/Users/0M SAI RAM/Desktop/project/dataset/archive/derm12345_train_part_2/jd/DERM_342066.jpg,jd,23,23,23,True
/mnt/c/Users/0M SAI RAM/Desktop/project/dataset/archive/derm12345_train_part_2/jd/DERM_455484.jpg,jd,23,23,23,True
/mnt/c/Users/0M SAI RAM/Desktop/project/dataset/archive/derm12345_train_part_2/jd/DERM_991829.jpg,jd,23,23,11,False
/mnt/c/Users/0M SAI RAM/Desktop/project/dataset/archive/derm12345_train_part_2/jd/DERM_947278.jpg,jd,23,23,23,True
/mnt/c/Users/0M SAI RAM/Desktop/project/dataset/archive/derm12345_train_part_2/jd/DERM_808464.jpg,jd,23,23,3,False
/mnt/c/Users/0M SAI RAM/Desktop/project/dataset/archive/derm12345_train_part_2/jd/DERM_131832.jpg,jd,23,23,22,False
/mnt/c/Users/0M SAI RAM/Desktop/project/dataset/archive/derm12345_train_part_2/jd/DERM_710346.jpg,jd,23,23,3,False
/mnt/c/Users/0M SAI RAM/Desktop/project/dataset/archive/derm12345_train_part_2/jd/DERM_304965.jpg,jd,23,23,22,False
/mnt/c/Users/0M SAI RAM/Desktop/project/dataset/archive/derm12345_train_part_2/jd/DERM_480916.jpg,jd,23,23,23,True
/mnt/c/Users/0M SAI RAM/Desktop/project/dataset/archive/derm12345_train_part_2/jd/DERM_712252.jpg,jd,23,23,23,True
/mnt/c/Users/0M SAI RAM/Desktop/project/dataset/archive/derm12345_train_part_2/jd/DERM_759901.jpg,jd,23,23,23,True
/mnt/c/Users/0M SAI RAM/Desktop/project/dataset/archive/derm12345_train_part_2/jd/DERM_501470.jpg,jd,23,23,11,False
/mnt/c/Users/0M SAI RAM/Desktop/project/dataset/archive/derm12345_train_part_2/jd/DERM_772900.jpg,jd,23,23,23,True
/mnt/c/Users/0M SAI RAM/Desktop/project/dataset/archive/derm12345_train_part_2/jd/DERM_656796.jpg,jd,23,23,23,True
/mnt/c/Users/0M SAI RAM/Desktop/project/dataset/archive/derm12345_train_part_2/jd/DERM_317634.jpg,jd,23,23,22,False
/mnt/c/Users/0M SAI RAM/Desktop/project/dataset/archive/derm12345_train_part_2/jd/DERM_417426.jpg,jd,23,23,23,True
/mnt/c/Users/0M SAI RAM/Desktop/project/dataset/archive/derm12345_train_part_2/jd/DERM_140629.jpg,jd,23,23,23,True
/mnt/c/Users/0M SAI RAM/Desktop/project/dataset/archive/derm12345_train_part_2/jd/DERM_252292.jpg,jd,23,23,30,False
/mnt/c/Users/0M SAI RAM/Desktop/project/dataset/archive/derm12345_train_part_2/jd/DERM_886141.jpg,jd,23,23,22,False
/mnt/c/Users/0M SAI RAM/Desktop/project/dataset/archive/derm12345_train_part_2/jd/DERM_213685.jpg,jd,23,23,23,True
/mnt/c/Users/0M SAI RAM/Desktop/project/dataset/archive/derm12345_train_part_2/jd/DERM_334680.jpg,jd,23,23,23,True
/mnt/c/Users/0M SAI RAM/Desktop/project/dataset/archive/derm12345_train_part_2/jd/DERM_895152.jpg,jd,23,23,23,True
/mnt/c/Users/0M SAI RAM/Desktop/project/dataset/archive/derm12345_train_part_2/jd/DERM_505323.jpg,jd,23,23,23,True
/mnt/c/Users/0M SAI RAM/Desktop/project/dataset/archive/derm12345_train_part_2/jd/DERM_625948.jpg,jd,23,23,23,True
/mnt/c/Users/0M SAI RAM/Desktop/project/dataset/archive/derm12345_train_part_2/jd/DERM_752058.jpg,jd,23,23,23,True
/mnt/c/Users/0M SAI RAM/Desktop/project/dataset/archive/derm12345_train_part_2/jd/DERM_857675.jpg,jd,23,23,23,True
/mnt/c/Users/0M SAI RAM/Desktop/project/dataset/archive/derm12345_train_part_2/jd/DERM_933806.jpg,jd,23,23,23,True
/mnt/c/Users/0M SAI RAM/Desktop/project/dataset/archive/derm12345_train_part_2/jd/DERM_800174.jpg,jd,23,23,23,True
/mnt/c/Users/0M SAI RAM/Desktop/project/dataset/archive/derm12345_train_part_2/jd/DERM_694343.jpg,jd,23,23,23,True
/mnt/c/Users/0M SAI RAM/Desktop/project/dataset/archive/derm12345_train_part_2/jd/DERM_974725.jpg,jd,23,23,23,True
/mnt/c/Users/0M SAI RAM/Desktop/project/dataset/archive/derm12345_train_part_2/jd/DERM_205587.jpg,jd,23,23,23,True
/mnt/c/Users/0M SAI RAM/Desktop/project/dataset/archive/derm12345_train_part_2/jd/DERM_191378.jpg,jd,23,23,14,False
/mnt/c/Users/0M SAI RAM/Desktop/project/dataset/archive/derm12345_train_part_2/jd/DERM_363611.jpg,jd,23,23,23,True
/mnt/c/Users/0M SAI RAM/Desktop/project/dataset/archive/derm12345_train_part_2/jd/DERM_858704.jpg,jd,23,23,23,True
/mnt/c/Users/0M SAI RAM/Desktop/project/dataset/archive/derm12345_train_part_2/jd/DERM_909835.jpg,jd,23,23,23,True
/mnt/c/Users/0M SAI RAM/Desktop/project/dataset/archive/derm12345_train_part_2/jd/DERM_724923.jpg,jd,23,23,23,True
/mnt/c/Users/0M SAI RAM/Desktop/project/dataset/archive/derm12345_train_part_2/jd/DERM_427084.jpg,jd,23,23,22,False
/mnt/c/Users/0M SAI RAM/Desktop/project/dataset/archive/derm12345_train_part_2/jd/DERM_998819.jpg,jd,23,23,22,False
/mnt/c/Users/0M SAI RAM/Desktop/project/dataset/archive/derm12345_train_part_2/jd/DERM_311343.jpg,jd,23,23,22,False
/mnt/c/Users/0M SAI RAM/Desktop/project/dataset/archive/derm12345_train_part_2/jd/DERM_993109.jpg,jd,23,23,22,False
/mnt/c/Users/0M SAI RAM/Desktop/project/dataset/archive/derm12345_train_part_2/jd/DERM_291478.jpg,jd,23,23,23,True
/mnt/c/Users/0M SAI RAM/Desktop/project/dataset/archive/derm12345_train_part_2/jd/DERM_666233.jpg,jd,23,23,14,False
/mnt/c/Users/0M SAI RAM/Desktop/project/dataset/archive/derm12345_train_part_2/jd/DERM_536223.jpg,jd,23,23,23,True
/mnt/c/Users/0M SAI RAM/Desktop/project/dataset/archive/derm12345_train_part_2/jd/DERM_193581.jpg,jd,23,23,22,False
/mnt/c/Users/0M SAI RAM/Desktop/project/dataset/archive/derm12345_train_part_2/jd/DERM_389798.jpg,jd,23,23,23,True
/mnt/c/Users/0M SAI RAM/Desktop/project/dataset/archive/derm12345_train_part_2/jd/DERM_807654.jpg,jd,23,23,22,False
/mnt/c/Users/0M SAI RAM/Desktop/project/dataset/archive/derm12345_train_part_2/jd/DERM_492254.jpg,jd,23,23,23,True
/mnt/c/Users/0M SAI RAM/Desktop/project/dataset/archive/derm12345_train_part_2/jd/DERM_919402.jpg,jd,23,23,23,True
/mnt/c/Users/0M SAI RAM/Desktop/project/dataset/archive/derm12345_train_part_2/jd/DERM_131227.jpg,jd,23,23,38,False
/mnt/c/Users/0M SAI RAM/Desktop/project/dataset/archive/derm12345_train_part_2/jd/DERM_712339.jpg,jd,23,23,18,False
/mnt/c/Users/0M SAI RAM/Desktop/project/dataset/archive/derm12345_train_part_2/jd/DERM_598698.jpg,jd,23,23,38,False
/mnt/c/Users/0M SAI RAM/Desktop/project/dataset/archive/derm12345_train_part_2/jd/DERM_180887.jpg,jd,23,23,22,False
/mnt/c/Users/0M SAI RAM/Desktop/project/dataset/archive/derm12345_train_part_2/jd/DERM_763171.jpg,jd,23,23,22,False
/mnt/c/Users/0M SAI RAM/Desktop/project/dataset/archive/derm12345_train_part_2/jd/DERM_643367.jpg,jd,23,23,23,True
/mnt/c/Users/0M SAI RAM/Desktop/project/dataset/archive/derm12345_train_part_2/jd/DERM_803072.jpg,jd,23,23,22,False
/mnt/c/Users/0M SAI RAM/Desktop/project/dataset/archive/derm12345_train_part_2/jd/DERM_241075.jpg,jd,23,23,23,True
/mnt/c/Users/0M SAI RAM/Desktop/project/dataset/archive/derm12345_train_part_2/jd/DERM_558790.jpg,jd,23,23,22,False
/mnt/c/Users/0M SAI RAM/Desktop/project/dataset/archive/derm12345_train_part_2/jd/DERM_686391.jpg,jd,23,23,22,False
/mnt/c/Users/0M SAI RAM/Desktop/project/dataset/archive/derm12345_train_part_2/jd/DERM_878347.jpg,jd,23,23,23,True
/mnt/c/Users/0M SAI RAM/Desktop/project/dataset/archive/derm12345_train_part_2/jd/DERM_152206.jpg,jd,23,23,11,False
/mnt/c/Users/0M SAI RAM/Desktop/project/dataset/archive/derm12345_train_part_2/jd/DERM_221955.jpg,jd,23,23,23,True
/mnt/c/Users/0M SAI RAM/Desktop/project/dataset/archive/derm12345_train_part_2/jd/DERM_616834.jpg,jd,23,23,23,True
/mnt/c/Users/0M SAI RAM/Desktop/project/dataset/archive/derm12345_train_part_2/jd/DERM_303449.jpg,jd,23,23,38,False
/mnt/c/Users/0M SAI RAM/Desktop/project/dataset/archive/derm12345_train_part_2/jd/DERM_888381.jpg,jd,23,23,3,False
/mnt/c/Users/0M SAI RAM/Desktop/project/dataset/archive/derm12345_train_part_2/jd/DERM_789761.jpg,jd,23,23,23,True
/mnt/c/Users/0M SAI RAM/Desktop/project/dataset/archive/derm12345_train_part_2/jd/DERM_272789.jpg,jd,23,23,22,False
/mnt/c/Users/0M SAI RAM/Desktop/project/dataset/archive/derm12345_train_part_2/jd/DERM_641906.jpg,jd,23,23,11,False
/mnt/c/Users/0M SAI RAM/Desktop/project/dataset/archive/derm12345_train_part_2/jd/DERM_724620.jpg,jd,23,23,23,True
/mnt/c/Users/0M SAI RAM/Desktop/project/dataset/archive/derm12345_train_part_2/jd/DERM_373752.jpg,jd,23,23,23,True
/mnt/c/Users/0M SAI RAM/Desktop/project/dataset/archive/derm12345_train_part_2/jd/DERM_972513.jpg,jd,23,23,23,True
/mnt/c/Users/0M SAI RAM/Desktop/project/dataset/archive/derm12345_train_part_2/jd/DERM_370796.jpg,jd,23,23,11,False
/mnt/c/Users/0M SAI RAM/Desktop/project/dataset/archive/derm12345_train_part_2/jd/DERM_468173.jpg,jd,23,23,23,True
/mnt/c/Users/0M SAI RAM/Desktop/project/dataset/archive/derm12345_train_part_2/jd/DERM_823031.jpg,jd,23,23,23,True
/mnt/c/Users/0M SAI RAM/Desktop/project/dataset/archive/derm12345_train_part_2/jd/DERM_969391.jpg,jd,23,23,3,False
/mnt/c/Users/0M SAI RAM/Desktop/project/dataset/archive/derm12345_train_part_2/jd/DERM_144764.jpg,jd,23,23,23,True
/mnt/c/Users/0M SAI RAM/Desktop/project/dataset/archive/derm12345_train_part_2/jd/DERM_144136.jpg,jd,23,23,23,True
/mnt/c/Users/0M SAI RAM/Desktop/project/dataset/archive/derm12345_train_part_2/jd/DERM_343856.jpg,jd,23,23,23,True
/mnt/c/Users/0M SAI RAM/Desktop/project/dataset/archive/derm12345_train_part_2/jd/DERM_860081.jpg,jd,23,23,22,False
/mnt/c/Users/0M SAI RAM/Desktop/project/dataset/archive/derm12345_train_part_2/jd/DERM_946972.jpg,jd,23,23,18,False
/mnt/c/Users/0M SAI RAM/Desktop/project/dataset/archive/derm12345_train_part_2/jd/DERM_540147.jpg,jd,23,23,22,False
/mnt/c/Users/0M SAI RAM/Desktop/project/dataset/archive/derm12345_train_part_2/jd/DERM_332189.jpg,jd,23,23,23,True
/mnt/c/Users/0M SAI RAM/Desktop/project/dataset/archive/derm12345_train_part_2/jd/DERM_598647.jpg,jd,23,23,23,True
/mnt/c/Users/0M SAI RAM/Desktop/project/dataset/archive/derm12345_train_part_2/jd/DERM_452782.jpg,jd,23,23,23,True
/mnt/c/Users/0M SAI RAM/Desktop/project/dataset/archive/derm12345_train_part_2/jd/DERM_577176.jpg,jd,23,23,22,False
/mnt/c/Users/0M SAI RAM/Desktop/project/dataset/archive/derm12345_train_part_2/jd/DERM_588313.jpg,jd,23,23,17,False
/mnt/c/Users/0M SAI RAM/Desktop/project/dataset/archive/derm12345_train_part_2/jd/DERM_325113.jpg,jd,23,23,11,False
/mnt/c/Users/0M SAI RAM/Desktop/project/dataset/archive/derm12345_train_part_2/jd/DERM_581574.jpg,jd,23,23,3,False
/mnt/c/Users/0M SAI RAM/Desktop/project/dataset/archive/derm12345_train_part_2/jd/DERM_962359.jpg,jd,23,23,23,True
/mnt/c/Users/0M SAI RAM/Desktop/project/dataset/archive/derm12345_train_part_2/jd/DERM_463600.jpg,jd,23,23,23,True
/mnt/c/Users/0M SAI RAM/Desktop/project/dataset/archive/derm12345_train_part_2/jd/DERM_353505.jpg,jd,23,23,22,False
/mnt/c/Users/0M SAI RAM/Desktop/project/dataset/archive/derm12345_train_part_2/jd/DERM_908108.jpg,jd,23,23,23,True
/mnt/c/Users/0M SAI RAM/Desktop/project/dataset/archive/derm12345_train_part_2/jd/DERM_583678.jpg,jd,23,23,23,True
/mnt/c/Users/0M SAI RAM/Desktop/project/dataset/archive/derm12345_train_part_2/jd/DERM_713748.jpg,jd,23,23,23,True
/mnt/c/Users/0M SAI RAM/Desktop/project/dataset/archive/derm12345_train_part_2/jd/DERM_427047.jpg,jd,23,23,23,True
/mnt/c/Users/0M SAI RAM/Desktop/project/dataset/archive/derm12345_train_part_2/jd/DERM_676345.jpg,jd,23,23,16,False
/mnt/c/Users/0M SAI RAM/Desktop/project/dataset/archive/derm12345_train_part_2/jd/DERM_855472.jpg,jd,23,23,23,True
/mnt/c/Users/0M SAI RAM/Desktop/project/dataset/archive/derm12345_train_part_2/jd/DERM_337617.jpg,jd,23,23,23,True
/mnt/c/Users/0M SAI RAM/Desktop/project/dataset/archive/derm12345_train_part_2/jd/DERM_113386.jpg,jd,23,23,22,False
/mnt/c/Users/0M SAI RAM/Desktop/project/dataset/archive/derm12345_train_part_2/jd/DERM_391268.jpg,jd,23,23,22,False
/mnt/c/Users/0M SAI RAM/Desktop/project/dataset/archive/derm12345_train_part_2/jd/DERM_512446.jpg,jd,23,23,23,True
/mnt/c/Users/0M SAI RAM/Desktop/project/dataset/archive/derm12345_train_part_2/jd/DERM_381490.jpg,jd,23,23,23,True
/mnt/c/Users/0M SAI RAM/Desktop/project/dataset/archive/derm12345_train_part_2/jd/DERM_338765.jpg,jd,23,23,23,True
/mnt/c/Users/0M SAI RAM/Desktop/project/dataset/archive/derm12345_train_part_2/jd/DERM_753498.jpg,jd,23,23,23,True
/mnt/c/Users/0M SAI RAM/Desktop/project/dataset/archive/derm12345_train_part_2/jd/DERM_527513.jpg,jd,23,23,23,True
/mnt/c/Users/0M SAI RAM/Desktop/project/dataset/archive/derm12345_train_part_2/jd/DERM_995050.jpg,jd,23,23,14,False
/mnt/c/Users/0M SAI RAM/Desktop/project/dataset/archive/derm12345_train_part_2/jd/DERM_755496.jpg,jd,23,23,22,False
/mnt/c/Users/0M SAI RAM/Desktop/project/dataset/archive/derm12345_train_part_2/jd/DERM_866254.jpg,jd,23,23,23,True
/mnt/c/Users/0M SAI RAM/Desktop/project/dataset/archive/derm12345_train_part_2/jd/DERM_901554.jpg,jd,23,23,23,True
/mnt/c/Users/0M SAI RAM/Desktop/project/dataset/archive/derm12345_train_part_2/jd/DERM_501228.jpg,jd,23,23,23,True
/mnt/c/Users/0M SAI RAM/Desktop/project/dataset/archive/derm12345_train_part_2/jd/DERM_387566.jpg,jd,23,23,23,True
/mnt/c/Users/0M SAI RAM/Desktop/project/dataset/archive/derm12345_train_part_2/jd/DERM_411783.jpg,jd,23,23,23,True
/mnt/c/Users/0M SAI RAM/Desktop/project/dataset/archive/derm12345_train_part_2/jd/DERM_250131.jpg,jd,23,23,23,True
/mnt/c/Users/0M SAI RAM/Desktop/project/dataset/archive/derm12345_train_part_2/jd/DERM_230341.jpg,jd,23,23,23,True
/mnt/c/Users/0M SAI RAM/Desktop/project/dataset/archive/derm12345_train_part_2/jd/DERM_721472.jpg,jd,23,23,23,True
/mnt/c/Users/0M SAI RAM/Desktop/project/dataset/archive/derm12345_train_part_2/jd/DERM_279768.jpg,jd,23,23,23,True
/mnt/c/Users/0M SAI RAM/Desktop/project/dataset/archive/derm12345_train_part_2/jd/DERM_579346.jpg,jd,23,23,23,True
/mnt/c/Users/0M SAI RAM/Desktop/project/dataset/archive/derm12345_train_part_2/jd/DERM_921344.jpg,jd,23,23,23,True
/mnt/c/Users/0M SAI RAM/Desktop/project/dataset/archive/derm12345_train_part_2/jd/DERM_626865.jpg,jd,23,23,23,True
/mnt/c/Users/0M SAI RAM/Desktop/project/dataset/archive/derm12345_train_part_2/jd/DERM_808846.jpg,jd,23,23,11,False
/mnt/c/Users/0M SAI RAM/Desktop/project/dataset/archive/derm12345_train_part_2/jd/DERM_247046.jpg,jd,23,23,22,False
/mnt/c/Users/0M SAI RAM/Desktop/project/dataset/archive/derm12345_train_part_2/jd/DERM_602880.jpg,jd,23,23,14,False
/mnt/c/Users/0M SAI RAM/Desktop/project/dataset/archive/derm12345_train_part_2/jd/DERM_296395.jpg,jd,23,23,22,False
/mnt/c/Users/0M SAI RAM/Desktop/project/dataset/archive/derm12345_train_part_2/jd/DERM_536591.jpg,jd,23,23,3,False
/mnt/c/Users/0M SAI RAM/Desktop/project/dataset/archive/derm12345_train_part_2/jd/DERM_858136.jpg,jd,23,23,16,False
/mnt/c/Users/0M SAI RAM/Desktop/project/dataset/archive/derm12345_train_part_2/jd/DERM_273580.jpg,jd,23,23,22,False
/mnt/c/Users/0M SAI RAM/Desktop/project/dataset/archive/derm12345_train_part_2/jd/DERM_707140.jpg,jd,23,23,22,False
/mnt/c/Users/0M SAI RAM/Desktop/project/dataset/archive/derm12345_train_part_2/jd/DERM_646391.jpg,jd,23,23,23,True
/mnt/c/Users/0M SAI RAM/Desktop/project/dataset/archive/derm12345_train_part_2/jd/DERM_155474.jpg,jd,23,23,17,False
/mnt/c/Users/0M SAI RAM/Desktop/project/dataset/archive/derm12345_train_part_2/jd/DERM_257865.jpg,jd,23,23,23,True
/mnt/c/Users/0M SAI RAM/Desktop/project/dataset/archive/derm12345_train_part_2/jd/DERM_193593.jpg,jd,23,23,12,False
/mnt/c/Users/0M SAI RAM/Desktop/project/dataset/archive/derm12345_train_part_2/jd/DERM_459049.jpg,jd,23,23,23,True
/mnt/c/Users/0M SAI RAM/Desktop/project/dataset/archive/derm12345_train_part_2/jd/DERM_512069.jpg,jd,23,23,23,True
/mnt/c/Users/0M SAI RAM/Desktop/project/dataset/archive/derm12345_train_part_2/jd/DERM_304177.jpg,jd,23,23,23,True
/mnt/c/Users/0M SAI RAM/Desktop/project/dataset/archive/derm12345_train_part_2/jd/DERM_786935.jpg,jd,23,23,30,False
/mnt/c/Users/0M SAI RAM/Desktop/project/dataset/archive/derm12345_train_part_2/jd/DERM_831475.jpg,jd,23,23,23,True
/mnt/c/Users/0M SAI RAM/Desktop/project/dataset/archive/derm12345_train_part_2/jd/DERM_796229.jpg,jd,23,23,12,False
/mnt/c/Users/0M SAI RAM/Desktop/project/dataset/archive/derm12345_train_part_2/jd/DERM_399575.jpg,jd,23,23,11,False
/mnt/c/Users/0M SAI RAM/Desktop/project/dataset/archive/derm12345_train_part_2/jd/DERM_401571.jpg,jd,23,23,23,True
/mnt/c/Users/0M SAI RAM/Desktop/project/dataset/archive/derm12345_train_part_2/jd/DERM_530208.jpg,jd,23,23,23,True
/mnt/c/Users/0M SAI RAM/Desktop/project/dataset/archive/derm12345_train_part_2/jd/DERM_112204.jpg,jd,23,23,23,True
/mnt/c/Users/0M SAI RAM/Desktop/project/dataset/archive/derm12345_train_part_2/jd/DERM_929880.jpg,jd,23,23,23,True
/mnt/c/Users/0M SAI RAM/Desktop/project/dataset/archive/derm12345_train_part_2/jd/DERM_795907.jpg,jd,23,23,23,True
/mnt/c/Users/0M SAI RAM/Desktop/project/dataset/archive/derm12345_train_part_2/jd/DERM_437626.jpg,jd,23,23,22,False
/mnt/c/Users/0M SAI RAM/Desktop/project/dataset/archive/derm12345_train_part_2/jd/DERM_754517.jpg,jd,23,23,23,True
/mnt/c/Users/0M SAI RAM/Desktop/project/dataset/archive/derm12345_train_part_2/jd/DERM_943206.jpg,jd,23,23,22,False
/mnt/c/Users/0M SAI RAM/Desktop/project/dataset/archive/derm12345_train_part_2/jd/DERM_653055.jpg,jd,23,23,23,True
/mnt/c/Users/0M SAI RAM/Desktop/project/dataset/archive/derm12345_train_part_2/jd/DERM_874536.jpg,jd,23,23,11,False
/mnt/c/Users/0M SAI RAM/Desktop/project/dataset/archive/derm12345_train_part_2/jd/DERM_793155.jpg,jd,23,23,22,False
/mnt/c/Users/0M SAI RAM/Desktop/project/dataset/archive/derm12345_train_part_2/jd/DERM_582181.jpg,jd,23,23,22,False
/mnt/c/Users/0M SAI RAM/Desktop/project/dataset/archive/derm12345_train_part_2/jd/DERM_412839.jpg,jd,23,23,22,False
/mnt/c/Users/0M SAI RAM/Desktop/project/dataset/archive/derm12345_train_part_2/jd/DERM_250919.jpg,jd,23,23,22,False
/mnt/c/Users/0M SAI RAM/Desktop/project/dataset/archive/derm12345_train_part_2/jd/DERM_196243.jpg,jd,23,23,22,False
/mnt/c/Users/0M SAI RAM/Desktop/project/dataset/archive/derm12345_train_part_2/jd/DERM_121487.jpg,jd,23,23,3,False
/mnt/c/Users/0M SAI RAM/Desktop/project/dataset/archive/derm12345_train_part_2/jd/DERM_651165.jpg,jd,23,23,23,True
/mnt/c/Users/0M SAI RAM/Desktop/project/dataset/archive/derm12345_train_part_2/jd/DERM_424122.jpg,jd,23,23,14,False
/mnt/c/Users/0M SAI RAM/Desktop/project/dataset/archive/derm12345_train_part_2/jd/DERM_242513.jpg,jd,23,23,23,True
/mnt/c/Users/0M SAI RAM/Desktop/project/dataset/archive/derm12345_train_part_2/jd/DERM_167664.jpg,jd,23,23,23,True
/mnt/c/Users/0M SAI RAM/Desktop/project/dataset/archive/derm12345_train_part_2/jd/DERM_707556.jpg,jd,23,23,23,True
/mnt/c/Users/0M SAI RAM/Desktop/project/dataset/archive/derm12345_train_part_2/jd/DERM_754698.jpg,jd,23,23,11,False
/mnt/c/Users/0M SAI RAM/Desktop/project/dataset/archive/derm12345_train_part_2/jd/DERM_677922.jpg,jd,23,23,23,True
/mnt/c/Users/0M SAI RAM/Desktop/project/dataset/archive/derm12345_train_part_2/jd/DERM_730941.jpg,jd,23,23,23,True
/mnt/c/Users/0M SAI RAM/Desktop/project/dataset/archive/derm12345_train_part_2/jd/DERM_194928.jpg,jd,23,23,23,True
/mnt/c/Users/0M SAI RAM/Desktop/project/dataset/archive/derm12345_train_part_2/jd/DERM_528619.jpg,jd,23,23,23,True
/mnt/c/Users/0M SAI RAM/Desktop/project/dataset/archive/derm12345_train_part_2/jd/DERM_494805.jpg,jd,23,23,11,False
/mnt/c/Users/0M SAI RAM/Desktop/project/dataset/archive/derm12345_train_part_2/jd/DERM_647997.jpg,jd,23,23,0,False
/mnt/c/Users/0M SAI RAM/Desktop/project/dataset/archive/derm12345_train_part_2/jd/DERM_119078.jpg,jd,23,23,23,True
/mnt/c/Users/0M SAI RAM/Desktop/project/dataset/archive/derm12345_train_part_2/jd/DERM_319121.jpg,jd,23,23,14,False
/mnt/c/Users/0M SAI RAM/Desktop/project/dataset/archive/derm12345_train_part_2/jd/DERM_723623.jpg,jd,23,23,12,False
/mnt/c/Users/0M SAI RAM/Desktop/project/dataset/archive/derm12345_train_part_2/jd/DERM_360009.jpg,jd,23,23,23,True
/mnt/c/Users/0M SAI RAM/Desktop/project/dataset/archive/derm12345_train_part_2/jd/DERM_393250.jpg,jd,23,23,23,True
/mnt/c/Users/0M SAI RAM/Desktop/project/dataset/archive/derm12345_train_part_2/jd/DERM_351131.jpg,jd,23,23,23,True
/mnt/c/Users/0M SAI RAM/Desktop/project/dataset/archive/derm12345_train_part_2/jd/DERM_233895.jpg,jd,23,23,22,False
/mnt/c/Users/0M SAI RAM/Desktop/project/dataset/archive/derm12345_train_part_2/jd/DERM_286749.jpg,jd,23,23,22,False
/mnt/c/Users/0M SAI RAM/Desktop/project/dataset/archive/derm12345_train_part_2/jd/DERM_495155.jpg,jd,23,23,22,False
/mnt/c/Users/0M SAI RAM/Desktop/project/dataset/archive/derm12345_train_part_2/jd/DERM_876969.jpg,jd,23,23,23,True
/mnt/c/Users/0M SAI RAM/Desktop/project/dataset/archive/derm12345_train_part_2/jd/DERM_937482.jpg,jd,23,23,23,True
/mnt/c/Users/0M SAI RAM/Desktop/project/dataset/archive/derm12345_train_part_2/jd/DERM_187545.jpg,jd,23,23,14,False
/mnt/c/Users/0M SAI RAM/Desktop/project/dataset/archive/derm12345_train_part_2/jd/DERM_154330.jpg,jd,23,23,23,True
/mnt/c/Users/0M SAI RAM/Desktop/project/dataset/archive/derm12345_train_part_2/jd/DERM_250057.jpg,jd,23,23,23,True
/mnt/c/Users/0M SAI RAM/Desktop/project/dataset/archive/derm12345_train_part_2/jd/DERM_737124.jpg,jd,23,23,17,False
/mnt/c/Users/0M SAI RAM/Desktop/project/dataset/archive/derm12345_train_part_2/jd/DERM_287695.jpg,jd,23,23,23,True
/mnt/c/Users/0M SAI RAM/Desktop/project/dataset/archive/derm12345_train_part_2/jd/DERM_445371.jpg,jd,23,23,23,True
/mnt/c/Users/0M SAI RAM/Desktop/project/dataset/archive/derm12345_train_part_2/jd/DERM_392697.jpg,jd,23,23,23,True
/mnt/c/Users/0M SAI RAM/Desktop/project/dataset/archive/derm12345_train_part_2/jd/DERM_360309.jpg,jd,23,23,22,False
/mnt/c/Users/0M SAI RAM/Desktop/project/dataset/archive/derm12345_train_part_2/jd/DERM_282615.jpg,jd,23,23,23,True
/mnt/c/Users/0M SAI RAM/Desktop/project/dataset/archive/derm12345_train_part_2/jd/DERM_726982.jpg,jd,23,23,23,True
/mnt/c/Users/0M SAI RAM/Desktop/project/dataset/archive/derm12345_train_part_2/jd/DERM_323608.jpg,jd,23,23,37,False
/mnt/c/Users/0M SAI RAM/Desktop/project/dataset/archive/derm12345_train_part_2/jd/DERM_909182.jpg,jd,23,23,11,False
/mnt/c/Users/0M SAI RAM/Desktop/project/dataset/archive/derm12345_train_part_2/jd/DERM_558708.jpg,jd,23,23,22,False
/mnt/c/Users/0M SAI RAM/Desktop/project/dataset/archive/derm12345_train_part_2/jd/DERM_527729.jpg,jd,23,23,22,False
/mnt/c/Users/0M SAI RAM/Desktop/project/dataset/archive/derm12345_train_part_2/jd/DERM_200536.jpg,jd,23,23,23,True
/mnt/c/Users/0M SAI RAM/Desktop/project/dataset/archive/derm12345_train_part_2/jd/DERM_512735.jpg,jd,23,23,38,False
/mnt/c/Users/0M SAI RAM/Desktop/project/dataset/archive/derm12345_train_part_2/jd/DERM_148352.jpg,jd,23,23,37,False
/mnt/c/Users/0M SAI RAM/Desktop/project/dataset/archive/derm12345_train_part_2/jd/DERM_513259.jpg,jd,23,23,22,False
/mnt/c/Users/0M SAI RAM/Desktop/project/dataset/archive/derm12345_train_part_2/jd/DERM_614227.jpg,jd,23,23,22,False
/mnt/c/Users/0M SAI RAM/Desktop/project/dataset/archive/derm12345_train_part_2/jd/DERM_342270.jpg,jd,23,23,14,False
/mnt/c/Users/0M SAI RAM/Desktop/project/dataset/archive/derm12345_train_part_2/jd/DERM_372045.jpg,jd,23,23,23,True
/mnt/c/Users/0M SAI RAM/Desktop/project/dataset/archive/derm12345_train_part_2/jd/DERM_495094.jpg,jd,23,23,22,False
/mnt/c/Users/0M SAI RAM/Desktop/project/dataset/archive/derm12345_train_part_2/jd/DERM_633750.jpg,jd,23,23,31,False
/mnt/c/Users/0M SAI RAM/Desktop/project/dataset/archive/derm12345_train_part_2/jd/DERM_491831.jpg,jd,23,23,37,False
/mnt/c/Users/0M SAI RAM/Desktop/project/dataset/archive/derm12345_train_part_2/jd/DERM_144505.jpg,jd,23,23,38,False
/mnt/c/Users/0M SAI RAM/Desktop/project/dataset/archive/derm12345_train_part_2/jd/DERM_499588.jpg,jd,23,23,11,False
/mnt/c/Users/0M SAI RAM/Desktop/project/dataset/archive/derm12345_train_part_2/jd/DERM_972290.jpg,jd,23,23,23,True
/mnt/c/Users/0M SAI RAM/Desktop/project/dataset/archive/derm12345_train_part_2/jd/DERM_472698.jpg,jd,23,23,11,False
/mnt/c/Users/0M SAI RAM/Desktop/project/dataset/archive/derm12345_train_part_2/jd/DERM_702209.jpg,jd,23,23,38,False
/mnt/c/Users/0M SAI RAM/Desktop/project/dataset/archive/derm12345_train_part_2/jd/DERM_563335.jpg,jd,23,23,23,True
/mnt/c/Users/0M SAI RAM/Desktop/project/dataset/archive/derm12345_train_part_2/jd/DERM_720549.jpg,jd,23,23,14,False
/mnt/c/Users/0M SAI RAM/Desktop/project/dataset/archive/derm12345_train_part_2/jd/DERM_958319.jpg,jd,23,23,22,False
/mnt/c/Users/0M SAI RAM/Desktop/project/dataset/archive/derm12345_train_part_2/jd/DERM_367668.jpg,jd,23,23,23,True
/mnt/c/Users/0M SAI RAM/Desktop/project/dataset/archive/derm12345_train_part_2/jd/DERM_280032.jpg,jd,23,23,23,True
/mnt/c/Users/0M SAI RAM/Desktop/project/dataset/archive/derm12345_train_part_2/jd/DERM_304906.jpg,jd,23,23,22,False
/mnt/c/Users/0M SAI RAM/Desktop/project/dataset/archive/derm12345_train_part_2/jd/DERM_537189.jpg,jd,23,23,23,True
/mnt/c/Users/0M SAI RAM/Desktop/project/dataset/archive/derm12345_train_part_2/jd/DERM_555806.jpg,jd,23,23,23,True
/mnt/c/Users/0M SAI RAM/Desktop/project/dataset/archive/derm12345_train_part_2/jd/DERM_821305.jpg,jd,23,23,23,True
/mnt/c/Users/0M SAI RAM/Desktop/project/dataset/archive/derm12345_train_part_2/jd/DERM_920257.jpg,jd,23,23,23,True
/mnt/c/Users/0M SAI RAM/Desktop/project/dataset/archive/derm12345_train_part_2/jd/DERM_495129.jpg,jd,23,23,23,True
/mnt/c/Users/0M SAI RAM/Desktop/project/dataset/archive/derm12345_train_part_2/jd/DERM_367183.jpg,jd,23,23,22,False
/mnt/c/Users/0M SAI RAM/Desktop/project/dataset/archive/derm12345_train_part_2/jd/DERM_486051.jpg,jd,23,23,23,True
/mnt/c/Users/0M SAI RAM/Desktop/project/dataset/archive/derm12345_train_part_2/jd/DERM_876451.jpg,jd,23,23,30,False
/mnt/c/Users/0M SAI RAM/Desktop/project/dataset/archive/derm12345_train_part_2/jd/DERM_708065.jpg,jd,23,23,23,True
/mnt/c/Users/0M SAI RAM/Desktop/project/dataset/archive/derm12345_train_part_2/jd/DERM_734126.jpg,jd,23,23,22,False
/mnt/c/Users/0M SAI RAM/Desktop/project/dataset/archive/derm12345_train_part_2/jd/DERM_101613.jpg,jd,23,23,23,True
/mnt/c/Users/0M SAI RAM/Desktop/project/dataset/archive/derm12345_train_part_2/jd/DERM_342457.jpg,jd,23,23,23,True
/mnt/c/Users/0M SAI RAM/Desktop/project/dataset/archive/derm12345_train_part_2/jd/DERM_391249.jpg,jd,23,23,22,False
/mnt/c/Users/0M SAI RAM/Desktop/project/dataset/archive/derm12345_train_part_2/jd/DERM_586765.jpg,jd,23,23,23,True
/mnt/c/Users/0M SAI RAM/Desktop/project/dataset/archive/derm12345_train_part_2/jd/DERM_768011.jpg,jd,23,23,23,True
/mnt/c/Users/0M SAI RAM/Desktop/project/dataset/archive/derm12345_train_part_2/jd/DERM_829670.jpg,jd,23,23,23,True
/mnt/c/Users/0M SAI RAM/Desktop/project/dataset/archive/derm12345_train_part_2/jd/DERM_967595.jpg,jd,23,23,23,True
/mnt/c/Users/0M SAI RAM/Desktop/project/dataset/archive/derm12345_train_part_2/jd/DERM_777406.jpg,jd,23,23,23,True
/mnt/c/Users/0M SAI RAM/Desktop/project/dataset/archive/derm12345_train_part_2/jd/DERM_308080.jpg,jd,23,23,23,True
/mnt/c/Users/0M SAI RAM/Desktop/project/dataset/archive/derm12345_train_part_2/jd/DERM_442551.jpg,jd,23,23,23,True
/mnt/c/Users/0M SAI RAM/Desktop/project/dataset/archive/derm12345_train_part_2/jd/DERM_450352.jpg,jd,23,23,23,True
/mnt/c/Users/0M SAI RAM/Desktop/project/dataset/archive/derm12345_train_part_2/jd/DERM_120288.jpg,jd,23,23,12,False
/mnt/c/Users/0M SAI RAM/Desktop/project/dataset/archive/derm12345_train_part_2/jd/DERM_131927.jpg,jd,23,23,17,False
/mnt/c/Users/0M SAI RAM/Desktop/project/dataset/archive/derm12345_train_part_2/jd/DERM_146338.jpg,jd,23,23,23,True
/mnt/c/Users/0M SAI RAM/Desktop/project/dataset/archive/derm12345_train_part_2/jd/DERM_273910.jpg,jd,23,23,22,False
/mnt/c/Users/0M SAI RAM/Desktop/project/dataset/archive/derm12345_train_part_2/jd/DERM_724844.jpg,jd,23,23,11,False
/mnt/c/Users/0M SAI RAM/Desktop/project/dataset/archive/derm12345_train_part_2/jd/DERM_892491.jpg,jd,23,23,23,True
/mnt/c/Users/0M SAI RAM/Desktop/project/dataset/archive/derm12345_train_part_2/jd/DERM_146045.jpg,jd,23,23,11,False
/mnt/c/Users/0M SAI RAM/Desktop/project/dataset/archive/derm12345_train_part_2/jd/DERM_449085.jpg,jd,23,23,11,False
/mnt/c/Users/0M SAI RAM/Desktop/project/dataset/archive/derm12345_train_part_2/jd/DERM_667621.jpg,jd,23,23,11,False
/mnt/c/Users/0M SAI RAM/Desktop/project/dataset/archive/derm12345_train_part_2/jd/DERM_723197.jpg,jd,23,23,11,False
/mnt/c/Users/0M SAI RAM/Desktop/project/dataset/archive/derm12345_train_part_2/jd/DERM_676572.jpg,jd,23,23,22,False
/mnt/c/Users/0M SAI RAM/Desktop/project/dataset/archive/derm12345_train_part_2/jd/DERM_402573.jpg,jd,23,23,23,True
/mnt/c/Users/0M SAI RAM/Desktop/project/dataset/archive/derm12345_train_part_2/jd/DERM_137188.jpg,jd,23,23,3,False
/mnt/c/Users/0M SAI RAM/Desktop/project/dataset/archive/derm12345_train_part_2/jd/DERM_288290.jpg,jd,23,23,12,False
/mnt/c/Users/0M SAI RAM/Desktop/project/dataset/archive/derm12345_train_part_2/jd/DERM_597492.jpg,jd,23,23,23,True
/mnt/c/Users/0M SAI RAM/Desktop/project/dataset/archive/derm12345_train_part_2/jd/DERM_379364.jpg,jd,23,23,30,False
/mnt/c/Users/0M SAI RAM/Desktop/project/dataset/archive/derm12345_train_part_2/jd/DERM_697511.jpg,jd,23,23,23,True
/mnt/c/Users/0M SAI RAM/Desktop/project/dataset/archive/derm12345_train_part_2/jd/DERM_384094.jpg,jd,23,23,23,True
/mnt/c/Users/0M SAI RAM/Desktop/project/dataset/archive/derm12345_train_part_2/jd/DERM_320420.jpg,jd,23,23,14,False
/mnt/c/Users/0M SAI RAM/Desktop/project/dataset/archive/derm12345_train_part_2/jd/DERM_235403.jpg,jd,23,23,23,True
/mnt/c/Users/0M SAI RAM/Desktop/project/dataset/archive/derm12345_train_part_2/jd/DERM_190606.jpg,jd,23,23,22,False
/mnt/c/Users/0M SAI RAM/Desktop/project/dataset/archive/derm12345_train_part_2/jd/DERM_270359.jpg,jd,23,23,22,False
/mnt/c/Users/0M SAI RAM/Desktop/project/dataset/archive/derm12345_train_part_2/jd/DERM_618457.jpg,jd,23,23,23,True
/mnt/c/Users/0M SAI RAM/Desktop/project/dataset/archive/derm12345_train_part_2/jd/DERM_899042.jpg,jd,23,23,22,False
/mnt/c/Users/0M SAI RAM/Desktop/project/dataset/archive/derm12345_train_part_2/jd/DERM_731577.jpg,jd,23,23,30,False
/mnt/c/Users/0M SAI RAM/Desktop/project/dataset/archive/derm12345_train_part_2/jd/DERM_425227.jpg,jd,23,23,14,False
/mnt/c/Users/0M SAI RAM/Desktop/project/dataset/archive/derm12345_train_part_2/jd/DERM_166014.jpg,jd,23,23,23,True
/mnt/c/Users/0M SAI RAM/Desktop/project/dataset/archive/derm12345_train_part_2/jd/DERM_219463.jpg,jd,23,23,23,True
/mnt/c/Users/0M SAI RAM/Desktop/project/dataset/archive/derm12345_train_part_2/jd/DERM_890424.jpg,jd,23,23,23,True
/mnt/c/Users/0M SAI RAM/Desktop/project/dataset/archive/derm12345_train_part_2/jd/DERM_851810.jpg,jd,23,23,23,True
/mnt/c/Users/0M SAI RAM/Desktop/project/dataset/archive/derm12345_train_part_2/jd/DERM_859097.jpg,jd,23,23,22,False
/mnt/c/Users/0M SAI RAM/Desktop/project/dataset/archive/derm12345_train_part_2/jd/DERM_631630.jpg,jd,23,23,23,True
/mnt/c/Users/0M SAI RAM/Desktop/project/dataset/archive/derm12345_train_part_2/jd/DERM_337087.jpg,jd,23,23,22,False
/mnt/c/Users/0M SAI RAM/Desktop/project/dataset/archive/derm12345_train_part_2/jd/DERM_136629.jpg,jd,23,23,22,False
/mnt/c/Users/0M SAI RAM/Desktop/project/dataset/archive/derm12345_train_part_2/jd/DERM_458578.jpg,jd,23,23,22,False
/mnt/c/Users/0M SAI RAM/Desktop/project/dataset/archive/derm12345_train_part_2/jd/DERM_471565.jpg,jd,23,23,23,True
/mnt/c/Users/0M SAI RAM/Desktop/project/dataset/archive/derm12345_train_part_2/jd/DERM_969561.jpg,jd,23,23,23,True
/mnt/c/Users/0M SAI RAM/Desktop/project/dataset/archive/derm12345_train_part_2/jd/DERM_287560.jpg,jd,23,23,11,False
/mnt/c/Users/0M SAI RAM/Desktop/project/dataset/archive/derm12345_train_part_2/jd/DERM_974802.jpg,jd,23,23,23,True
/mnt/c/Users/0M SAI RAM/Desktop/project/dataset/archive/derm12345_train_part_2/jd/DERM_373658.jpg,jd,23,23,23,True
/mnt/c/Users/0M SAI RAM/Desktop/project/dataset/archive/derm12345_train_part_2/jd/DERM_856704.jpg,jd,23,23,22,False
/mnt/c/Users/0M SAI RAM/Desktop/project/dataset/archive/derm12345_train_part_2/jd/DERM_152740.jpg,jd,23,23,23,True
/mnt/c/Users/0M SAI RAM/Desktop/project/dataset/archive/derm12345_train_part_2/jd/DERM_368378.jpg,jd,23,23,23,True
/mnt/c/Users/0M SAI RAM/Desktop/project/dataset/archive/derm12345_train_part_2/jd/DERM_765990.jpg,jd,23,23,23,True
/mnt/c/Users/0M SAI RAM/Desktop/project/dataset/archive/derm12345_train_part_2/jd/DERM_571997.jpg,jd,23,23,14,False
/mnt/c/Users/0M SAI RAM/Desktop/project/dataset/archive/derm12345_train_part_2/jd/DERM_498625.jpg,jd,23,23,11,False
/mnt/c/Users/0M SAI RAM/Desktop/project/dataset/archive/derm12345_train_part_2/jd/DERM_617416.jpg,jd,23,23,23,True
/mnt/c/Users/0M SAI RAM/Desktop/project/dataset/archive/derm12345_train_part_2/jd/DERM_129248.jpg,jd,23,23,12,False
/mnt/c/Users/0M SAI RAM/Desktop/project/dataset/archive/derm12345_train_part_2/jd/DERM_355097.jpg,jd,23,23,22,False
/mnt/c/Users/0M SAI RAM/Desktop/project/dataset/archive/derm12345_train_part_2/jd/DERM_449927.jpg,jd,23,23,23,True
/mnt/c/Users/0M SAI RAM/Desktop/project/dataset/archive/derm12345_train_part_2/jd/DERM_877339.jpg,jd,23,23,22,False
/mnt/c/Users/0M SAI RAM/Desktop/project/dataset/archive/derm12345_train_part_2/jd/DERM_129937.jpg,jd,23,23,23,True
/mnt/c/Users/0M SAI RAM/Desktop/project/dataset/archive/derm12345_train_part_2/jd/DERM_586792.jpg,jd,23,23,14,False
/mnt/c/Users/0M SAI RAM/Desktop/project/dataset/archive/derm12345_train_part_2/jd/DERM_773145.jpg,jd,23,23,23,True
/mnt/c/Users/0M SAI RAM/Desktop/project/dataset/archive/derm12345_train_part_2/jd/DERM_901680.jpg,jd,23,23,22,False
/mnt/c/Users/0M SAI RAM/Desktop/project/dataset/archive/derm12345_train_part_2/jd/DERM_681295.jpg,jd,23,23,22,False
/mnt/c/Users/0M SAI RAM/Desktop/project/dataset/archive/derm12345_train_part_2/jd/DERM_682673.jpg,jd,23,23,23,True
/mnt/c/Users/0M SAI RAM/Desktop/project/dataset/archive/derm12345_train_part_2/jd/DERM_265851.jpg,jd,23,23,23,True
/mnt/c/Users/0M SAI RAM/Desktop/project/dataset/archive/derm12345_train_part_2/jd/DERM_593983.jpg,jd,23,23,23,True
/mnt/c/Users/0M SAI RAM/Desktop/project/dataset/archive/derm12345_train_part_2/jd/DERM_283321.jpg,jd,23,23,23,True
/mnt/c/Users/0M SAI RAM/Desktop/project/dataset/archive/derm12345_train_part_2/jd/DERM_631233.jpg,jd,23,23,22,False
/mnt/c/Users/0M SAI RAM/Desktop/project/dataset/archive/derm12345_train_part_2/jd/DERM_837847.jpg,jd,23,23,22,False
/mnt/c/Users/0M SAI RAM/Desktop/project/dataset/archive/derm12345_train_part_2/jd/DERM_407206.jpg,jd,23,23,23,True
/mnt/c/Users/0M SAI RAM/Desktop/project/dataset/archive/derm12345_train_part_2/jd/DERM_403232.jpg,jd,23,23,22,False
/mnt/c/Users/0M SAI RAM/Desktop/project/dataset/archive/derm12345_train_part_2/jd/DERM_742996.jpg,jd,23,23,23,True
/mnt/c/Users/0M SAI RAM/Desktop/project/dataset/archive/derm12345_train_part_2/jd/DERM_226997.jpg,jd,23,23,22,False
/mnt/c/Users/0M SAI RAM/Desktop/project/dataset/archive/derm12345_train_part_2/jd/DERM_310226.jpg,jd,23,23,23,True
/mnt/c/Users/0M SAI RAM/Desktop/project/dataset/archive/derm12345_train_part_2/jd/DERM_508185.jpg,jd,23,23,23,True
/mnt/c/Users/0M SAI RAM/Desktop/project/dataset/archive/derm12345_train_part_2/jd/DERM_418872.jpg,jd,23,23,23,True
/mnt/c/Users/0M SAI RAM/Desktop/project/dataset/archive/derm12345_train_part_2/jd/DERM_803218.jpg,jd,23,23,22,False
/mnt/c/Users/0M SAI RAM/Desktop/project/dataset/archive/derm12345_train_part_2/jd/DERM_109984.jpg,jd,23,23,23,True
/mnt/c/Users/0M SAI RAM/Desktop/project/dataset/archive/derm12345_train_part_2/jd/DERM_219242.jpg,jd,23,23,14,False
/mnt/c/Users/0M SAI RAM/Desktop/project/dataset/archive/derm12345_train_part_2/jd/DERM_769687.jpg,jd,23,23,14,False
/mnt/c/Users/0M SAI RAM/Desktop/project/dataset/archive/derm12345_train_part_2/jd/DERM_688860.jpg,jd,23,23,23,True
/mnt/c/Users/0M SAI RAM/Desktop/project/dataset/archive/derm12345_train_part_2/jd/DERM_970946.jpg,jd,23,23,23,True
/mnt/c/Users/0M SAI RAM/Desktop/project/dataset/archive/derm12345_train_part_2/jd/DERM_452589.jpg,jd,23,23,23,True
/mnt/c/Users/0M SAI RAM/Desktop/project/dataset/archive/derm12345_train_part_2/jd/DERM_354070.jpg,jd,23,23,23,True
/mnt/c/Users/0M SAI RAM/Desktop/project/dataset/archive/derm12345_train_part_2/jd/DERM_883161.jpg,jd,23,23,22,False
/mnt/c/Users/0M SAI RAM/Desktop/project/dataset/archive/derm12345_train_part_2/jd/DERM_991684.jpg,jd,23,23,23,True
/mnt/c/Users/0M SAI RAM/Desktop/project/dataset/archive/derm12345_train_part_2/jd/DERM_515041.jpg,jd,23,23,23,True
/mnt/c/Users/0M SAI RAM/Desktop/project/dataset/archive/derm12345_train_part_2/jd/DERM_245461.jpg,jd,23,23,14,False
/mnt/c/Users/0M SAI RAM/Desktop/project/dataset/archive/derm12345_train_part_2/jd/DERM_368216.jpg,jd,23,23,23,True
/mnt/c/Users/0M SAI RAM/Desktop/project/dataset/archive/derm12345_train_part_2/jd/DERM_424488.jpg,jd,23,23,22,False
/mnt/c/Users/0M SAI RAM/Desktop/project/dataset/archive/derm12345_train_part_2/jd/DERM_939229.jpg,jd,23,23,23,True
/mnt/c/Users/0M SAI RAM/Desktop/project/dataset/archive/derm12345_train_part_2/jd/DERM_188486.jpg,jd,23,23,23,True
/mnt/c/Users/0M SAI RAM/Desktop/project/dataset/archive/derm12345_train_part_2/jd/DERM_927942.jpg,jd,23,23,23,True
/mnt/c/Users/0M SAI RAM/Desktop/project/dataset/archive/derm12345_train_part_2/jd/DERM_142350.jpg,jd,23,23,23,True
/mnt/c/Users/0M SAI RAM/Desktop/project/dataset/archive/derm12345_train_part_2/jd/DERM_244999.jpg,jd,23,23,22,False
/mnt/c/Users/0M SAI RAM/Desktop/project/dataset/archive/derm12345_train_part_2/jd/DERM_951444.jpg,jd,23,23,23,True
/mnt/c/Users/0M SAI RAM/Desktop/project/dataset/archive/derm12345_train_part_2/jd/DERM_966038.jpg,jd,23,23,23,True
/mnt/c/Users/0M SAI RAM/Desktop/project/dataset/archive/derm12345_train_part_2/jd/DERM_658521.jpg,jd,23,23,22,False
/mnt/c/Users/0M SAI RAM/Desktop/project/dataset/archive/derm12345_train_part_2/jd/DERM_664977.jpg,jd,23,23,23,True
/mnt/c/Users/0M SAI RAM/Desktop/project/dataset/archive/derm12345_train_part_2/jd/DERM_464885.jpg,jd,23,23,23,True
/mnt/c/Users/0M SAI RAM/Desktop/project/dataset/archive/derm12345_train_part_2/jd/DERM_420157.jpg,jd,23,23,23,True
/mnt/c/Users/0M SAI RAM/Desktop/project/dataset/archive/derm12345_train_part_2/jd/DERM_599385.jpg,jd,23,23,22,False
/mnt/c/Users/0M SAI RAM/Desktop/project/dataset/archive/derm12345_train_part_2/jd/DERM_472655.jpg,jd,23,23,23,True
/mnt/c/Users/0M SAI RAM/Desktop/project/dataset/archive/derm12345_train_part_2/jd/DERM_208432.jpg,jd,23,23,22,False
/mnt/c/Users/0M SAI RAM/Desktop/project/dataset/archive/derm12345_train_part_2/jd/DERM_921412.jpg,jd,23,23,23,True
/mnt/c/Users/0M SAI RAM/Desktop/project/dataset/archive/derm12345_train_part_2/jd/DERM_477142.jpg,jd,23,23,23,True
/mnt/c/Users/0M SAI RAM/Desktop/project/dataset/archive/derm12345_train_part_2/jd/DERM_663927.jpg,jd,23,23,22,False
/mnt/c/Users/0M SAI RAM/Desktop/project/dataset/archive/derm12345_train_part_2/jd/DERM_335729.jpg,jd,23,23,23,True
/mnt/c/Users/0M SAI RAM/Desktop/project/dataset/archive/derm12345_train_part_2/jd/DERM_425789.jpg,jd,23,23,22,False
/mnt/c/Users/0M SAI RAM/Desktop/project/dataset/archive/derm12345_train_part_2/jd/DERM_501602.jpg,jd,23,23,23,True
/mnt/c/Users/0M SAI RAM/Desktop/project/dataset/archive/derm12345_train_part_2/jd/DERM_738000.jpg,jd,23,23,23,True
/mnt/c/Users/0M SAI RAM/Desktop/project/dataset/archive/derm12345_train_part_2/jd/DERM_475528.jpg,jd,23,23,23,True
/mnt/c/Users/0M SAI RAM/Desktop/project/dataset/archive/derm12345_train_part_2/jd/DERM_179751.jpg,jd,23,23,23,True
/mnt/c/Users/0M SAI RAM/Desktop/project/dataset/archive/derm12345_train_part_2/jd/DERM_847351.jpg,jd,23,23,22,False
/mnt/c/Users/0M SAI RAM/Desktop/project/dataset/archive/derm12345_train_part_2/jd/DERM_996682.jpg,jd,23,23,30,False
/mnt/c/Users/0M SAI RAM/Desktop/project/dataset/archive/derm12345_train_part_2/jd/DERM_936217.jpg,jd,23,23,22,False
/mnt/c/Users/0M SAI RAM/Desktop/project/dataset/archive/derm12345_train_part_2/jd/DERM_903271.jpg,jd,23,23,14,False
/mnt/c/Users/0M SAI RAM/Desktop/project/dataset/archive/derm12345_train_part_2/jd/DERM_847956.jpg,jd,23,23,23,True
/mnt/c/Users/0M SAI RAM/Desktop/project/dataset/archive/derm12345_train_part_2/jd/DERM_131677.jpg,jd,23,23,11,False
/mnt/c/Users/0M SAI RAM/Desktop/project/dataset/archive/derm12345_train_part_2/jd/DERM_504995.jpg,jd,23,23,14,False
/mnt/c/Users/0M SAI RAM/Desktop/project/dataset/archive/derm12345_train_part_2/jd/DERM_532011.jpg,jd,23,23,14,False
/mnt/c/Users/0M SAI RAM/Desktop/project/dataset/archive/derm12345_train_part_2/jd/DERM_523752.jpg,jd,23,23,37,False
/mnt/c/Users/0M SAI RAM/Desktop/project/dataset/archive/derm12345_train_part_2/jd/DERM_193339.jpg,jd,23,23,23,True
/mnt/c/Users/0M SAI RAM/Desktop/project/dataset/archive/derm12345_train_part_2/jd/DERM_407370.jpg,jd,23,23,23,True
/mnt/c/Users/0M SAI RAM/Desktop/project/dataset/archive/derm12345_train_part_2/jd/DERM_232602.jpg,jd,23,23,20,False
/mnt/c/Users/0M SAI RAM/Desktop/project/dataset/archive/derm12345_train_part_2/jd/DERM_679043.jpg,jd,23,23,14,False
/mnt/c/Users/0M SAI RAM/Desktop/project/dataset/archive/derm12345_train_part_2/jd/DERM_845215.jpg,jd,23,23,12,False
/mnt/c/Users/0M SAI RAM/Desktop/project/dataset/archive/derm12345_train_part_2/jd/DERM_473320.jpg,jd,23,23,23,True
/mnt/c/Users/0M SAI RAM/Desktop/project/dataset/archive/derm12345_train_part_2/jd/DERM_585656.jpg,jd,23,23,22,False
/mnt/c/Users/0M SAI RAM/Desktop/project/dataset/archive/derm12345_train_part_2/jd/DERM_619640.jpg,jd,23,23,3,False
/mnt/c/Users/0M SAI RAM/Desktop/project/dataset/archive/derm12345_train_part_2/jd/DERM_842451.jpg,jd,23,23,23,True
/mnt/c/Users/0M SAI RAM/Desktop/project/dataset/archive/derm12345_train_part_2/jd/DERM_359438.jpg,jd,23,23,14,False
/mnt/c/Users/0M SAI RAM/Desktop/project/dataset/archive/derm12345_train_part_2/jd/DERM_520085.jpg,jd,23,23,22,False
/mnt/c/Users/0M SAI RAM/Desktop/project/dataset/archive/derm12345_train_part_2/jd/DERM_719735.jpg,jd,23,23,11,False
/mnt/c/Users/0M SAI RAM/Desktop/project/dataset/archive/derm12345_train_part_2/jd/DERM_153839.jpg,jd,23,23,23,True
/mnt/c/Users/0M SAI RAM/Desktop/project/dataset/archive/derm12345_train_part_2/jd/DERM_564298.jpg,jd,23,23,22,False
/mnt/c/Users/0M SAI RAM/Desktop/project/dataset/archive/derm12345_train_part_2/jd/DERM_172473.jpg,jd,23,23,22,False
/mnt/c/Users/0M SAI RAM/Desktop/project/dataset/archive/derm12345_train_part_2/jd/DERM_332817.jpg,jd,23,23,22,False
/mnt/c/Users/0M SAI RAM/Desktop/project/dataset/archive/derm12345_train_part_2/jd/DERM_432133.jpg,jd,23,23,23,True
/mnt/c/Users/0M SAI RAM/Desktop/project/dataset/archive/derm12345_train_part_2/jd/DERM_723083.jpg,jd,23,23,23,True
/mnt/c/Users/0M SAI RAM/Desktop/project/dataset/archive/derm12345_train_part_2/jd/DERM_703028.jpg,jd,23,23,23,True
/mnt/c/Users/0M SAI RAM/Desktop/project/dataset/archive/derm12345_train_part_2/jd/DERM_609990.jpg,jd,23,23,23,True
/mnt/c/Users/0M SAI RAM/Desktop/project/dataset/archive/derm12345_train_part_2/jd/DERM_431926.jpg,jd,23,23,23,True
/mnt/c/Users/0M SAI RAM/Desktop/project/dataset/archive/derm12345_train_part_2/jd/DERM_829464.jpg,jd,23,23,23,True
/mnt/c/Users/0M SAI RAM/Desktop/project/dataset/archive/derm12345_train_part_2/jd/DERM_884903.jpg,jd,23,23,23,True
/mnt/c/Users/0M SAI RAM/Desktop/project/dataset/archive/derm12345_train_part_2/jd/DERM_472108.jpg,jd,23,23,18,False
/mnt/c/Users/0M SAI RAM/Desktop/project/dataset/archive/derm12345_train_part_2/jd/DERM_143840.jpg,jd,23,23,23,True
/mnt/c/Users/0M SAI RAM/Desktop/project/dataset/archive/derm12345_train_part_2/jd/DERM_966726.jpg,jd,23,23,23,True
/mnt/c/Users/0M SAI RAM/Desktop/project/dataset/archive/derm12345_train_part_2/jd/DERM_970830.jpg,jd,23,23,11,False
/mnt/c/Users/0M SAI RAM/Desktop/project/dataset/archive/derm12345_train_part_2/jd/DERM_908809.jpg,jd,23,23,23,True
/mnt/c/Users/0M SAI RAM/Desktop/project/dataset/archive/derm12345_train_part_2/jd/DERM_875317.jpg,jd,23,23,23,True
/mnt/c/Users/0M SAI RAM/Desktop/project/dataset/archive/derm12345_train_part_2/jd/DERM_630242.jpg,jd,23,23,23,True
/mnt/c/Users/0M SAI RAM/Desktop/project/dataset/archive/derm12345_train_part_2/jd/DERM_954607.jpg,jd,23,23,22,False
/mnt/c/Users/0M SAI RAM/Desktop/project/dataset/archive/derm12345_train_part_2/jd/DERM_663107.jpg,jd,23,23,22,False
/mnt/c/Users/0M SAI RAM/Desktop/project/dataset/archive/derm12345_train_part_2/jd/DERM_360681.jpg,jd,23,23,23,True
/mnt/c/Users/0M SAI RAM/Desktop/project/dataset/archive/derm12345_train_part_2/jd/DERM_255405.jpg,jd,23,23,22,False
/mnt/c/Users/0M SAI RAM/Desktop/project/dataset/archive/derm12345_train_part_2/jd/DERM_188169.jpg,jd,23,23,23,True
/mnt/c/Users/0M SAI RAM/Desktop/project/dataset/archive/derm12345_train_part_2/jd/DERM_301977.jpg,jd,23,23,23,True
/mnt/c/Users/0M SAI RAM/Desktop/project/dataset/archive/derm12345_train_part_2/jd/DERM_199903.jpg,jd,23,23,12,False
/mnt/c/Users/0M SAI RAM/Desktop/project/dataset/archive/derm12345_train_part_2/jd/DERM_708213.jpg,jd,23,23,23,True
/mnt/c/Users/0M SAI RAM/Desktop/project/dataset/archive/derm12345_train_part_2/jd/DERM_716691.jpg,jd,23,23,23,True
/mnt/c/Users/0M SAI RAM/Desktop/project/dataset/archive/derm12345_train_part_2/jd/DERM_739202.jpg,jd,23,23,22,False
/mnt/c/Users/0M SAI RAM/Desktop/project/dataset/archive/derm12345_train_part_2/jd/DERM_967644.jpg,jd,23,23,22,False
/mnt/c/Users/0M SAI RAM/Desktop/project/dataset/archive/derm12345_train_part_2/jd/DERM_935850.jpg,jd,23,23,23,True
/mnt/c/Users/0M SAI RAM/Desktop/project/dataset/archive/derm12345_train_part_2/jd/DERM_859944.jpg,jd,23,23,23,True
/mnt/c/Users/0M SAI RAM/Desktop/project/dataset/archive/derm12345_train_part_2/jd/DERM_748892.jpg,jd,23,23,23,True
/mnt/c/Users/0M SAI RAM/Desktop/project/dataset/archive/derm12345_train_part_2/jd/DERM_137434.jpg,jd,23,23,3,False
/mnt/c/Users/0M SAI RAM/Desktop/project/dataset/archive/derm12345_train_part_2/jd/DERM_700787.jpg,jd,23,23,23,True
/mnt/c/Users/0M SAI RAM/Desktop/project/dataset/archive/derm12345_train_part_2/jd/DERM_813690.jpg,jd,23,23,23,True
/mnt/c/Users/0M SAI RAM/Desktop/project/dataset/archive/derm12345_train_part_2/jd/DERM_352326.jpg,jd,23,23,11,False
/mnt/c/Users/0M SAI RAM/Desktop/project/dataset/archive/derm12345_train_part_2/jd/DERM_147664.jpg,jd,23,23,23,True
/mnt/c/Users/0M SAI RAM/Desktop/project/dataset/archive/derm12345_train_part_2/jd/DERM_928547.jpg,jd,23,23,37,False
/mnt/c/Users/0M SAI RAM/Desktop/project/dataset/archive/derm12345_train_part_2/jd/DERM_699805.jpg,jd,23,23,23,True
/mnt/c/Users/0M SAI RAM/Desktop/project/dataset/archive/derm12345_train_part_2/jd/DERM_714228.jpg,jd,23,23,23,True
/mnt/c/Users/0M SAI RAM/Desktop/project/dataset/archive/derm12345_train_part_2/jd/DERM_584509.jpg,jd,23,23,23,True
/mnt/c/Users/0M SAI RAM/Desktop/project/dataset/archive/derm12345_train_part_2/jd/DERM_532256.jpg,jd,23,23,23,True
/mnt/c/Users/0M SAI RAM/Desktop/project/dataset/archive/derm12345_train_part_2/jd/DERM_988434.jpg,jd,23,23,23,True
/mnt/c/Users/0M SAI RAM/Desktop/project/dataset/archive/derm12345_train_part_2/jd/DERM_247731.jpg,jd,23,23,23,True
/mnt/c/Users/0M SAI RAM/Desktop/project/dataset/archive/derm12345_train_part_2/jd/DERM_383464.jpg,jd,23,23,23,True
/mnt/c/Users/0M SAI RAM/Desktop/project/dataset/archive/derm12345_train_part_2/jd/DERM_107558.jpg,jd,23,23,22,False
/mnt/c/Users/0M SAI RAM/Desktop/project/dataset/archive/derm12345_train_part_2/jd/DERM_377715.jpg,jd,23,23,23,True
/mnt/c/Users/0M SAI RAM/Desktop/project/dataset/archive/derm12345_train_part_2/jd/DERM_653421.jpg,jd,23,23,23,True
/mnt/c/Users/0M SAI RAM/Desktop/project/dataset/archive/derm12345_train_part_2/jd/DERM_190696.jpg,jd,23,23,14,False
/mnt/c/Users/0M SAI RAM/Desktop/project/dataset/archive/derm12345_train_part_2/jd/DERM_929375.jpg,jd,23,23,17,False
/mnt/c/Users/0M SAI RAM/Desktop/project/dataset/archive/derm12345_train_part_2/jd/DERM_925053.jpg,jd,23,23,22,False
/mnt/c/Users/0M SAI RAM/Desktop/project/dataset/archive/derm12345_train_part_2/jd/DERM_652939.jpg,jd,23,23,5,False
/mnt/c/Users/0M SAI RAM/Desktop/project/dataset/archive/derm12345_train_part_2/jd/DERM_306762.jpg,jd,23,23,22,False
/mnt/c/Users/0M SAI RAM/Desktop/project/dataset/archive/derm12345_train_part_2/jd/DERM_696801.jpg,jd,23,23,23,True
/mnt/c/Users/0M SAI RAM/Desktop/project/dataset/archive/derm12345_train_part_2/jd/DERM_376183.jpg,jd,23,23,23,True
/mnt/c/Users/0M SAI RAM/Desktop/project/dataset/archive/derm12345_train_part_2/jd/DERM_284109.jpg,jd,23,23,22,False
/mnt/c/Users/0M SAI RAM/Desktop/project/dataset/archive/derm12345_train_part_2/jd/DERM_732030.jpg,jd,23,23,22,False
/mnt/c/Users/0M SAI RAM/Desktop/project/dataset/archive/derm12345_train_part_2/jd/DERM_665288.jpg,jd,23,23,23,True
/mnt/c/Users/0M SAI RAM/Desktop/project/dataset/archive/derm12345_train_part_2/jd/DERM_504440.jpg,jd,23,23,30,False
/mnt/c/Users/0M SAI RAM/Desktop/project/dataset/archive/derm12345_train_part_2/jd/DERM_623169.jpg,jd,23,23,23,True
/mnt/c/Users/0M SAI RAM/Desktop/project/dataset/archive/derm12345_train_part_2/jd/DERM_946338.jpg,jd,23,23,23,True
/mnt/c/Users/0M SAI RAM/Desktop/project/dataset/archive/derm12345_train_part_2/jd/DERM_282260.jpg,jd,23,23,23,True
/mnt/c/Users/0M SAI RAM/Desktop/project/dataset/archive/derm12345_train_part_2/jd/DERM_968637.jpg,jd,23,23,22,False
/mnt/c/Users/0M SAI RAM/Desktop/project/dataset/archive/derm12345_train_part_2/jd/DERM_797813.jpg,jd,23,23,23,True
/mnt/c/Users/0M SAI RAM/Desktop/project/dataset/archive/derm12345_train_part_2/jd/DERM_469881.jpg,jd,23,23,22,False
/mnt/c/Users/0M SAI RAM/Desktop/project/dataset/archive/derm12345_train_part_2/jd/DERM_532280.jpg,jd,23,23,22,False
/mnt/c/Users/0M SAI RAM/Desktop/project/dataset/archive/derm12345_train_part_2/jd/DERM_568405.jpg,jd,23,23,23,True
/mnt/c/Users/0M SAI RAM/Desktop/project/dataset/archive/derm12345_train_part_2/jd/DERM_681713.jpg,jd,23,23,23,True
/mnt/c/Users/0M SAI RAM/Desktop/project/dataset/archive/derm12345_train_part_2/jd/DERM_917611.jpg,jd,23,23,23,True
/mnt/c/Users/0M SAI RAM/Desktop/project/dataset/archive/derm12345_train_part_2/jd/DERM_288376.jpg,jd,23,23,37,False
/mnt/c/Users/0M SAI RAM/Desktop/project/dataset/archive/derm12345_train_part_2/jd/DERM_802368.jpg,jd,23,23,23,True
/mnt/c/Users/0M SAI RAM/Desktop/project/dataset/archive/derm12345_train_part_2/jd/DERM_705784.jpg,jd,23,23,23,True
/mnt/c/Users/0M SAI RAM/Desktop/project/dataset/archive/derm12345_train_part_2/jd/DERM_726524.jpg,jd,23,23,23,True
/mnt/c/Users/0M SAI RAM/Desktop/project/dataset/archive/derm12345_train_part_2/jd/DERM_112361.jpg,jd,23,23,23,True
/mnt/c/Users/0M SAI RAM/Desktop/project/dataset/archive/derm12345_train_part_2/jd/DERM_657742.jpg,jd,23,23,23,True
/mnt/c/Users/0M SAI RAM/Desktop/project/dataset/archive/derm12345_train_part_2/jd/DERM_723757.jpg,jd,23,23,23,True
/mnt/c/Users/0M SAI RAM/Desktop/project/dataset/archive/derm12345_train_part_2/jd/DERM_284862.jpg,jd,23,23,23,True
/mnt/c/Users/0M SAI RAM/Desktop/project/dataset/archive/derm12345_train_part_2/jd/DERM_911484.jpg,jd,23,23,23,True
/mnt/c/Users/0M SAI RAM/Desktop/project/dataset/archive/derm12345_train_part_2/jd/DERM_744114.jpg,jd,23,23,22,False
/mnt/c/Users/0M SAI RAM/Desktop/project/dataset/archive/derm12345_train_part_2/jd/DERM_908636.jpg,jd,23,23,11,False
/mnt/c/Users/0M SAI RAM/Desktop/project/dataset/archive/derm12345_train_part_2/jd/DERM_518553.jpg,jd,23,23,23,True
/mnt/c/Users/0M SAI RAM/Desktop/project/dataset/archive/derm12345_train_part_2/jd/DERM_837463.jpg,jd,23,23,23,True
/mnt/c/Users/0M SAI RAM/Desktop/project/dataset/archive/derm12345_train_part_2/jd/DERM_519454.jpg,jd,23,23,23,True
/mnt/c/Users/0M SAI RAM/Desktop/project/dataset/archive/derm12345_train_part_2/jd/DERM_351755.jpg,jd,23,23,23,True
/mnt/c/Users/0M SAI RAM/Desktop/project/dataset/archive/derm12345_train_part_2/jd/DERM_113376.jpg,jd,23,23,22,False
/mnt/c/Users/0M SAI RAM/Desktop/project/dataset/archive/derm12345_train_part_2/jd/DERM_852854.jpg,jd,23,23,14,False
/mnt/c/Users/0M SAI RAM/Desktop/project/dataset/archive/derm12345_train_part_2/jd/DERM_584104.jpg,jd,23,23,23,True
/mnt/c/Users/0M SAI RAM/Desktop/project/dataset/archive/derm12345_train_part_2/jd/DERM_695424.jpg,jd,23,23,22,False
/mnt/c/Users/0M SAI RAM/Desktop/project/dataset/archive/derm12345_train_part_2/jd/DERM_126288.jpg,jd,23,23,23,True
/mnt/c/Users/0M SAI RAM/Desktop/project/dataset/archive/derm12345_train_part_2/jd/DERM_451302.jpg,jd,23,23,23,True
/mnt/c/Users/0M SAI RAM/Desktop/project/dataset/archive/derm12345_train_part_2/jd/DERM_391541.jpg,jd,23,23,23,True
/mnt/c/Users/0M SAI RAM/Desktop/project/dataset/archive/derm12345_train_part_2/jd/DERM_607498.jpg,jd,23,23,22,False
/mnt/c/Users/0M SAI RAM/Desktop/project/dataset/archive/derm12345_train_part_2/jd/DERM_687312.jpg,jd,23,23,14,False
/mnt/c/Users/0M SAI RAM/Desktop/project/dataset/archive/derm12345_train_part_2/jd/DERM_158027.jpg,jd,23,23,14,False
/mnt/c/Users/0M SAI RAM/Desktop/project/dataset/archive/derm12345_train_part_2/jd/DERM_733417.jpg,jd,23,23,23,True
/mnt/c/Users/0M SAI RAM/Desktop/project/dataset/archive/derm12345_train_part_2/jd/DERM_973560.jpg,jd,23,23,22,False
/mnt/c/Users/0M SAI RAM/Desktop/project/dataset/archive/derm12345_train_part_2/jd/DERM_863460.jpg,jd,23,23,22,False
/mnt/c/Users/0M SAI RAM/Desktop/project/dataset/archive/derm12345_train_part_2/jd/DERM_269871.jpg,jd,23,23,8,False
/mnt/c/Users/0M SAI RAM/Desktop/project/dataset/archive/derm12345_train_part_2/jd/DERM_454254.jpg,jd,23,23,22,False
/mnt/c/Users/0M SAI RAM/Desktop/project/dataset/archive/derm12345_train_part_2/jd/DERM_832049.jpg,jd,23,23,22,False
/mnt/c/Users/0M SAI RAM/Desktop/project/dataset/archive/derm12345_train_part_2/jd/DERM_661698.jpg,jd,23,23,14,False
/mnt/c/Users/0M SAI RAM/Desktop/project/dataset/archive/derm12345_train_part_2/jd/DERM_797543.jpg,jd,23,23,14,False
/mnt/c/Users/0M SAI RAM/Desktop/project/dataset/archive/derm12345_train_part_2/jd/DERM_895175.jpg,jd,23,23,23,True
/mnt/c/Users/0M SAI RAM/Desktop/project/dataset/archive/derm12345_train_part_2/jd/DERM_105791.jpg,jd,23,23,23,True
/mnt/c/Users/0M SAI RAM/Desktop/project/dataset/archive/derm12345_train_part_2/jd/DERM_622094.jpg,jd,23,23,14,False
/mnt/c/Users/0M SAI RAM/Desktop/project/dataset/archive/derm12345_train_part_2/jd/DERM_894396.jpg,jd,23,23,11,False
/mnt/c/Users/0M SAI RAM/Desktop/project/dataset/archive/derm12345_train_part_2/jd/DERM_157593.jpg,jd,23,23,23,True
/mnt/c/Users/0M SAI RAM/Desktop/project/dataset/archive/derm12345_train_part_2/jd/DERM_304989.jpg,jd,23,23,23,True
/mnt/c/Users/0M SAI RAM/Desktop/project/dataset/archive/derm12345_train_part_2/jd/DERM_666527.jpg,jd,23,23,23,True
/mnt/c/Users/0M SAI RAM/Desktop/project/dataset/archive/derm12345_train_part_2/jd/DERM_667910.jpg,jd,23,23,8,False
/mnt/c/Users/0M SAI RAM/Desktop/project/dataset/archive/derm12345_train_part_2/jd/DERM_949799.jpg,jd,23,23,23,True
/mnt/c/Users/0M SAI RAM/Desktop/project/dataset/archive/derm12345_train_part_2/jd/DERM_858901.jpg,jd,23,23,11,False
/mnt/c/Users/0M SAI RAM/Desktop/project/dataset/archive/derm12345_train_part_2/jd/DERM_826932.jpg,jd,23,23,23,True
/mnt/c/Users/0M SAI RAM/Desktop/project/dataset/archive/derm12345_train_part_2/jd/DERM_188231.jpg,jd,23,23,23,True
/mnt/c/Users/0M SAI RAM/Desktop/project/dataset/archive/derm12345_train_part_2/jd/DERM_954494.jpg,jd,23,23,14,False
/mnt/c/Users/0M SAI RAM/Desktop/project/dataset/archive/derm12345_train_part_2/jd/DERM_996364.jpg,jd,23,23,23,True
/mnt/c/Users/0M SAI RAM/Desktop/project/dataset/archive/derm12345_train_part_2/jd/DERM_521783.jpg,jd,23,23,22,False
/mnt/c/Users/0M SAI RAM/Desktop/project/dataset/archive/derm12345_train_part_2/jd/DERM_699967.jpg,jd,23,23,23,True
/mnt/c/Users/0M SAI RAM/Desktop/project/dataset/archive/derm12345_train_part_2/jd/DERM_755175.jpg,jd,23,23,23,True
/mnt/c/Users/0M SAI RAM/Desktop/project/dataset/archive/derm12345_train_part_2/jd/DERM_346852.jpg,jd,23,23,23,True
/mnt/c/Users/0M SAI RAM/Desktop/project/dataset/archive/derm12345_train_part_2/jd/DERM_816016.jpg,jd,23,23,22,False
/mnt/c/Users/0M SAI RAM/Desktop/project/dataset/archive/derm12345_train_part_2/jd/DERM_828010.jpg,jd,23,23,23,True
/mnt/c/Users/0M SAI RAM/Desktop/project/dataset/archive/derm12345_train_part_2/jd/DERM_519089.jpg,jd,23,23,23,True
/mnt/c/Users/0M SAI RAM/Desktop/project/dataset/archive/derm12345_train_part_2/jd/DERM_909744.jpg,jd,23,23,23,True
/mnt/c/Users/0M SAI RAM/Desktop/project/dataset/archive/derm12345_train_part_2/jd/DERM_640223.jpg,jd,23,23,10,False
/mnt/c/Users/0M SAI RAM/Desktop/project/dataset/archive/derm12345_train_part_2/jd/DERM_728511.jpg,jd,23,23,23,True
/mnt/c/Users/0M SAI RAM/Desktop/project/dataset/archive/derm12345_train_part_2/jd/DERM_448844.jpg,jd,23,23,22,False
/mnt/c/Users/0M SAI RAM/Desktop/project/dataset/archive/derm12345_train_part_2/jd/DERM_946381.jpg,jd,23,23,23,True
/mnt/c/Users/0M SAI RAM/Desktop/project/dataset/archive/derm12345_train_part_2/jd/DERM_879953.jpg,jd,23,23,22,False
/mnt/c/Users/0M SAI RAM/Desktop/project/dataset/archive/derm12345_train_part_2/jd/DERM_620060.jpg,jd,23,23,23,True
/mnt/c/Users/0M SAI RAM/Desktop/project/dataset/archive/derm12345_train_part_2/jd/DERM_165040.jpg,jd,23,23,22,False
/mnt/c/Users/0M SAI RAM/Desktop/project/dataset/archive/derm12345_train_part_2/jd/DERM_189833.jpg,jd,23,23,23,True
/mnt/c/Users/0M SAI RAM/Desktop/project/dataset/archive/derm12345_train_part_2/jd/DERM_901687.jpg,jd,23,23,23,True
/mnt/c/Users/0M SAI RAM/Desktop/project/dataset/archive/derm12345_train_part_2/jd/DERM_664830.jpg,jd,23,23,11,False
/mnt/c/Users/0M SAI RAM/Desktop/project/dataset/archive/derm12345_train_part_2/jd/DERM_583159.jpg,jd,23,23,23,True
/mnt/c/Users/0M SAI RAM/Desktop/project/dataset/archive/derm12345_train_part_2/jd/DERM_707718.jpg,jd,23,23,23,True
/mnt/c/Users/0M SAI RAM/Desktop/project/dataset/archive/derm12345_train_part_2/jd/DERM_454798.jpg,jd,23,23,23,True
/mnt/c/Users/0M SAI RAM/Desktop/project/dataset/archive/derm12345_train_part_2/jd/DERM_911771.jpg,jd,23,23,22,False
/mnt/c/Users/0M SAI RAM/Desktop/project/dataset/archive/derm12345_train_part_2/jd/DERM_811998.jpg,jd,23,23,23,True
/mnt/c/Users/0M SAI RAM/Desktop/project/dataset/archive/derm12345_train_part_2/jd/DERM_167994.jpg,jd,23,23,11,False
/mnt/c/Users/0M SAI RAM/Desktop/project/dataset/archive/derm12345_train_part_2/jd/DERM_165886.jpg,jd,23,23,23,True
/mnt/c/Users/0M SAI RAM/Desktop/project/dataset/archive/derm12345_train_part_2/jd/DERM_191537.jpg,jd,23,23,23,True
/mnt/c/Users/0M SAI RAM/Desktop/project/dataset/archive/derm12345_train_part_2/jd/DERM_787481.jpg,jd,23,23,23,True
/mnt/c/Users/0M SAI RAM/Desktop/project/dataset/archive/derm12345_train_part_2/jd/DERM_392236.jpg,jd,23,23,23,True
/mnt/c/Users/0M SAI RAM/Desktop/project/dataset/archive/derm12345_train_part_2/jd/DERM_659499.jpg,jd,23,23,11,False
/mnt/c/Users/0M SAI RAM/Desktop/project/dataset/archive/derm12345_train_part_2/jd/DERM_214470.jpg,jd,23,23,17,False
/mnt/c/Users/0M SAI RAM/Desktop/project/dataset/archive/derm12345_train_part_2/jd/DERM_861426.jpg,jd,23,23,11,False
/mnt/c/Users/0M SAI RAM/Desktop/project/dataset/archive/derm12345_train_part_2/jd/DERM_699396.jpg,jd,23,23,23,True
/mnt/c/Users/0M SAI RAM/Desktop/project/dataset/archive/derm12345_train_part_2/jd/DERM_554688.jpg,jd,23,23,22,False
/mnt/c/Users/0M SAI RAM/Desktop/project/dataset/archive/derm12345_train_part_2/jd/DERM_519075.jpg,jd,23,23,23,True
/mnt/c/Users/0M SAI RAM/Desktop/project/dataset/archive/derm12345_train_part_2/jd/DERM_862674.jpg,jd,23,23,23,True
/mnt/c/Users/0M SAI RAM/Desktop/project/dataset/archive/derm12345_train_part_2/jd/DERM_198641.jpg,jd,23,23,23,True
/mnt/c/Users/0M SAI RAM/Desktop/project/dataset/archive/derm12345_train_part_2/jd/DERM_898948.jpg,jd,23,23,22,False
/mnt/c/Users/0M SAI RAM/Desktop/project/dataset/archive/derm12345_train_part_2/jd/DERM_983540.jpg,jd,23,23,22,False
/mnt/c/Users/0M SAI RAM/Desktop/project/dataset/archive/derm12345_train_part_2/jd/DERM_280133.jpg,jd,23,23,11,False
/mnt/c/Users/0M SAI RAM/Desktop/project/dataset/archive/derm12345_train_part_2/jd/DERM_321619.jpg,jd,23,23,23,True
/mnt/c/Users/0M SAI RAM/Desktop/project/dataset/archive/derm12345_train_part_2/jd/DERM_804419.jpg,jd,23,23,23,True
/mnt/c/Users/0M SAI RAM/Desktop/project/dataset/archive/derm12345_train_part_2/jd/DERM_352820.jpg,jd,23,23,22,False
/mnt/c/Users/0M SAI RAM/Desktop/project/dataset/archive/derm12345_train_part_2/jd/DERM_123097.jpg,jd,23,23,23,True
/mnt/c/Users/0M SAI RAM/Desktop/project/dataset/archive/derm12345_train_part_2/jd/DERM_146423.jpg,jd,23,23,37,False
/mnt/c/Users/0M SAI RAM/Desktop/project/dataset/archive/derm12345_train_part_2/jd/DERM_359238.jpg,jd,23,23,22,False
/mnt/c/Users/0M SAI RAM/Desktop/project/dataset/archive/derm12345_train_part_2/jd/DERM_743398.jpg,jd,23,23,23,True
/mnt/c/Users/0M SAI RAM/Desktop/project/dataset/archive/derm12345_train_part_2/jd/DERM_523821.jpg,jd,23,23,17,False
/mnt/c/Users/0M SAI RAM/Desktop/project/dataset/archive/derm12345_train_part_2/jd/DERM_887722.jpg,jd,23,23,23,True
/mnt/c/Users/0M SAI RAM/Desktop/project/dataset/archive/derm12345_train_part_2/jd/DERM_525540.jpg,jd,23,23,23,True
/mnt/c/Users/0M SAI RAM/Desktop/project/dataset/archive/derm12345_train_part_2/jd/DERM_221798.jpg,jd,23,23,20,False
/mnt/c/Users/0M SAI RAM/Desktop/project/dataset/archive/derm12345_train_part_2/jd/DERM_888528.jpg,jd,23,23,23,True
/mnt/c/Users/0M SAI RAM/Desktop/project/dataset/archive/derm12345_train_part_2/jd/DERM_160340.jpg,jd,23,23,23,True
/mnt/c/Users/0M SAI RAM/Desktop/project/dataset/archive/derm12345_train_part_2/jd/DERM_771868.jpg,jd,23,23,23,True
/mnt/c/Users/0M SAI RAM/Desktop/project/dataset/archive/derm12345_train_part_2/jd/DERM_714137.jpg,jd,23,23,23,True
/mnt/c/Users/0M SAI RAM/Desktop/project/dataset/archive/derm12345_train_part_2/jd/DERM_644729.jpg,jd,23,23,23,True
/mnt/c/Users/0M SAI RAM/Desktop/project/dataset/archive/derm12345_train_part_2/jd/DERM_721869.jpg,jd,23,23,23,True
/mnt/c/Users/0M SAI RAM/Desktop/project/dataset/archive/derm12345_train_part_2/jd/DERM_985740.jpg,jd,23,23,23,True
/mnt/c/Users/0M SAI RAM/Desktop/project/dataset/archive/derm12345_train_part_2/jd/DERM_501005.jpg,jd,23,23,23,True
/mnt/c/Users/0M SAI RAM/Desktop/project/dataset/archive/derm12345_train_part_2/jd/DERM_533270.jpg,jd,23,23,23,True
/mnt/c/Users/0M SAI RAM/Desktop/project/dataset/archive/derm12345_train_part_2/jd/DERM_586539.jpg,jd,23,23,23,True
/mnt/c/Users/0M SAI RAM/Desktop/project/dataset/archive/derm12345_train_part_2/jd/DERM_642903.jpg,jd,23,23,22,False
/mnt/c/Users/0M SAI RAM/Desktop/project/dataset/archive/derm12345_train_part_2/jd/DERM_314139.jpg,jd,23,23,23,True
/mnt/c/Users/0M SAI RAM/Desktop/project/dataset/archive/derm12345_train_part_2/jd/DERM_652482.jpg,jd,23,23,11,False
/mnt/c/Users/0M SAI RAM/Desktop/project/dataset/archive/derm12345_train_part_2/jd/DERM_916314.jpg,jd,23,23,23,True
/mnt/c/Users/0M SAI RAM/Desktop/project/dataset/archive/derm12345_train_part_2/jd/DERM_469886.jpg,jd,23,23,23,True
/mnt/c/Users/0M SAI RAM/Desktop/project/dataset/archive/derm12345_train_part_2/jd/DERM_105118.jpg,jd,23,23,23,True
/mnt/c/Users/0M SAI RAM/Desktop/project/dataset/archive/derm12345_train_part_2/jd/DERM_871588.jpg,jd,23,23,23,True
/mnt/c/Users/0M SAI RAM/Desktop/project/dataset/archive/derm12345_train_part_2/jd/DERM_959677.jpg,jd,23,23,23,True
/mnt/c/Users/0M SAI RAM/Desktop/project/dataset/archive/derm12345_train_part_2/jd/DERM_373879.jpg,jd,23,23,22,False
/mnt/c/Users/0M SAI RAM/Desktop/project/dataset/archive/derm12345_train_part_2/jd/DERM_685504.jpg,jd,23,23,23,True
/mnt/c/Users/0M SAI RAM/Desktop/project/dataset/archive/derm12345_train_part_2/jd/DERM_500877.jpg,jd,23,23,30,False
/mnt/c/Users/0M SAI RAM/Desktop/project/dataset/archive/derm12345_train_part_2/jd/DERM_828249.jpg,jd,23,23,23,True
/mnt/c/Users/0M SAI RAM/Desktop/project/dataset/archive/derm12345_train_part_2/jd/DERM_884324.jpg,jd,23,23,30,False
/mnt/c/Users/0M SAI RAM/Desktop/project/dataset/archive/derm12345_train_part_2/jd/DERM_711165.jpg,jd,23,23,23,True
/mnt/c/Users/0M SAI RAM/Desktop/project/dataset/archive/derm12345_train_part_2/jd/DERM_649949.jpg,jd,23,23,3,False
/mnt/c/Users/0M SAI RAM/Desktop/project/dataset/archive/derm12345_train_part_2/jd/DERM_446047.jpg,jd,23,23,23,True
/mnt/c/Users/0M SAI RAM/Desktop/project/dataset/archive/derm12345_train_part_2/jd/DERM_496012.jpg,jd,23,23,22,False
/mnt/c/Users/0M SAI RAM/Desktop/project/dataset/archive/derm12345_train_part_2/jd/DERM_497897.jpg,jd,23,23,23,True
/mnt/c/Users/0M SAI RAM/Desktop/project/dataset/archive/derm12345_train_part_2/jd/DERM_650383.jpg,jd,23,23,23,True
/mnt/c/Users/0M SAI RAM/Desktop/project/dataset/archive/derm12345_train_part_2/jd/DERM_706380.jpg,jd,23,23,23,True
/mnt/c/Users/0M SAI RAM/Desktop/project/dataset/archive/derm12345_train_part_2/jd/DERM_659822.jpg,jd,23,23,23,True
/mnt/c/Users/0M SAI RAM/Desktop/project/dataset/archive/derm12345_train_part_2/jd/DERM_172260.jpg,jd,23,23,23,True
/mnt/c/Users/0M SAI RAM/Desktop/project/dataset/archive/derm12345_train_part_2/jd/DERM_724007.jpg,jd,23,23,14,False
/mnt/c/Users/0M SAI RAM/Desktop/project/dataset/archive/derm12345_train_part_2/jd/DERM_251955.jpg,jd,23,23,22,False
/mnt/c/Users/0M SAI RAM/Desktop/project/dataset/archive/derm12345_train_part_2/jd/DERM_307263.jpg,jd,23,23,3,False
/mnt/c/Users/0M SAI RAM/Desktop/project/dataset/archive/derm12345_train_part_2/jd/DERM_415676.jpg,jd,23,23,23,True
/mnt/c/Users/0M SAI RAM/Desktop/project/dataset/archive/derm12345_train_part_2/jd/DERM_648145.jpg,jd,23,23,14,False
/mnt/c/Users/0M SAI RAM/Desktop/project/dataset/archive/derm12345_train_part_2/jd/DERM_936188.jpg,jd,23,23,23,True
/mnt/c/Users/0M SAI RAM/Desktop/project/dataset/archive/derm12345_train_part_2/jd/DERM_551738.jpg,jd,23,23,23,True
/mnt/c/Users/0M SAI RAM/Desktop/project/dataset/archive/derm12345_train_part_2/jd/DERM_219526.jpg,jd,23,23,23,True
/mnt/c/Users/0M SAI RAM/Desktop/project/dataset/archive/derm12345_train_part_2/jd/DERM_985545.jpg,jd,23,23,37,False
/mnt/c/Users/0M SAI RAM/Desktop/project/dataset/archive/derm12345_train_part_2/jd/DERM_985549.jpg,jd,23,23,16,False
/mnt/c/Users/0M SAI RAM/Desktop/project/dataset/archive/derm12345_train_part_2/jd/DERM_985559.jpg,jd,23,23,23,True
/mnt/c/Users/0M SAI RAM/Desktop/project/dataset/archive/derm12345_train_part_2/jd/DERM_985563.jpg,jd,23,23,23,True
/mnt/c/Users/0M SAI RAM/Desktop/project/dataset/archive/derm12345_train_part_2/jd/DERM_163105.jpg,jd,23,23,23,True
/mnt/c/Users/0M SAI RAM/Desktop/project/dataset/archive/derm12345_train_part_2/jd/DERM_235646.jpg,jd,23,23,23,True
/mnt/c/Users/0M SAI RAM/Desktop/project/dataset/archive/derm12345_train_part_2/jd/DERM_306856.jpg,jd,23,23,23,True
/mnt/c/Users/0M SAI RAM/Desktop/project/dataset/archive/derm12345_train_part_2/jd/DERM_559391.jpg,jd,23,23,23,True
/mnt/c/Users/0M SAI RAM/Desktop/project/dataset/archive/derm12345_train_part_2/jd/DERM_642113.jpg,jd,23,23,23,True
/mnt/c/Users/0M SAI RAM/Desktop/project/dataset/archive/derm12345_train_part_2/jd/DERM_776690.jpg,jd,23,23,11,False
/mnt/c/Users/0M SAI RAM/Desktop/project/dataset/archive/derm12345_train_part_2/jd/DERM_841861.jpg,jd,23,23,23,True
/mnt/c/Users/0M SAI RAM/Desktop/project/dataset/archive/derm12345_train_part_2/jd/DERM_985511.jpg,jd,23,23,23,True
/mnt/c/Users/0M SAI RAM/Desktop/project/dataset/archive/derm12345_train_part_2/jd/DERM_985529.jpg,jd,23,23,23,True
/mnt/c/Users/0M SAI RAM/Desktop/project/dataset/archive/derm12345_train_part_2/jd/DERM_985530.jpg,jd,23,23,22,False
/mnt/c/Users/0M SAI RAM/Desktop/project/dataset/archive/derm12345_train_part_2/jd/DERM_985532.jpg,jd,23,23,22,False
/mnt/c/Users/0M SAI RAM/Desktop/project/dataset/archive/derm12345_train_part_2/ks/DERM_719583.jpg,ks,24,24,24,True
/mnt/c/Users/0M SAI RAM/Desktop/project/dataset/archive/derm12345_train_part_2/ks/DERM_344084.jpg,ks,24,24,17,False
/mnt/c/Users/0M SAI RAM/Desktop/project/dataset/archive/derm12345_train_part_2/ks/DERM_611459.jpg,ks,24,24,17,False
/mnt/c/Users/0M SAI RAM/Desktop/project/dataset/archive/derm12345_train_part_2/ks/DERM_985575.jpg,ks,24,24,36,False
/mnt/c/Users/0M SAI RAM/Desktop/project/dataset/archive/derm12345_train_part_2/la/DERM_618509.jpg,la,25,25,25,True
/mnt/c/Users/0M SAI RAM/Desktop/project/dataset/archive/derm12345_train_part_2/la/DERM_355147.jpg,la,25,25,17,False
/mnt/c/Users/0M SAI RAM/Desktop/project/dataset/archive/derm12345_train_part_2/la/DERM_360765.jpg,la,25,25,25,True
/mnt/c/Users/0M SAI RAM/Desktop/project/dataset/archive/derm12345_train_part_2/la/DERM_374482.jpg,la,25,25,25,True
/mnt/c/Users/0M SAI RAM/Desktop/project/dataset/archive/derm12345_train_part_2/la/DERM_459137.jpg,la,25,25,25,True
/mnt/c/Users/0M SAI RAM/Desktop/project/dataset/archive/derm12345_train_part_2/la/DERM_971213.jpg,la,25,25,36,False
/mnt/c/Users/0M SAI RAM/Desktop/project/dataset/archive/derm12345_train_part_2/la/DERM_330275.jpg,la,25,25,25,True
/mnt/c/Users/0M SAI RAM/Desktop/project/dataset/archive/derm12345_train_part_2/la/DERM_703443.jpg,la,25,25,37,False
/mnt/c/Users/0M SAI RAM/Desktop/project/dataset/archive/derm12345_train_part_2/la/DERM_216713.jpg,la,25,25,25,True
/mnt/c/Users/0M SAI RAM/Desktop/project/dataset/archive/derm12345_train_part_2/la/DERM_976565.jpg,la,25,25,25,True
/mnt/c/Users/0M SAI RAM/Desktop/project/dataset/archive/derm12345_train_part_2/la/DERM_452865.jpg,la,25,25,25,True
/mnt/c/Users/0M SAI RAM/Desktop/project/dataset/archive/derm12345_train_part_2/la/DERM_877820.jpg,la,25,25,25,True
/mnt/c/Users/0M SAI RAM/Desktop/project/dataset/archive/derm12345_train_part_2/la/DERM_138614.jpg,la,25,25,25,True
/mnt/c/Users/0M SAI RAM/Desktop/project/dataset/archive/derm12345_train_part_2/la/DERM_618048.jpg,la,25,25,17,False
/mnt/c/Users/0M SAI RAM/Desktop/project/dataset/archive/derm12345_train_part_2/la/DERM_340276.jpg,la,25,25,17,False
/mnt/c/Users/0M SAI RAM/Desktop/project/dataset/archive/derm12345_train_part_2/lk/DERM_153290.jpg,lk,26,26,14,False
/mnt/c/Users/0M SAI RAM/Desktop/project/dataset/archive/derm12345_train_part_2/lk/DERM_971492.jpg,lk,26,26,23,False
/mnt/c/Users/0M SAI RAM/Desktop/project/dataset/archive/derm12345_train_part_2/lm/DERM_544363.jpg,lm,27,27,27,True
/mnt/c/Users/0M SAI RAM/Desktop/project/dataset/archive/derm12345_train_part_2/lm/DERM_623144.jpg,lm,27,27,12,False
/mnt/c/Users/0M SAI RAM/Desktop/project/dataset/archive/derm12345_train_part_2/lm/DERM_845993.jpg,lm,27,27,27,True
/mnt/c/Users/0M SAI RAM/Desktop/project/dataset/archive/derm12345_train_part_2/lm/DERM_840222.jpg,lm,27,27,30,False
/mnt/c/Users/0M SAI RAM/Desktop/project/dataset/archive/derm12345_train_part_2/lm/DERM_802059.jpg,lm,27,27,31,False
/mnt/c/Users/0M SAI RAM/Desktop/project/dataset/archive/derm12345_train_part_2/lm/DERM_354373.jpg,lm,27,27,7,False
/mnt/c/Users/0M SAI RAM/Desktop/project/dataset/archive/derm12345_train_part_2/lm/DERM_392155.jpg,lm,27,27,31,False
/mnt/c/Users/0M SAI RAM/Desktop/project/dataset/archive/derm12345_train_part_2/lm/DERM_622261.jpg,lm,27,27,27,True
/mnt/c/Users/0M SAI RAM/Desktop/project/dataset/archive/derm12345_train_part_2/lm/DERM_144637.jpg,lm,27,27,12,False
/mnt/c/Users/0M SAI RAM/Desktop/project/dataset/archive/derm12345_train_part_2/lm/DERM_484367.jpg,lm,27,27,16,False
/mnt/c/Users/0M SAI RAM/Desktop/project/dataset/archive/derm12345_train_part_2/lm/DERM_722691.jpg,lm,27,27,30,False
/mnt/c/Users/0M SAI RAM/Desktop/project/dataset/archive/derm12345_train_part_2/lm/DERM_677760.jpg,lm,27,27,27,True
/mnt/c/Users/0M SAI RAM/Desktop/project/dataset/archive/derm12345_train_part_2/lm/DERM_339825.jpg,lm,27,27,12,False
/mnt/c/Users/0M SAI RAM/Desktop/project/dataset/archive/derm12345_train_part_2/lm/DERM_936152.jpg,lm,27,27,27,True
/mnt/c/Users/0M SAI RAM/Desktop/project/dataset/archive/derm12345_train_part_2/lm/DERM_378882.jpg,lm,27,27,27,True
/mnt/c/Users/0M SAI RAM/Desktop/project/dataset/archive/derm12345_train_part_2/lm/DERM_254096.jpg,lm,27,27,27,True
/mnt/c/Users/0M SAI RAM/Desktop/project/dataset/archive/derm12345_train_part_2/lm/DERM_844592.jpg,lm,27,27,23,False
/mnt/c/Users/0M SAI RAM/Desktop/project/dataset/archive/derm12345_train_part_2/lm/DERM_921459.jpg,lm,27,27,8,False
/mnt/c/Users/0M SAI RAM/Desktop/project/dataset/archive/derm12345_train_part_2/lm/DERM_454234.jpg,lm,27,27,12,False
/mnt/c/Users/0M SAI RAM/Desktop/project/dataset/archive/derm12345_train_part_2/lm/DERM_371599.jpg,lm,27,27,12,False
/mnt/c/Users/0M SAI RAM/Desktop/project/dataset/archive/derm12345_train_part_2/lm/DERM_461508.jpg,lm,27,27,27,True
/mnt/c/Users/0M SAI RAM/Desktop/project/dataset/archive/derm12345_train_part_2/lm/DERM_624982.jpg,lm,27,27,27,True
/mnt/c/Users/0M SAI RAM/Desktop/project/dataset/archive/derm12345_train_part_2/lm/DERM_918671.jpg,lm,27,27,27,True
/mnt/c/Users/0M SAI RAM/Desktop/project/dataset/archive/derm12345_train_part_2/lmm/DERM_275817.jpg,lmm,28,28,27,False
/mnt/c/Users/0M SAI RAM/Desktop/project/dataset/archive/derm12345_train_part_2/lmm/DERM_684676.jpg,lmm,28,28,28,True
/mnt/c/Users/0M SAI RAM/Desktop/project/dataset/archive/derm12345_train_part_2/lmm/DERM_856389.jpg,lmm,28,28,28,True
/mnt/c/Users/0M SAI RAM/Desktop/project/dataset/archive/derm12345_train_part_2/lmm/DERM_271388.jpg,lmm,28,28,27,False
/mnt/c/Users/0M SAI RAM/Desktop/project/dataset/archive/derm12345_train_part_2/lmm/DERM_535519.jpg,lmm,28,28,17,False
/mnt/c/Users/0M SAI RAM/Desktop/project/dataset/archive/derm12345_train_part_2/lmm/DERM_601684.jpg,lmm,28,28,28,True
/mnt/c/Users/0M SAI RAM/Desktop/project/dataset/archive/derm12345_train_part_2/ls/DERM_238223.jpg,ls,29,29,23,False
/mnt/c/Users/0M SAI RAM/Desktop/project/dataset/archive/derm12345_train_part_2/ls/DERM_507375.jpg,ls,29,29,23,False
/mnt/c/Users/0M SAI RAM/Desktop/project/dataset/archive/derm12345_train_part_2/ls/DERM_309007.jpg,ls,29,29,22,False
/mnt/c/Users/0M SAI RAM/Desktop/project/dataset/archive/derm12345_train_part_2/ls/DERM_645639.jpg,ls,29,29,29,True
/mnt/c/Users/0M SAI RAM/Desktop/project/dataset/archive/derm12345_train_part_2/ls/DERM_887173.jpg,ls,29,29,23,False
/mnt/c/Users/0M SAI RAM/Desktop/project/dataset/archive/derm12345_train_part_2/ls/DERM_221373.jpg,ls,29,29,29,True
/mnt/c/Users/0M SAI RAM/Desktop/project/dataset/archive/derm12345_train_part_2/ls/DERM_533155.jpg,ls,29,29,22,False
/mnt/c/Users/0M SAI RAM/Desktop/project/dataset/archive/derm12345_train_part_2/mcb/DERM_990950.jpg,mcb,30,30,22,False
/mnt/c/Users/0M SAI RAM/Desktop/project/dataset/archive/derm12345_train_part_2/mcb/DERM_971001.jpg,mcb,30,30,30,True
/mnt/c/Users/0M SAI RAM/Desktop/project/dataset/archive/derm12345_train_part_2/mcb/DERM_968926.jpg,mcb,30,30,12,False
/mnt/c/Users/0M SAI RAM/Desktop/project/dataset/archive/derm12345_train_part_2/mcb/DERM_413948.jpg,mcb,30,30,23,False
/mnt/c/Users/0M SAI RAM/Desktop/project/dataset/archive/derm12345_train_part_2/mcb/DERM_163031.jpg,mcb,30,30,11,False
/mnt/c/Users/0M SAI RAM/Desktop/project/dataset/archive/derm12345_train_part_2/mcb/DERM_641729.jpg,mcb,30,30,2,False
/mnt/c/Users/0M SAI RAM/Desktop/project/dataset/archive/derm12345_train_part_2/mcb/DERM_145983.jpg,mcb,30,30,14,False
/mnt/c/Users/0M SAI RAM/Desktop/project/dataset/archive/derm12345_train_part_2/mcb/DERM_176513.jpg,mcb,30,30,20,False
/mnt/c/Users/0M SAI RAM/Desktop/project/dataset/archive/derm12345_train_part_2/mcb/DERM_585481.jpg,mcb,30,30,30,True
/mnt/c/Users/0M SAI RAM/Desktop/project/dataset/archive/derm12345_train_part_2/mcb/DERM_585582.jpg,mcb,30,30,30,True
/mnt/c/Users/0M SAI RAM/Desktop/project/dataset/archive/derm12345_train_part_2/mcb/DERM_709667.jpg,mcb,30,30,30,True
/mnt/c/Users/0M SAI RAM/Desktop/project/dataset/archive/derm12345_train_part_2/mcb/DERM_231145.jpg,mcb,30,30,22,False
/mnt/c/Users/0M SAI RAM/Desktop/project/dataset/archive/derm12345_train_part_2/mcb/DERM_233159.jpg,mcb,30,30,17,False
/mnt/c/Users/0M SAI RAM/Desktop/project/dataset/archive/derm12345_train_part_2/mcb/DERM_470924.jpg,mcb,30,30,22,False
/mnt/c/Users/0M SAI RAM/Desktop/project/dataset/archive/derm12345_train_part_2/mcb/DERM_274492.jpg,mcb,30,30,11,False
/mnt/c/Users/0M SAI RAM/Desktop/project/dataset/archive/derm12345_train_part_2/mcb/DERM_662922.jpg,mcb,30,30,11,False
/mnt/c/Users/0M SAI RAM/Desktop/project/dataset/archive/derm12345_train_part_2/mcb/DERM_463277.jpg,mcb,30,30,22,False
/mnt/c/Users/0M SAI RAM/Desktop/project/dataset/archive/derm12345_train_part_2/mcb/DERM_739889.jpg,mcb,30,30,23,False
/mnt/c/Users/0M SAI RAM/Desktop/project/dataset/archive/derm12345_train_part_2/mcb/DERM_497651.jpg,mcb,30,30,14,False
/mnt/c/Users/0M SAI RAM/Desktop/project/dataset/archive/derm12345_train_part_2/mcb/DERM_256411.jpg,mcb,30,30,30,True
/mnt/c/Users/0M SAI RAM/Desktop/project/dataset/archive/derm12345_train_part_2/mcb/DERM_347737.jpg,mcb,30,30,30,True
/mnt/c/Users/0M SAI RAM/Desktop/project/dataset/archive/derm12345_train_part_2/mcb/DERM_917990.jpg,mcb,30,30,30,True
/mnt/c/Users/0M SAI RAM/Desktop/project/dataset/archive/derm12345_train_part_2/mcb/DERM_984374.jpg,mcb,30,30,14,False
/mnt/c/Users/0M SAI RAM/Desktop/project/dataset/archive/derm12345_train_part_2/mcb/DERM_416190.jpg,mcb,30,30,23,False
/mnt/c/Users/0M SAI RAM/Desktop/project/dataset/archive/derm12345_train_part_2/mcb/DERM_941581.jpg,mcb,30,30,23,False
/mnt/c/Users/0M SAI RAM/Desktop/project/dataset/archive/derm12345_train_part_2/mcb/DERM_413500.jpg,mcb,30,30,17,False
/mnt/c/Users/0M SAI RAM/Desktop/project/dataset/archive/derm12345_train_part_2/mcb/DERM_200448.jpg,mcb,30,30,12,False
/mnt/c/Users/0M SAI RAM/Desktop/project/dataset/archive/derm12345_train_part_2/mcb/DERM_540011.jpg,mcb,30,30,18,False
/mnt/c/Users/0M SAI RAM/Desktop/project/dataset/archive/derm12345_train_part_2/mcb/DERM_843710.jpg,mcb,30,30,14,False
/mnt/c/Users/0M SAI RAM/Desktop/project/dataset/archive/derm12345_train_part_2/mcb/DERM_374742.jpg,mcb,30,30,22,False
/mnt/c/Users/0M SAI RAM/Desktop/project/dataset/archive/derm12345_train_part_2/mcb/DERM_865337.jpg,mcb,30,30,2,False
/mnt/c/Users/0M SAI RAM/Desktop/project/dataset/archive/derm12345_train_part_2/mcb/DERM_239274.jpg,mcb,30,30,3,False
/mnt/c/Users/0M SAI RAM/Desktop/project/dataset/archive/derm12345_train_part_2/mcb/DERM_368565.jpg,mcb,30,30,23,False
/mnt/c/Users/0M SAI RAM/Desktop/project/dataset/archive/derm12345_train_part_2/mel/DERM_222568.jpg,mel,31,31,17,False
/mnt/c/Users/0M SAI RAM/Desktop/project/dataset/archive/derm12345_train_part_2/mel/DERM_609762.jpg,mel,31,31,31,True
/mnt/c/Users/0M SAI RAM/Desktop/project/dataset/archive/derm12345_train_part_2/mel/DERM_874781.jpg,mel,31,31,23,False
/mnt/c/Users/0M SAI RAM/Desktop/project/dataset/archive/derm12345_train_part_2/mel/DERM_463577.jpg,mel,31,31,31,True
/mnt/c/Users/0M SAI RAM/Desktop/project/dataset/archive/derm12345_train_part_2/mel/DERM_929427.jpg,mel,31,31,10,False
/mnt/c/Users/0M SAI RAM/Desktop/project/dataset/archive/derm12345_train_part_2/mel/DERM_273587.jpg,mel,31,31,23,False
/mnt/c/Users/0M SAI RAM/Desktop/project/dataset/archive/derm12345_train_part_2/mel/DERM_676507.jpg,mel,31,31,8,False
/mnt/c/Users/0M SAI RAM/Desktop/project/dataset/archive/derm12345_train_part_2/mel/DERM_869685.jpg,mel,31,31,23,False
/mnt/c/Users/0M SAI RAM/Desktop/project/dataset/archive/derm12345_train_part_2/mel/DERM_459512.jpg,mel,31,31,31,True
/mnt/c/Users/0M SAI RAM/Desktop/project/dataset/archive/derm12345_train_part_2/mel/DERM_517548.jpg,mel,31,31,31,True
/mnt/c/Users/0M SAI RAM/Desktop/project/dataset/archive/derm12345_train_part_2/mel/DERM_765052.jpg,mel,31,31,31,True
/mnt/c/Users/0M SAI RAM/Desktop/project/dataset/archive/derm12345_train_part_2/mel/DERM_251986.jpg,mel,31,31,7,False
/mnt/c/Users/0M SAI RAM/Desktop/project/dataset/archive/derm12345_train_part_2/mel/DERM_742413.jpg,mel,31,31,37,False
/mnt/c/Users/0M SAI RAM/Desktop/project/dataset/archive/derm12345_train_part_2/mel/DERM_914338.jpg,mel,31,31,12,False
/mnt/c/Users/0M SAI RAM/Desktop/project/dataset/archive/derm12345_train_part_2/mel/DERM_465125.jpg,mel,31,31,27,False
/mnt/c/Users/0M SAI RAM/Desktop/project/dataset/archive/derm12345_train_part_2/mel/DERM_446223.jpg,mel,31,31,11,False
/mnt/c/Users/0M SAI RAM/Desktop/project/dataset/archive/derm12345_train_part_2/mel/DERM_564965.jpg,mel,31,31,31,True
/mnt/c/Users/0M SAI RAM/Desktop/project/dataset/archive/derm12345_train_part_2/mel/DERM_583420.jpg,mel,31,31,31,True
/mnt/c/Users/0M SAI RAM/Desktop/project/dataset/archive/derm12345_train_part_2/mel/DERM_615212.jpg,mel,31,31,31,True
/mnt/c/Users/0M SAI RAM/Desktop/project/dataset/archive/derm12345_train_part_2/mel/DERM_381655.jpg,mel,31,31,31,True
/mnt/c/Users/0M SAI RAM/Desktop/project/dataset/archive/derm12345_train_part_2/mel/DERM_954650.jpg,mel,31,31,31,True
/mnt/c/Users/0M SAI RAM/Desktop/project/dataset/archive/derm12345_train_part_2/mel/DERM_899177.jpg,mel,31,31,8,False
/mnt/c/Users/0M SAI RAM/Desktop/project/dataset/archive/derm12345_train_part_2/mel/DERM_122308.jpg,mel,31,31,37,False
/mnt/c/Users/0M SAI RAM/Desktop/project/dataset/archive/derm12345_train_part_2/mel/DERM_254463.jpg,mel,31,31,8,False
/mnt/c/Users/0M SAI RAM/Desktop/project/dataset/archive/derm12345_train_part_2/mel/DERM_302649.jpg,mel,31,31,31,True
/mnt/c/Users/0M SAI RAM/Desktop/project/dataset/archive/derm12345_train_part_2/mel/DERM_559589.jpg,mel,31,31,12,False
/mnt/c/Users/0M SAI RAM/Desktop/project/dataset/archive/derm12345_train_part_2/mel/DERM_820170.jpg,mel,31,31,31,True
/mnt/c/Users/0M SAI RAM/Desktop/project/dataset/archive/derm12345_train_part_2/mel/DERM_793455.jpg,mel,31,31,36,False
/mnt/c/Users/0M SAI RAM/Desktop/project/dataset/archive/derm12345_train_part_2/mel/DERM_444487.jpg,mel,31,31,10,False
/mnt/c/Users/0M SAI RAM/Desktop/project/dataset/archive/derm12345_train_part_2/mel/DERM_925786.jpg,mel,31,31,31,True
/mnt/c/Users/0M SAI RAM/Desktop/project/dataset/archive/derm12345_train_part_2/mel/DERM_612017.jpg,mel,31,31,18,False
/mnt/c/Users/0M SAI RAM/Desktop/project/dataset/archive/derm12345_train_part_2/mel/DERM_601048.jpg,mel,31,31,37,False
/mnt/c/Users/0M SAI RAM/Desktop/project/dataset/archive/derm12345_train_part_2/mel/DERM_253709.jpg,mel,31,31,14,False
/mnt/c/Users/0M SAI RAM/Desktop/project/dataset/archive/derm12345_train_part_2/mel/DERM_825732.jpg,mel,31,31,31,True
/mnt/c/Users/0M SAI RAM/Desktop/project/dataset/archive/derm12345_train_part_2/mel/DERM_275624.jpg,mel,31,31,14,False
/mnt/c/Users/0M SAI RAM/Desktop/project/dataset/archive/derm12345_train_part_2/mel/DERM_359460.jpg,mel,31,31,31,True
/mnt/c/Users/0M SAI RAM/Desktop/project/dataset/archive/derm12345_train_part_2/mel/DERM_695780.jpg,mel,31,31,31,True
/mnt/c/Users/0M SAI RAM/Desktop/project/dataset/archive/derm12345_train_part_2/mel/DERM_550917.jpg,mel,31,31,14,False
/mnt/c/Users/0M SAI RAM/Desktop/project/dataset/archive/derm12345_train_part_2/mel/DERM_936047.jpg,mel,31,31,14,False
/mnt/c/Users/0M SAI RAM/Desktop/project/dataset/archive/derm12345_train_part_2/mel/DERM_602864.jpg,mel,31,31,36,False
/mnt/c/Users/0M SAI RAM/Desktop/project/dataset/archive/derm12345_train_part_2/mel/DERM_396192.jpg,mel,31,31,36,False
/mnt/c/Users/0M SAI RAM/Desktop/project/dataset/archive/derm12345_train_part_2/mpd/DERM_724428.jpg,mpd,32,32,32,True
/mnt/c/Users/0M SAI RAM/Desktop/project/dataset/archive/derm12345_train_part_2/mpd/DERM_361698.jpg,mpd,32,32,32,True
/mnt/c/Users/0M SAI RAM/Desktop/project/dataset/archive/derm12345_train_part_2/pg/DERM_353594.jpg,pg,33,33,33,True
/mnt/c/Users/0M SAI RAM/Desktop/project/dataset/archive/derm12345_train_part_2/pg/DERM_446335.jpg,pg,33,33,36,False
/mnt/c/Users/0M SAI RAM/Desktop/project/dataset/archive/derm12345_train_part_2/rd/DERM_359265.jpg,rd,34,34,38,False
/mnt/c/Users/0M SAI RAM/Desktop/project/dataset/archive/derm12345_train_part_2/rd/DERM_500473.jpg,rd,34,34,34,True
/mnt/c/Users/0M SAI RAM/Desktop/project/dataset/archive/derm12345_train_part_2/rd/DERM_428806.jpg,rd,34,34,23,False
/mnt/c/Users/0M SAI RAM/Desktop/project/dataset/archive/derm12345_train_part_2/rd/DERM_100736.jpg,rd,34,34,23,False
/mnt/c/Users/0M SAI RAM/Desktop/project/dataset/archive/derm12345_train_part_2/sa/DERM_186755.jpg,sa,35,35,35,True
/mnt/c/Users/0M SAI RAM/Desktop/project/dataset/archive/derm12345_train_part_2/sa/DERM_661921.jpg,sa,35,35,35,True
/mnt/c/Users/0M SAI RAM/Desktop/project/dataset/archive/derm12345_train_part_2/sa/DERM_428779.jpg,sa,35,35,35,True
/mnt/c/Users/0M SAI RAM/Desktop/project/dataset/archive/derm12345_train_part_2/scc/DERM_326685.jpg,scc,36,36,31,False
/mnt/c/Users/0M SAI RAM/Desktop/project/dataset/archive/derm12345_train_part_2/scc/DERM_452009.jpg,scc,36,36,8,False
/mnt/c/Users/0M SAI RAM/Desktop/project/dataset/archive/derm12345_train_part_2/scc/DERM_167899.jpg,scc,36,36,8,False
/mnt/c/Users/0M SAI RAM/Desktop/project/dataset/archive/derm12345_train_part_2/scc/DERM_635095.jpg,scc,36,36,20,False
/mnt/c/Users/0M SAI RAM/Desktop/project/dataset/archive/derm12345_train_part_2/scc/DERM_154551.jpg,scc,36,36,37,False
/mnt/c/Users/0M SAI RAM/Desktop/project/dataset/archive/derm12345_train_part_2/scc/DERM_934371.jpg,scc,36,36,8,False
/mnt/c/Users/0M SAI RAM/Desktop/project/dataset/archive/derm12345_train_part_2/scc/DERM_109865.jpg,scc,36,36,36,True
/mnt/c/Users/0M SAI RAM/Desktop/project/dataset/archive/derm12345_train_part_2/scc/DERM_160734.jpg,scc,36,36,36,True
/mnt/c/Users/0M SAI RAM/Desktop/project/dataset/archive/derm12345_train_part_2/scc/DERM_980680.jpg,scc,36,36,8,False
/mnt/c/Users/0M SAI RAM/Desktop/project/dataset/archive/derm12345_train_part_2/scc/DERM_441681.jpg,scc,36,36,36,True
/mnt/c/Users/0M SAI RAM/Desktop/project/dataset/archive/derm12345_train_part_2/scc/DERM_327057.jpg,scc,36,36,36,True
/mnt/c/Users/0M SAI RAM/Desktop/project/dataset/archive/derm12345_train_part_2/scc/DERM_812328.jpg,scc,36,36,36,True
/mnt/c/Users/0M SAI RAM/Desktop/project/dataset/archive/derm12345_train_part_2/scc/DERM_508190.jpg,scc,36,36,12,False
/mnt/c/Users/0M SAI RAM/Desktop/project/dataset/archive/derm12345_train_part_2/scc/DERM_100948.jpg,scc,36,36,36,True
/mnt/c/Users/0M SAI RAM/Desktop/project/dataset/archive/derm12345_train_part_2/scc/DERM_245106.jpg,scc,36,36,36,True
/mnt/c/Users/0M SAI RAM/Desktop/project/dataset/archive/derm12345_train_part_2/scc/DERM_336887.jpg,scc,36,36,36,True
/mnt/c/Users/0M SAI RAM/Desktop/project/dataset/archive/derm12345_train_part_2/scc/DERM_477667.jpg,scc,36,36,36,True
/mnt/c/Users/0M SAI RAM/Desktop/project/dataset/archive/derm12345_train_part_2/scc/DERM_594981.jpg,scc,36,36,36,True
/mnt/c/Users/0M SAI RAM/Desktop/project/dataset/archive/derm12345_train_part_2/scc/DERM_474859.jpg,scc,36,36,36,True
/mnt/c/Users/0M SAI RAM/Desktop/project/dataset/archive/derm12345_train_part_2/scc/DERM_672691.jpg,scc,36,36,31,False
/mnt/c/Users/0M SAI RAM/Desktop/project/dataset/archive/derm12345_train_part_2/scc/DERM_999989.jpg,scc,36,36,36,True
/mnt/c/Users/0M SAI RAM/Desktop/project/dataset/archive/derm12345_train_part_2/scc/DERM_866129.jpg,scc,36,36,37,False
/mnt/c/Users/0M SAI RAM/Desktop/project/dataset/archive/derm12345_train_part_2/scc/DERM_196368.jpg,scc,36,36,17,False
/mnt/c/Users/0M SAI RAM/Desktop/project/dataset/archive/derm12345_train_part_2/scc/DERM_480103.jpg,scc,36,36,17,False
/mnt/c/Users/0M SAI RAM/Desktop/project/dataset/archive/derm12345_train_part_2/scc/DERM_647119.jpg,scc,36,36,36,True
/mnt/c/Users/0M SAI RAM/Desktop/project/dataset/archive/derm12345_train_part_2/scc/DERM_169260.jpg,scc,36,36,36,True
/mnt/c/Users/0M SAI RAM/Desktop/project/dataset/archive/derm12345_train_part_2/scc/DERM_842229.jpg,scc,36,36,36,True
/mnt/c/Users/0M SAI RAM/Desktop/project/dataset/archive/derm12345_train_part_2/scc/DERM_728481.jpg,scc,36,36,8,False
/mnt/c/Users/0M SAI RAM/Desktop/project/dataset/archive/derm12345_train_part_2/scc/DERM_908657.jpg,scc,36,36,36,True
/mnt/c/Users/0M SAI RAM/Desktop/project/dataset/archive/derm12345_train_part_2/scc/DERM_319893.jpg,scc,36,36,36,True
/mnt/c/Users/0M SAI RAM/Desktop/project/dataset/archive/derm12345_train_part_2/scc/DERM_994500.jpg,scc,36,36,8,False
/mnt/c/Users/0M SAI RAM/Desktop/project/dataset/archive/derm12345_train_part_2/scc/DERM_291766.jpg,scc,36,36,36,True
/mnt/c/Users/0M SAI RAM/Desktop/project/dataset/archive/derm12345_train_part_2/scc/DERM_925541.jpg,scc,36,36,36,True
/mnt/c/Users/0M SAI RAM/Desktop/project/dataset/archive/derm12345_train_part_2/scc/DERM_279872.jpg,scc,36,36,36,True
/mnt/c/Users/0M SAI RAM/Desktop/project/dataset/archive/derm12345_train_part_2/scc/DERM_753482.jpg,scc,36,36,36,True
/mnt/c/Users/0M SAI RAM/Desktop/project/dataset/archive/derm12345_train_part_2/scc/DERM_783025.jpg,scc,36,36,8,False
/mnt/c/Users/0M SAI RAM/Desktop/project/dataset/archive/derm12345_train_part_2/scc/DERM_891199.jpg,scc,36,36,8,False
/mnt/c/Users/0M SAI RAM/Desktop/project/dataset/archive/derm12345_train_part_2/scc/DERM_406817.jpg,scc,36,36,36,True
/mnt/c/Users/0M SAI RAM/Desktop/project/dataset/archive/derm12345_train_part_2/scc/DERM_982896.jpg,scc,36,36,36,True
/mnt/c/Users/0M SAI RAM/Desktop/project/dataset/archive/derm12345_train_part_2/scc/DERM_986749.jpg,scc,36,36,36,True
/mnt/c/Users/0M SAI RAM/Desktop/project/dataset/archive/derm12345_train_part_2/scc/DERM_287348.jpg,scc,36,36,36,True
/mnt/c/Users/0M SAI RAM/Desktop/project/dataset/archive/derm12345_train_part_2/scc/DERM_456019.jpg,scc,36,36,36,True
/mnt/c/Users/0M SAI RAM/Desktop/project/dataset/archive/derm12345_train_part_2/scc/DERM_113085.jpg,scc,36,36,36,True
/mnt/c/Users/0M SAI RAM/Desktop/project/dataset/archive/derm12345_train_part_2/scc/DERM_588899.jpg,scc,36,36,36,True
/mnt/c/Users/0M SAI RAM/Desktop/project/dataset/archive/derm12345_train_part_2/scc/DERM_968297.jpg,scc,36,36,36,True
/mnt/c/Users/0M SAI RAM/Desktop/project/dataset/archive/derm12345_train_part_2/scc/DERM_525720.jpg,scc,36,36,36,True
/mnt/c/Users/0M SAI RAM/Desktop/project/dataset/archive/derm12345_train_part_2/scc/DERM_682352.jpg,scc,36,36,36,True
/mnt/c/Users/0M SAI RAM/Desktop/project/dataset/archive/derm12345_train_part_2/scc/DERM_889736.jpg,scc,36,36,17,False
/mnt/c/Users/0M SAI RAM/Desktop/project/dataset/archive/derm12345_train_part_2/scc/DERM_916832.jpg,scc,36,36,17,False
/mnt/c/Users/0M SAI RAM/Desktop/project/dataset/archive/derm12345_train_part_2/scc/DERM_826605.jpg,scc,36,36,8,False
/mnt/c/Users/0M SAI RAM/Desktop/project/dataset/archive/derm12345_train_part_2/scc/DERM_746383.jpg,scc,36,36,36,True
/mnt/c/Users/0M SAI RAM/Desktop/project/dataset/archive/derm12345_train_part_2/scc/DERM_725547.jpg,scc,36,36,8,False
/mnt/c/Users/0M SAI RAM/Desktop/project/dataset/archive/derm12345_train_part_2/scc/DERM_844169.jpg,scc,36,36,36,True
/mnt/c/Users/0M SAI RAM/Desktop/project/dataset/archive/derm12345_train_part_2/scc/DERM_324559.jpg,scc,36,36,31,False
/mnt/c/Users/0M SAI RAM/Desktop/project/dataset/archive/derm12345_train_part_2/scc/DERM_616424.jpg,scc,36,36,36,True
/mnt/c/Users/0M SAI RAM/Desktop/project/dataset/archive/derm12345_train_part_2/scc/DERM_656453.jpg,scc,36,36,36,True
/mnt/c/Users/0M SAI RAM/Desktop/project/dataset/archive/derm12345_train_part_2/scc/DERM_962190.jpg,scc,36,36,36,True
/mnt/c/Users/0M SAI RAM/Desktop/project/dataset/archive/derm12345_train_part_2/scc/DERM_244059.jpg,scc,36,36,36,True
/mnt/c/Users/0M SAI RAM/Desktop/project/dataset/archive/derm12345_train_part_2/scc/DERM_418218.jpg,scc,36,36,8,False
/mnt/c/Users/0M SAI RAM/Desktop/project/dataset/archive/derm12345_train_part_2/scc/DERM_324332.jpg,scc,36,36,36,True
/mnt/c/Users/0M SAI RAM/Desktop/project/dataset/archive/derm12345_train_part_2/scc/DERM_127948.jpg,scc,36,36,36,True
/mnt/c/Users/0M SAI RAM/Desktop/project/dataset/archive/derm12345_train_part_2/scc/DERM_967547.jpg,scc,36,36,8,False
/mnt/c/Users/0M SAI RAM/Desktop/project/dataset/archive/derm12345_train_part_2/scc/DERM_517063.jpg,scc,36,36,36,True
/mnt/c/Users/0M SAI RAM/Desktop/project/dataset/archive/derm12345_train_part_2/scc/DERM_839547.jpg,scc,36,36,36,True
/mnt/c/Users/0M SAI RAM/Desktop/project/dataset/archive/derm12345_train_part_2/scc/DERM_798374.jpg,scc,36,36,17,False
/mnt/c/Users/0M SAI RAM/Desktop/project/dataset/archive/derm12345_train_part_2/scc/DERM_369817.jpg,scc,36,36,31,False
/mnt/c/Users/0M SAI RAM/Desktop/project/dataset/archive/derm12345_train_part_2/scc/DERM_559623.jpg,scc,36,36,7,False
/mnt/c/Users/0M SAI RAM/Desktop/project/dataset/archive/derm12345_train_part_2/scc/DERM_993384.jpg,scc,36,36,20,False
/mnt/c/Users/0M SAI RAM/Desktop/project/dataset/archive/derm12345_train_part_2/scc/DERM_156043.jpg,scc,36,36,8,False
/mnt/c/Users/0M SAI RAM/Desktop/project/dataset/archive/derm12345_train_part_2/scc/DERM_191849.jpg,scc,36,36,8,False
/mnt/c/Users/0M SAI RAM/Desktop/project/dataset/archive/derm12345_train_part_2/scc/DERM_314143.jpg,scc,36,36,38,False
/mnt/c/Users/0M SAI RAM/Desktop/project/dataset/archive/derm12345_train_part_2/sk/DERM_656669.jpg,sk,37,37,26,False
/mnt/c/Users/0M SAI RAM/Desktop/project/dataset/archive/derm12345_train_part_2/sk/DERM_783702.jpg,sk,37,37,17,False
/mnt/c/Users/0M SAI RAM/Desktop/project/dataset/archive/derm12345_train_part_2/sk/DERM_615598.jpg,sk,37,37,37,True
/mnt/c/Users/0M SAI RAM/Desktop/project/dataset/archive/derm12345_train_part_2/sk/DERM_691760.jpg,sk,37,37,37,True
/mnt/c/Users/0M SAI RAM/Desktop/project/dataset/archive/derm12345_train_part_2/sk/DERM_623049.jpg,sk,37,37,37,True
/mnt/c/Users/0M SAI RAM/Desktop/project/dataset/archive/derm12345_train_part_2/sk/DERM_799596.jpg,sk,37,37,37,True
/mnt/c/Users/0M SAI RAM/Desktop/project/dataset/archive/derm12345_train_part_2/sk/DERM_259897.jpg,sk,37,37,37,True
/mnt/c/Users/0M SAI RAM/Desktop/project/dataset/archive/derm12345_train_part_2/sk/DERM_437368.jpg,sk,37,37,37,True
/mnt/c/Users/0M SAI RAM/Desktop/project/dataset/archive/derm12345_train_part_2/sk/DERM_868918.jpg,sk,37,37,4,False
/mnt/c/Users/0M SAI RAM/Desktop/project/dataset/archive/derm12345_train_part_2/sk/DERM_416810.jpg,sk,37,37,37,True
/mnt/c/Users/0M SAI RAM/Desktop/project/dataset/archive/derm12345_train_part_2/sk/DERM_365229.jpg,sk,37,37,23,False
/mnt/c/Users/0M SAI RAM/Desktop/project/dataset/archive/derm12345_train_part_2/sk/DERM_435293.jpg,sk,37,37,37,True
/mnt/c/Users/0M SAI RAM/Desktop/project/dataset/archive/derm12345_train_part_2/sk/DERM_439439.jpg,sk,37,37,23,False
/mnt/c/Users/0M SAI RAM/Desktop/project/dataset/archive/derm12345_train_part_2/sk/DERM_638216.jpg,sk,37,37,37,True
/mnt/c/Users/0M SAI RAM/Desktop/project/dataset/archive/derm12345_train_part_2/sk/DERM_855778.jpg,sk,37,37,17,False
/mnt/c/Users/0M SAI RAM/Desktop/project/dataset/archive/derm12345_train_part_2/sk/DERM_997636.jpg,sk,37,37,23,False
/mnt/c/Users/0M SAI RAM/Desktop/project/dataset/archive/derm12345_train_part_2/sk/DERM_674683.jpg,sk,37,37,22,False
/mnt/c/Users/0M SAI RAM/Desktop/project/dataset/archive/derm12345_train_part_2/sk/DERM_917266.jpg,sk,37,37,30,False
/mnt/c/Users/0M SAI RAM/Desktop/project/dataset/archive/derm12345_train_part_2/sk/DERM_754881.jpg,sk,37,37,16,False
/mnt/c/Users/0M SAI RAM/Desktop/project/dataset/archive/derm12345_train_part_2/sk/DERM_457317.jpg,sk,37,37,11,False
/mnt/c/Users/0M SAI RAM/Desktop/project/dataset/archive/derm12345_train_part_2/sk/DERM_524189.jpg,sk,37,37,37,True
/mnt/c/Users/0M SAI RAM/Desktop/project/dataset/archive/derm12345_train_part_2/sk/DERM_746772.jpg,sk,37,37,37,True
/mnt/c/Users/0M SAI RAM/Desktop/project/dataset/archive/derm12345_train_part_2/sk/DERM_979291.jpg,sk,37,37,17,False
/mnt/c/Users/0M SAI RAM/Desktop/project/dataset/archive/derm12345_train_part_2/sk/DERM_303704.jpg,sk,37,37,37,True
/mnt/c/Users/0M SAI RAM/Desktop/project/dataset/archive/derm12345_train_part_2/sk/DERM_678231.jpg,sk,37,37,22,False
/mnt/c/Users/0M SAI RAM/Desktop/project/dataset/archive/derm12345_train_part_2/sk/DERM_610946.jpg,sk,37,37,37,True
/mnt/c/Users/0M SAI RAM/Desktop/project/dataset/archive/derm12345_train_part_2/sk/DERM_927209.jpg,sk,37,37,23,False
/mnt/c/Users/0M SAI RAM/Desktop/project/dataset/archive/derm12345_train_part_2/sk/DERM_800168.jpg,sk,37,37,31,False
/mnt/c/Users/0M SAI RAM/Desktop/project/dataset/archive/derm12345_train_part_2/sk/DERM_524924.jpg,sk,37,37,11,False
/mnt/c/Users/0M SAI RAM/Desktop/project/dataset/archive/derm12345_train_part_2/sk/DERM_145849.jpg,sk,37,37,37,True
/mnt/c/Users/0M SAI RAM/Desktop/project/dataset/archive/derm12345_train_part_2/sk/DERM_963110.jpg,sk,37,37,23,False
/mnt/c/Users/0M SAI RAM/Desktop/project/dataset/archive/derm12345_train_part_2/sk/DERM_995632.jpg,sk,37,37,22,False
/mnt/c/Users/0M SAI RAM/Desktop/project/dataset/archive/derm12345_train_part_2/sk/DERM_207347.jpg,sk,37,37,10,False
/mnt/c/Users/0M SAI RAM/Desktop/project/dataset/archive/derm12345_train_part_2/sk/DERM_641393.jpg,sk,37,37,37,True
/mnt/c/Users/0M SAI RAM/Desktop/project/dataset/archive/derm12345_train_part_2/sk/DERM_877580.jpg,sk,37,37,17,False
/mnt/c/Users/0M SAI RAM/Desktop/project/dataset/archive/derm12345_train_part_2/sk/DERM_898339.jpg,sk,37,37,37,True
/mnt/c/Users/0M SAI RAM/Desktop/project/dataset/archive/derm12345_train_part_2/sk/DERM_550311.jpg,sk,37,37,37,True
/mnt/c/Users/0M SAI RAM/Desktop/project/dataset/archive/derm12345_train_part_2/sk/DERM_534527.jpg,sk,37,37,36,False
/mnt/c/Users/0M SAI RAM/Desktop/project/dataset/archive/derm12345_train_part_2/sk/DERM_104576.jpg,sk,37,37,23,False
/mnt/c/Users/0M SAI RAM/Desktop/project/dataset/archive/derm12345_train_part_2/sk/DERM_210257.jpg,sk,37,37,37,True
/mnt/c/Users/0M SAI RAM/Desktop/project/dataset/archive/derm12345_train_part_2/sk/DERM_843352.jpg,sk,37,37,37,True
/mnt/c/Users/0M SAI RAM/Desktop/project/dataset/archive/derm12345_train_part_2/sk/DERM_301966.jpg,sk,37,37,37,True
/mnt/c/Users/0M SAI RAM/Desktop/project/dataset/archive/derm12345_train_part_2/sk/DERM_962139.jpg,sk,37,37,37,True
/mnt/c/Users/0M SAI RAM/Desktop/project/dataset/archive/derm12345_train_part_2/sk/DERM_923064.jpg,sk,37,37,37,True
/mnt/c/Users/0M SAI RAM/Desktop/project/dataset/archive/derm12345_train_part_2/sk/DERM_382583.jpg,sk,37,37,37,True
/mnt/c/Users/0M SAI RAM/Desktop/project/dataset/archive/derm12345_train_part_2/sk/DERM_470644.jpg,sk,37,37,23,False
/mnt/c/Users/0M SAI RAM/Desktop/project/dataset/archive/derm12345_train_part_2/sk/DERM_645528.jpg,sk,37,37,37,True
/mnt/c/Users/0M SAI RAM/Desktop/project/dataset/archive/derm12345_train_part_2/sk/DERM_780564.jpg,sk,37,37,37,True
/mnt/c/Users/0M SAI RAM/Desktop/project/dataset/archive/derm12345_train_part_2/sk/DERM_114199.jpg,sk,37,37,23,False
/mnt/c/Users/0M SAI RAM/Desktop/project/dataset/archive/derm12345_train_part_2/sk/DERM_937369.jpg,sk,37,37,30,False
/mnt/c/Users/0M SAI RAM/Desktop/project/dataset/archive/derm12345_train_part_2/sk/DERM_529620.jpg,sk,37,37,2,False
/mnt/c/Users/0M SAI RAM/Desktop/project/dataset/archive/derm12345_train_part_2/sk/DERM_790512.jpg,sk,37,37,37,True
/mnt/c/Users/0M SAI RAM/Desktop/project/dataset/archive/derm12345_train_part_2/sk/DERM_748976.jpg,sk,37,37,37,True
/mnt/c/Users/0M SAI RAM/Desktop/project/dataset/archive/derm12345_train_part_2/sk/DERM_768144.jpg,sk,37,37,37,True
/mnt/c/Users/0M SAI RAM/Desktop/project/dataset/archive/derm12345_train_part_2/sk/DERM_541127.jpg,sk,37,37,37,True
/mnt/c/Users/0M SAI RAM/Desktop/project/dataset/archive/derm12345_train_part_2/sk/DERM_184335.jpg,sk,37,37,37,True
/mnt/c/Users/0M SAI RAM/Desktop/project/dataset/archive/derm12345_train_part_2/sk/DERM_881545.jpg,sk,37,37,37,True
/mnt/c/Users/0M SAI RAM/Desktop/project/dataset/archive/derm12345_train_part_2/sk/DERM_488933.jpg,sk,37,37,37,True
/mnt/c/Users/0M SAI RAM/Desktop/project/dataset/archive/derm12345_train_part_2/sk/DERM_449397.jpg,sk,37,37,37,True
/mnt/c/Users/0M SAI RAM/Desktop/project/dataset/archive/derm12345_train_part_2/sk/DERM_587871.jpg,sk,37,37,10,False
/mnt/c/Users/0M SAI RAM/Desktop/project/dataset/archive/derm12345_train_part_2/sk/DERM_392083.jpg,sk,37,37,37,True
/mnt/c/Users/0M SAI RAM/Desktop/project/dataset/archive/derm12345_train_part_2/sk/DERM_206605.jpg,sk,37,37,37,True
/mnt/c/Users/0M SAI RAM/Desktop/project/dataset/archive/derm12345_train_part_2/sk/DERM_702066.jpg,sk,37,37,22,False
/mnt/c/Users/0M SAI RAM/Desktop/project/dataset/archive/derm12345_train_part_2/sk/DERM_985341.jpg,sk,37,37,37,True
/mnt/c/Users/0M SAI RAM/Desktop/project/dataset/archive/derm12345_train_part_2/sk/DERM_579243.jpg,sk,37,37,37,True
/mnt/c/Users/0M SAI RAM/Desktop/project/dataset/archive/derm12345_train_part_2/sk/DERM_167695.jpg,sk,37,37,37,True
/mnt/c/Users/0M SAI RAM/Desktop/project/dataset/archive/derm12345_train_part_2/sk/DERM_265249.jpg,sk,37,37,37,True
/mnt/c/Users/0M SAI RAM/Desktop/project/dataset/archive/derm12345_train_part_2/sk/DERM_246423.jpg,sk,37,37,37,True
/mnt/c/Users/0M SAI RAM/Desktop/project/dataset/archive/derm12345_train_part_2/sk/DERM_783812.jpg,sk,37,37,37,True
/mnt/c/Users/0M SAI RAM/Desktop/project/dataset/archive/derm12345_train_part_2/sk/DERM_671037.jpg,sk,37,37,37,True
/mnt/c/Users/0M SAI RAM/Desktop/project/dataset/archive/derm12345_train_part_2/sk/DERM_361101.jpg,sk,37,37,37,True
/mnt/c/Users/0M SAI RAM/Desktop/project/dataset/archive/derm12345_train_part_2/sk/DERM_397811.jpg,sk,37,37,37,True
/mnt/c/Users/0M SAI RAM/Desktop/project/dataset/archive/derm12345_train_part_2/sk/DERM_226032.jpg,sk,37,37,22,False
/mnt/c/Users/0M SAI RAM/Desktop/project/dataset/archive/derm12345_train_part_2/sk/DERM_154628.jpg,sk,37,37,17,False
/mnt/c/Users/0M SAI RAM/Desktop/project/dataset/archive/derm12345_train_part_2/sk/DERM_219978.jpg,sk,37,37,37,True
/mnt/c/Users/0M SAI RAM/Desktop/project/dataset/archive/derm12345_train_part_2/sk/DERM_738509.jpg,sk,37,37,11,False
/mnt/c/Users/0M SAI RAM/Desktop/project/dataset/archive/derm12345_train_part_2/sk/DERM_569990.jpg,sk,37,37,22,False
/mnt/c/Users/0M SAI RAM/Desktop/project/dataset/archive/derm12345_train_part_2/sk/DERM_841281.jpg,sk,37,37,17,False
/mnt/c/Users/0M SAI RAM/Desktop/project/dataset/archive/derm12345_train_part_2/sk/DERM_162015.jpg,sk,37,37,37,True
/mnt/c/Users/0M SAI RAM/Desktop/project/dataset/archive/derm12345_train_part_2/sk/DERM_619594.jpg,sk,37,37,18,False
/mnt/c/Users/0M SAI RAM/Desktop/project/dataset/archive/derm12345_train_part_2/sk/DERM_968238.jpg,sk,37,37,14,False
/mnt/c/Users/0M SAI RAM/Desktop/project/dataset/archive/derm12345_train_part_2/sk/DERM_401771.jpg,sk,37,37,14,False
/mnt/c/Users/0M SAI RAM/Desktop/project/dataset/archive/derm12345_train_part_2/sk/DERM_184345.jpg,sk,37,37,37,True
/mnt/c/Users/0M SAI RAM/Desktop/project/dataset/archive/derm12345_train_part_2/sk/DERM_513480.jpg,sk,37,37,31,False
/mnt/c/Users/0M SAI RAM/Desktop/project/dataset/archive/derm12345_train_part_2/sk/DERM_500465.jpg,sk,37,37,11,False
/mnt/c/Users/0M SAI RAM/Desktop/project/dataset/archive/derm12345_train_part_2/sk/DERM_502205.jpg,sk,37,37,37,True
/mnt/c/Users/0M SAI RAM/Desktop/project/dataset/archive/derm12345_train_part_2/sk/DERM_279229.jpg,sk,37,37,22,False
/mnt/c/Users/0M SAI RAM/Desktop/project/dataset/archive/derm12345_train_part_2/sk/DERM_866721.jpg,sk,37,37,37,True
/mnt/c/Users/0M SAI RAM/Desktop/project/dataset/archive/derm12345_train_part_2/sk/DERM_160831.jpg,sk,37,37,18,False
/mnt/c/Users/0M SAI RAM/Desktop/project/dataset/archive/derm12345_train_part_2/sk/DERM_366221.jpg,sk,37,37,37,True
/mnt/c/Users/0M SAI RAM/Desktop/project/dataset/archive/derm12345_train_part_2/sk/DERM_587633.jpg,sk,37,37,8,False
/mnt/c/Users/0M SAI RAM/Desktop/project/dataset/archive/derm12345_train_part_2/sk/DERM_348948.jpg,sk,37,37,11,False
/mnt/c/Users/0M SAI RAM/Desktop/project/dataset/archive/derm12345_train_part_2/sk/DERM_567172.jpg,sk,37,37,8,False
/mnt/c/Users/0M SAI RAM/Desktop/project/dataset/archive/derm12345_train_part_2/sk/DERM_551834.jpg,sk,37,37,12,False
/mnt/c/Users/0M SAI RAM/Desktop/project/dataset/archive/derm12345_train_part_2/sk/DERM_306030.jpg,sk,37,37,37,True
/mnt/c/Users/0M SAI RAM/Desktop/project/dataset/archive/derm12345_train_part_2/sk/DERM_849220.jpg,sk,37,37,37,True
/mnt/c/Users/0M SAI RAM/Desktop/project/dataset/archive/derm12345_train_part_2/sk/DERM_279659.jpg,sk,37,37,17,False
/mnt/c/Users/0M SAI RAM/Desktop/project/dataset/archive/derm12345_train_part_2/sk/DERM_201378.jpg,sk,37,37,37,True
/mnt/c/Users/0M SAI RAM/Desktop/project/dataset/archive/derm12345_train_part_2/sk/DERM_740758.jpg,sk,37,37,37,True
/mnt/c/Users/0M SAI RAM/Desktop/project/dataset/archive/derm12345_train_part_2/sk/DERM_846074.jpg,sk,37,37,37,True
/mnt/c/Users/0M SAI RAM/Desktop/project/dataset/archive/derm12345_train_part_2/sk/DERM_580709.jpg,sk,37,37,37,True
/mnt/c/Users/0M SAI RAM/Desktop/project/dataset/archive/derm12345_train_part_2/sk/DERM_371540.jpg,sk,37,37,22,False
/mnt/c/Users/0M SAI RAM/Desktop/project/dataset/archive/derm12345_train_part_2/sk/DERM_749346.jpg,sk,37,37,37,True
/mnt/c/Users/0M SAI RAM/Desktop/project/dataset/archive/derm12345_train_part_2/sk/DERM_453956.jpg,sk,37,37,37,True
/mnt/c/Users/0M SAI RAM/Desktop/project/dataset/archive/derm12345_train_part_2/sk/DERM_432879.jpg,sk,37,37,37,True
/mnt/c/Users/0M SAI RAM/Desktop/project/dataset/archive/derm12345_train_part_2/sk/DERM_414531.jpg,sk,37,37,11,False
/mnt/c/Users/0M SAI RAM/Desktop/project/dataset/archive/derm12345_train_part_2/sk/DERM_559819.jpg,sk,37,37,23,False
/mnt/c/Users/0M SAI RAM/Desktop/project/dataset/archive/derm12345_train_part_2/sk/DERM_900461.jpg,sk,37,37,23,False
/mnt/c/Users/0M SAI RAM/Desktop/project/dataset/archive/derm12345_train_part_2/sk/DERM_349096.jpg,sk,37,37,17,False
/mnt/c/Users/0M SAI RAM/Desktop/project/dataset/archive/derm12345_train_part_2/sk/DERM_145256.jpg,sk,37,37,37,True
/mnt/c/Users/0M SAI RAM/Desktop/project/dataset/archive/derm12345_train_part_2/sk/DERM_643059.jpg,sk,37,37,37,True
/mnt/c/Users/0M SAI RAM/Desktop/project/dataset/archive/derm12345_train_part_2/sk/DERM_721821.jpg,sk,37,37,37,True
/mnt/c/Users/0M SAI RAM/Desktop/project/dataset/archive/derm12345_train_part_2/sk/DERM_982965.jpg,sk,37,37,11,False
/mnt/c/Users/0M SAI RAM/Desktop/project/dataset/archive/derm12345_train_part_2/sk/DERM_860735.jpg,sk,37,37,37,True
/mnt/c/Users/0M SAI RAM/Desktop/project/dataset/archive/derm12345_train_part_2/sk/DERM_542361.jpg,sk,37,37,37,True
/mnt/c/Users/0M SAI RAM/Desktop/project/dataset/archive/derm12345_train_part_2/sk/DERM_336939.jpg,sk,37,37,17,False
/mnt/c/Users/0M SAI RAM/Desktop/project/dataset/archive/derm12345_train_part_2/sk/DERM_363077.jpg,sk,37,37,10,False
/mnt/c/Users/0M SAI RAM/Desktop/project/dataset/archive/derm12345_train_part_2/sk/DERM_974262.jpg,sk,37,37,37,True
/mnt/c/Users/0M SAI RAM/Desktop/project/dataset/archive/derm12345_train_part_2/sk/DERM_537808.jpg,sk,37,37,30,False
/mnt/c/Users/0M SAI RAM/Desktop/project/dataset/archive/derm12345_train_part_2/sk/DERM_256639.jpg,sk,37,37,37,True
/mnt/c/Users/0M SAI RAM/Desktop/project/dataset/archive/derm12345_train_part_2/sk/DERM_225576.jpg,sk,37,37,37,True
/mnt/c/Users/0M SAI RAM/Desktop/project/dataset/archive/derm12345_train_part_2/sk/DERM_373950.jpg,sk,37,37,14,False
/mnt/c/Users/0M SAI RAM/Desktop/project/dataset/archive/derm12345_train_part_2/sk/DERM_662406.jpg,sk,37,37,30,False
/mnt/c/Users/0M SAI RAM/Desktop/project/dataset/archive/derm12345_train_part_2/sk/DERM_949207.jpg,sk,37,37,16,False
/mnt/c/Users/0M SAI RAM/Desktop/project/dataset/archive/derm12345_train_part_2/sk/DERM_147543.jpg,sk,37,37,11,False
/mnt/c/Users/0M SAI RAM/Desktop/project/dataset/archive/derm12345_train_part_2/sk/DERM_756094.jpg,sk,37,37,37,True
/mnt/c/Users/0M SAI RAM/Desktop/project/dataset/archive/derm12345_train_part_2/sk/DERM_669272.jpg,sk,37,37,37,True
/mnt/c/Users/0M SAI RAM/Desktop/project/dataset/archive/derm12345_train_part_2/sk/DERM_922709.jpg,sk,37,37,12,False
/mnt/c/Users/0M SAI RAM/Desktop/project/dataset/archive/derm12345_train_part_2/sk/DERM_966485.jpg,sk,37,37,37,True
/mnt/c/Users/0M SAI RAM/Desktop/project/dataset/archive/derm12345_train_part_2/sk/DERM_328993.jpg,sk,37,37,11,False
/mnt/c/Users/0M SAI RAM/Desktop/project/dataset/archive/derm12345_train_part_2/sk/DERM_743021.jpg,sk,37,37,3,False
/mnt/c/Users/0M SAI RAM/Desktop/project/dataset/archive/derm12345_train_part_2/sk/DERM_359745.jpg,sk,37,37,37,True
/mnt/c/Users/0M SAI RAM/Desktop/project/dataset/archive/derm12345_train_part_2/sk/DERM_395689.jpg,sk,37,37,4,False
/mnt/c/Users/0M SAI RAM/Desktop/project/dataset/archive/derm12345_train_part_2/sk/DERM_259947.jpg,sk,37,37,14,False
/mnt/c/Users/0M SAI RAM/Desktop/project/dataset/archive/derm12345_train_part_2/sk/DERM_421483.jpg,sk,37,37,37,True
/mnt/c/Users/0M SAI RAM/Desktop/project/dataset/archive/derm12345_train_part_2/sk/DERM_778064.jpg,sk,37,37,10,False
/mnt/c/Users/0M SAI RAM/Desktop/project/dataset/archive/derm12345_train_part_2/sk/DERM_537550.jpg,sk,37,37,29,False
/mnt/c/Users/0M SAI RAM/Desktop/project/dataset/archive/derm12345_train_part_2/sk/DERM_200443.jpg,sk,37,37,22,False
/mnt/c/Users/0M SAI RAM/Desktop/project/dataset/archive/derm12345_train_part_2/sk/DERM_918359.jpg,sk,37,37,17,False
/mnt/c/Users/0M SAI RAM/Desktop/project/dataset/archive/derm12345_train_part_2/sk/DERM_643836.jpg,sk,37,37,37,True
/mnt/c/Users/0M SAI RAM/Desktop/project/dataset/archive/derm12345_train_part_2/sk/DERM_200791.jpg,sk,37,37,11,False
/mnt/c/Users/0M SAI RAM/Desktop/project/dataset/archive/derm12345_train_part_2/sk/DERM_583497.jpg,sk,37,37,37,True
/mnt/c/Users/0M SAI RAM/Desktop/project/dataset/archive/derm12345_train_part_2/sk/DERM_112557.jpg,sk,37,37,4,False
/mnt/c/Users/0M SAI RAM/Desktop/project/dataset/archive/derm12345_train_part_2/sk/DERM_738515.jpg,sk,37,37,38,False
/mnt/c/Users/0M SAI RAM/Desktop/project/dataset/archive/derm12345_train_part_2/sk/DERM_559702.jpg,sk,37,37,22,False
/mnt/c/Users/0M SAI RAM/Desktop/project/dataset/archive/derm12345_train_part_2/sk/DERM_882308.jpg,sk,37,37,37,True
/mnt/c/Users/0M SAI RAM/Desktop/project/dataset/archive/derm12345_train_part_2/sk/DERM_633860.jpg,sk,37,37,23,False
/mnt/c/Users/0M SAI RAM/Desktop/project/dataset/archive/derm12345_train_part_2/sk/DERM_258139.jpg,sk,37,37,37,True
/mnt/c/Users/0M SAI RAM/Desktop/project/dataset/archive/derm12345_train_part_2/sk/DERM_724109.jpg,sk,37,37,4,False
/mnt/c/Users/0M SAI RAM/Desktop/project/dataset/archive/derm12345_train_part_2/sk/DERM_956577.jpg,sk,37,37,22,False
/mnt/c/Users/0M SAI RAM/Desktop/project/dataset/archive/derm12345_train_part_2/sk/DERM_483166.jpg,sk,37,37,8,False
/mnt/c/Users/0M SAI RAM/Desktop/project/dataset/archive/derm12345_train_part_2/sk/DERM_550231.jpg,sk,37,37,31,False
/mnt/c/Users/0M SAI RAM/Desktop/project/dataset/archive/derm12345_train_part_2/sk/DERM_196446.jpg,sk,37,37,23,False
/mnt/c/Users/0M SAI RAM/Desktop/project/dataset/archive/derm12345_train_part_2/sk/DERM_802012.jpg,sk,37,37,37,True
/mnt/c/Users/0M SAI RAM/Desktop/project/dataset/archive/derm12345_train_part_2/sk/DERM_499616.jpg,sk,37,37,37,True
/mnt/c/Users/0M SAI RAM/Desktop/project/dataset/archive/derm12345_train_part_2/sk/DERM_734408.jpg,sk,37,37,38,False
/mnt/c/Users/0M SAI RAM/Desktop/project/dataset/archive/derm12345_train_part_2/sk/DERM_596979.jpg,sk,37,37,37,True
/mnt/c/Users/0M SAI RAM/Desktop/project/dataset/archive/derm12345_train_part_2/sk/DERM_230233.jpg,sk,37,37,31,False
/mnt/c/Users/0M SAI RAM/Desktop/project/dataset/archive/derm12345_train_part_2/sk/DERM_879675.jpg,sk,37,37,22,False
/mnt/c/Users/0M SAI RAM/Desktop/project/dataset/archive/derm12345_train_part_2/sk/DERM_483342.jpg,sk,37,37,37,True
/mnt/c/Users/0M SAI RAM/Desktop/project/dataset/archive/derm12345_train_part_2/sk/DERM_346577.jpg,sk,37,37,17,False
/mnt/c/Users/0M SAI RAM/Desktop/project/dataset/archive/derm12345_train_part_2/sk/DERM_195225.jpg,sk,37,37,17,False
/mnt/c/Users/0M SAI RAM/Desktop/project/dataset/archive/derm12345_train_part_2/sl/DERM_569659.jpg,sl,38,38,37,False
/mnt/c/Users/0M SAI RAM/Desktop/project/dataset/archive/derm12345_train_part_2/sl/DERM_478104.jpg,sl,38,38,38,True
/mnt/c/Users/0M SAI RAM/Desktop/project/dataset/archive/derm12345_train_part_2/sl/DERM_282387.jpg,sl,38,38,10,False
/mnt/c/Users/0M SAI RAM/Desktop/project/dataset/archive/derm12345_train_part_2/sl/DERM_412408.jpg,sl,38,38,14,False
/mnt/c/Users/0M SAI RAM/Desktop/project/dataset/archive/derm12345_train_part_2/sl/DERM_341802.jpg,sl,38,38,37,False
/mnt/c/Users/0M SAI RAM/Desktop/project/dataset/archive/derm12345_train_part_2/sl/DERM_510181.jpg,sl,38,38,38,True
/mnt/c/Users/0M SAI RAM/Desktop/project/dataset/archive/derm12345_train_part_2/sl/DERM_217071.jpg,sl,38,38,30,False
/mnt/c/Users/0M SAI RAM/Desktop/project/dataset/archive/derm12345_train_part_2/sl/DERM_758457.jpg,sl,38,38,22,False
/mnt/c/Users/0M SAI RAM/Desktop/project/dataset/archive/derm12345_train_part_2/sl/DERM_235761.jpg,sl,38,38,4,False
/mnt/c/Users/0M SAI RAM/Desktop/project/dataset/archive/derm12345_train_part_2/sl/DERM_273824.jpg,sl,38,38,4,False
/mnt/c/Users/0M SAI RAM/Desktop/project/dataset/archive/derm12345_train_part_2/sl/DERM_488799.jpg,sl,38,38,23,False
/mnt/c/Users/0M SAI RAM/Desktop/project/dataset/archive/derm12345_train_part_2/sl/DERM_177726.jpg,sl,38,38,17,False
/mnt/c/Users/0M SAI RAM/Desktop/project/dataset/archive/derm12345_train_part_2/sl/DERM_219399.jpg,sl,38,38,38,True
/mnt/c/Users/0M SAI RAM/Desktop/project/dataset/archive/derm12345_train_part_2/sl/DERM_775468.jpg,sl,38,38,31,False
/mnt/c/Users/0M SAI RAM/Desktop/project/dataset/archive/derm12345_train_part_2/sl/DERM_355349.jpg,sl,38,38,23,False
/mnt/c/Users/0M SAI RAM/Desktop/project/dataset/archive/derm12345_train_part_2/sl/DERM_359422.jpg,sl,38,38,23,False
/mnt/c/Users/0M SAI RAM/Desktop/project/dataset/archive/derm12345_train_part_2/srjd/DERM_520425.jpg,srjd,39,39,23,False
/mnt/c/Users/0M SAI RAM/Desktop/project/dataset/archive/derm12345_train_part_2/srjd/DERM_292802.jpg,srjd,39,39,22,False
/mnt/c/Users/0M SAI RAM/Desktop/project/dataset/archive/derm12345_train_part_2/srjd/DERM_707293.jpg,srjd,39,39,39,True
/mnt/c/Users/0M SAI RAM/Desktop/project/dataset/archive/derm12345_train_part_2/srjd/DERM_294294.jpg,srjd,39,39,22,False
/mnt/c/Users/0M SAI RAM/Desktop/project/dataset/archive/derm12345_train_part_2/srjd/DERM_384728.jpg,srjd,39,39,23,False
