filepath,label,class_index,true_class_index,predicted_class_index,correct
/mnt/c/Users/0M SAI RAM/Desktop/project/dataset/archive/derm12345_train_part_1/acb/DERM_125494.jpg,acb,0,0,3,False
/mnt/c/Users/0M SAI RAM/Desktop/project/dataset/archive/derm12345_train_part_1/acb/DERM_135726.jpg,acb,0,0,2,False
/mnt/c/Users/0M SAI RAM/Desktop/project/dataset/archive/derm12345_train_part_1/acb/DERM_843871.jpg,acb,0,0,2,False
/mnt/c/Users/0M SAI RAM/Desktop/project/dataset/archive/derm12345_train_part_1/acb/DERM_110590.jpg,acb,0,0,0,True
/mnt/c/Users/0M SAI RAM/Desktop/project/dataset/archive/derm12345_train_part_1/acb/DERM_252202.jpg,acb,0,0,2,False
/mnt/c/Users/0M SAI RAM/Desktop/project/dataset/archive/derm12345_train_part_1/acb/DERM_254008.jpg,acb,0,0,11,False
/mnt/c/Users/0M SAI RAM/Desktop/project/dataset/archive/derm12345_train_part_1/acb/DERM_879187.jpg,acb,0,0,0,True
/mnt/c/Users/0M SAI RAM/Desktop/project/dataset/archive/derm12345_train_part_1/acb/DERM_284612.jpg,acb,0,0,22,False
/mnt/c/Users/0M SAI RAM/Desktop/project/dataset/archive/derm12345_train_part_1/acb/DERM_497899.jpg,acb,0,0,0,True
/mnt/c/Users/0M SAI RAM/Desktop/project/dataset/archive/derm12345_train_part_1/acb/DERM_861589.jpg,acb,0,0,0,True
/mnt/c/Users/0M SAI RAM/Desktop/project/dataset/archive/derm12345_train_part_1/acd/DERM_105034.jpg,acd,1,1,11,False
/mnt/c/Users/0M SAI RAM/Desktop/project/dataset/archive/derm12345_train_part_1/acd/DERM_325570.jpg,acd,1,1,1,True
/mnt/c/Users/0M SAI RAM/Desktop/project/dataset/archive/derm12345_train_part_1/ajb/DERM_160716.jpg,ajb,2,2,12,False
/mnt/c/Users/0M SAI RAM/Desktop/project/dataset/archive/derm12345_train_part_1/ajb/DERM_637537.jpg,ajb,2,2,2,True
/mnt/c/Users/0M SAI RAM/Desktop/project/dataset/archive/derm12345_train_part_1/ajb/DERM_767275.jpg,ajb,2,2,22,False
/mnt/c/Users/0M SAI RAM/Desktop/project/dataset/archive/derm12345_train_part_1/ajb/DERM_821863.jpg,ajb,2,2,2,True
/mnt/c/Users/0M SAI RAM/Desktop/project/dataset/archive/derm12345_train_part_1/ajb/DERM_903221.jpg,ajb,2,2,22,False
/mnt/c/Users/0M SAI RAM/Desktop/project/dataset/archive/derm12345_train_part_1/ajb/DERM_854663.jpg,ajb,2,2,2,True
/mnt/c/Users/0M SAI RAM/Desktop/project/dataset/archive/derm12345_train_part_1/ajb/DERM_862216.jpg,ajb,2,2,3,False
/mnt/c/Users/0M SAI RAM/Desktop/project/dataset/archive/derm12345_train_part_1/ajb/DERM_749122.jpg,ajb,2,2,2,True
/mnt/c/Users/0M SAI RAM/Desktop/project/dataset/archive/derm12345_train_part_1/ajb/DERM_112355.jpg,ajb,2,2,23,False
/mnt/c/Users/0M SAI RAM/Desktop/project/dataset/archive/derm12345_train_part_1/ajb/DERM_117749.jpg,ajb,2,2,3,False
/mnt/c/Users/0M SAI RAM/Desktop/project/dataset/archive/derm12345_train_part_1/ajb/DERM_233615.jpg,ajb,2,2,2,True
/mnt/c/Users/0M SAI RAM/Desktop/project/dataset/archive/derm12345_train_part_1/ajb/DERM_292778.jpg,ajb,2,2,2,True
/mnt/c/Users/0M SAI RAM/Desktop/project/dataset/archive/derm12345_train_part_1/ajb/DERM_550380.jpg,ajb,2,2,2,True
/mnt/c/Users/0M SAI RAM/Desktop/project/dataset/archive/derm12345_train_part_1/ajb/DERM_646500.jpg,ajb,2,2,2,True
/mnt/c/Users/0M SAI RAM/Desktop/project/dataset/archive/derm12345_train_part_1/ajb/DERM_173306.jpg,ajb,2,2,2,True
/mnt/c/Users/0M SAI RAM/Desktop/project/dataset/archive/derm12345_train_part_1/ajb/DERM_517234.jpg,ajb,2,2,2,True
/mnt/c/Users/0M SAI RAM/Desktop/project/dataset/archive/derm12345_train_part_1/ajb/DERM_939759.jpg,ajb,2,2,2,True
/mnt/c/Users/0M SAI RAM/Desktop/project/dataset/archive/derm12345_train_part_1/ajb/DERM_279468.jpg,ajb,2,2,2,True
/mnt/c/Users/0M SAI RAM/Desktop/project/dataset/archive/derm12345_train_part_1/ajb/DERM_280815.jpg,ajb,2,2,2,True
/mnt/c/Users/0M SAI RAM/Desktop/project/dataset/archive/derm12345_train_part_1/ajb/DERM_197409.jpg,ajb,2,2,2,True
/mnt/c/Users/0M SAI RAM/Desktop/project/dataset/archive/derm12345_train_part_1/ajb/DERM_423117.jpg,ajb,2,2,2,True
/mnt/c/Users/0M SAI RAM/Desktop/project/dataset/archive/derm12345_train_part_1/ajb/DERM_471061.jpg,ajb,2,2,2,True
/mnt/c/Users/0M SAI RAM/Desktop/project/dataset/archive/derm12345_train_part_1/ajb/DERM_566279.jpg,ajb,2,2,16,False
/mnt/c/Users/0M SAI RAM/Desktop/project/dataset/archive/derm12345_train_part_1/ajb/DERM_883645.jpg,ajb,2,2,23,False
/mnt/c/Users/0M SAI RAM/Desktop/project/dataset/archive/derm12345_train_part_1/ajb/DERM_126905.jpg,ajb,2,2,2,True
/mnt/c/Users/0M SAI RAM/Desktop/project/dataset/archive/derm12345_train_part_1/ajb/DERM_295256.jpg,ajb,2,2,2,True
/mnt/c/Users/0M SAI RAM/Desktop/project/dataset/archive/derm12345_train_part_1/ajb/DERM_364574.jpg,ajb,2,2,2,True
/mnt/c/Users/0M SAI RAM/Desktop/project/dataset/archive/derm12345_train_part_1/ajb/DERM_247710.jpg,ajb,2,2,2,True
/mnt/c/Users/0M SAI RAM/Desktop/project/dataset/archive/derm12345_train_part_1/ajb/DERM_913326.jpg,ajb,2,2,2,True
/mnt/c/Users/0M SAI RAM/Desktop/project/dataset/archive/derm12345_train_part_1/ajb/DERM_164837.jpg,ajb,2,2,2,True
/mnt/c/Users/0M SAI RAM/Desktop/project/dataset/archive/derm12345_train_part_1/ajb/DERM_485579.jpg,ajb,2,2,2,True
/mnt/c/Users/0M SAI RAM/Desktop/project/dataset/archive/derm12345_train_part_1/ajb/DERM_231658.jpg,ajb,2,2,3,False
/mnt/c/Users/0M SAI RAM/Desktop/project/dataset/archive/derm12345_train_part_1/ajb/DERM_372285.jpg,ajb,2,2,2,True
/mnt/c/Users/0M SAI RAM/Desktop/project/dataset/archive/derm12345_train_part_1/ajb/DERM_535680.jpg,ajb,2,2,2,True
/mnt/c/Users/0M SAI RAM/Desktop/project/dataset/archive/derm12345_train_part_1/ajb/DERM_253399.jpg,ajb,2,2,2,True
/mnt/c/Users/0M SAI RAM/Desktop/project/dataset/archive/derm12345_train_part_1/ajb/DERM_692253.jpg,ajb,2,2,2,True
/mnt/c/Users/0M SAI RAM/Desktop/project/dataset/archive/derm12345_train_part_1/ajb/DERM_778725.jpg,ajb,2,2,2,True
/mnt/c/Users/0M SAI RAM/Desktop/project/dataset/archive/derm12345_train_part_1/ajb/DERM_924790.jpg,ajb,2,2,2,True
/mnt/c/Users/0M SAI RAM/Desktop/project/dataset/archive/derm12345_train_part_1/ajb/DERM_769715.jpg,ajb,2,2,2,True
/mnt/c/Users/0M SAI RAM/Desktop/project/dataset/archive/derm12345_train_part_1/ajb/DERM_488152.jpg,ajb,2,2,2,True
/mnt/c/Users/0M SAI RAM/Desktop/project/dataset/archive/derm12345_train_part_1/ajb/DERM_597012.jpg,ajb,2,2,2,True
/mnt/c/Users/0M SAI RAM/Desktop/project/dataset/archive/derm12345_train_part_1/ajb/DERM_436755.jpg,ajb,2,2,2,True
/mnt/c/Users/0M SAI RAM/Desktop/project/dataset/archive/derm12345_train_part_1/ajb/DERM_475601.jpg,ajb,2,2,3,False
/mnt/c/Users/0M SAI RAM/Desktop/project/dataset/archive/derm12345_train_part_1/ajb/DERM_172495.jpg,ajb,2,2,2,True
/mnt/c/Users/0M SAI RAM/Desktop/project/dataset/archive/derm12345_train_part_1/ajb/DERM_524295.jpg,ajb,2,2,2,True
/mnt/c/Users/0M SAI RAM/Desktop/project/dataset/archive/derm12345_train_part_1/ajb/DERM_501481.jpg,ajb,2,2,0,False
/mnt/c/Users/0M SAI RAM/Desktop/project/dataset/archive/derm12345_train_part_1/ajb/DERM_516380.jpg,ajb,2,2,3,False
/mnt/c/Users/0M SAI RAM/Desktop/project/dataset/archive/derm12345_train_part_1/ajb/DERM_735782.jpg,ajb,2,2,2,True
/mnt/c/Users/0M SAI RAM/Desktop/project/dataset/archive/derm12345_train_part_1/ajb/DERM_139117.jpg,ajb,2,2,2,True
/mnt/c/Users/0M SAI RAM/Desktop/project/dataset/archive/derm12345_train_part_1/ajb/DERM_180827.jpg,ajb,2,2,37,False
/mnt/c/Users/0M SAI RAM/Desktop/project/dataset/archive/derm12345_train_part_1/ajb/DERM_252282.jpg,ajb,2,2,3,False
/mnt/c/Users/0M SAI RAM/Desktop/project/dataset/archive/derm12345_train_part_1/ajb/DERM_951499.jpg,ajb,2,2,2,True
/mnt/c/Users/0M SAI RAM/Desktop/project/dataset/archive/derm12345_train_part_1/ajb/DERM_873695.jpg,ajb,2,2,2,True
/mnt/c/Users/0M SAI RAM/Desktop/project/dataset/archive/derm12345_train_part_1/ajb/DERM_628208.jpg,ajb,2,2,2,True
/mnt/c/Users/0M SAI RAM/Desktop/project/dataset/archive/derm12345_train_part_1/ajb/DERM_242278.jpg,ajb,2,2,3,False
/mnt/c/Users/0M SAI RAM/Desktop/project/dataset/archive/derm12345_train_part_1/ajb/DERM_624057.jpg,ajb,2,2,3,False
/mnt/c/Users/0M SAI RAM/Desktop/project/dataset/archive/derm12345_train_part_1/ajb/DERM_194574.jpg,ajb,2,2,2,True
/mnt/c/Users/0M SAI RAM/Desktop/project/dataset/archive/derm12345_train_part_1/ajb/DERM_322070.jpg,ajb,2,2,2,True
/mnt/c/Users/0M SAI RAM/Desktop/project/dataset/archive/derm12345_train_part_1/ajb/DERM_293668.jpg,ajb,2,2,2,True
/mnt/c/Users/0M SAI RAM/Desktop/project/dataset/archive/derm12345_train_part_1/ajb/DERM_477056.jpg,ajb,2,2,2,True
/mnt/c/Users/0M SAI RAM/Desktop/project/dataset/archive/derm12345_train_part_1/ajb/DERM_896957.jpg,ajb,2,2,2,True
/mnt/c/Users/0M SAI RAM/Desktop/project/dataset/archive/derm12345_train_part_1/ajb/DERM_238478.jpg,ajb,2,2,23,False
/mnt/c/Users/0M SAI RAM/Desktop/project/dataset/archive/derm12345_train_part_1/ajb/DERM_920438.jpg,ajb,2,2,2,True
/mnt/c/Users/0M SAI RAM/Desktop/project/dataset/archive/derm12345_train_part_1/ajb/DERM_148251.jpg,ajb,2,2,3,False
/mnt/c/Users/0M SAI RAM/Desktop/project/dataset/archive/derm12345_train_part_1/ajb/DERM_851013.jpg,ajb,2,2,2,True
/mnt/c/Users/0M SAI RAM/Desktop/project/dataset/archive/derm12345_train_part_1/ajb/DERM_380065.jpg,ajb,2,2,2,True
/mnt/c/Users/0M SAI RAM/Desktop/project/dataset/archive/derm12345_train_part_1/ajb/DERM_621164.jpg,ajb,2,2,22,False
/mnt/c/Users/0M SAI RAM/Desktop/project/dataset/archive/derm12345_train_part_1/ajb/DERM_591078.jpg,ajb,2,2,2,True
/mnt/c/Users/0M SAI RAM/Desktop/project/dataset/archive/derm12345_train_part_1/ajb/DERM_716849.jpg,ajb,2,2,2,True
/mnt/c/Users/0M SAI RAM/Desktop/project/dataset/archive/derm12345_train_part_1/ajb/DERM_292606.jpg,ajb,2,2,2,True
/mnt/c/Users/0M SAI RAM/Desktop/project/dataset/archive/derm12345_train_part_1/ajb/DERM_135571.jpg,ajb,2,2,2,True
/mnt/c/Users/0M SAI RAM/Desktop/project/dataset/archive/derm12345_train_part_1/ajb/DERM_104616.jpg,ajb,2,2,2,True
/mnt/c/Users/0M SAI RAM/Desktop/project/dataset/archive/derm12345_train_part_1/ajb/DERM_520420.jpg,ajb,2,2,20,False
/mnt/c/Users/0M SAI RAM/Desktop/project/dataset/archive/derm12345_train_part_1/ajb/DERM_696712.jpg,ajb,2,2,2,True
/mnt/c/Users/0M SAI RAM/Desktop/project/dataset/archive/derm12345_train_part_1/ajb/DERM_540877.jpg,ajb,2,2,2,True
/mnt/c/Users/0M SAI RAM/Desktop/project/dataset/archive/derm12345_train_part_1/ajb/DERM_744276.jpg,ajb,2,2,2,True
/mnt/c/Users/0M SAI RAM/Desktop/project/dataset/archive/derm12345_train_part_1/ajb/DERM_456791.jpg,ajb,2,2,3,False
/mnt/c/Users/0M SAI RAM/Desktop/project/dataset/archive/derm12345_train_part_1/ajb/DERM_482423.jpg,ajb,2,2,2,True
/mnt/c/Users/0M SAI RAM/Desktop/project/dataset/archive/derm12345_train_part_1/ajb/DERM_677042.jpg,ajb,2,2,3,False
/mnt/c/Users/0M SAI RAM/Desktop/project/dataset/archive/derm12345_train_part_1/ajb/DERM_991839.jpg,ajb,2,2,3,False
/mnt/c/Users/0M SAI RAM/Desktop/project/dataset/archive/derm12345_train_part_1/ajb/DERM_923774.jpg,ajb,2,2,2,True
/mnt/c/Users/0M SAI RAM/Desktop/project/dataset/archive/derm12345_train_part_1/ajb/DERM_726862.jpg,ajb,2,2,22,False
/mnt/c/Users/0M SAI RAM/Desktop/project/dataset/archive/derm12345_train_part_1/ajb/DERM_866445.jpg,ajb,2,2,2,True
/mnt/c/Users/0M SAI RAM/Desktop/project/dataset/archive/derm12345_train_part_1/ajb/DERM_215313.jpg,ajb,2,2,2,True
/mnt/c/Users/0M SAI RAM/Desktop/project/dataset/archive/derm12345_train_part_1/ajb/DERM_433496.jpg,ajb,2,2,2,True
/mnt/c/Users/0M SAI RAM/Desktop/project/dataset/archive/derm12345_train_part_1/ajb/DERM_123474.jpg,ajb,2,2,2,True
/mnt/c/Users/0M SAI RAM/Desktop/project/dataset/archive/derm12345_train_part_1/ajb/DERM_894819.jpg,ajb,2,2,2,True
/mnt/c/Users/0M SAI RAM/Desktop/project/dataset/archive/derm12345_train_part_1/ajb/DERM_616715.jpg,ajb,2,2,0,False
/mnt/c/Users/0M SAI RAM/Desktop/project/dataset/archive/derm12345_train_part_1/ajb/DERM_101640.jpg,ajb,2,2,2,True
/mnt/c/Users/0M SAI RAM/Desktop/project/dataset/archive/derm12345_train_part_1/ajb/DERM_816110.jpg,ajb,2,2,3,False
/mnt/c/Users/0M SAI RAM/Desktop/project/dataset/archive/derm12345_train_part_1/ajb/DERM_340834.jpg,ajb,2,2,3,False
/mnt/c/Users/0M SAI RAM/Desktop/project/dataset/archive/derm12345_train_part_1/ajb/DERM_981451.jpg,ajb,2,2,3,False
/mnt/c/Users/0M SAI RAM/Desktop/project/dataset/archive/derm12345_train_part_1/ajb/DERM_749871.jpg,ajb,2,2,2,True
/mnt/c/Users/0M SAI RAM/Desktop/project/dataset/archive/derm12345_train_part_1/ajb/DERM_383627.jpg,ajb,2,2,3,False
/mnt/c/Users/0M SAI RAM/Desktop/project/dataset/archive/derm12345_train_part_1/ajb/DERM_851156.jpg,ajb,2,2,2,True
/mnt/c/Users/0M SAI RAM/Desktop/project/dataset/archive/derm12345_train_part_1/ajb/DERM_142296.jpg,ajb,2,2,22,False
/mnt/c/Users/0M SAI RAM/Desktop/project/dataset/archive/derm12345_train_part_1/ajb/DERM_421015.jpg,ajb,2,2,2,True
/mnt/c/Users/0M SAI RAM/Desktop/project/dataset/archive/derm12345_train_part_1/ajb/DERM_183056.jpg,ajb,2,2,3,False
/mnt/c/Users/0M SAI RAM/Desktop/project/dataset/archive/derm12345_train_part_1/ajb/DERM_853181.jpg,ajb,2,2,10,False
/mnt/c/Users/0M SAI RAM/Desktop/project/dataset/archive/derm12345_train_part_1/ajb/DERM_800067.jpg,ajb,2,2,2,True
/mnt/c/Users/0M SAI RAM/Desktop/project/dataset/archive/derm12345_train_part_1/ajb/DERM_428912.jpg,ajb,2,2,2,True
/mnt/c/Users/0M SAI RAM/Desktop/project/dataset/archive/derm12345_train_part_1/ajb/DERM_807772.jpg,ajb,2,2,2,True
/mnt/c/Users/0M SAI RAM/Desktop/project/dataset/archive/derm12345_train_part_1/ajb/DERM_422100.jpg,ajb,2,2,2,True
/mnt/c/Users/0M SAI RAM/Desktop/project/dataset/archive/derm12345_train_part_1/ajb/DERM_968521.jpg,ajb,2,2,2,True
/mnt/c/Users/0M SAI RAM/Desktop/project/dataset/archive/derm12345_train_part_1/ajb/DERM_276872.jpg,ajb,2,2,2,True
/mnt/c/Users/0M SAI RAM/Desktop/project/dataset/archive/derm12345_train_part_1/ajb/DERM_817739.jpg,ajb,2,2,0,False
/mnt/c/Users/0M SAI RAM/Desktop/project/dataset/archive/derm12345_train_part_1/ajb/DERM_421869.jpg,ajb,2,2,2,True
/mnt/c/Users/0M SAI RAM/Desktop/project/dataset/archive/derm12345_train_part_1/ajb/DERM_928327.jpg,ajb,2,2,2,True
/mnt/c/Users/0M SAI RAM/Desktop/project/dataset/archive/derm12345_train_part_1/ajb/DERM_695436.jpg,ajb,2,2,2,True
/mnt/c/Users/0M SAI RAM/Desktop/project/dataset/archive/derm12345_train_part_1/ajb/DERM_618544.jpg,ajb,2,2,2,True
/mnt/c/Users/0M SAI RAM/Desktop/project/dataset/archive/derm12345_train_part_1/ajb/DERM_266290.jpg,ajb,2,2,2,True
/mnt/c/Users/0M SAI RAM/Desktop/project/dataset/archive/derm12345_train_part_1/ajb/DERM_985553.jpg,ajb,2,2,2,True
/mnt/c/Users/0M SAI RAM/Desktop/project/dataset/archive/derm12345_train_part_1/ajb/DERM_985512.jpg,ajb,2,2,2,True
/mnt/c/Users/0M SAI RAM/Desktop/project/dataset/archive/derm12345_train_part_1/ajd/DERM_634033.jpg,ajd,3,3,3,True
/mnt/c/Users/0M SAI RAM/Desktop/project/dataset/archive/derm12345_train_part_1/ajd/DERM_574035.jpg,ajd,3,3,2,False
/mnt/c/Users/0M SAI RAM/Desktop/project/dataset/archive/derm12345_train_part_1/ajd/DERM_653642.jpg,ajd,3,3,11,False
/mnt/c/Users/0M SAI RAM/Desktop/project/dataset/archive/derm12345_train_part_1/ajd/DERM_903678.jpg,ajd,3,3,11,False
/mnt/c/Users/0M SAI RAM/Desktop/project/dataset/archive/derm12345_train_part_1/ajd/DERM_147413.jpg,ajd,3,3,23,False
/mnt/c/Users/0M SAI RAM/Desktop/project/dataset/archive/derm12345_train_part_1/ajd/DERM_556088.jpg,ajd,3,3,3,True
/mnt/c/Users/0M SAI RAM/Desktop/project/dataset/archive/derm12345_train_part_1/ajd/DERM_416223.jpg,ajd,3,3,2,False
/mnt/c/Users/0M SAI RAM/Desktop/project/dataset/archive/derm12345_train_part_1/ajd/DERM_144488.jpg,ajd,3,3,3,True
/mnt/c/Users/0M SAI RAM/Desktop/project/dataset/archive/derm12345_train_part_1/ajd/DERM_729154.jpg,ajd,3,3,2,False
/mnt/c/Users/0M SAI RAM/Desktop/project/dataset/archive/derm12345_train_part_1/ajd/DERM_764920.jpg,ajd,3,3,23,False
/mnt/c/Users/0M SAI RAM/Desktop/project/dataset/archive/derm12345_train_part_1/ajd/DERM_969787.jpg,ajd,3,3,23,False
/mnt/c/Users/0M SAI RAM/Desktop/project/dataset/archive/derm12345_train_part_1/ajd/DERM_788283.jpg,ajd,3,3,3,True
/mnt/c/Users/0M SAI RAM/Desktop/project/dataset/archive/derm12345_train_part_1/ajd/DERM_891361.jpg,ajd,3,3,3,True
/mnt/c/Users/0M SAI RAM/Desktop/project/dataset/archive/derm12345_train_part_1/ajd/DERM_495320.jpg,ajd,3,3,23,False
/mnt/c/Users/0M SAI RAM/Desktop/project/dataset/archive/derm12345_train_part_1/ajd/DERM_524853.jpg,ajd,3,3,3,True
/mnt/c/Users/0M SAI RAM/Desktop/project/dataset/archive/derm12345_train_part_1/ajd/DERM_897523.jpg,ajd,3,3,0,False
/mnt/c/Users/0M SAI RAM/Desktop/project/dataset/archive/derm12345_train_part_1/ajd/DERM_318096.jpg,ajd,3,3,22,False
/mnt/c/Users/0M SAI RAM/Desktop/project/dataset/archive/derm12345_train_part_1/ajd/DERM_962010.jpg,ajd,3,3,2,False
/mnt/c/Users/0M SAI RAM/Desktop/project/dataset/archive/derm12345_train_part_1/ajd/DERM_606713.jpg,ajd,3,3,3,True
/mnt/c/Users/0M SAI RAM/Desktop/project/dataset/archive/derm12345_train_part_1/ajd/DERM_806102.jpg,ajd,3,3,2,False
/mnt/c/Users/0M SAI RAM/Desktop/project/dataset/archive/derm12345_train_part_1/ajd/DERM_918380.jpg,ajd,3,3,3,True
/mnt/c/Users/0M SAI RAM/Desktop/project/dataset/archive/derm12345_train_part_1/ajd/DERM_802272.jpg,ajd,3,3,2,False
/mnt/c/Users/0M SAI RAM/Desktop/project/dataset/archive/derm12345_train_part_1/ajd/DERM_984973.jpg,ajd,3,3,23,False
/mnt/c/Users/0M SAI RAM/Desktop/project/dataset/archive/derm12345_train_part_1/ajd/DERM_247655.jpg,ajd,3,3,3,True
/mnt/c/Users/0M SAI RAM/Desktop/project/dataset/archive/derm12345_train_part_1/ajd/DERM_429632.jpg,ajd,3,3,3,True
/mnt/c/Users/0M SAI RAM/Desktop/project/dataset/archive/derm12345_train_part_1/ajd/DERM_772759.jpg,ajd,3,3,3,True
/mnt/c/Users/0M SAI RAM/Desktop/project/dataset/archive/derm12345_train_part_1/ajd/DERM_455895.jpg,ajd,3,3,3,True
/mnt/c/Users/0M SAI RAM/Desktop/project/dataset/archive/derm12345_train_part_1/ajd/DERM_789572.jpg,ajd,3,3,0,False
/mnt/c/Users/0M SAI RAM/Desktop/project/dataset/archive/derm12345_train_part_1/ajd/DERM_294145.jpg,ajd,3,3,2,False
/mnt/c/Users/0M SAI RAM/Desktop/project/dataset/archive/derm12345_train_part_1/ajd/DERM_209164.jpg,ajd,3,3,22,False
/mnt/c/Users/0M SAI RAM/Desktop/project/dataset/archive/derm12345_train_part_1/ajd/DERM_394200.jpg,ajd,3,3,3,True
/mnt/c/Users/0M SAI RAM/Desktop/project/dataset/archive/derm12345_train_part_1/ajd/DERM_817933.jpg,ajd,3,3,3,True
/mnt/c/Users/0M SAI RAM/Desktop/project/dataset/archive/derm12345_train_part_1/ajd/DERM_996003.jpg,ajd,3,3,2,False
/mnt/c/Users/0M SAI RAM/Desktop/project/dataset/archive/derm12345_train_part_1/ajd/DERM_423948.jpg,ajd,3,3,2,False
/mnt/c/Users/0M SAI RAM/Desktop/project/dataset/archive/derm12345_train_part_1/ajd/DERM_164656.jpg,ajd,3,3,22,False
/mnt/c/Users/0M SAI RAM/Desktop/project/dataset/archive/derm12345_train_part_1/ajd/DERM_575675.jpg,ajd,3,3,22,False
/mnt/c/Users/0M SAI RAM/Desktop/project/dataset/archive/derm12345_train_part_1/ajd/DERM_178975.jpg,ajd,3,3,3,True
/mnt/c/Users/0M SAI RAM/Desktop/project/dataset/archive/derm12345_train_part_1/ajd/DERM_973299.jpg,ajd,3,3,22,False
/mnt/c/Users/0M SAI RAM/Desktop/project/dataset/archive/derm12345_train_part_1/ajd/DERM_474232.jpg,ajd,3,3,11,False
/mnt/c/Users/0M SAI RAM/Desktop/project/dataset/archive/derm12345_train_part_1/ajd/DERM_606981.jpg,ajd,3,3,23,False
/mnt/c/Users/0M SAI RAM/Desktop/project/dataset/archive/derm12345_train_part_1/ajd/DERM_334895.jpg,ajd,3,3,2,False
/mnt/c/Users/0M SAI RAM/Desktop/project/dataset/archive/derm12345_train_part_1/ajd/DERM_723451.jpg,ajd,3,3,3,True
/mnt/c/Users/0M SAI RAM/Desktop/project/dataset/archive/derm12345_train_part_1/ajd/DERM_624111.jpg,ajd,3,3,3,True
/mnt/c/Users/0M SAI RAM/Desktop/project/dataset/archive/derm12345_train_part_1/ajd/DERM_497353.jpg,ajd,3,3,30,False
/mnt/c/Users/0M SAI RAM/Desktop/project/dataset/archive/derm12345_train_part_1/ajd/DERM_128563.jpg,ajd,3,3,3,True
/mnt/c/Users/0M SAI RAM/Desktop/project/dataset/archive/derm12345_train_part_1/ajd/DERM_143006.jpg,ajd,3,3,3,True
/mnt/c/Users/0M SAI RAM/Desktop/project/dataset/archive/derm12345_train_part_1/ajd/DERM_545145.jpg,ajd,3,3,3,True
/mnt/c/Users/0M SAI RAM/Desktop/project/dataset/archive/derm12345_train_part_1/ajd/DERM_962255.jpg,ajd,3,3,3,True
/mnt/c/Users/0M SAI RAM/Desktop/project/dataset/archive/derm12345_train_part_1/ajd/DERM_205630.jpg,ajd,3,3,23,False
/mnt/c/Users/0M SAI RAM/Desktop/project/dataset/archive/derm12345_train_part_1/ajd/DERM_270260.jpg,ajd,3,3,2,False
/mnt/c/Users/0M SAI RAM/Desktop/project/dataset/archive/derm12345_train_part_1/ajd/DERM_231937.jpg,ajd,3,3,7,False
/mnt/c/Users/0M SAI RAM/Desktop/project/dataset/archive/derm12345_train_part_1/ajd/DERM_642694.jpg,ajd,3,3,3,True
/mnt/c/Users/0M SAI RAM/Desktop/project/dataset/archive/derm12345_train_part_1/ajd/DERM_636843.jpg,ajd,3,3,2,False
/mnt/c/Users/0M SAI RAM/Desktop/project/dataset/archive/derm12345_train_part_1/ajd/DERM_216460.jpg,ajd,3,3,3,True
/mnt/c/Users/0M SAI RAM/Desktop/project/dataset/archive/derm12345_train_part_1/ajd/DERM_542316.jpg,ajd,3,3,3,True
/mnt/c/Users/0M SAI RAM/Desktop/project/dataset/archive/derm12345_train_part_1/ajd/DERM_781206.jpg,ajd,3,3,23,False
/mnt/c/Users/0M SAI RAM/Desktop/project/dataset/archive/derm12345_train_part_1/ajd/DERM_180176.jpg,ajd,3,3,23,False
/mnt/c/Users/0M SAI RAM/Desktop/project/dataset/archive/derm12345_train_part_1/ajd/DERM_268708.jpg,ajd,3,3,17,False
/mnt/c/Users/0M SAI RAM/Desktop/project/dataset/archive/derm12345_train_part_1/ajd/DERM_745360.jpg,ajd,3,3,2,False
/mnt/c/Users/0M SAI RAM/Desktop/project/dataset/archive/derm12345_train_part_1/ajd/DERM_862013.jpg,ajd,3,3,2,False
/mnt/c/Users/0M SAI RAM/Desktop/project/dataset/archive/derm12345_train_part_1/ajd/DERM_656405.jpg,ajd,3,3,3,True
/mnt/c/Users/0M SAI RAM/Desktop/project/dataset/archive/derm12345_train_part_1/ajd/DERM_747914.jpg,ajd,3,3,2,False
/mnt/c/Users/0M SAI RAM/Desktop/project/dataset/archive/derm12345_train_part_1/ajd/DERM_479060.jpg,ajd,3,3,3,True
/mnt/c/Users/0M SAI RAM/Desktop/project/dataset/archive/derm12345_train_part_1/ajd/DERM_523349.jpg,ajd,3,3,3,True
/mnt/c/Users/0M SAI RAM/Desktop/project/dataset/archive/derm12345_train_part_1/ajd/DERM_791587.jpg,ajd,3,3,2,False
/mnt/c/Users/0M SAI RAM/Desktop/project/dataset/archive/derm12345_train_part_1/ajd/DERM_905902.jpg,ajd,3,3,3,True
/mnt/c/Users/0M SAI RAM/Desktop/project/dataset/archive/derm12345_train_part_1/ajd/DERM_686968.jpg,ajd,3,3,3,True
/mnt/c/Users/0M SAI RAM/Desktop/project/dataset/archive/derm12345_train_part_1/ajd/DERM_358757.jpg,ajd,3,3,23,False
/mnt/c/Users/0M SAI RAM/Desktop/project/dataset/archive/derm12345_train_part_1/ajd/DERM_174563.jpg,ajd,3,3,22,False
/mnt/c/Users/0M SAI RAM/Desktop/project/dataset/archive/derm12345_train_part_1/ajd/DERM_965559.jpg,ajd,3,3,23,False
/mnt/c/Users/0M SAI RAM/Desktop/project/dataset/archive/derm12345_train_part_1/ajd/DERM_553629.jpg,ajd,3,3,3,True
/mnt/c/Users/0M SAI RAM/Desktop/project/dataset/archive/derm12345_train_part_1/ajd/DERM_863702.jpg,ajd,3,3,2,False
/mnt/c/Users/0M SAI RAM/Desktop/project/dataset/archive/derm12345_train_part_1/ajd/DERM_773858.jpg,ajd,3,3,2,False
/mnt/c/Users/0M SAI RAM/Desktop/project/dataset/archive/derm12345_train_part_1/ajd/DERM_599342.jpg,ajd,3,3,2,False
/mnt/c/Users/0M SAI RAM/Desktop/project/dataset/archive/derm12345_train_part_1/ajd/DERM_131742.jpg,ajd,3,3,2,False
/mnt/c/Users/0M SAI RAM/Desktop/project/dataset/archive/derm12345_train_part_1/ajd/DERM_531553.jpg,ajd,3,3,37,False
/mnt/c/Users/0M SAI RAM/Desktop/project/dataset/archive/derm12345_train_part_1/ajd/DERM_206663.jpg,ajd,3,3,3,True
/mnt/c/Users/0M SAI RAM/Desktop/project/dataset/archive/derm12345_train_part_1/ak/DERM_355404.jpg,ak,4,4,36,False
/mnt/c/Users/0M SAI RAM/Desktop/project/dataset/archive/derm12345_train_part_1/ak/DERM_263067.jpg,ak,4,4,37,False
/mnt/c/Users/0M SAI RAM/Desktop/project/dataset/archive/derm12345_train_part_1/ak/DERM_912184.jpg,ak,4,4,27,False
/mnt/c/Users/0M SAI RAM/Desktop/project/dataset/archive/derm12345_train_part_1/ak/DERM_760300.jpg,ak,4,4,12,False
/mnt/c/Users/0M SAI RAM/Desktop/project/dataset/archive/derm12345_train_part_1/ak/DERM_944674.jpg,ak,4,4,12,False
/mnt/c/Users/0M SAI RAM/Desktop/project/dataset/archive/derm12345_train_part_1/ak/DERM_311048.jpg,ak,4,4,8,False
/mnt/c/Users/0M SAI RAM/Desktop/project/dataset/archive/derm12345_train_part_1/ak/DERM_352654.jpg,ak,4,4,8,False
/mnt/c/Users/0M SAI RAM/Desktop/project/dataset/archive/derm12345_train_part_1/ak/DERM_249394.jpg,ak,4,4,37,False
/mnt/c/Users/0M SAI RAM/Desktop/project/dataset/archive/derm12345_train_part_1/ak/DERM_605699.jpg,ak,4,4,4,True
/mnt/c/Users/0M SAI RAM/Desktop/project/dataset/archive/derm12345_train_part_1/ak/DERM_957385.jpg,ak,4,4,4,True
/mnt/c/Users/0M SAI RAM/Desktop/project/dataset/archive/derm12345_train_part_1/ak/DERM_200927.jpg,ak,4,4,4,True
/mnt/c/Users/0M SAI RAM/Desktop/project/dataset/archive/derm12345_train_part_1/ak/DERM_172205.jpg,ak,4,4,4,True
/mnt/c/Users/0M SAI RAM/Desktop/project/dataset/archive/derm12345_train_part_1/ak/DERM_153893.jpg,ak,4,4,4,True
/mnt/c/Users/0M SAI RAM/Desktop/project/dataset/archive/derm12345_train_part_1/ak/DERM_664248.jpg,ak,4,4,4,True
/mnt/c/Users/0M SAI RAM/Desktop/project/dataset/archive/derm12345_train_part_1/ak/DERM_193772.jpg,ak,4,4,4,True
/mnt/c/Users/0M SAI RAM/Desktop/project/dataset/archive/derm12345_train_part_1/ak/DERM_467890.jpg,ak,4,4,4,True
/mnt/c/Users/0M SAI RAM/Desktop/project/dataset/archive/derm12345_train_part_1/alm/DERM_916662.jpg,alm,5,5,5,True
/mnt/c/Users/0M SAI RAM/Desktop/project/dataset/archive/derm12345_train_part_1/alm/DERM_622625.jpg,alm,5,5,5,True
/mnt/c/Users/0M SAI RAM/Desktop/project/dataset/archive/derm12345_train_part_1/alm/DERM_490042.jpg,alm,5,5,5,True
/mnt/c/Users/0M SAI RAM/Desktop/project/dataset/archive/derm12345_train_part_1/alm/DERM_642112.jpg,alm,5,5,14,False
/mnt/c/Users/0M SAI RAM/Desktop/project/dataset/archive/derm12345_train_part_1/alm/DERM_566076.jpg,alm,5,5,5,True
/mnt/c/Users/0M SAI RAM/Desktop/project/dataset/archive/derm12345_train_part_1/alm/DERM_829039.jpg,alm,5,5,5,True
/mnt/c/Users/0M SAI RAM/Desktop/project/dataset/archive/derm12345_train_part_1/alm/DERM_904343.jpg,alm,5,5,5,True
/mnt/c/Users/0M SAI RAM/Desktop/project/dataset/archive/derm12345_train_part_1/alm/DERM_428365.jpg,alm,5,5,2,False
/mnt/c/Users/0M SAI RAM/Desktop/project/dataset/archive/derm12345_train_part_1/alm/DERM_722758.jpg,alm,5,5,5,True
/mnt/c/Users/0M SAI RAM/Desktop/project/dataset/archive/derm12345_train_part_1/alm/DERM_622258.jpg,alm,5,5,5,True
/mnt/c/Users/0M SAI RAM/Desktop/project/dataset/archive/derm12345_train_part_1/alm/DERM_391056.jpg,alm,5,5,5,True
/mnt/c/Users/0M SAI RAM/Desktop/project/dataset/archive/derm12345_train_part_1/alm/DERM_410992.jpg,alm,5,5,5,True
/mnt/c/Users/0M SAI RAM/Desktop/project/dataset/archive/derm12345_train_part_1/alm/DERM_837807.jpg,alm,5,5,5,True
/mnt/c/Users/0M SAI RAM/Desktop/project/dataset/archive/derm12345_train_part_1/alm/DERM_737696.jpg,alm,5,5,5,True
/mnt/c/Users/0M SAI RAM/Desktop/project/dataset/archive/derm12345_train_part_1/alm/DERM_138211.jpg,alm,5,5,5,True
/mnt/c/Users/0M SAI RAM/Desktop/project/dataset/archive/derm12345_train_part_1/alm/DERM_652987.jpg,alm,5,5,14,False
/mnt/c/Users/0M SAI RAM/Desktop/project/dataset/archive/derm12345_train_part_1/angk/DERM_153672.jpg,angk,6,6,6,True
/mnt/c/Users/0M SAI RAM/Desktop/project/dataset/archive/derm12345_train_part_1/angk/DERM_887777.jpg,angk,6,6,6,True
/mnt/c/Users/0M SAI RAM/Desktop/project/dataset/archive/derm12345_train_part_1/angk/DERM_108752.jpg,angk,6,6,6,True
/mnt/c/Users/0M SAI RAM/Desktop/project/dataset/archive/derm12345_train_part_1/angk/DERM_295296.jpg,angk,6,6,6,True
/mnt/c/Users/0M SAI RAM/Desktop/project/dataset/archive/derm12345_train_part_1/angk/DERM_334767.jpg,angk,6,6,6,True
/mnt/c/Users/0M SAI RAM/Desktop/project/dataset/archive/derm12345_train_part_1/angk/DERM_569046.jpg,angk,6,6,6,True
/mnt/c/Users/0M SAI RAM/Desktop/project/dataset/archive/derm12345_train_part_1/angk/DERM_672814.jpg,angk,6,6,6,True
/mnt/c/Users/0M SAI RAM/Desktop/project/dataset/archive/derm12345_train_part_1/angk/DERM_209098.jpg,angk,6,6,6,True
/mnt/c/Users/0M SAI RAM/Desktop/project/dataset/archive/derm12345_train_part_1/angk/DERM_588109.jpg,angk,6,6,6,True
/mnt/c/Users/0M SAI RAM/Desktop/project/dataset/archive/derm12345_train_part_1/angk/DERM_959700.jpg,angk,6,6,6,True
/mnt/c/Users/0M SAI RAM/Desktop/project/dataset/archive/derm12345_train_part_1/anm/DERM_962609.jpg,anm,7,7,7,True
/mnt/c/Users/0M SAI RAM/Desktop/project/dataset/archive/derm12345_train_part_1/anm/DERM_478893.jpg,anm,7,7,7,True
/mnt/c/Users/0M SAI RAM/Desktop/project/dataset/archive/derm12345_train_part_1/anm/DERM_499077.jpg,anm,7,7,7,True
/mnt/c/Users/0M SAI RAM/Desktop/project/dataset/archive/derm12345_train_part_1/anm/DERM_480761.jpg,anm,7,7,8,False
/mnt/c/Users/0M SAI RAM/Desktop/project/dataset/archive/derm12345_train_part_1/anm/DERM_709172.jpg,anm,7,7,31,False
/mnt/c/Users/0M SAI RAM/Desktop/project/dataset/archive/derm12345_train_part_1/anm/DERM_437551.jpg,anm,7,7,36,False
/mnt/c/Users/0M SAI RAM/Desktop/project/dataset/archive/derm12345_train_part_1/anm/DERM_922029.jpg,anm,7,7,7,True
/mnt/c/Users/0M SAI RAM/Desktop/project/dataset/archive/derm12345_train_part_1/anm/DERM_521680.jpg,anm,7,7,7,True
/mnt/c/Users/0M SAI RAM/Desktop/project/dataset/archive/derm12345_train_part_1/anm/DERM_936651.jpg,anm,7,7,7,True
/mnt/c/Users/0M SAI RAM/Desktop/project/dataset/archive/derm12345_train_part_1/anm/DERM_193341.jpg,anm,7,7,8,False
/mnt/c/Users/0M SAI RAM/Desktop/project/dataset/archive/derm12345_train_part_1/anm/DERM_276969.jpg,anm,7,7,7,True
/mnt/c/Users/0M SAI RAM/Desktop/project/dataset/archive/derm12345_train_part_1/anm/DERM_358490.jpg,anm,7,7,7,True
/mnt/c/Users/0M SAI RAM/Desktop/project/dataset/archive/derm12345_train_part_1/anm/DERM_464497.jpg,anm,7,7,7,True
/mnt/c/Users/0M SAI RAM/Desktop/project/dataset/archive/derm12345_train_part_1/anm/DERM_560246.jpg,anm,7,7,7,True
/mnt/c/Users/0M SAI RAM/Desktop/project/dataset/archive/derm12345_train_part_1/anm/DERM_631198.jpg,anm,7,7,7,True
/mnt/c/Users/0M SAI RAM/Desktop/project/dataset/archive/derm12345_train_part_1/anm/DERM_400389.jpg,anm,7,7,7,True
/mnt/c/Users/0M SAI RAM/Desktop/project/dataset/archive/derm12345_train_part_1/anm/DERM_585195.jpg,anm,7,7,36,False
/mnt/c/Users/0M SAI RAM/Desktop/project/dataset/archive/derm12345_train_part_1/anm/DERM_959144.jpg,anm,7,7,7,True
/mnt/c/Users/0M SAI RAM/Desktop/project/dataset/archive/derm12345_train_part_1/anm/DERM_516672.jpg,anm,7,7,7,True
/mnt/c/Users/0M SAI RAM/Desktop/project/dataset/archive/derm12345_train_part_1/anm/DERM_263338.jpg,anm,7,7,8,False
/mnt/c/Users/0M SAI RAM/Desktop/project/dataset/archive/derm12345_train_part_1/bcc/DERM_918516.jpg,bcc,8,8,36,False
/mnt/c/Users/0M SAI RAM/Desktop/project/dataset/archive/derm12345_train_part_1/bcc/DERM_361857.jpg,bcc,8,8,8,True
/mnt/c/Users/0M SAI RAM/Desktop/project/dataset/archive/derm12345_train_part_1/bcc/DERM_199526.jpg,bcc,8,8,8,True
/mnt/c/Users/0M SAI RAM/Desktop/project/dataset/archive/derm12345_train_part_1/bcc/DERM_305162.jpg,bcc,8,8,8,True
/mnt/c/Users/0M SAI RAM/Desktop/project/dataset/archive/derm12345_train_part_1/bcc/DERM_804235.jpg,bcc,8,8,31,False
/mnt/c/Users/0M SAI RAM/Desktop/project/dataset/archive/derm12345_train_part_1/bcc/DERM_774906.jpg,bcc,8,8,8,True
/mnt/c/Users/0M SAI RAM/Desktop/project/dataset/archive/derm12345_train_part_1/bcc/DERM_448153.jpg,bcc,8,8,8,True
/mnt/c/Users/0M SAI RAM/Desktop/project/dataset/archive/derm12345_train_part_1/bcc/DERM_183871.jpg,bcc,8,8,8,True
/mnt/c/Users/0M SAI RAM/Desktop/project/dataset/archive/derm12345_train_part_1/bcc/DERM_520107.jpg,bcc,8,8,37,False
/mnt/c/Users/0M SAI RAM/Desktop/project/dataset/archive/derm12345_train_part_1/bcc/DERM_606032.jpg,bcc,8,8,37,False
/mnt/c/Users/0M SAI RAM/Desktop/project/dataset/archive/derm12345_train_part_1/bcc/DERM_443733.jpg,bcc,8,8,8,True
/mnt/c/Users/0M SAI RAM/Desktop/project/dataset/archive/derm12345_train_part_1/bcc/DERM_550630.jpg,bcc,8,8,8,True
/mnt/c/Users/0M SAI RAM/Desktop/project/dataset/archive/derm12345_train_part_1/bcc/DERM_899463.jpg,bcc,8,8,8,True
/mnt/c/Users/0M SAI RAM/Desktop/project/dataset/archive/derm12345_train_part_1/bcc/DERM_572506.jpg,bcc,8,8,8,True
/mnt/c/Users/0M SAI RAM/Desktop/project/dataset/archive/derm12345_train_part_1/bcc/DERM_734342.jpg,bcc,8,8,4,False
/mnt/c/Users/0M SAI RAM/Desktop/project/dataset/archive/derm12345_train_part_1/bcc/DERM_786199.jpg,bcc,8,8,8,True
/mnt/c/Users/0M SAI RAM/Desktop/project/dataset/archive/derm12345_train_part_1/bcc/DERM_905542.jpg,bcc,8,8,8,True
/mnt/c/Users/0M SAI RAM/Desktop/project/dataset/archive/derm12345_train_part_1/bcc/DERM_468317.jpg,bcc,8,8,8,True
/mnt/c/Users/0M SAI RAM/Desktop/project/dataset/archive/derm12345_train_part_1/bcc/DERM_649822.jpg,bcc,8,8,8,True
/mnt/c/Users/0M SAI RAM/Desktop/project/dataset/archive/derm12345_train_part_1/bcc/DERM_878832.jpg,bcc,8,8,8,True
/mnt/c/Users/0M SAI RAM/Desktop/project/dataset/archive/derm12345_train_part_1/bcc/DERM_568669.jpg,bcc,8,8,36,False
/mnt/c/Users/0M SAI RAM/Desktop/project/dataset/archive/derm12345_train_part_1/bcc/DERM_886843.jpg,bcc,8,8,37,False
/mnt/c/Users/0M SAI RAM/Desktop/project/dataset/archive/derm12345_train_part_1/bcc/DERM_435791.jpg,bcc,8,8,37,False
/mnt/c/Users/0M SAI RAM/Desktop/project/dataset/archive/derm12345_train_part_1/bcc/DERM_503457.jpg,bcc,8,8,8,True
/mnt/c/Users/0M SAI RAM/Desktop/project/dataset/archive/derm12345_train_part_1/bcc/DERM_174730.jpg,bcc,8,8,8,True
/mnt/c/Users/0M SAI RAM/Desktop/project/dataset/archive/derm12345_train_part_1/bcc/DERM_703036.jpg,bcc,8,8,2,False
/mnt/c/Users/0M SAI RAM/Desktop/project/dataset/archive/derm12345_train_part_1/bcc/DERM_633340.jpg,bcc,8,8,36,False
/mnt/c/Users/0M SAI RAM/Desktop/project/dataset/archive/derm12345_train_part_1/bcc/DERM_223148.jpg,bcc,8,8,26,False
/mnt/c/Users/0M SAI RAM/Desktop/project/dataset/archive/derm12345_train_part_1/bcc/DERM_318828.jpg,bcc,8,8,11,False
/mnt/c/Users/0M SAI RAM/Desktop/project/dataset/archive/derm12345_train_part_1/bcc/DERM_271007.jpg,bcc,8,8,8,True
/mnt/c/Users/0M SAI RAM/Desktop/project/dataset/archive/derm12345_train_part_1/bcc/DERM_584049.jpg,bcc,8,8,17,False
/mnt/c/Users/0M SAI RAM/Desktop/project/dataset/archive/derm12345_train_part_1/bcc/DERM_535569.jpg,bcc,8,8,8,True
/mnt/c/Users/0M SAI RAM/Desktop/project/dataset/archive/derm12345_train_part_1/bcc/DERM_693195.jpg,bcc,8,8,31,False
/mnt/c/Users/0M SAI RAM/Desktop/project/dataset/archive/derm12345_train_part_1/bcc/DERM_293804.jpg,bcc,8,8,8,True
/mnt/c/Users/0M SAI RAM/Desktop/project/dataset/archive/derm12345_train_part_1/bcc/DERM_350080.jpg,bcc,8,8,8,True
/mnt/c/Users/0M SAI RAM/Desktop/project/dataset/archive/derm12345_train_part_1/bcc/DERM_625452.jpg,bcc,8,8,8,True
/mnt/c/Users/0M SAI RAM/Desktop/project/dataset/archive/derm12345_train_part_1/bcc/DERM_886024.jpg,bcc,8,8,8,True
/mnt/c/Users/0M SAI RAM/Desktop/project/dataset/archive/derm12345_train_part_1/bcc/DERM_270791.jpg,bcc,8,8,8,True
/mnt/c/Users/0M SAI RAM/Desktop/project/dataset/archive/derm12345_train_part_1/bcc/DERM_429514.jpg,bcc,8,8,8,True
/mnt/c/Users/0M SAI RAM/Desktop/project/dataset/archive/derm12345_train_part_1/bcc/DERM_605553.jpg,bcc,8,8,36,False
/mnt/c/Users/0M SAI RAM/Desktop/project/dataset/archive/derm12345_train_part_1/bcc/DERM_101840.jpg,bcc,8,8,8,True
/mnt/c/Users/0M SAI RAM/Desktop/project/dataset/archive/derm12345_train_part_1/bcc/DERM_142796.jpg,bcc,8,8,8,True
/mnt/c/Users/0M SAI RAM/Desktop/project/dataset/archive/derm12345_train_part_1/bcc/DERM_173202.jpg,bcc,8,8,8,True
/mnt/c/Users/0M SAI RAM/Desktop/project/dataset/archive/derm12345_train_part_1/bcc/DERM_287787.jpg,bcc,8,8,7,False
/mnt/c/Users/0M SAI RAM/Desktop/project/dataset/archive/derm12345_train_part_1/bcc/DERM_824493.jpg,bcc,8,8,36,False
/mnt/c/Users/0M SAI RAM/Desktop/project/dataset/archive/derm12345_train_part_1/bcc/DERM_837159.jpg,bcc,8,8,8,True
/mnt/c/Users/0M SAI RAM/Desktop/project/dataset/archive/derm12345_train_part_1/bcc/DERM_831751.jpg,bcc,8,8,8,True
/mnt/c/Users/0M SAI RAM/Desktop/project/dataset/archive/derm12345_train_part_1/bcc/DERM_646633.jpg,bcc,8,8,8,True
/mnt/c/Users/0M SAI RAM/Desktop/project/dataset/archive/derm12345_train_part_1/bcc/DERM_323514.jpg,bcc,8,8,8,True
/mnt/c/Users/0M SAI RAM/Desktop/project/dataset/archive/derm12345_train_part_1/bcc/DERM_621526.jpg,bcc,8,8,8,True
/mnt/c/Users/0M SAI RAM/Desktop/project/dataset/archive/derm12345_train_part_1/bcc/DERM_567277.jpg,bcc,8,8,8,True
/mnt/c/Users/0M SAI RAM/Desktop/project/dataset/archive/derm12345_train_part_1/bcc/DERM_153260.jpg,bcc,8,8,8,True
/mnt/c/Users/0M SAI RAM/Desktop/project/dataset/archive/derm12345_train_part_1/bcc/DERM_584275.jpg,bcc,8,8,8,True
/mnt/c/Users/0M SAI RAM/Desktop/project/dataset/archive/derm12345_train_part_1/bcc/DERM_757110.jpg,bcc,8,8,8,True
/mnt/c/Users/0M SAI RAM/Desktop/project/dataset/archive/derm12345_train_part_1/bcc/DERM_611325.jpg,bcc,8,8,8,True
/mnt/c/Users/0M SAI RAM/Desktop/project/dataset/archive/derm12345_train_part_1/bcc/DERM_550839.jpg,bcc,8,8,8,True
/mnt/c/Users/0M SAI RAM/Desktop/project/dataset/archive/derm12345_train_part_1/bcc/DERM_388920.jpg,bcc,8,8,8,True
/mnt/c/Users/0M SAI RAM/Desktop/project/dataset/archive/derm12345_train_part_1/bcc/DERM_614809.jpg,bcc,8,8,8,True
/mnt/c/Users/0M SAI RAM/Desktop/project/dataset/archive/derm12345_train_part_1/bcc/DERM_754634.jpg,bcc,8,8,8,True
/mnt/c/Users/0M SAI RAM/Desktop/project/dataset/archive/derm12345_train_part_1/bcc/DERM_988810.jpg,bcc,8,8,8,True
/mnt/c/Users/0M SAI RAM/Desktop/project/dataset/archive/derm12345_train_part_1/bcc/DERM_364312.jpg,bcc,8,8,36,False
/mnt/c/Users/0M SAI RAM/Desktop/project/dataset/archive/derm12345_train_part_1/bcc/DERM_688683.jpg,bcc,8,8,8,True
/mnt/c/Users/0M SAI RAM/Desktop/project/dataset/archive/derm12345_train_part_1/bcc/DERM_741918.jpg,bcc,8,8,11,False
/mnt/c/Users/0M SAI RAM/Desktop/project/dataset/archive/derm12345_train_part_1/bcc/DERM_137049.jpg,bcc,8,8,8,True
/mnt/c/Users/0M SAI RAM/Desktop/project/dataset/archive/derm12345_train_part_1/bcc/DERM_429125.jpg,bcc,8,8,20,False
/mnt/c/Users/0M SAI RAM/Desktop/project/dataset/archive/derm12345_train_part_1/bcc/DERM_369267.jpg,bcc,8,8,18,False
/mnt/c/Users/0M SAI RAM/Desktop/project/dataset/archive/derm12345_train_part_1/bcc/DERM_395407.jpg,bcc,8,8,8,True
/mnt/c/Users/0M SAI RAM/Desktop/project/dataset/archive/derm12345_train_part_1/bcc/DERM_802077.jpg,bcc,8,8,8,True
/mnt/c/Users/0M SAI RAM/Desktop/project/dataset/archive/derm12345_train_part_1/bcc/DERM_768990.jpg,bcc,8,8,37,False
/mnt/c/Users/0M SAI RAM/Desktop/project/dataset/archive/derm12345_train_part_1/bcc/DERM_639402.jpg,bcc,8,8,8,True
/mnt/c/Users/0M SAI RAM/Desktop/project/dataset/archive/derm12345_train_part_1/bcc/DERM_569999.jpg,bcc,8,8,8,True
/mnt/c/Users/0M SAI RAM/Desktop/project/dataset/archive/derm12345_train_part_1/bcc/DERM_838311.jpg,bcc,8,8,8,True
/mnt/c/Users/0M SAI RAM/Desktop/project/dataset/archive/derm12345_train_part_1/bcc/DERM_828173.jpg,bcc,8,8,18,False
/mnt/c/Users/0M SAI RAM/Desktop/project/dataset/archive/derm12345_train_part_1/bcc/DERM_523988.jpg,bcc,8,8,36,False
/mnt/c/Users/0M SAI RAM/Desktop/project/dataset/archive/derm12345_train_part_1/bcc/DERM_465183.jpg,bcc,8,8,8,True
/mnt/c/Users/0M SAI RAM/Desktop/project/dataset/archive/derm12345_train_part_1/bcc/DERM_846665.jpg,bcc,8,8,31,False
/mnt/c/Users/0M SAI RAM/Desktop/project/dataset/archive/derm12345_train_part_1/bcc/DERM_912449.jpg,bcc,8,8,8,True
/mnt/c/Users/0M SAI RAM/Desktop/project/dataset/archive/derm12345_train_part_1/bcc/DERM_999521.jpg,bcc,8,8,8,True
/mnt/c/Users/0M SAI RAM/Desktop/project/dataset/archive/derm12345_train_part_1/bcc/DERM_670397.jpg,bcc,8,8,8,True
/mnt/c/Users/0M SAI RAM/Desktop/project/dataset/archive/derm12345_train_part_1/bcc/DERM_323594.jpg,bcc,8,8,8,True
/mnt/c/Users/0M SAI RAM/Desktop/project/dataset/archive/derm12345_train_part_1/bcc/DERM_567087.jpg,bcc,8,8,8,True
/mnt/c/Users/0M SAI RAM/Desktop/project/dataset/archive/derm12345_train_part_1/bcc/DERM_355565.jpg,bcc,8,8,8,True
/mnt/c/Users/0M SAI RAM/Desktop/project/dataset/archive/derm12345_train_part_1/bcc/DERM_746932.jpg,bcc,8,8,11,False
/mnt/c/Users/0M SAI RAM/Desktop/project/dataset/archive/derm12345_train_part_1/bcc/DERM_270099.jpg,bcc,8,8,8,True
/mnt/c/Users/0M SAI RAM/Desktop/project/dataset/archive/derm12345_train_part_1/bcc/DERM_791462.jpg,bcc,8,8,8,True
/mnt/c/Users/0M SAI RAM/Desktop/project/dataset/archive/derm12345_train_part_1/bcc/DERM_962822.jpg,bcc,8,8,8,True
/mnt/c/Users/0M SAI RAM/Desktop/project/dataset/archive/derm12345_train_part_1/bcc/DERM_723315.jpg,bcc,8,8,8,True
/mnt/c/Users/0M SAI RAM/Desktop/project/dataset/archive/derm12345_train_part_1/bcc/DERM_144221.jpg,bcc,8,8,8,True
/mnt/c/Users/0M SAI RAM/Desktop/project/dataset/archive/derm12345_train_part_1/bcc/DERM_231083.jpg,bcc,8,8,8,True
/mnt/c/Users/0M SAI RAM/Desktop/project/dataset/archive/derm12345_train_part_1/bcc/DERM_845936.jpg,bcc,8,8,8,True
/mnt/c/Users/0M SAI RAM/Desktop/project/dataset/archive/derm12345_train_part_1/bcc/DERM_512499.jpg,bcc,8,8,17,False
/mnt/c/Users/0M SAI RAM/Desktop/project/dataset/archive/derm12345_train_part_1/bcc/DERM_926078.jpg,bcc,8,8,8,True
/mnt/c/Users/0M SAI RAM/Desktop/project/dataset/archive/derm12345_train_part_1/bcc/DERM_939892.jpg,bcc,8,8,8,True
/mnt/c/Users/0M SAI RAM/Desktop/project/dataset/archive/derm12345_train_part_1/bcc/DERM_946269.jpg,bcc,8,8,31,False
/mnt/c/Users/0M SAI RAM/Desktop/project/dataset/archive/derm12345_train_part_1/bcc/DERM_898055.jpg,bcc,8,8,22,False
/mnt/c/Users/0M SAI RAM/Desktop/project/dataset/archive/derm12345_train_part_1/bcc/DERM_382355.jpg,bcc,8,8,22,False
/mnt/c/Users/0M SAI RAM/Desktop/project/dataset/archive/derm12345_train_part_1/bcc/DERM_911658.jpg,bcc,8,8,27,False
/mnt/c/Users/0M SAI RAM/Desktop/project/dataset/archive/derm12345_train_part_1/bcc/DERM_183531.jpg,bcc,8,8,8,True
/mnt/c/Users/0M SAI RAM/Desktop/project/dataset/archive/derm12345_train_part_1/bcc/DERM_515605.jpg,bcc,8,8,8,True
/mnt/c/Users/0M SAI RAM/Desktop/project/dataset/archive/derm12345_train_part_1/bcc/DERM_496985.jpg,bcc,8,8,8,True
/mnt/c/Users/0M SAI RAM/Desktop/project/dataset/archive/derm12345_train_part_1/bcc/DERM_107567.jpg,bcc,8,8,37,False
/mnt/c/Users/0M SAI RAM/Desktop/project/dataset/archive/derm12345_train_part_1/bcc/DERM_802720.jpg,bcc,8,8,36,False
/mnt/c/Users/0M SAI RAM/Desktop/project/dataset/archive/derm12345_train_part_1/bcc/DERM_549504.jpg,bcc,8,8,11,False
/mnt/c/Users/0M SAI RAM/Desktop/project/dataset/archive/derm12345_train_part_1/bcc/DERM_109215.jpg,bcc,8,8,8,True
/mnt/c/Users/0M SAI RAM/Desktop/project/dataset/archive/derm12345_train_part_1/bcc/DERM_659856.jpg,bcc,8,8,8,True
/mnt/c/Users/0M SAI RAM/Desktop/project/dataset/archive/derm12345_train_part_1/bcc/DERM_809704.jpg,bcc,8,8,8,True
/mnt/c/Users/0M SAI RAM/Desktop/project/dataset/archive/derm12345_train_part_1/bcc/DERM_783010.jpg,bcc,8,8,8,True
/mnt/c/Users/0M SAI RAM/Desktop/project/dataset/archive/derm12345_train_part_1/bcc/DERM_204100.jpg,bcc,8,8,8,True
/mnt/c/Users/0M SAI RAM/Desktop/project/dataset/archive/derm12345_train_part_1/bcc/DERM_712608.jpg,bcc,8,8,8,True
/mnt/c/Users/0M SAI RAM/Desktop/project/dataset/archive/derm12345_train_part_1/bcc/DERM_435262.jpg,bcc,8,8,8,True
/mnt/c/Users/0M SAI RAM/Desktop/project/dataset/archive/derm12345_train_part_1/bcc/DERM_771187.jpg,bcc,8,8,36,False
/mnt/c/Users/0M SAI RAM/Desktop/project/dataset/archive/derm12345_train_part_1/bcc/DERM_334685.jpg,bcc,8,8,8,True
/mnt/c/Users/0M SAI RAM/Desktop/project/dataset/archive/derm12345_train_part_1/bcc/DERM_985536.jpg,bcc,8,8,8,True
/mnt/c/Users/0M SAI RAM/Desktop/project/dataset/archive/derm12345_train_part_1/bd/DERM_274925.jpg,bd,9,9,37,False
/mnt/c/Users/0M SAI RAM/Desktop/project/dataset/archive/derm12345_train_part_1/bd/DERM_793974.jpg,bd,9,9,9,True
/mnt/c/Users/0M SAI RAM/Desktop/project/dataset/archive/derm12345_train_part_1/bd/DERM_156403.jpg,bd,9,9,31,False
/mnt/c/Users/0M SAI RAM/Desktop/project/dataset/archive/derm12345_train_part_1/bd/DERM_486935.jpg,bd,9,9,8,False
/mnt/c/Users/0M SAI RAM/Desktop/project/dataset/archive/derm12345_train_part_1/bd/DERM_927296.jpg,bd,9,9,37,False
/mnt/c/Users/0M SAI RAM/Desktop/project/dataset/archive/derm12345_train_part_1/bd/DERM_138433.jpg,bd,9,9,9,True
/mnt/c/Users/0M SAI RAM/Desktop/project/dataset/archive/derm12345_train_part_1/bd/DERM_209468.jpg,bd,9,9,14,False
/mnt/c/Users/0M SAI RAM/Desktop/project/dataset/archive/derm12345_train_part_1/bd/DERM_170462.jpg,bd,9,9,9,True
/mnt/c/Users/0M SAI RAM/Desktop/project/dataset/archive/derm12345_train_part_1/bd/DERM_717758.jpg,bd,9,9,8,False
/mnt/c/Users/0M SAI RAM/Desktop/project/dataset/archive/derm12345_train_part_1/bdb/DERM_577973.jpg,bdb,10,10,23,False
/mnt/c/Users/0M SAI RAM/Desktop/project/dataset/archive/derm12345_train_part_1/bdb/DERM_360403.jpg,bdb,10,10,30,False
/mnt/c/Users/0M SAI RAM/Desktop/project/dataset/archive/derm12345_train_part_1/bdb/DERM_906289.jpg,bdb,10,10,11,False
/mnt/c/Users/0M SAI RAM/Desktop/project/dataset/archive/derm12345_train_part_1/bdb/DERM_168595.jpg,bdb,10,10,14,False
/mnt/c/Users/0M SAI RAM/Desktop/project/dataset/archive/derm12345_train_part_1/bdb/DERM_235941.jpg,bdb,10,10,4,False
/mnt/c/Users/0M SAI RAM/Desktop/project/dataset/archive/derm12345_train_part_1/bdb/DERM_658737.jpg,bdb,10,10,38,False
/mnt/c/Users/0M SAI RAM/Desktop/project/dataset/archive/derm12345_train_part_1/bdb/DERM_455816.jpg,bdb,10,10,10,True
/mnt/c/Users/0M SAI RAM/Desktop/project/dataset/archive/derm12345_train_part_1/bdb/DERM_107747.jpg,bdb,10,10,23,False
/mnt/c/Users/0M SAI RAM/Desktop/project/dataset/archive/derm12345_train_part_1/bdb/DERM_604030.jpg,bdb,10,10,10,True
/mnt/c/Users/0M SAI RAM/Desktop/project/dataset/archive/derm12345_train_part_1/bdb/DERM_561186.jpg,bdb,10,10,10,True
/mnt/c/Users/0M SAI RAM/Desktop/project/dataset/archive/derm12345_train_part_1/bdb/DERM_766856.jpg,bdb,10,10,11,False
/mnt/c/Users/0M SAI RAM/Desktop/project/dataset/archive/derm12345_train_part_1/bdb/DERM_389261.jpg,bdb,10,10,30,False
/mnt/c/Users/0M SAI RAM/Desktop/project/dataset/archive/derm12345_train_part_1/bdb/DERM_396259.jpg,bdb,10,10,14,False
/mnt/c/Users/0M SAI RAM/Desktop/project/dataset/archive/derm12345_train_part_1/bdb/DERM_366115.jpg,bdb,10,10,10,True
/mnt/c/Users/0M SAI RAM/Desktop/project/dataset/archive/derm12345_train_part_1/bdb/DERM_116301.jpg,bdb,10,10,37,False
/mnt/c/Users/0M SAI RAM/Desktop/project/dataset/archive/derm12345_train_part_1/bdb/DERM_931595.jpg,bdb,10,10,17,False
/mnt/c/Users/0M SAI RAM/Desktop/project/dataset/archive/derm12345_train_part_1/bdb/DERM_992868.jpg,bdb,10,10,10,True
/mnt/c/Users/0M SAI RAM/Desktop/project/dataset/archive/derm12345_train_part_1/bdb/DERM_328658.jpg,bdb,10,10,17,False
/mnt/c/Users/0M SAI RAM/Desktop/project/dataset/archive/derm12345_train_part_1/bdb/DERM_909558.jpg,bdb,10,10,17,False
/mnt/c/Users/0M SAI RAM/Desktop/project/dataset/archive/derm12345_train_part_1/bdb/DERM_327418.jpg,bdb,10,10,8,False
/mnt/c/Users/0M SAI RAM/Desktop/project/dataset/archive/derm12345_train_part_1/bdb/DERM_576879.jpg,bdb,10,10,10,True
/mnt/c/Users/0M SAI RAM/Desktop/project/dataset/archive/derm12345_train_part_1/bdb/DERM_466215.jpg,bdb,10,10,23,False
/mnt/c/Users/0M SAI RAM/Desktop/project/dataset/archive/derm12345_train_part_1/bdb/DERM_628124.jpg,bdb,10,10,37,False
/mnt/c/Users/0M SAI RAM/Desktop/project/dataset/archive/derm12345_train_part_1/bdb/DERM_104746.jpg,bdb,10,10,22,False
/mnt/c/Users/0M SAI RAM/Desktop/project/dataset/archive/derm12345_train_part_1/bdb/DERM_987134.jpg,bdb,10,10,38,False
/mnt/c/Users/0M SAI RAM/Desktop/project/dataset/archive/derm12345_train_part_1/bdb/DERM_278386.jpg,bdb,10,10,10,True
/mnt/c/Users/0M SAI RAM/Desktop/project/dataset/archive/derm12345_train_part_1/bdb/DERM_965419.jpg,bdb,10,10,12,False
/mnt/c/Users/0M SAI RAM/Desktop/project/dataset/archive/derm12345_train_part_1/bdb/DERM_639434.jpg,bdb,10,10,17,False
/mnt/c/Users/0M SAI RAM/Desktop/project/dataset/archive/derm12345_train_part_1/bdb/DERM_853592.jpg,bdb,10,10,10,True
/mnt/c/Users/0M SAI RAM/Desktop/project/dataset/archive/derm12345_train_part_1/bdb/DERM_143149.jpg,bdb,10,10,10,True
/mnt/c/Users/0M SAI RAM/Desktop/project/dataset/archive/derm12345_train_part_1/bdb/DERM_713933.jpg,bdb,10,10,10,True
/mnt/c/Users/0M SAI RAM/Desktop/project/dataset/archive/derm12345_train_part_1/bdb/DERM_828167.jpg,bdb,10,10,18,False
/mnt/c/Users/0M SAI RAM/Desktop/project/dataset/archive/derm12345_train_part_1/bdb/DERM_262589.jpg,bdb,10,10,10,True
/mnt/c/Users/0M SAI RAM/Desktop/project/dataset/archive/derm12345_train_part_1/bdb/DERM_244308.jpg,bdb,10,10,10,True
/mnt/c/Users/0M SAI RAM/Desktop/project/dataset/archive/derm12345_train_part_1/bdb/DERM_441791.jpg,bdb,10,10,10,True
/mnt/c/Users/0M SAI RAM/Desktop/project/dataset/archive/derm12345_train_part_1/bdb/DERM_750023.jpg,bdb,10,10,10,True
/mnt/c/Users/0M SAI RAM/Desktop/project/dataset/archive/derm12345_train_part_1/bdb/DERM_452330.jpg,bdb,10,10,17,False
/mnt/c/Users/0M SAI RAM/Desktop/project/dataset/archive/derm12345_train_part_1/bdb/DERM_652542.jpg,bdb,10,10,10,True
/mnt/c/Users/0M SAI RAM/Desktop/project/dataset/archive/derm12345_train_part_1/bdb/DERM_694458.jpg,bdb,10,10,23,False
/mnt/c/Users/0M SAI RAM/Desktop/project/dataset/archive/derm12345_train_part_1/bdb/DERM_736121.jpg,bdb,10,10,10,True
/mnt/c/Users/0M SAI RAM/Desktop/project/dataset/archive/derm12345_train_part_1/bdb/DERM_911049.jpg,bdb,10,10,8,False
/mnt/c/Users/0M SAI RAM/Desktop/project/dataset/archive/derm12345_train_part_1/bdb/DERM_676948.jpg,bdb,10,10,14,False
/mnt/c/Users/0M SAI RAM/Desktop/project/dataset/archive/derm12345_train_part_1/bdb/DERM_355076.jpg,bdb,10,10,8,False
/mnt/c/Users/0M SAI RAM/Desktop/project/dataset/archive/derm12345_train_part_1/bdb/DERM_868057.jpg,bdb,10,10,10,True
/mnt/c/Users/0M SAI RAM/Desktop/project/dataset/archive/derm12345_train_part_1/cb/DERM_111514.jpg,cb,11,11,37,False
/mnt/c/Users/0M SAI RAM/Desktop/project/dataset/archive/derm12345_train_part_1/cb/DERM_791022.jpg,cb,11,11,11,True
/mnt/c/Users/0M SAI RAM/Desktop/project/dataset/archive/derm12345_train_part_1/cb/DERM_851706.jpg,cb,11,11,11,True
/mnt/c/Users/0M SAI RAM/Desktop/project/dataset/archive/derm12345_train_part_1/cb/DERM_385269.jpg,cb,11,11,10,False
/mnt/c/Users/0M SAI RAM/Desktop/project/dataset/archive/derm12345_train_part_1/cb/DERM_507555.jpg,cb,11,11,11,True
/mnt/c/Users/0M SAI RAM/Desktop/project/dataset/archive/derm12345_train_part_1/cb/DERM_939076.jpg,cb,11,11,11,True
/mnt/c/Users/0M SAI RAM/Desktop/project/dataset/archive/derm12345_train_part_1/cb/DERM_641556.jpg,cb,11,11,17,False
/mnt/c/Users/0M SAI RAM/Desktop/project/dataset/archive/derm12345_train_part_1/cb/DERM_942339.jpg,cb,11,11,17,False
/mnt/c/Users/0M SAI RAM/Desktop/project/dataset/archive/derm12345_train_part_1/cb/DERM_791919.jpg,cb,11,11,22,False
/mnt/c/Users/0M SAI RAM/Desktop/project/dataset/archive/derm12345_train_part_1/cb/DERM_977227.jpg,cb,11,11,22,False
/mnt/c/Users/0M SAI RAM/Desktop/project/dataset/archive/derm12345_train_part_1/cb/DERM_956731.jpg,cb,11,11,11,True
/mnt/c/Users/0M SAI RAM/Desktop/project/dataset/archive/derm12345_train_part_1/cb/DERM_972480.jpg,cb,11,11,11,True
/mnt/c/Users/0M SAI RAM/Desktop/project/dataset/archive/derm12345_train_part_1/cb/DERM_266034.jpg,cb,11,11,11,True
/mnt/c/Users/0M SAI RAM/Desktop/project/dataset/archive/derm12345_train_part_1/cb/DERM_439701.jpg,cb,11,11,37,False
/mnt/c/Users/0M SAI RAM/Desktop/project/dataset/archive/derm12345_train_part_1/cb/DERM_322010.jpg,cb,11,11,11,True
/mnt/c/Users/0M SAI RAM/Desktop/project/dataset/archive/derm12345_train_part_1/cb/DERM_510076.jpg,cb,11,11,16,False
/mnt/c/Users/0M SAI RAM/Desktop/project/dataset/archive/derm12345_train_part_1/cb/DERM_766773.jpg,cb,11,11,14,False
/mnt/c/Users/0M SAI RAM/Desktop/project/dataset/archive/derm12345_train_part_1/cb/DERM_389497.jpg,cb,11,11,11,True
/mnt/c/Users/0M SAI RAM/Desktop/project/dataset/archive/derm12345_train_part_1/cb/DERM_163311.jpg,cb,11,11,11,True
/mnt/c/Users/0M SAI RAM/Desktop/project/dataset/archive/derm12345_train_part_1/cb/DERM_239202.jpg,cb,11,11,23,False
/mnt/c/Users/0M SAI RAM/Desktop/project/dataset/archive/derm12345_train_part_1/cb/DERM_432186.jpg,cb,11,11,22,False
/mnt/c/Users/0M SAI RAM/Desktop/project/dataset/archive/derm12345_train_part_1/cb/DERM_986207.jpg,cb,11,11,22,False
/mnt/c/Users/0M SAI RAM/Desktop/project/dataset/archive/derm12345_train_part_1/cb/DERM_529466.jpg,cb,11,11,22,False
/mnt/c/Users/0M SAI RAM/Desktop/project/dataset/archive/derm12345_train_part_1/cb/DERM_548936.jpg,cb,11,11,23,False
/mnt/c/Users/0M SAI RAM/Desktop/project/dataset/archive/derm12345_train_part_1/cb/DERM_484751.jpg,cb,11,11,11,True
/mnt/c/Users/0M SAI RAM/Desktop/project/dataset/archive/derm12345_train_part_1/cb/DERM_166321.jpg,cb,11,11,23,False
/mnt/c/Users/0M SAI RAM/Desktop/project/dataset/archive/derm12345_train_part_1/cb/DERM_847933.jpg,cb,11,11,12,False
/mnt/c/Users/0M SAI RAM/Desktop/project/dataset/archive/derm12345_train_part_1/cb/DERM_636008.jpg,cb,11,11,23,False
/mnt/c/Users/0M SAI RAM/Desktop/project/dataset/archive/derm12345_train_part_1/cb/DERM_795114.jpg,cb,11,11,11,True
/mnt/c/Users/0M SAI RAM/Desktop/project/dataset/archive/derm12345_train_part_1/cb/DERM_422393.jpg,cb,11,11,11,True
/mnt/c/Users/0M SAI RAM/Desktop/project/dataset/archive/derm12345_train_part_1/cb/DERM_476736.jpg,cb,11,11,23,False
/mnt/c/Users/0M SAI RAM/Desktop/project/dataset/archive/derm12345_train_part_1/cb/DERM_852200.jpg,cb,11,11,23,False
/mnt/c/Users/0M SAI RAM/Desktop/project/dataset/archive/derm12345_train_part_1/cb/DERM_585000.jpg,cb,11,11,23,False
/mnt/c/Users/0M SAI RAM/Desktop/project/dataset/archive/derm12345_train_part_1/cb/DERM_447807.jpg,cb,11,11,11,True
/mnt/c/Users/0M SAI RAM/Desktop/project/dataset/archive/derm12345_train_part_1/cb/DERM_370759.jpg,cb,11,11,11,True
/mnt/c/Users/0M SAI RAM/Desktop/project/dataset/archive/derm12345_train_part_1/cb/DERM_360228.jpg,cb,11,11,11,True
/mnt/c/Users/0M SAI RAM/Desktop/project/dataset/archive/derm12345_train_part_1/cb/DERM_909794.jpg,cb,11,11,23,False
/mnt/c/Users/0M SAI RAM/Desktop/project/dataset/archive/derm12345_train_part_1/cb/DERM_973126.jpg,cb,11,11,11,True
/mnt/c/Users/0M SAI RAM/Desktop/project/dataset/archive/derm12345_train_part_1/cb/DERM_200533.jpg,cb,11,11,37,False
/mnt/c/Users/0M SAI RAM/Desktop/project/dataset/archive/derm12345_train_part_1/cb/DERM_251893.jpg,cb,11,11,23,False
/mnt/c/Users/0M SAI RAM/Desktop/project/dataset/archive/derm12345_train_part_1/cb/DERM_626173.jpg,cb,11,11,23,False
/mnt/c/Users/0M SAI RAM/Desktop/project/dataset/archive/derm12345_train_part_1/cb/DERM_400005.jpg,cb,11,11,23,False
/mnt/c/Users/0M SAI RAM/Desktop/project/dataset/archive/derm12345_train_part_1/cb/DERM_881352.jpg,cb,11,11,23,False
/mnt/c/Users/0M SAI RAM/Desktop/project/dataset/archive/derm12345_train_part_1/cb/DERM_116903.jpg,cb,11,11,11,True
/mnt/c/Users/0M SAI RAM/Desktop/project/dataset/archive/derm12345_train_part_1/cb/DERM_590234.jpg,cb,11,11,14,False
/mnt/c/Users/0M SAI RAM/Desktop/project/dataset/archive/derm12345_train_part_1/cb/DERM_169240.jpg,cb,11,11,11,True
/mnt/c/Users/0M SAI RAM/Desktop/project/dataset/archive/derm12345_train_part_1/cb/DERM_531356.jpg,cb,11,11,23,False
/mnt/c/Users/0M SAI RAM/Desktop/project/dataset/archive/derm12345_train_part_1/cb/DERM_938989.jpg,cb,11,11,23,False
/mnt/c/Users/0M SAI RAM/Desktop/project/dataset/archive/derm12345_train_part_1/cb/DERM_991778.jpg,cb,11,11,22,False
/mnt/c/Users/0M SAI RAM/Desktop/project/dataset/archive/derm12345_train_part_1/cb/DERM_557283.jpg,cb,11,11,17,False
/mnt/c/Users/0M SAI RAM/Desktop/project/dataset/archive/derm12345_train_part_1/cb/DERM_144836.jpg,cb,11,11,17,False
/mnt/c/Users/0M SAI RAM/Desktop/project/dataset/archive/derm12345_train_part_1/cb/DERM_271876.jpg,cb,11,11,22,False
/mnt/c/Users/0M SAI RAM/Desktop/project/dataset/archive/derm12345_train_part_1/cb/DERM_392170.jpg,cb,11,11,11,True
/mnt/c/Users/0M SAI RAM/Desktop/project/dataset/archive/derm12345_train_part_1/cb/DERM_821474.jpg,cb,11,11,11,True
/mnt/c/Users/0M SAI RAM/Desktop/project/dataset/archive/derm12345_train_part_1/cb/DERM_313111.jpg,cb,11,11,14,False
/mnt/c/Users/0M SAI RAM/Desktop/project/dataset/archive/derm12345_train_part_1/cb/DERM_341247.jpg,cb,11,11,14,False
/mnt/c/Users/0M SAI RAM/Desktop/project/dataset/archive/derm12345_train_part_1/cb/DERM_478849.jpg,cb,11,11,23,False
/mnt/c/Users/0M SAI RAM/Desktop/project/dataset/archive/derm12345_train_part_1/cb/DERM_627024.jpg,cb,11,11,23,False
/mnt/c/Users/0M SAI RAM/Desktop/project/dataset/archive/derm12345_train_part_1/cb/DERM_291674.jpg,cb,11,11,3,False
/mnt/c/Users/0M SAI RAM/Desktop/project/dataset/archive/derm12345_train_part_1/cb/DERM_885615.jpg,cb,11,11,11,True
/mnt/c/Users/0M SAI RAM/Desktop/project/dataset/archive/derm12345_train_part_1/cb/DERM_990184.jpg,cb,11,11,31,False
/mnt/c/Users/0M SAI RAM/Desktop/project/dataset/archive/derm12345_train_part_1/cb/DERM_792309.jpg,cb,11,11,23,False
/mnt/c/Users/0M SAI RAM/Desktop/project/dataset/archive/derm12345_train_part_1/cb/DERM_723663.jpg,cb,11,11,23,False
/mnt/c/Users/0M SAI RAM/Desktop/project/dataset/archive/derm12345_train_part_1/cb/DERM_234027.jpg,cb,11,11,22,False
/mnt/c/Users/0M SAI RAM/Desktop/project/dataset/archive/derm12345_train_part_1/cb/DERM_337600.jpg,cb,11,11,37,False
/mnt/c/Users/0M SAI RAM/Desktop/project/dataset/archive/derm12345_train_part_1/cb/DERM_491924.jpg,cb,11,11,11,True
/mnt/c/Users/0M SAI RAM/Desktop/project/dataset/archive/derm12345_train_part_1/cb/DERM_109190.jpg,cb,11,11,17,False
/mnt/c/Users/0M SAI RAM/Desktop/project/dataset/archive/derm12345_train_part_1/cb/DERM_847845.jpg,cb,11,11,22,False
/mnt/c/Users/0M SAI RAM/Desktop/project/dataset/archive/derm12345_train_part_1/cb/DERM_219067.jpg,cb,11,11,14,False
/mnt/c/Users/0M SAI RAM/Desktop/project/dataset/archive/derm12345_train_part_1/cb/DERM_303574.jpg,cb,11,11,37,False
/mnt/c/Users/0M SAI RAM/Desktop/project/dataset/archive/derm12345_train_part_1/cb/DERM_922656.jpg,cb,11,11,30,False
/mnt/c/Users/0M SAI RAM/Desktop/project/dataset/archive/derm12345_train_part_1/cb/DERM_326178.jpg,cb,11,11,17,False
/mnt/c/Users/0M SAI RAM/Desktop/project/dataset/archive/derm12345_train_part_1/cb/DERM_983810.jpg,cb,11,11,14,False
/mnt/c/Users/0M SAI RAM/Desktop/project/dataset/archive/derm12345_train_part_1/cb/DERM_968375.jpg,cb,11,11,17,False
/mnt/c/Users/0M SAI RAM/Desktop/project/dataset/archive/derm12345_train_part_1/cb/DERM_208236.jpg,cb,11,11,14,False
/mnt/c/Users/0M SAI RAM/Desktop/project/dataset/archive/derm12345_train_part_1/cb/DERM_667867.jpg,cb,11,11,14,False
/mnt/c/Users/0M SAI RAM/Desktop/project/dataset/archive/derm12345_train_part_1/cb/DERM_137579.jpg,cb,11,11,11,True
/mnt/c/Users/0M SAI RAM/Desktop/project/dataset/archive/derm12345_train_part_1/cb/DERM_517710.jpg,cb,11,11,23,False
/mnt/c/Users/0M SAI RAM/Desktop/project/dataset/archive/derm12345_train_part_1/cb/DERM_216470.jpg,cb,11,11,17,False
/mnt/c/Users/0M SAI RAM/Desktop/project/dataset/archive/derm12345_train_part_1/cb/DERM_590797.jpg,cb,11,11,18,False
/mnt/c/Users/0M SAI RAM/Desktop/project/dataset/archive/derm12345_train_part_1/cb/DERM_820702.jpg,cb,11,11,11,True
/mnt/c/Users/0M SAI RAM/Desktop/project/dataset/archive/derm12345_train_part_1/cb/DERM_320127.jpg,cb,11,11,23,False
/mnt/c/Users/0M SAI RAM/Desktop/project/dataset/archive/derm12345_train_part_1/cb/DERM_215437.jpg,cb,11,11,17,False
/mnt/c/Users/0M SAI RAM/Desktop/project/dataset/archive/derm12345_train_part_1/cb/DERM_854111.jpg,cb,11,11,37,False
/mnt/c/Users/0M SAI RAM/Desktop/project/dataset/archive/derm12345_train_part_1/cb/DERM_607083.jpg,cb,11,11,22,False
/mnt/c/Users/0M SAI RAM/Desktop/project/dataset/archive/derm12345_train_part_1/cb/DERM_707470.jpg,cb,11,11,11,True
/mnt/c/Users/0M SAI RAM/Desktop/project/dataset/archive/derm12345_train_part_1/cb/DERM_472428.jpg,cb,11,11,11,True
/mnt/c/Users/0M SAI RAM/Desktop/project/dataset/archive/derm12345_train_part_1/cb/DERM_323757.jpg,cb,11,11,11,True
/mnt/c/Users/0M SAI RAM/Desktop/project/dataset/archive/derm12345_train_part_1/cb/DERM_934362.jpg,cb,11,11,23,False
/mnt/c/Users/0M SAI RAM/Desktop/project/dataset/archive/derm12345_train_part_1/cb/DERM_273347.jpg,cb,11,11,23,False
/mnt/c/Users/0M SAI RAM/Desktop/project/dataset/archive/derm12345_train_part_1/cb/DERM_798586.jpg,cb,11,11,11,True
/mnt/c/Users/0M SAI RAM/Desktop/project/dataset/archive/derm12345_train_part_1/cb/DERM_577419.jpg,cb,11,11,11,True
/mnt/c/Users/0M SAI RAM/Desktop/project/dataset/archive/derm12345_train_part_1/cb/DERM_610223.jpg,cb,11,11,11,True
/mnt/c/Users/0M SAI RAM/Desktop/project/dataset/archive/derm12345_train_part_1/cb/DERM_146362.jpg,cb,11,11,30,False
/mnt/c/Users/0M SAI RAM/Desktop/project/dataset/archive/derm12345_train_part_1/cb/DERM_531043.jpg,cb,11,11,17,False
/mnt/c/Users/0M SAI RAM/Desktop/project/dataset/archive/derm12345_train_part_1/cb/DERM_673229.jpg,cb,11,11,22,False
/mnt/c/Users/0M SAI RAM/Desktop/project/dataset/archive/derm12345_train_part_1/cb/DERM_105555.jpg,cb,11,11,11,True
/mnt/c/Users/0M SAI RAM/Desktop/project/dataset/archive/derm12345_train_part_1/cb/DERM_599036.jpg,cb,11,11,11,True
/mnt/c/Users/0M SAI RAM/Desktop/project/dataset/archive/derm12345_train_part_1/cb/DERM_766795.jpg,cb,11,11,11,True
/mnt/c/Users/0M SAI RAM/Desktop/project/dataset/archive/derm12345_train_part_1/cb/DERM_227640.jpg,cb,11,11,17,False
/mnt/c/Users/0M SAI RAM/Desktop/project/dataset/archive/derm12345_train_part_1/cb/DERM_530747.jpg,cb,11,11,11,True
/mnt/c/Users/0M SAI RAM/Desktop/project/dataset/archive/derm12345_train_part_1/cb/DERM_837607.jpg,cb,11,11,22,False
/mnt/c/Users/0M SAI RAM/Desktop/project/dataset/archive/derm12345_train_part_1/cb/DERM_225665.jpg,cb,11,11,11,True
/mnt/c/Users/0M SAI RAM/Desktop/project/dataset/archive/derm12345_train_part_1/cb/DERM_826662.jpg,cb,11,11,11,True
/mnt/c/Users/0M SAI RAM/Desktop/project/dataset/archive/derm12345_train_part_1/cb/DERM_674712.jpg,cb,11,11,23,False
/mnt/c/Users/0M SAI RAM/Desktop/project/dataset/archive/derm12345_train_part_1/cb/DERM_521341.jpg,cb,11,11,23,False
/mnt/c/Users/0M SAI RAM/Desktop/project/dataset/archive/derm12345_train_part_1/cb/DERM_222327.jpg,cb,11,11,23,False
/mnt/c/Users/0M SAI RAM/Desktop/project/dataset/archive/derm12345_train_part_1/cb/DERM_301169.jpg,cb,11,11,14,False
/mnt/c/Users/0M SAI RAM/Desktop/project/dataset/archive/derm12345_train_part_1/cb/DERM_346885.jpg,cb,11,11,14,False
/mnt/c/Users/0M SAI RAM/Desktop/project/dataset/archive/derm12345_train_part_1/cb/DERM_848096.jpg,cb,11,11,12,False
/mnt/c/Users/0M SAI RAM/Desktop/project/dataset/archive/derm12345_train_part_1/cb/DERM_367116.jpg,cb,11,11,11,True
/mnt/c/Users/0M SAI RAM/Desktop/project/dataset/archive/derm12345_train_part_1/cb/DERM_458877.jpg,cb,11,11,11,True
/mnt/c/Users/0M SAI RAM/Desktop/project/dataset/archive/derm12345_train_part_1/cb/DERM_338457.jpg,cb,11,11,16,False
/mnt/c/Users/0M SAI RAM/Desktop/project/dataset/archive/derm12345_train_part_1/cb/DERM_700930.jpg,cb,11,11,11,True
/mnt/c/Users/0M SAI RAM/Desktop/project/dataset/archive/derm12345_train_part_1/cb/DERM_214649.jpg,cb,11,11,23,False
/mnt/c/Users/0M SAI RAM/Desktop/project/dataset/archive/derm12345_train_part_1/cb/DERM_354614.jpg,cb,11,11,23,False
/mnt/c/Users/0M SAI RAM/Desktop/project/dataset/archive/derm12345_train_part_1/cb/DERM_127988.jpg,cb,11,11,23,False
/mnt/c/Users/0M SAI RAM/Desktop/project/dataset/archive/derm12345_train_part_1/cb/DERM_200762.jpg,cb,11,11,14,False
/mnt/c/Users/0M SAI RAM/Desktop/project/dataset/archive/derm12345_train_part_1/cb/DERM_624296.jpg,cb,11,11,14,False
/mnt/c/Users/0M SAI RAM/Desktop/project/dataset/archive/derm12345_train_part_1/cb/DERM_674507.jpg,cb,11,11,14,False
/mnt/c/Users/0M SAI RAM/Desktop/project/dataset/archive/derm12345_train_part_1/cb/DERM_222482.jpg,cb,11,11,23,False
/mnt/c/Users/0M SAI RAM/Desktop/project/dataset/archive/derm12345_train_part_1/cb/DERM_395433.jpg,cb,11,11,37,False
/mnt/c/Users/0M SAI RAM/Desktop/project/dataset/archive/derm12345_train_part_1/cb/DERM_586175.jpg,cb,11,11,17,False
/mnt/c/Users/0M SAI RAM/Desktop/project/dataset/archive/derm12345_train_part_1/cb/DERM_184329.jpg,cb,11,11,11,True
/mnt/c/Users/0M SAI RAM/Desktop/project/dataset/archive/derm12345_train_part_1/cb/DERM_506588.jpg,cb,11,11,23,False
/mnt/c/Users/0M SAI RAM/Desktop/project/dataset/archive/derm12345_train_part_1/cb/DERM_322266.jpg,cb,11,11,11,True
/mnt/c/Users/0M SAI RAM/Desktop/project/dataset/archive/derm12345_train_part_1/cb/DERM_910905.jpg,cb,11,11,23,False
/mnt/c/Users/0M SAI RAM/Desktop/project/dataset/archive/derm12345_train_part_1/cb/DERM_229609.jpg,cb,11,11,17,False
/mnt/c/Users/0M SAI RAM/Desktop/project/dataset/archive/derm12345_train_part_1/cb/DERM_317639.jpg,cb,11,11,23,False
/mnt/c/Users/0M SAI RAM/Desktop/project/dataset/archive/derm12345_train_part_1/cb/DERM_583407.jpg,cb,11,11,22,False
/mnt/c/Users/0M SAI RAM/Desktop/project/dataset/archive/derm12345_train_part_1/cb/DERM_137553.jpg,cb,11,11,14,False
/mnt/c/Users/0M SAI RAM/Desktop/project/dataset/archive/derm12345_train_part_1/cb/DERM_744163.jpg,cb,11,11,23,False
/mnt/c/Users/0M SAI RAM/Desktop/project/dataset/archive/derm12345_train_part_1/cb/DERM_356277.jpg,cb,11,11,23,False
/mnt/c/Users/0M SAI RAM/Desktop/project/dataset/archive/derm12345_train_part_1/cb/DERM_453593.jpg,cb,11,11,11,True
/mnt/c/Users/0M SAI RAM/Desktop/project/dataset/archive/derm12345_train_part_1/cb/DERM_166048.jpg,cb,11,11,11,True
/mnt/c/Users/0M SAI RAM/Desktop/project/dataset/archive/derm12345_train_part_1/cb/DERM_590892.jpg,cb,11,11,37,False
/mnt/c/Users/0M SAI RAM/Desktop/project/dataset/archive/derm12345_train_part_1/cb/DERM_576118.jpg,cb,11,11,22,False
/mnt/c/Users/0M SAI RAM/Desktop/project/dataset/archive/derm12345_train_part_1/cb/DERM_391681.jpg,cb,11,11,22,False
/mnt/c/Users/0M SAI RAM/Desktop/project/dataset/archive/derm12345_train_part_1/cb/DERM_373755.jpg,cb,11,11,23,False
/mnt/c/Users/0M SAI RAM/Desktop/project/dataset/archive/derm12345_train_part_1/cb/DERM_953083.jpg,cb,11,11,23,False
/mnt/c/Users/0M SAI RAM/Desktop/project/dataset/archive/derm12345_train_part_1/cb/DERM_580219.jpg,cb,11,11,11,True
/mnt/c/Users/0M SAI RAM/Desktop/project/dataset/archive/derm12345_train_part_1/cb/DERM_770044.jpg,cb,11,11,3,False
/mnt/c/Users/0M SAI RAM/Desktop/project/dataset/archive/derm12345_train_part_1/cb/DERM_612629.jpg,cb,11,11,23,False
/mnt/c/Users/0M SAI RAM/Desktop/project/dataset/archive/derm12345_train_part_1/cb/DERM_898859.jpg,cb,11,11,12,False
/mnt/c/Users/0M SAI RAM/Desktop/project/dataset/archive/derm12345_train_part_1/cb/DERM_256166.jpg,cb,11,11,22,False
/mnt/c/Users/0M SAI RAM/Desktop/project/dataset/archive/derm12345_train_part_1/cb/DERM_982702.jpg,cb,11,11,17,False
/mnt/c/Users/0M SAI RAM/Desktop/project/dataset/archive/derm12345_train_part_1/cb/DERM_137003.jpg,cb,11,11,23,False
/mnt/c/Users/0M SAI RAM/Desktop/project/dataset/archive/derm12345_train_part_1/cb/DERM_219877.jpg,cb,11,11,14,False
/mnt/c/Users/0M SAI RAM/Desktop/project/dataset/archive/derm12345_train_part_1/cb/DERM_587623.jpg,cb,11,11,11,True
/mnt/c/Users/0M SAI RAM/Desktop/project/dataset/archive/derm12345_train_part_1/cb/DERM_180742.jpg,cb,11,11,11,True
/mnt/c/Users/0M SAI RAM/Desktop/project/dataset/archive/derm12345_train_part_1/cb/DERM_673612.jpg,cb,11,11,11,True
/mnt/c/Users/0M SAI RAM/Desktop/project/dataset/archive/derm12345_train_part_1/cb/DERM_541441.jpg,cb,11,11,23,False
/mnt/c/Users/0M SAI RAM/Desktop/project/dataset/archive/derm12345_train_part_1/cb/DERM_377483.jpg,cb,11,11,11,True
/mnt/c/Users/0M SAI RAM/Desktop/project/dataset/archive/derm12345_train_part_1/cb/DERM_197178.jpg,cb,11,11,11,True
/mnt/c/Users/0M SAI RAM/Desktop/project/dataset/archive/derm12345_train_part_1/cb/DERM_990127.jpg,cb,11,11,11,True
/mnt/c/Users/0M SAI RAM/Desktop/project/dataset/archive/derm12345_train_part_1/cb/DERM_217589.jpg,cb,11,11,11,True
/mnt/c/Users/0M SAI RAM/Desktop/project/dataset/archive/derm12345_train_part_1/cb/DERM_635846.jpg,cb,11,11,30,False
/mnt/c/Users/0M SAI RAM/Desktop/project/dataset/archive/derm12345_train_part_1/cb/DERM_528834.jpg,cb,11,11,11,True
/mnt/c/Users/0M SAI RAM/Desktop/project/dataset/archive/derm12345_train_part_1/cb/DERM_477182.jpg,cb,11,11,11,True
/mnt/c/Users/0M SAI RAM/Desktop/project/dataset/archive/derm12345_train_part_1/cb/DERM_954633.jpg,cb,11,11,37,False
/mnt/c/Users/0M SAI RAM/Desktop/project/dataset/archive/derm12345_train_part_1/cb/DERM_410128.jpg,cb,11,11,11,True
/mnt/c/Users/0M SAI RAM/Desktop/project/dataset/archive/derm12345_train_part_1/cb/DERM_643273.jpg,cb,11,11,37,False
/mnt/c/Users/0M SAI RAM/Desktop/project/dataset/archive/derm12345_train_part_1/cb/DERM_969911.jpg,cb,11,11,23,False
/mnt/c/Users/0M SAI RAM/Desktop/project/dataset/archive/derm12345_train_part_1/cb/DERM_794623.jpg,cb,11,11,23,False
/mnt/c/Users/0M SAI RAM/Desktop/project/dataset/archive/derm12345_train_part_1/cb/DERM_862572.jpg,cb,11,11,23,False
/mnt/c/Users/0M SAI RAM/Desktop/project/dataset/archive/derm12345_train_part_1/cb/DERM_111161.jpg,cb,11,11,11,True
/mnt/c/Users/0M SAI RAM/Desktop/project/dataset/archive/derm12345_train_part_1/cb/DERM_339133.jpg,cb,11,11,17,False
/mnt/c/Users/0M SAI RAM/Desktop/project/dataset/archive/derm12345_train_part_1/cb/DERM_365030.jpg,cb,11,11,11,True
/mnt/c/Users/0M SAI RAM/Desktop/project/dataset/archive/derm12345_train_part_1/cb/DERM_241310.jpg,cb,11,11,11,True
/mnt/c/Users/0M SAI RAM/Desktop/project/dataset/archive/derm12345_train_part_1/cb/DERM_850282.jpg,cb,11,11,37,False
/mnt/c/Users/0M SAI RAM/Desktop/project/dataset/archive/derm12345_train_part_1/cb/DERM_655540.jpg,cb,11,11,11,True
/mnt/c/Users/0M SAI RAM/Desktop/project/dataset/archive/derm12345_train_part_1/cb/DERM_374637.jpg,cb,11,11,31,False
/mnt/c/Users/0M SAI RAM/Desktop/project/dataset/archive/derm12345_train_part_1/cb/DERM_796949.jpg,cb,11,11,23,False
/mnt/c/Users/0M SAI RAM/Desktop/project/dataset/archive/derm12345_train_part_1/cb/DERM_365738.jpg,cb,11,11,22,False
/mnt/c/Users/0M SAI RAM/Desktop/project/dataset/archive/derm12345_train_part_1/cb/DERM_984052.jpg,cb,11,11,23,False
/mnt/c/Users/0M SAI RAM/Desktop/project/dataset/archive/derm12345_train_part_1/cb/DERM_320473.jpg,cb,11,11,23,False
/mnt/c/Users/0M SAI RAM/Desktop/project/dataset/archive/derm12345_train_part_1/cb/DERM_781778.jpg,cb,11,11,14,False
/mnt/c/Users/0M SAI RAM/Desktop/project/dataset/archive/derm12345_train_part_1/cb/DERM_463083.jpg,cb,11,11,17,False
/mnt/c/Users/0M SAI RAM/Desktop/project/dataset/archive/derm12345_train_part_1/cb/DERM_246908.jpg,cb,11,11,22,False
/mnt/c/Users/0M SAI RAM/Desktop/project/dataset/archive/derm12345_train_part_1/cb/DERM_934365.jpg,cb,11,11,11,True
/mnt/c/Users/0M SAI RAM/Desktop/project/dataset/archive/derm12345_train_part_1/cb/DERM_336553.jpg,cb,11,11,20,False
/mnt/c/Users/0M SAI RAM/Desktop/project/dataset/archive/derm12345_train_part_1/cb/DERM_577984.jpg,cb,11,11,23,False
/mnt/c/Users/0M SAI RAM/Desktop/project/dataset/archive/derm12345_train_part_1/cb/DERM_704959.jpg,cb,11,11,23,False
/mnt/c/Users/0M SAI RAM/Desktop/project/dataset/archive/derm12345_train_part_1/cb/DERM_203577.jpg,cb,11,11,23,False
/mnt/c/Users/0M SAI RAM/Desktop/project/dataset/archive/derm12345_train_part_1/cb/DERM_665060.jpg,cb,11,11,23,False
/mnt/c/Users/0M SAI RAM/Desktop/project/dataset/archive/derm12345_train_part_1/cb/DERM_140978.jpg,cb,11,11,23,False
/mnt/c/Users/0M SAI RAM/Desktop/project/dataset/archive/derm12345_train_part_1/cb/DERM_432628.jpg,cb,11,11,14,False
/mnt/c/Users/0M SAI RAM/Desktop/project/dataset/archive/derm12345_train_part_1/cb/DERM_985565.jpg,cb,11,11,30,False
/mnt/c/Users/0M SAI RAM/Desktop/project/dataset/archive/derm12345_train_part_1/cb/DERM_109221.jpg,cb,11,11,17,False
/mnt/c/Users/0M SAI RAM/Desktop/project/dataset/archive/derm12345_train_part_1/cb/DERM_116873.jpg,cb,11,11,23,False
/mnt/c/Users/0M SAI RAM/Desktop/project/dataset/archive/derm12345_train_part_1/cb/DERM_231912.jpg,cb,11,11,17,False
/mnt/c/Users/0M SAI RAM/Desktop/project/dataset/archive/derm12345_train_part_1/cb/DERM_769921.jpg,cb,11,11,11,True
/mnt/c/Users/0M SAI RAM/Desktop/project/dataset/archive/derm12345_train_part_1/ccb/DERM_587139.jpg,ccb,12,12,17,False
/mnt/c/Users/0M SAI RAM/Desktop/project/dataset/archive/derm12345_train_part_1/ccb/DERM_537748.jpg,ccb,12,12,12,True
/mnt/c/Users/0M SAI RAM/Desktop/project/dataset/archive/derm12345_train_part_1/ccb/DERM_653835.jpg,ccb,12,12,12,True
/mnt/c/Users/0M SAI RAM/Desktop/project/dataset/archive/derm12345_train_part_1/ccb/DERM_673960.jpg,ccb,12,12,14,False
/mnt/c/Users/0M SAI RAM/Desktop/project/dataset/archive/derm12345_train_part_1/ccb/DERM_489677.jpg,ccb,12,12,12,True
/mnt/c/Users/0M SAI RAM/Desktop/project/dataset/archive/derm12345_train_part_1/ccb/DERM_737652.jpg,ccb,12,12,12,True
/mnt/c/Users/0M SAI RAM/Desktop/project/dataset/archive/derm12345_train_part_1/ccb/DERM_581783.jpg,ccb,12,12,12,True
/mnt/c/Users/0M SAI RAM/Desktop/project/dataset/archive/derm12345_train_part_1/ccb/DERM_296161.jpg,ccb,12,12,12,True
/mnt/c/Users/0M SAI RAM/Desktop/project/dataset/archive/derm12345_train_part_1/ccb/DERM_220982.jpg,ccb,12,12,16,False
/mnt/c/Users/0M SAI RAM/Desktop/project/dataset/archive/derm12345_train_part_1/ccb/DERM_379467.jpg,ccb,12,12,30,False
/mnt/c/Users/0M SAI RAM/Desktop/project/dataset/archive/derm12345_train_part_1/ccb/DERM_415768.jpg,ccb,12,12,12,True
/mnt/c/Users/0M SAI RAM/Desktop/project/dataset/archive/derm12345_train_part_1/ccb/DERM_828967.jpg,ccb,12,12,12,True
/mnt/c/Users/0M SAI RAM/Desktop/project/dataset/archive/derm12345_train_part_1/ccb/DERM_544967.jpg,ccb,12,12,11,False
/mnt/c/Users/0M SAI RAM/Desktop/project/dataset/archive/derm12345_train_part_1/ccb/DERM_929271.jpg,ccb,12,12,23,False
/mnt/c/Users/0M SAI RAM/Desktop/project/dataset/archive/derm12345_train_part_1/ccb/DERM_395687.jpg,ccb,12,12,12,True
/mnt/c/Users/0M SAI RAM/Desktop/project/dataset/archive/derm12345_train_part_1/ccb/DERM_585323.jpg,ccb,12,12,12,True
/mnt/c/Users/0M SAI RAM/Desktop/project/dataset/archive/derm12345_train_part_1/ccb/DERM_384303.jpg,ccb,12,12,23,False
/mnt/c/Users/0M SAI RAM/Desktop/project/dataset/archive/derm12345_train_part_1/ccb/DERM_411657.jpg,ccb,12,12,12,True
/mnt/c/Users/0M SAI RAM/Desktop/project/dataset/archive/derm12345_train_part_1/ccb/DERM_468024.jpg,ccb,12,12,27,False
/mnt/c/Users/0M SAI RAM/Desktop/project/dataset/archive/derm12345_train_part_1/ccb/DERM_470704.jpg,ccb,12,12,12,True
/mnt/c/Users/0M SAI RAM/Desktop/project/dataset/archive/derm12345_train_part_1/ccb/DERM_541346.jpg,ccb,12,12,22,False
/mnt/c/Users/0M SAI RAM/Desktop/project/dataset/archive/derm12345_train_part_1/ccb/DERM_906975.jpg,ccb,12,12,12,True
/mnt/c/Users/0M SAI RAM/Desktop/project/dataset/archive/derm12345_train_part_1/ccb/DERM_131218.jpg,ccb,12,12,23,False
/mnt/c/Users/0M SAI RAM/Desktop/project/dataset/archive/derm12345_train_part_1/ccb/DERM_226259.jpg,ccb,12,12,30,False
/mnt/c/Users/0M SAI RAM/Desktop/project/dataset/archive/derm12345_train_part_1/ccb/DERM_157210.jpg,ccb,12,12,12,True
/mnt/c/Users/0M SAI RAM/Desktop/project/dataset/archive/derm12345_train_part_1/ccb/DERM_309928.jpg,ccb,12,12,12,True
/mnt/c/Users/0M SAI RAM/Desktop/project/dataset/archive/derm12345_train_part_1/ccb/DERM_651936.jpg,ccb,12,12,12,True
/mnt/c/Users/0M SAI RAM/Desktop/project/dataset/archive/derm12345_train_part_1/ccb/DERM_795273.jpg,ccb,12,12,16,False
/mnt/c/Users/0M SAI RAM/Desktop/project/dataset/archive/derm12345_train_part_1/ccb/DERM_858273.jpg,ccb,12,12,12,True
/mnt/c/Users/0M SAI RAM/Desktop/project/dataset/archive/derm12345_train_part_1/ccb/DERM_974642.jpg,ccb,12,12,12,True
/mnt/c/Users/0M SAI RAM/Desktop/project/dataset/archive/derm12345_train_part_1/ccb/DERM_875758.jpg,ccb,12,12,12,True
/mnt/c/Users/0M SAI RAM/Desktop/project/dataset/archive/derm12345_train_part_1/ccb/DERM_414018.jpg,ccb,12,12,12,True
/mnt/c/Users/0M SAI RAM/Desktop/project/dataset/archive/derm12345_train_part_1/ccb/DERM_492453.jpg,ccb,12,12,12,True
/mnt/c/Users/0M SAI RAM/Desktop/project/dataset/archive/derm12345_train_part_1/ccb/DERM_869266.jpg,ccb,12,12,12,True
/mnt/c/Users/0M SAI RAM/Desktop/project/dataset/archive/derm12345_train_part_1/ccb/DERM_639591.jpg,ccb,12,12,30,False
/mnt/c/Users/0M SAI RAM/Desktop/project/dataset/archive/derm12345_train_part_1/ccb/DERM_210541.jpg,ccb,12,12,11,False
/mnt/c/Users/0M SAI RAM/Desktop/project/dataset/archive/derm12345_train_part_1/ccb/DERM_566277.jpg,ccb,12,12,16,False
/mnt/c/Users/0M SAI RAM/Desktop/project/dataset/archive/derm12345_train_part_1/ccb/DERM_912338.jpg,ccb,12,12,12,True
/mnt/c/Users/0M SAI RAM/Desktop/project/dataset/archive/derm12345_train_part_1/ccb/DERM_709718.jpg,ccb,12,12,14,False
/mnt/c/Users/0M SAI RAM/Desktop/project/dataset/archive/derm12345_train_part_1/ccb/DERM_754250.jpg,ccb,12,12,14,False
/mnt/c/Users/0M SAI RAM/Desktop/project/dataset/archive/derm12345_train_part_1/ccb/DERM_728146.jpg,ccb,12,12,11,False
/mnt/c/Users/0M SAI RAM/Desktop/project/dataset/archive/derm12345_train_part_1/ccb/DERM_841944.jpg,ccb,12,12,12,True
/mnt/c/Users/0M SAI RAM/Desktop/project/dataset/archive/derm12345_train_part_1/ccb/DERM_419879.jpg,ccb,12,12,12,True
/mnt/c/Users/0M SAI RAM/Desktop/project/dataset/archive/derm12345_train_part_1/ccb/DERM_492397.jpg,ccb,12,12,14,False
/mnt/c/Users/0M SAI RAM/Desktop/project/dataset/archive/derm12345_train_part_1/ccb/DERM_485710.jpg,ccb,12,12,12,True
/mnt/c/Users/0M SAI RAM/Desktop/project/dataset/archive/derm12345_train_part_1/ccb/DERM_922729.jpg,ccb,12,12,12,True
/mnt/c/Users/0M SAI RAM/Desktop/project/dataset/archive/derm12345_train_part_1/ccb/DERM_273894.jpg,ccb,12,12,12,True
/mnt/c/Users/0M SAI RAM/Desktop/project/dataset/archive/derm12345_train_part_1/ccb/DERM_422769.jpg,ccb,12,12,12,True
/mnt/c/Users/0M SAI RAM/Desktop/project/dataset/archive/derm12345_train_part_1/ccb/DERM_675130.jpg,ccb,12,12,8,False
/mnt/c/Users/0M SAI RAM/Desktop/project/dataset/archive/derm12345_train_part_1/ccb/DERM_766545.jpg,ccb,12,12,12,True
/mnt/c/Users/0M SAI RAM/Desktop/project/dataset/archive/derm12345_train_part_1/ccb/DERM_800279.jpg,ccb,12,12,37,False
/mnt/c/Users/0M SAI RAM/Desktop/project/dataset/archive/derm12345_train_part_1/ccb/DERM_801845.jpg,ccb,12,12,16,False
/mnt/c/Users/0M SAI RAM/Desktop/project/dataset/archive/derm12345_train_part_1/ccb/DERM_409899.jpg,ccb,12,12,3,False
/mnt/c/Users/0M SAI RAM/Desktop/project/dataset/archive/derm12345_train_part_1/ccb/DERM_447779.jpg,ccb,12,12,36,False
/mnt/c/Users/0M SAI RAM/Desktop/project/dataset/archive/derm12345_train_part_1/ccb/DERM_721093.jpg,ccb,12,12,12,True
/mnt/c/Users/0M SAI RAM/Desktop/project/dataset/archive/derm12345_train_part_1/ccb/DERM_840015.jpg,ccb,12,12,12,True
/mnt/c/Users/0M SAI RAM/Desktop/project/dataset/archive/derm12345_train_part_1/ccb/DERM_442513.jpg,ccb,12,12,14,False
/mnt/c/Users/0M SAI RAM/Desktop/project/dataset/archive/derm12345_train_part_1/ccb/DERM_143540.jpg,ccb,12,12,12,True
/mnt/c/Users/0M SAI RAM/Desktop/project/dataset/archive/derm12345_train_part_1/ccb/DERM_366948.jpg,ccb,12,12,31,False
/mnt/c/Users/0M SAI RAM/Desktop/project/dataset/archive/derm12345_train_part_1/ccb/DERM_246254.jpg,ccb,12,12,17,False
/mnt/c/Users/0M SAI RAM/Desktop/project/dataset/archive/derm12345_train_part_1/ccb/DERM_297508.jpg,ccb,12,12,17,False
/mnt/c/Users/0M SAI RAM/Desktop/project/dataset/archive/derm12345_train_part_1/ccb/DERM_572553.jpg,ccb,12,12,12,True
/mnt/c/Users/0M SAI RAM/Desktop/project/dataset/archive/derm12345_train_part_1/ccb/DERM_792059.jpg,ccb,12,12,12,True
/mnt/c/Users/0M SAI RAM/Desktop/project/dataset/archive/derm12345_train_part_1/ccb/DERM_686045.jpg,ccb,12,12,12,True
/mnt/c/Users/0M SAI RAM/Desktop/project/dataset/archive/derm12345_train_part_1/ccb/DERM_159486.jpg,ccb,12,12,12,True
/mnt/c/Users/0M SAI RAM/Desktop/project/dataset/archive/derm12345_train_part_1/ccb/DERM_218728.jpg,ccb,12,12,3,False
/mnt/c/Users/0M SAI RAM/Desktop/project/dataset/archive/derm12345_train_part_1/ccb/DERM_234853.jpg,ccb,12,12,12,True
/mnt/c/Users/0M SAI RAM/Desktop/project/dataset/archive/derm12345_train_part_1/ccb/DERM_231089.jpg,ccb,12,12,12,True
/mnt/c/Users/0M SAI RAM/Desktop/project/dataset/archive/derm12345_train_part_1/ccb/DERM_533879.jpg,ccb,12,12,12,True
/mnt/c/Users/0M SAI RAM/Desktop/project/dataset/archive/derm12345_train_part_1/ccb/DERM_150229.jpg,ccb,12,12,31,False
/mnt/c/Users/0M SAI RAM/Desktop/project/dataset/archive/derm12345_train_part_1/ccb/DERM_389423.jpg,ccb,12,12,12,True
/mnt/c/Users/0M SAI RAM/Desktop/project/dataset/archive/derm12345_train_part_1/ccb/DERM_502541.jpg,ccb,12,12,12,True
/mnt/c/Users/0M SAI RAM/Desktop/project/dataset/archive/derm12345_train_part_1/ccb/DERM_215484.jpg,ccb,12,12,12,True
/mnt/c/Users/0M SAI RAM/Desktop/project/dataset/archive/derm12345_train_part_1/ccb/DERM_772980.jpg,ccb,12,12,12,True
/mnt/c/Users/0M SAI RAM/Desktop/project/dataset/archive/derm12345_train_part_1/ccb/DERM_129984.jpg,ccb,12,12,23,False
/mnt/c/Users/0M SAI RAM/Desktop/project/dataset/archive/derm12345_train_part_1/ccb/DERM_502727.jpg,ccb,12,12,12,True
/mnt/c/Users/0M SAI RAM/Desktop/project/dataset/archive/derm12345_train_part_1/ccb/DERM_894609.jpg,ccb,12,12,16,False
/mnt/c/Users/0M SAI RAM/Desktop/project/dataset/archive/derm12345_train_part_1/ccb/DERM_668323.jpg,ccb,12,12,16,False
/mnt/c/Users/0M SAI RAM/Desktop/project/dataset/archive/derm12345_train_part_1/ccb/DERM_510450.jpg,ccb,12,12,23,False
/mnt/c/Users/0M SAI RAM/Desktop/project/dataset/archive/derm12345_train_part_1/ccb/DERM_394615.jpg,ccb,12,12,12,True
/mnt/c/Users/0M SAI RAM/Desktop/project/dataset/archive/derm12345_train_part_1/ccb/DERM_388148.jpg,ccb,12,12,22,False
/mnt/c/Users/0M SAI RAM/Desktop/project/dataset/archive/derm12345_train_part_1/ccb/DERM_183452.jpg,ccb,12,12,12,True
/mnt/c/Users/0M SAI RAM/Desktop/project/dataset/archive/derm12345_train_part_1/ccb/DERM_378698.jpg,ccb,12,12,12,True
/mnt/c/Users/0M SAI RAM/Desktop/project/dataset/archive/derm12345_train_part_1/ccb/DERM_459064.jpg,ccb,12,12,12,True
/mnt/c/Users/0M SAI RAM/Desktop/project/dataset/archive/derm12345_train_part_1/ccb/DERM_126936.jpg,ccb,12,12,12,True
/mnt/c/Users/0M SAI RAM/Desktop/project/dataset/archive/derm12345_train_part_1/ccb/DERM_485653.jpg,ccb,12,12,16,False
/mnt/c/Users/0M SAI RAM/Desktop/project/dataset/archive/derm12345_train_part_1/ccb/DERM_860526.jpg,ccb,12,12,23,False
/mnt/c/Users/0M SAI RAM/Desktop/project/dataset/archive/derm12345_train_part_1/ccb/DERM_220938.jpg,ccb,12,12,12,True
/mnt/c/Users/0M SAI RAM/Desktop/project/dataset/archive/derm12345_train_part_1/ccb/DERM_709636.jpg,ccb,12,12,16,False
/mnt/c/Users/0M SAI RAM/Desktop/project/dataset/archive/derm12345_train_part_1/ccb/DERM_922919.jpg,ccb,12,12,16,False
/mnt/c/Users/0M SAI RAM/Desktop/project/dataset/archive/derm12345_train_part_1/ccb/DERM_504842.jpg,ccb,12,12,12,True
/mnt/c/Users/0M SAI RAM/Desktop/project/dataset/archive/derm12345_train_part_1/ccb/DERM_538722.jpg,ccb,12,12,12,True
/mnt/c/Users/0M SAI RAM/Desktop/project/dataset/archive/derm12345_train_part_1/ccb/DERM_405287.jpg,ccb,12,12,12,True
/mnt/c/Users/0M SAI RAM/Desktop/project/dataset/archive/derm12345_train_part_1/ccb/DERM_418329.jpg,ccb,12,12,12,True
/mnt/c/Users/0M SAI RAM/Desktop/project/dataset/archive/derm12345_train_part_1/ccb/DERM_513679.jpg,ccb,12,12,12,True
/mnt/c/Users/0M SAI RAM/Desktop/project/dataset/archive/derm12345_train_part_1/ccb/DERM_486766.jpg,ccb,12,12,38,False
/mnt/c/Users/0M SAI RAM/Desktop/project/dataset/archive/derm12345_train_part_1/ccb/DERM_104074.jpg,ccb,12,12,14,False
/mnt/c/Users/0M SAI RAM/Desktop/project/dataset/archive/derm12345_train_part_1/ccb/DERM_164361.jpg,ccb,12,12,25,False
/mnt/c/Users/0M SAI RAM/Desktop/project/dataset/archive/derm12345_train_part_1/ccb/DERM_968680.jpg,ccb,12,12,12,True
/mnt/c/Users/0M SAI RAM/Desktop/project/dataset/archive/derm12345_train_part_1/ccb/DERM_570734.jpg,ccb,12,12,12,True
/mnt/c/Users/0M SAI RAM/Desktop/project/dataset/archive/derm12345_train_part_1/ccb/DERM_255593.jpg,ccb,12,12,11,False
/mnt/c/Users/0M SAI RAM/Desktop/project/dataset/archive/derm12345_train_part_1/ccb/DERM_319144.jpg,ccb,12,12,12,True
/mnt/c/Users/0M SAI RAM/Desktop/project/dataset/archive/derm12345_train_part_1/ccb/DERM_427061.jpg,ccb,12,12,12,True
/mnt/c/Users/0M SAI RAM/Desktop/project/dataset/archive/derm12345_train_part_1/ccb/DERM_709831.jpg,ccb,12,12,12,True
/mnt/c/Users/0M SAI RAM/Desktop/project/dataset/archive/derm12345_train_part_1/ccb/DERM_342959.jpg,ccb,12,12,17,False
/mnt/c/Users/0M SAI RAM/Desktop/project/dataset/archive/derm12345_train_part_1/ccb/DERM_806721.jpg,ccb,12,12,12,True
/mnt/c/Users/0M SAI RAM/Desktop/project/dataset/archive/derm12345_train_part_1/ccb/DERM_804369.jpg,ccb,12,12,12,True
/mnt/c/Users/0M SAI RAM/Desktop/project/dataset/archive/derm12345_train_part_1/ccb/DERM_427733.jpg,ccb,12,12,11,False
/mnt/c/Users/0M SAI RAM/Desktop/project/dataset/archive/derm12345_train_part_1/ccb/DERM_568958.jpg,ccb,12,12,5,False
/mnt/c/Users/0M SAI RAM/Desktop/project/dataset/archive/derm12345_train_part_1/ccb/DERM_986656.jpg,ccb,12,12,12,True
/mnt/c/Users/0M SAI RAM/Desktop/project/dataset/archive/derm12345_train_part_1/ccb/DERM_716511.jpg,ccb,12,12,12,True
/mnt/c/Users/0M SAI RAM/Desktop/project/dataset/archive/derm12345_train_part_1/ccb/DERM_461880.jpg,ccb,12,12,37,False
/mnt/c/Users/0M SAI RAM/Desktop/project/dataset/archive/derm12345_train_part_1/ccd/DERM_361105.jpg,ccd,13,13,13,True
/mnt/c/Users/0M SAI RAM/Desktop/project/dataset/archive/derm12345_train_part_1/ccd/DERM_671778.jpg,ccd,13,13,13,True
/mnt/c/Users/0M SAI RAM/Desktop/project/dataset/archive/derm12345_train_part_1/ccd/DERM_783836.jpg,ccd,13,13,37,False
/mnt/c/Users/0M SAI RAM/Desktop/project/dataset/archive/derm12345_train_part_1/ccd/DERM_319792.jpg,ccd,13,13,14,False
/mnt/c/Users/0M SAI RAM/Desktop/project/dataset/archive/derm12345_train_part_1/ccd/DERM_876105.jpg,ccd,13,13,13,True
/mnt/c/Users/0M SAI RAM/Desktop/project/dataset/archive/derm12345_train_part_1/ccd/DERM_211667.jpg,ccd,13,13,23,False
/mnt/c/Users/0M SAI RAM/Desktop/project/dataset/archive/derm12345_train_part_1/ccd/DERM_441652.jpg,ccd,13,13,23,False
/mnt/c/Users/0M SAI RAM/Desktop/project/dataset/archive/derm12345_train_part_1/ccd/DERM_684536.jpg,ccd,13,13,14,False
/mnt/c/Users/0M SAI RAM/Desktop/project/dataset/archive/derm12345_train_part_1/ccd/DERM_761310.jpg,ccd,13,13,22,False
/mnt/c/Users/0M SAI RAM/Desktop/project/dataset/archive/derm12345_train_part_1/cd/DERM_905772.jpg,cd,14,14,2,False
/mnt/c/Users/0M SAI RAM/Desktop/project/dataset/archive/derm12345_train_part_1/cd/DERM_547704.jpg,cd,14,14,14,True
/mnt/c/Users/0M SAI RAM/Desktop/project/dataset/archive/derm12345_train_part_1/cd/DERM_388925.jpg,cd,14,14,14,True
/mnt/c/Users/0M SAI RAM/Desktop/project/dataset/archive/derm12345_train_part_1/cd/DERM_466889.jpg,cd,14,14,12,False
/mnt/c/Users/0M SAI RAM/Desktop/project/dataset/archive/derm12345_train_part_1/cd/DERM_929476.jpg,cd,14,14,12,False
/mnt/c/Users/0M SAI RAM/Desktop/project/dataset/archive/derm12345_train_part_1/cd/DERM_127924.jpg,cd,14,14,12,False
/mnt/c/Users/0M SAI RAM/Desktop/project/dataset/archive/derm12345_train_part_1/cd/DERM_708948.jpg,cd,14,14,11,False
/mnt/c/Users/0M SAI RAM/Desktop/project/dataset/archive/derm12345_train_part_1/cd/DERM_430741.jpg,cd,14,14,23,False
/mnt/c/Users/0M SAI RAM/Desktop/project/dataset/archive/derm12345_train_part_1/cd/DERM_785441.jpg,cd,14,14,23,False
/mnt/c/Users/0M SAI RAM/Desktop/project/dataset/archive/derm12345_train_part_1/cd/DERM_878319.jpg,cd,14,14,23,False
/mnt/c/Users/0M SAI RAM/Desktop/project/dataset/archive/derm12345_train_part_1/cd/DERM_132259.jpg,cd,14,14,14,True
/mnt/c/Users/0M SAI RAM/Desktop/project/dataset/archive/derm12345_train_part_1/cd/DERM_657243.jpg,cd,14,14,17,False
/mnt/c/Users/0M SAI RAM/Desktop/project/dataset/archive/derm12345_train_part_1/cd/DERM_236917.jpg,cd,14,14,23,False
/mnt/c/Users/0M SAI RAM/Desktop/project/dataset/archive/derm12345_train_part_1/cd/DERM_867148.jpg,cd,14,14,23,False
/mnt/c/Users/0M SAI RAM/Desktop/project/dataset/archive/derm12345_train_part_1/cd/DERM_993489.jpg,cd,14,14,11,False
/mnt/c/Users/0M SAI RAM/Desktop/project/dataset/archive/derm12345_train_part_1/cd/DERM_895764.jpg,cd,14,14,23,False
/mnt/c/Users/0M SAI RAM/Desktop/project/dataset/archive/derm12345_train_part_1/cd/DERM_511883.jpg,cd,14,14,14,True
/mnt/c/Users/0M SAI RAM/Desktop/project/dataset/archive/derm12345_train_part_1/cd/DERM_585722.jpg,cd,14,14,12,False
/mnt/c/Users/0M SAI RAM/Desktop/project/dataset/archive/derm12345_train_part_1/cd/DERM_219443.jpg,cd,14,14,18,False
/mnt/c/Users/0M SAI RAM/Desktop/project/dataset/archive/derm12345_train_part_1/cd/DERM_271122.jpg,cd,14,14,14,True
/mnt/c/Users/0M SAI RAM/Desktop/project/dataset/archive/derm12345_train_part_1/cd/DERM_902188.jpg,cd,14,14,23,False
/mnt/c/Users/0M SAI RAM/Desktop/project/dataset/archive/derm12345_train_part_1/cd/DERM_655740.jpg,cd,14,14,23,False
/mnt/c/Users/0M SAI RAM/Desktop/project/dataset/archive/derm12345_train_part_1/cd/DERM_499501.jpg,cd,14,14,14,True
/mnt/c/Users/0M SAI RAM/Desktop/project/dataset/archive/derm12345_train_part_1/cd/DERM_301740.jpg,cd,14,14,23,False
/mnt/c/Users/0M SAI RAM/Desktop/project/dataset/archive/derm12345_train_part_1/cd/DERM_367273.jpg,cd,14,14,14,True
/mnt/c/Users/0M SAI RAM/Desktop/project/dataset/archive/derm12345_train_part_1/cd/DERM_833537.jpg,cd,14,14,14,True
/mnt/c/Users/0M SAI RAM/Desktop/project/dataset/archive/derm12345_train_part_1/cd/DERM_279041.jpg,cd,14,14,14,True
/mnt/c/Users/0M SAI RAM/Desktop/project/dataset/archive/derm12345_train_part_1/cd/DERM_863357.jpg,cd,14,14,14,True
/mnt/c/Users/0M SAI RAM/Desktop/project/dataset/archive/derm12345_train_part_1/cd/DERM_521750.jpg,cd,14,14,37,False
/mnt/c/Users/0M SAI RAM/Desktop/project/dataset/archive/derm12345_train_part_1/cd/DERM_267854.jpg,cd,14,14,22,False
/mnt/c/Users/0M SAI RAM/Desktop/project/dataset/archive/derm12345_train_part_1/cd/DERM_741060.jpg,cd,14,14,23,False
/mnt/c/Users/0M SAI RAM/Desktop/project/dataset/archive/derm12345_train_part_1/cd/DERM_169904.jpg,cd,14,14,23,False
/mnt/c/Users/0M SAI RAM/Desktop/project/dataset/archive/derm12345_train_part_1/cd/DERM_305344.jpg,cd,14,14,11,False
/mnt/c/Users/0M SAI RAM/Desktop/project/dataset/archive/derm12345_train_part_1/cd/DERM_203504.jpg,cd,14,14,23,False
/mnt/c/Users/0M SAI RAM/Desktop/project/dataset/archive/derm12345_train_part_1/cd/DERM_128386.jpg,cd,14,14,23,False
/mnt/c/Users/0M SAI RAM/Desktop/project/dataset/archive/derm12345_train_part_1/cd/DERM_479271.jpg,cd,14,14,23,False
/mnt/c/Users/0M SAI RAM/Desktop/project/dataset/archive/derm12345_train_part_1/cd/DERM_751754.jpg,cd,14,14,22,False
/mnt/c/Users/0M SAI RAM/Desktop/project/dataset/archive/derm12345_train_part_1/cd/DERM_899436.jpg,cd,14,14,23,False
/mnt/c/Users/0M SAI RAM/Desktop/project/dataset/archive/derm12345_train_part_1/cd/DERM_766847.jpg,cd,14,14,23,False
/mnt/c/Users/0M SAI RAM/Desktop/project/dataset/archive/derm12345_train_part_1/cd/DERM_920455.jpg,cd,14,14,23,False
/mnt/c/Users/0M SAI RAM/Desktop/project/dataset/archive/derm12345_train_part_1/cd/DERM_428731.jpg,cd,14,14,14,True
/mnt/c/Users/0M SAI RAM/Desktop/project/dataset/archive/derm12345_train_part_1/cd/DERM_539711.jpg,cd,14,14,12,False
/mnt/c/Users/0M SAI RAM/Desktop/project/dataset/archive/derm12345_train_part_1/cd/DERM_994224.jpg,cd,14,14,23,False
/mnt/c/Users/0M SAI RAM/Desktop/project/dataset/archive/derm12345_train_part_1/cd/DERM_156070.jpg,cd,14,14,14,True
/mnt/c/Users/0M SAI RAM/Desktop/project/dataset/archive/derm12345_train_part_1/cd/DERM_243522.jpg,cd,14,14,23,False
/mnt/c/Users/0M SAI RAM/Desktop/project/dataset/archive/derm12345_train_part_1/cd/DERM_820861.jpg,cd,14,14,23,False
/mnt/c/Users/0M SAI RAM/Desktop/project/dataset/archive/derm12345_train_part_1/cd/DERM_550061.jpg,cd,14,14,37,False
/mnt/c/Users/0M SAI RAM/Desktop/project/dataset/archive/derm12345_train_part_1/cd/DERM_358277.jpg,cd,14,14,14,True
/mnt/c/Users/0M SAI RAM/Desktop/project/dataset/archive/derm12345_train_part_1/cd/DERM_152420.jpg,cd,14,14,11,False
/mnt/c/Users/0M SAI RAM/Desktop/project/dataset/archive/derm12345_train_part_1/cd/DERM_779867.jpg,cd,14,14,11,False
/mnt/c/Users/0M SAI RAM/Desktop/project/dataset/archive/derm12345_train_part_1/cd/DERM_859332.jpg,cd,14,14,14,True
/mnt/c/Users/0M SAI RAM/Desktop/project/dataset/archive/derm12345_train_part_1/cd/DERM_518113.jpg,cd,14,14,23,False
/mnt/c/Users/0M SAI RAM/Desktop/project/dataset/archive/derm12345_train_part_1/cd/DERM_310816.jpg,cd,14,14,11,False
/mnt/c/Users/0M SAI RAM/Desktop/project/dataset/archive/derm12345_train_part_1/cd/DERM_645340.jpg,cd,14,14,23,False
/mnt/c/Users/0M SAI RAM/Desktop/project/dataset/archive/derm12345_train_part_1/cd/DERM_831354.jpg,cd,14,14,23,False
/mnt/c/Users/0M SAI RAM/Desktop/project/dataset/archive/derm12345_train_part_1/cd/DERM_224968.jpg,cd,14,14,14,True
/mnt/c/Users/0M SAI RAM/Desktop/project/dataset/archive/derm12345_train_part_1/cd/DERM_616866.jpg,cd,14,14,14,True
/mnt/c/Users/0M SAI RAM/Desktop/project/dataset/archive/derm12345_train_part_1/cd/DERM_930759.jpg,cd,14,14,23,False
/mnt/c/Users/0M SAI RAM/Desktop/project/dataset/archive/derm12345_train_part_1/cd/DERM_667693.jpg,cd,14,14,23,False
/mnt/c/Users/0M SAI RAM/Desktop/project/dataset/archive/derm12345_train_part_1/cd/DERM_471810.jpg,cd,14,14,23,False
/mnt/c/Users/0M SAI RAM/Desktop/project/dataset/archive/derm12345_train_part_1/cd/DERM_994093.jpg,cd,14,14,14,True
/mnt/c/Users/0M SAI RAM/Desktop/project/dataset/archive/derm12345_train_part_1/cd/DERM_707744.jpg,cd,14,14,23,False
/mnt/c/Users/0M SAI RAM/Desktop/project/dataset/archive/derm12345_train_part_1/cd/DERM_249861.jpg,cd,14,14,14,True
/mnt/c/Users/0M SAI RAM/Desktop/project/dataset/archive/derm12345_train_part_1/cd/DERM_551977.jpg,cd,14,14,14,True
/mnt/c/Users/0M SAI RAM/Desktop/project/dataset/archive/derm12345_train_part_1/cd/DERM_324971.jpg,cd,14,14,37,False
/mnt/c/Users/0M SAI RAM/Desktop/project/dataset/archive/derm12345_train_part_1/cd/DERM_323793.jpg,cd,14,14,22,False
/mnt/c/Users/0M SAI RAM/Desktop/project/dataset/archive/derm12345_train_part_1/cd/DERM_589850.jpg,cd,14,14,8,False
/mnt/c/Users/0M SAI RAM/Desktop/project/dataset/archive/derm12345_train_part_1/cd/DERM_658998.jpg,cd,14,14,23,False
/mnt/c/Users/0M SAI RAM/Desktop/project/dataset/archive/derm12345_train_part_1/cd/DERM_279432.jpg,cd,14,14,22,False
/mnt/c/Users/0M SAI RAM/Desktop/project/dataset/archive/derm12345_train_part_1/cd/DERM_359415.jpg,cd,14,14,12,False
/mnt/c/Users/0M SAI RAM/Desktop/project/dataset/archive/derm12345_train_part_1/cd/DERM_434372.jpg,cd,14,14,16,False
/mnt/c/Users/0M SAI RAM/Desktop/project/dataset/archive/derm12345_train_part_1/cd/DERM_879019.jpg,cd,14,14,14,True
/mnt/c/Users/0M SAI RAM/Desktop/project/dataset/archive/derm12345_train_part_1/cd/DERM_808406.jpg,cd,14,14,13,False
/mnt/c/Users/0M SAI RAM/Desktop/project/dataset/archive/derm12345_train_part_1/cd/DERM_423995.jpg,cd,14,14,20,False
/mnt/c/Users/0M SAI RAM/Desktop/project/dataset/archive/derm12345_train_part_1/cd/DERM_654024.jpg,cd,14,14,11,False
/mnt/c/Users/0M SAI RAM/Desktop/project/dataset/archive/derm12345_train_part_1/cd/DERM_614975.jpg,cd,14,14,23,False
/mnt/c/Users/0M SAI RAM/Desktop/project/dataset/archive/derm12345_train_part_1/cd/DERM_962127.jpg,cd,14,14,23,False
/mnt/c/Users/0M SAI RAM/Desktop/project/dataset/archive/derm12345_train_part_1/cd/DERM_683823.jpg,cd,14,14,23,False
/mnt/c/Users/0M SAI RAM/Desktop/project/dataset/archive/derm12345_train_part_1/cd/DERM_280967.jpg,cd,14,14,14,True
/mnt/c/Users/0M SAI RAM/Desktop/project/dataset/archive/derm12345_train_part_1/cd/DERM_296163.jpg,cd,14,14,22,False
/mnt/c/Users/0M SAI RAM/Desktop/project/dataset/archive/derm12345_train_part_1/cd/DERM_499192.jpg,cd,14,14,37,False
/mnt/c/Users/0M SAI RAM/Desktop/project/dataset/archive/derm12345_train_part_1/cd/DERM_954358.jpg,cd,14,14,11,False
/mnt/c/Users/0M SAI RAM/Desktop/project/dataset/archive/derm12345_train_part_1/cd/DERM_766534.jpg,cd,14,14,22,False
/mnt/c/Users/0M SAI RAM/Desktop/project/dataset/archive/derm12345_train_part_1/cd/DERM_576399.jpg,cd,14,14,14,True
/mnt/c/Users/0M SAI RAM/Desktop/project/dataset/archive/derm12345_train_part_1/cd/DERM_265527.jpg,cd,14,14,14,True
/mnt/c/Users/0M SAI RAM/Desktop/project/dataset/archive/derm12345_train_part_1/cd/DERM_157111.jpg,cd,14,14,23,False
/mnt/c/Users/0M SAI RAM/Desktop/project/dataset/archive/derm12345_train_part_1/cd/DERM_553498.jpg,cd,14,14,14,True
/mnt/c/Users/0M SAI RAM/Desktop/project/dataset/archive/derm12345_train_part_1/cd/DERM_947509.jpg,cd,14,14,14,True
/mnt/c/Users/0M SAI RAM/Desktop/project/dataset/archive/derm12345_train_part_1/cd/DERM_858743.jpg,cd,14,14,23,False
/mnt/c/Users/0M SAI RAM/Desktop/project/dataset/archive/derm12345_train_part_1/cd/DERM_473708.jpg,cd,14,14,14,True
/mnt/c/Users/0M SAI RAM/Desktop/project/dataset/archive/derm12345_train_part_1/cd/DERM_503590.jpg,cd,14,14,23,False
/mnt/c/Users/0M SAI RAM/Desktop/project/dataset/archive/derm12345_train_part_1/cd/DERM_381196.jpg,cd,14,14,22,False
/mnt/c/Users/0M SAI RAM/Desktop/project/dataset/archive/derm12345_train_part_1/cd/DERM_621089.jpg,cd,14,14,14,True
/mnt/c/Users/0M SAI RAM/Desktop/project/dataset/archive/derm12345_train_part_1/cd/DERM_736993.jpg,cd,14,14,14,True
/mnt/c/Users/0M SAI RAM/Desktop/project/dataset/archive/derm12345_train_part_1/cd/DERM_884092.jpg,cd,14,14,23,False
/mnt/c/Users/0M SAI RAM/Desktop/project/dataset/archive/derm12345_train_part_1/cd/DERM_182498.jpg,cd,14,14,23,False
/mnt/c/Users/0M SAI RAM/Desktop/project/dataset/archive/derm12345_train_part_1/cd/DERM_655247.jpg,cd,14,14,30,False
/mnt/c/Users/0M SAI RAM/Desktop/project/dataset/archive/derm12345_train_part_1/cd/DERM_260370.jpg,cd,14,14,23,False
/mnt/c/Users/0M SAI RAM/Desktop/project/dataset/archive/derm12345_train_part_1/cd/DERM_755824.jpg,cd,14,14,11,False
/mnt/c/Users/0M SAI RAM/Desktop/project/dataset/archive/derm12345_train_part_1/cd/DERM_407460.jpg,cd,14,14,23,False
/mnt/c/Users/0M SAI RAM/Desktop/project/dataset/archive/derm12345_train_part_1/cd/DERM_707348.jpg,cd,14,14,17,False
/mnt/c/Users/0M SAI RAM/Desktop/project/dataset/archive/derm12345_train_part_1/cd/DERM_233339.jpg,cd,14,14,22,False
/mnt/c/Users/0M SAI RAM/Desktop/project/dataset/archive/derm12345_train_part_1/cd/DERM_382916.jpg,cd,14,14,23,False
/mnt/c/Users/0M SAI RAM/Desktop/project/dataset/archive/derm12345_train_part_1/cd/DERM_110892.jpg,cd,14,14,23,False
/mnt/c/Users/0M SAI RAM/Desktop/project/dataset/archive/derm12345_train_part_1/cd/DERM_972890.jpg,cd,14,14,6,False
/mnt/c/Users/0M SAI RAM/Desktop/project/dataset/archive/derm12345_train_part_1/cd/DERM_386675.jpg,cd,14,14,14,True
/mnt/c/Users/0M SAI RAM/Desktop/project/dataset/archive/derm12345_train_part_1/cd/DERM_387014.jpg,cd,14,14,14,True
/mnt/c/Users/0M SAI RAM/Desktop/project/dataset/archive/derm12345_train_part_1/cd/DERM_537359.jpg,cd,14,14,14,True
/mnt/c/Users/0M SAI RAM/Desktop/project/dataset/archive/derm12345_train_part_1/cd/DERM_676649.jpg,cd,14,14,10,False
/mnt/c/Users/0M SAI RAM/Desktop/project/dataset/archive/derm12345_train_part_1/cd/DERM_241560.jpg,cd,14,14,14,True
/mnt/c/Users/0M SAI RAM/Desktop/project/dataset/archive/derm12345_train_part_1/cd/DERM_694055.jpg,cd,14,14,23,False
/mnt/c/Users/0M SAI RAM/Desktop/project/dataset/archive/derm12345_train_part_1/cd/DERM_472996.jpg,cd,14,14,22,False
/mnt/c/Users/0M SAI RAM/Desktop/project/dataset/archive/derm12345_train_part_1/cd/DERM_185734.jpg,cd,14,14,14,True
/mnt/c/Users/0M SAI RAM/Desktop/project/dataset/archive/derm12345_train_part_1/cd/DERM_630629.jpg,cd,14,14,14,True
/mnt/c/Users/0M SAI RAM/Desktop/project/dataset/archive/derm12345_train_part_1/cd/DERM_801852.jpg,cd,14,14,23,False
/mnt/c/Users/0M SAI RAM/Desktop/project/dataset/archive/derm12345_train_part_1/cd/DERM_849283.jpg,cd,14,14,23,False
/mnt/c/Users/0M SAI RAM/Desktop/project/dataset/archive/derm12345_train_part_1/cd/DERM_955228.jpg,cd,14,14,14,True
/mnt/c/Users/0M SAI RAM/Desktop/project/dataset/archive/derm12345_train_part_1/cd/DERM_314127.jpg,cd,14,14,23,False
/mnt/c/Users/0M SAI RAM/Desktop/project/dataset/archive/derm12345_train_part_1/cd/DERM_645059.jpg,cd,14,14,23,False
/mnt/c/Users/0M SAI RAM/Desktop/project/dataset/archive/derm12345_train_part_1/cd/DERM_913198.jpg,cd,14,14,23,False
/mnt/c/Users/0M SAI RAM/Desktop/project/dataset/archive/derm12345_train_part_1/cd/DERM_476986.jpg,cd,14,14,23,False
/mnt/c/Users/0M SAI RAM/Desktop/project/dataset/archive/derm12345_train_part_1/cd/DERM_446430.jpg,cd,14,14,37,False
/mnt/c/Users/0M SAI RAM/Desktop/project/dataset/archive/derm12345_train_part_1/cd/DERM_788611.jpg,cd,14,14,23,False
/mnt/c/Users/0M SAI RAM/Desktop/project/dataset/archive/derm12345_train_part_1/cd/DERM_322874.jpg,cd,14,14,23,False
/mnt/c/Users/0M SAI RAM/Desktop/project/dataset/archive/derm12345_train_part_1/cd/DERM_875530.jpg,cd,14,14,10,False
/mnt/c/Users/0M SAI RAM/Desktop/project/dataset/archive/derm12345_train_part_1/cd/DERM_197651.jpg,cd,14,14,30,False
/mnt/c/Users/0M SAI RAM/Desktop/project/dataset/archive/derm12345_train_part_1/cd/DERM_695644.jpg,cd,14,14,23,False
/mnt/c/Users/0M SAI RAM/Desktop/project/dataset/archive/derm12345_train_part_1/cd/DERM_477775.jpg,cd,14,14,23,False
/mnt/c/Users/0M SAI RAM/Desktop/project/dataset/archive/derm12345_train_part_1/cd/DERM_174402.jpg,cd,14,14,14,True
/mnt/c/Users/0M SAI RAM/Desktop/project/dataset/archive/derm12345_train_part_1/cd/DERM_288916.jpg,cd,14,14,23,False
/mnt/c/Users/0M SAI RAM/Desktop/project/dataset/archive/derm12345_train_part_1/cd/DERM_225155.jpg,cd,14,14,14,True
/mnt/c/Users/0M SAI RAM/Desktop/project/dataset/archive/derm12345_train_part_1/cd/DERM_804520.jpg,cd,14,14,18,False
/mnt/c/Users/0M SAI RAM/Desktop/project/dataset/archive/derm12345_train_part_1/ch/DERM_124134.jpg,ch,15,15,18,False
/mnt/c/Users/0M SAI RAM/Desktop/project/dataset/archive/derm12345_train_part_1/ch/DERM_632191.jpg,ch,15,15,15,True
/mnt/c/Users/0M SAI RAM/Desktop/project/dataset/archive/derm12345_train_part_1/ch/DERM_488731.jpg,ch,15,15,15,True
/mnt/c/Users/0M SAI RAM/Desktop/project/dataset/archive/derm12345_train_part_1/cjb/DERM_971626.jpg,cjb,16,16,11,False
/mnt/c/Users/0M SAI RAM/Desktop/project/dataset/archive/derm12345_train_part_1/cjb/DERM_614128.jpg,cjb,16,16,12,False
/mnt/c/Users/0M SAI RAM/Desktop/project/dataset/archive/derm12345_train_part_1/cjb/DERM_161135.jpg,cjb,16,16,23,False
/mnt/c/Users/0M SAI RAM/Desktop/project/dataset/archive/derm12345_train_part_1/cjb/DERM_751307.jpg,cjb,16,16,22,False
/mnt/c/Users/0M SAI RAM/Desktop/project/dataset/archive/derm12345_train_part_1/cjb/DERM_106062.jpg,cjb,16,16,16,True
/mnt/c/Users/0M SAI RAM/Desktop/project/dataset/archive/derm12345_train_part_1/cjb/DERM_434155.jpg,cjb,16,16,16,True
/mnt/c/Users/0M SAI RAM/Desktop/project/dataset/archive/derm12345_train_part_1/cjb/DERM_825580.jpg,cjb,16,16,37,False
/mnt/c/Users/0M SAI RAM/Desktop/project/dataset/archive/derm12345_train_part_1/cjb/DERM_129422.jpg,cjb,16,16,22,False
/mnt/c/Users/0M SAI RAM/Desktop/project/dataset/archive/derm12345_train_part_1/cjb/DERM_824890.jpg,cjb,16,16,12,False
/mnt/c/Users/0M SAI RAM/Desktop/project/dataset/archive/derm12345_train_part_1/cjb/DERM_853151.jpg,cjb,16,16,12,False
/mnt/c/Users/0M SAI RAM/Desktop/project/dataset/archive/derm12345_train_part_1/cjb/DERM_672748.jpg,cjb,16,16,16,True
/mnt/c/Users/0M SAI RAM/Desktop/project/dataset/archive/derm12345_train_part_1/cjb/DERM_635551.jpg,cjb,16,16,16,True
/mnt/c/Users/0M SAI RAM/Desktop/project/dataset/archive/derm12345_train_part_1/cjb/DERM_468832.jpg,cjb,16,16,16,True
/mnt/c/Users/0M SAI RAM/Desktop/project/dataset/archive/derm12345_train_part_1/cjb/DERM_198751.jpg,cjb,16,16,16,True
/mnt/c/Users/0M SAI RAM/Desktop/project/dataset/archive/derm12345_train_part_1/cjb/DERM_558395.jpg,cjb,16,16,2,False
/mnt/c/Users/0M SAI RAM/Desktop/project/dataset/archive/derm12345_train_part_1/cjb/DERM_273861.jpg,cjb,16,16,16,True
/mnt/c/Users/0M SAI RAM/Desktop/project/dataset/archive/derm12345_train_part_1/cjb/DERM_211548.jpg,cjb,16,16,16,True
/mnt/c/Users/0M SAI RAM/Desktop/project/dataset/archive/derm12345_train_part_1/cjb/DERM_711823.jpg,cjb,16,16,12,False
/mnt/c/Users/0M SAI RAM/Desktop/project/dataset/archive/derm12345_train_part_1/cjb/DERM_429334.jpg,cjb,16,16,12,False
/mnt/c/Users/0M SAI RAM/Desktop/project/dataset/archive/derm12345_train_part_1/cjb/DERM_557960.jpg,cjb,16,16,16,True
/mnt/c/Users/0M SAI RAM/Desktop/project/dataset/archive/derm12345_train_part_1/cjb/DERM_312773.jpg,cjb,16,16,37,False
/mnt/c/Users/0M SAI RAM/Desktop/project/dataset/archive/derm12345_train_part_1/cjb/DERM_765118.jpg,cjb,16,16,12,False
/mnt/c/Users/0M SAI RAM/Desktop/project/dataset/archive/derm12345_train_part_1/cjb/DERM_228440.jpg,cjb,16,16,12,False
/mnt/c/Users/0M SAI RAM/Desktop/project/dataset/archive/derm12345_train_part_1/cjb/DERM_178655.jpg,cjb,16,16,23,False
/mnt/c/Users/0M SAI RAM/Desktop/project/dataset/archive/derm12345_train_part_1/cjb/DERM_652885.jpg,cjb,16,16,16,True
/mnt/c/Users/0M SAI RAM/Desktop/project/dataset/archive/derm12345_train_part_1/cjb/DERM_672208.jpg,cjb,16,16,16,True
/mnt/c/Users/0M SAI RAM/Desktop/project/dataset/archive/derm12345_train_part_1/cjb/DERM_318224.jpg,cjb,16,16,13,False
/mnt/c/Users/0M SAI RAM/Desktop/project/dataset/archive/derm12345_train_part_1/cjb/DERM_347981.jpg,cjb,16,16,12,False
/mnt/c/Users/0M SAI RAM/Desktop/project/dataset/archive/derm12345_train_part_1/cjb/DERM_441790.jpg,cjb,16,16,16,True
/mnt/c/Users/0M SAI RAM/Desktop/project/dataset/archive/derm12345_train_part_1/cjb/DERM_697795.jpg,cjb,16,16,16,True
/mnt/c/Users/0M SAI RAM/Desktop/project/dataset/archive/derm12345_train_part_1/cjb/DERM_333745.jpg,cjb,16,16,17,False
/mnt/c/Users/0M SAI RAM/Desktop/project/dataset/archive/derm12345_train_part_1/cjb/DERM_383144.jpg,cjb,16,16,17,False
/mnt/c/Users/0M SAI RAM/Desktop/project/dataset/archive/derm12345_train_part_1/cjb/DERM_182878.jpg,cjb,16,16,16,True
/mnt/c/Users/0M SAI RAM/Desktop/project/dataset/archive/derm12345_train_part_1/cjb/DERM_198146.jpg,cjb,16,16,14,False
/mnt/c/Users/0M SAI RAM/Desktop/project/dataset/archive/derm12345_train_part_1/cjb/DERM_475728.jpg,cjb,16,16,16,True
/mnt/c/Users/0M SAI RAM/Desktop/project/dataset/archive/derm12345_train_part_1/cjb/DERM_512900.jpg,cjb,16,16,12,False
/mnt/c/Users/0M SAI RAM/Desktop/project/dataset/archive/derm12345_train_part_1/cjb/DERM_848773.jpg,cjb,16,16,14,False
/mnt/c/Users/0M SAI RAM/Desktop/project/dataset/archive/derm12345_train_part_1/cjb/DERM_850844.jpg,cjb,16,16,12,False
/mnt/c/Users/0M SAI RAM/Desktop/project/dataset/archive/derm12345_train_part_1/db/DERM_484881.jpg,db,17,17,11,False
/mnt/c/Users/0M SAI RAM/Desktop/project/dataset/archive/derm12345_train_part_1/db/DERM_324884.jpg,db,17,17,17,True
/mnt/c/Users/0M SAI RAM/Desktop/project/dataset/archive/derm12345_train_part_1/db/DERM_273512.jpg,db,17,17,17,True
/mnt/c/Users/0M SAI RAM/Desktop/project/dataset/archive/derm12345_train_part_1/db/DERM_338535.jpg,db,17,17,17,True
/mnt/c/Users/0M SAI RAM/Desktop/project/dataset/archive/derm12345_train_part_1/db/DERM_445472.jpg,db,17,17,17,True
/mnt/c/Users/0M SAI RAM/Desktop/project/dataset/archive/derm12345_train_part_1/db/DERM_928997.jpg,db,17,17,11,False
/mnt/c/Users/0M SAI RAM/Desktop/project/dataset/archive/derm12345_train_part_1/db/DERM_263956.jpg,db,17,17,17,True
/mnt/c/Users/0M SAI RAM/Desktop/project/dataset/archive/derm12345_train_part_1/db/DERM_328323.jpg,db,17,17,8,False
/mnt/c/Users/0M SAI RAM/Desktop/project/dataset/archive/derm12345_train_part_1/db/DERM_825028.jpg,db,17,17,37,False
/mnt/c/Users/0M SAI RAM/Desktop/project/dataset/archive/derm12345_train_part_1/db/DERM_998293.jpg,db,17,17,11,False
/mnt/c/Users/0M SAI RAM/Desktop/project/dataset/archive/derm12345_train_part_1/db/DERM_873140.jpg,db,17,17,17,True
/mnt/c/Users/0M SAI RAM/Desktop/project/dataset/archive/derm12345_train_part_1/db/DERM_122705.jpg,db,17,17,22,False
/mnt/c/Users/0M SAI RAM/Desktop/project/dataset/archive/derm12345_train_part_1/db/DERM_192511.jpg,db,17,17,23,False
/mnt/c/Users/0M SAI RAM/Desktop/project/dataset/archive/derm12345_train_part_1/db/DERM_528122.jpg,db,17,17,17,True
/mnt/c/Users/0M SAI RAM/Desktop/project/dataset/archive/derm12345_train_part_1/db/DERM_683042.jpg,db,17,17,17,True
/mnt/c/Users/0M SAI RAM/Desktop/project/dataset/archive/derm12345_train_part_1/db/DERM_846282.jpg,db,17,17,37,False
/mnt/c/Users/0M SAI RAM/Desktop/project/dataset/archive/derm12345_train_part_1/db/DERM_310534.jpg,db,17,17,17,True
/mnt/c/Users/0M SAI RAM/Desktop/project/dataset/archive/derm12345_train_part_1/db/DERM_950740.jpg,db,17,17,37,False
/mnt/c/Users/0M SAI RAM/Desktop/project/dataset/archive/derm12345_train_part_1/db/DERM_188190.jpg,db,17,17,23,False
/mnt/c/Users/0M SAI RAM/Desktop/project/dataset/archive/derm12345_train_part_1/db/DERM_548028.jpg,db,17,17,17,True
/mnt/c/Users/0M SAI RAM/Desktop/project/dataset/archive/derm12345_train_part_1/db/DERM_488493.jpg,db,17,17,17,True
/mnt/c/Users/0M SAI RAM/Desktop/project/dataset/archive/derm12345_train_part_1/db/DERM_426099.jpg,db,17,17,11,False
/mnt/c/Users/0M SAI RAM/Desktop/project/dataset/archive/derm12345_train_part_1/db/DERM_495449.jpg,db,17,17,11,False
/mnt/c/Users/0M SAI RAM/Desktop/project/dataset/archive/derm12345_train_part_1/db/DERM_523552.jpg,db,17,17,17,True
/mnt/c/Users/0M SAI RAM/Desktop/project/dataset/archive/derm12345_train_part_1/db/DERM_928712.jpg,db,17,17,17,True
/mnt/c/Users/0M SAI RAM/Desktop/project/dataset/archive/derm12345_train_part_1/db/DERM_380161.jpg,db,17,17,17,True
/mnt/c/Users/0M SAI RAM/Desktop/project/dataset/archive/derm12345_train_part_1/db/DERM_734805.jpg,db,17,17,23,False
/mnt/c/Users/0M SAI RAM/Desktop/project/dataset/archive/derm12345_train_part_1/db/DERM_411713.jpg,db,17,17,22,False
/mnt/c/Users/0M SAI RAM/Desktop/project/dataset/archive/derm12345_train_part_1/db/DERM_222281.jpg,db,17,17,17,True
/mnt/c/Users/0M SAI RAM/Desktop/project/dataset/archive/derm12345_train_part_1/db/DERM_317275.jpg,db,17,17,17,True
/mnt/c/Users/0M SAI RAM/Desktop/project/dataset/archive/derm12345_train_part_1/db/DERM_678079.jpg,db,17,17,23,False
/mnt/c/Users/0M SAI RAM/Desktop/project/dataset/archive/derm12345_train_part_1/db/DERM_634790.jpg,db,17,17,17,True
/mnt/c/Users/0M SAI RAM/Desktop/project/dataset/archive/derm12345_train_part_1/db/DERM_799500.jpg,db,17,17,17,True
/mnt/c/Users/0M SAI RAM/Desktop/project/dataset/archive/derm12345_train_part_1/db/DERM_473578.jpg,db,17,17,17,True
/mnt/c/Users/0M SAI RAM/Desktop/project/dataset/archive/derm12345_train_part_1/db/DERM_559637.jpg,db,17,17,12,False
/mnt/c/Users/0M SAI RAM/Desktop/project/dataset/archive/derm12345_train_part_1/db/DERM_759389.jpg,db,17,17,8,False
/mnt/c/Users/0M SAI RAM/Desktop/project/dataset/archive/derm12345_train_part_1/db/DERM_731967.jpg,db,17,17,22,False
/mnt/c/Users/0M SAI RAM/Desktop/project/dataset/archive/derm12345_train_part_1/db/DERM_994505.jpg,db,17,17,22,False
/mnt/c/Users/0M SAI RAM/Desktop/project/dataset/archive/derm12345_train_part_1/db/DERM_143415.jpg,db,17,17,29,False
/mnt/c/Users/0M SAI RAM/Desktop/project/dataset/archive/derm12345_train_part_1/db/DERM_354815.jpg,db,17,17,37,False
/mnt/c/Users/0M SAI RAM/Desktop/project/dataset/archive/derm12345_train_part_1/db/DERM_343649.jpg,db,17,17,17,True
/mnt/c/Users/0M SAI RAM/Desktop/project/dataset/archive/derm12345_train_part_1/db/DERM_343150.jpg,db,17,17,17,True
/mnt/c/Users/0M SAI RAM/Desktop/project/dataset/archive/derm12345_train_part_1/db/DERM_706539.jpg,db,17,17,37,False
/mnt/c/Users/0M SAI RAM/Desktop/project/dataset/archive/derm12345_train_part_1/db/DERM_792304.jpg,db,17,17,17,True
/mnt/c/Users/0M SAI RAM/Desktop/project/dataset/archive/derm12345_train_part_1/db/DERM_525647.jpg,db,17,17,17,True
/mnt/c/Users/0M SAI RAM/Desktop/project/dataset/archive/derm12345_train_part_1/db/DERM_882375.jpg,db,17,17,37,False
/mnt/c/Users/0M SAI RAM/Desktop/project/dataset/archive/derm12345_train_part_1/db/DERM_689579.jpg,db,17,17,24,False
/mnt/c/Users/0M SAI RAM/Desktop/project/dataset/archive/derm12345_train_part_1/db/DERM_873760.jpg,db,17,17,23,False
/mnt/c/Users/0M SAI RAM/Desktop/project/dataset/archive/derm12345_train_part_1/db/DERM_930080.jpg,db,17,17,11,False
/mnt/c/Users/0M SAI RAM/Desktop/project/dataset/archive/derm12345_train_part_1/db/DERM_936243.jpg,db,17,17,17,True
/mnt/c/Users/0M SAI RAM/Desktop/project/dataset/archive/derm12345_train_part_1/db/DERM_638617.jpg,db,17,17,11,False
/mnt/c/Users/0M SAI RAM/Desktop/project/dataset/archive/derm12345_train_part_1/db/DERM_462219.jpg,db,17,17,17,True
/mnt/c/Users/0M SAI RAM/Desktop/project/dataset/archive/derm12345_train_part_1/db/DERM_918640.jpg,db,17,17,17,True
/mnt/c/Users/0M SAI RAM/Desktop/project/dataset/archive/derm12345_train_part_1/db/DERM_302506.jpg,db,17,17,36,False
/mnt/c/Users/0M SAI RAM/Desktop/project/dataset/archive/derm12345_train_part_1/db/DERM_566099.jpg,db,17,17,17,True
/mnt/c/Users/0M SAI RAM/Desktop/project/dataset/archive/derm12345_train_part_1/db/DERM_230644.jpg,db,17,17,17,True
/mnt/c/Users/0M SAI RAM/Desktop/project/dataset/archive/derm12345_train_part_1/db/DERM_142337.jpg,db,17,17,37,False
/mnt/c/Users/0M SAI RAM/Desktop/project/dataset/archive/derm12345_train_part_1/db/DERM_553680.jpg,db,17,17,17,True
/mnt/c/Users/0M SAI RAM/Desktop/project/dataset/archive/derm12345_train_part_1/db/DERM_739174.jpg,db,17,17,17,True
/mnt/c/Users/0M SAI RAM/Desktop/project/dataset/archive/derm12345_train_part_1/db/DERM_692605.jpg,db,17,17,37,False
/mnt/c/Users/0M SAI RAM/Desktop/project/dataset/archive/derm12345_train_part_1/db/DERM_460676.jpg,db,17,17,17,True
/mnt/c/Users/0M SAI RAM/Desktop/project/dataset/archive/derm12345_train_part_1/db/DERM_470199.jpg,db,17,17,23,False
/mnt/c/Users/0M SAI RAM/Desktop/project/dataset/archive/derm12345_train_part_1/db/DERM_480723.jpg,db,17,17,22,False
/mnt/c/Users/0M SAI RAM/Desktop/project/dataset/archive/derm12345_train_part_1/db/DERM_966509.jpg,db,17,17,17,True
/mnt/c/Users/0M SAI RAM/Desktop/project/dataset/archive/derm12345_train_part_1/db/DERM_116081.jpg,db,17,17,17,True
/mnt/c/Users/0M SAI RAM/Desktop/project/dataset/archive/derm12345_train_part_1/db/DERM_761464.jpg,db,17,17,17,True
/mnt/c/Users/0M SAI RAM/Desktop/project/dataset/archive/derm12345_train_part_1/db/DERM_727478.jpg,db,17,17,37,False
/mnt/c/Users/0M SAI RAM/Desktop/project/dataset/archive/derm12345_train_part_1/db/DERM_411250.jpg,db,17,17,2,False
/mnt/c/Users/0M SAI RAM/Desktop/project/dataset/archive/derm12345_train_part_1/db/DERM_458241.jpg,db,17,17,2,False
/mnt/c/Users/0M SAI RAM/Desktop/project/dataset/archive/derm12345_train_part_1/db/DERM_736038.jpg,db,17,17,23,False
/mnt/c/Users/0M SAI RAM/Desktop/project/dataset/archive/derm12345_train_part_1/db/DERM_797029.jpg,db,17,17,17,True
/mnt/c/Users/0M SAI RAM/Desktop/project/dataset/archive/derm12345_train_part_1/db/DERM_692056.jpg,db,17,17,17,True
/mnt/c/Users/0M SAI RAM/Desktop/project/dataset/archive/derm12345_train_part_1/db/DERM_817473.jpg,db,17,17,37,False
/mnt/c/Users/0M SAI RAM/Desktop/project/dataset/archive/derm12345_train_part_1/db/DERM_760853.jpg,db,17,17,17,True
/mnt/c/Users/0M SAI RAM/Desktop/project/dataset/archive/derm12345_train_part_1/db/DERM_909500.jpg,db,17,17,11,False
/mnt/c/Users/0M SAI RAM/Desktop/project/dataset/archive/derm12345_train_part_1/db/DERM_779746.jpg,db,17,17,17,True
/mnt/c/Users/0M SAI RAM/Desktop/project/dataset/archive/derm12345_train_part_1/db/DERM_725792.jpg,db,17,17,17,True
/mnt/c/Users/0M SAI RAM/Desktop/project/dataset/archive/derm12345_train_part_1/db/DERM_197993.jpg,db,17,17,36,False
/mnt/c/Users/0M SAI RAM/Desktop/project/dataset/archive/derm12345_train_part_1/db/DERM_869877.jpg,db,17,17,17,True
/mnt/c/Users/0M SAI RAM/Desktop/project/dataset/archive/derm12345_train_part_1/db/DERM_893015.jpg,db,17,17,17,True
/mnt/c/Users/0M SAI RAM/Desktop/project/dataset/archive/derm12345_train_part_1/db/DERM_554694.jpg,db,17,17,17,True
/mnt/c/Users/0M SAI RAM/Desktop/project/dataset/archive/derm12345_train_part_1/db/DERM_250748.jpg,db,17,17,11,False
/mnt/c/Users/0M SAI RAM/Desktop/project/dataset/archive/derm12345_train_part_1/db/DERM_330996.jpg,db,17,17,11,False
/mnt/c/Users/0M SAI RAM/Desktop/project/dataset/archive/derm12345_train_part_1/db/DERM_734927.jpg,db,17,17,37,False
/mnt/c/Users/0M SAI RAM/Desktop/project/dataset/archive/derm12345_train_part_1/db/DERM_352313.jpg,db,17,17,22,False
/mnt/c/Users/0M SAI RAM/Desktop/project/dataset/archive/derm12345_train_part_1/db/DERM_736648.jpg,db,17,17,22,False
/mnt/c/Users/0M SAI RAM/Desktop/project/dataset/archive/derm12345_train_part_1/db/DERM_393637.jpg,db,17,17,17,True
/mnt/c/Users/0M SAI RAM/Desktop/project/dataset/archive/derm12345_train_part_1/db/DERM_312560.jpg,db,17,17,17,True
/mnt/c/Users/0M SAI RAM/Desktop/project/dataset/archive/derm12345_train_part_1/db/DERM_666371.jpg,db,17,17,11,False
/mnt/c/Users/0M SAI RAM/Desktop/project/dataset/archive/derm12345_train_part_1/db/DERM_391320.jpg,db,17,17,17,True
/mnt/c/Users/0M SAI RAM/Desktop/project/dataset/archive/derm12345_train_part_1/db/DERM_993127.jpg,db,17,17,17,True
/mnt/c/Users/0M SAI RAM/Desktop/project/dataset/archive/derm12345_train_part_1/db/DERM_476357.jpg,db,17,17,11,False
/mnt/c/Users/0M SAI RAM/Desktop/project/dataset/archive/derm12345_train_part_1/db/DERM_115551.jpg,db,17,17,17,True
/mnt/c/Users/0M SAI RAM/Desktop/project/dataset/archive/derm12345_train_part_1/db/DERM_226091.jpg,db,17,17,17,True
/mnt/c/Users/0M SAI RAM/Desktop/project/dataset/archive/derm12345_train_part_1/db/DERM_171666.jpg,db,17,17,17,True
/mnt/c/Users/0M SAI RAM/Desktop/project/dataset/archive/derm12345_train_part_1/db/DERM_318859.jpg,db,17,17,17,True
/mnt/c/Users/0M SAI RAM/Desktop/project/dataset/archive/derm12345_train_part_1/db/DERM_551668.jpg,db,17,17,17,True
/mnt/c/Users/0M SAI RAM/Desktop/project/dataset/archive/derm12345_train_part_1/db/DERM_718025.jpg,db,17,17,17,True
/mnt/c/Users/0M SAI RAM/Desktop/project/dataset/archive/derm12345_train_part_1/db/DERM_304172.jpg,db,17,17,17,True
/mnt/c/Users/0M SAI RAM/Desktop/project/dataset/archive/derm12345_train_part_1/db/DERM_331292.jpg,db,17,17,17,True
/mnt/c/Users/0M SAI RAM/Desktop/project/dataset/archive/derm12345_train_part_1/db/DERM_769744.jpg,db,17,17,11,False
/mnt/c/Users/0M SAI RAM/Desktop/project/dataset/archive/derm12345_train_part_1/db/DERM_952740.jpg,db,17,17,17,True
/mnt/c/Users/0M SAI RAM/Desktop/project/dataset/archive/derm12345_train_part_1/db/DERM_546598.jpg,db,17,17,17,True
/mnt/c/Users/0M SAI RAM/Desktop/project/dataset/archive/derm12345_train_part_1/db/DERM_890383.jpg,db,17,17,17,True
/mnt/c/Users/0M SAI RAM/Desktop/project/dataset/archive/derm12345_train_part_1/db/DERM_645333.jpg,db,17,17,8,False
/mnt/c/Users/0M SAI RAM/Desktop/project/dataset/archive/derm12345_train_part_1/db/DERM_733662.jpg,db,17,17,37,False
/mnt/c/Users/0M SAI RAM/Desktop/project/dataset/archive/derm12345_train_part_1/db/DERM_295665.jpg,db,17,17,37,False
/mnt/c/Users/0M SAI RAM/Desktop/project/dataset/archive/derm12345_train_part_1/db/DERM_836402.jpg,db,17,17,22,False
/mnt/c/Users/0M SAI RAM/Desktop/project/dataset/archive/derm12345_train_part_1/db/DERM_837461.jpg,db,17,17,17,True
/mnt/c/Users/0M SAI RAM/Desktop/project/dataset/archive/derm12345_train_part_1/db/DERM_814934.jpg,db,17,17,11,False
/mnt/c/Users/0M SAI RAM/Desktop/project/dataset/archive/derm12345_train_part_1/db/DERM_786929.jpg,db,17,17,23,False
/mnt/c/Users/0M SAI RAM/Desktop/project/dataset/archive/derm12345_train_part_1/db/DERM_260754.jpg,db,17,17,3,False
/mnt/c/Users/0M SAI RAM/Desktop/project/dataset/archive/derm12345_train_part_1/db/DERM_102607.jpg,db,17,17,11,False
/mnt/c/Users/0M SAI RAM/Desktop/project/dataset/archive/derm12345_train_part_1/db/DERM_163999.jpg,db,17,17,11,False
/mnt/c/Users/0M SAI RAM/Desktop/project/dataset/archive/derm12345_train_part_1/db/DERM_265099.jpg,db,17,17,17,True
/mnt/c/Users/0M SAI RAM/Desktop/project/dataset/archive/derm12345_train_part_1/db/DERM_561854.jpg,db,17,17,11,False
/mnt/c/Users/0M SAI RAM/Desktop/project/dataset/archive/derm12345_train_part_1/db/DERM_295249.jpg,db,17,17,11,False
/mnt/c/Users/0M SAI RAM/Desktop/project/dataset/archive/derm12345_train_part_1/db/DERM_621592.jpg,db,17,17,11,False
/mnt/c/Users/0M SAI RAM/Desktop/project/dataset/archive/derm12345_train_part_1/db/DERM_246941.jpg,db,17,17,11,False
/mnt/c/Users/0M SAI RAM/Desktop/project/dataset/archive/derm12345_train_part_1/db/DERM_198686.jpg,db,17,17,17,True
/mnt/c/Users/0M SAI RAM/Desktop/project/dataset/archive/derm12345_train_part_1/db/DERM_414017.jpg,db,17,17,12,False
/mnt/c/Users/0M SAI RAM/Desktop/project/dataset/archive/derm12345_train_part_1/db/DERM_817918.jpg,db,17,17,17,True
/mnt/c/Users/0M SAI RAM/Desktop/project/dataset/archive/derm12345_train_part_1/db/DERM_952737.jpg,db,17,17,17,True
/mnt/c/Users/0M SAI RAM/Desktop/project/dataset/archive/derm12345_train_part_1/db/DERM_455629.jpg,db,17,17,22,False
/mnt/c/Users/0M SAI RAM/Desktop/project/dataset/archive/derm12345_train_part_1/db/DERM_141228.jpg,db,17,17,17,True
/mnt/c/Users/0M SAI RAM/Desktop/project/dataset/archive/derm12345_train_part_1/db/DERM_160223.jpg,db,17,17,17,True
/mnt/c/Users/0M SAI RAM/Desktop/project/dataset/archive/derm12345_train_part_1/db/DERM_865387.jpg,db,17,17,17,True
/mnt/c/Users/0M SAI RAM/Desktop/project/dataset/archive/derm12345_train_part_1/db/DERM_167100.jpg,db,17,17,3,False
/mnt/c/Users/0M SAI RAM/Desktop/project/dataset/archive/derm12345_train_part_1/db/DERM_182607.jpg,db,17,17,11,False
/mnt/c/Users/0M SAI RAM/Desktop/project/dataset/archive/derm12345_train_part_1/db/DERM_253228.jpg,db,17,17,11,False
/mnt/c/Users/0M SAI RAM/Desktop/project/dataset/archive/derm12345_train_part_1/db/DERM_288875.jpg,db,17,17,17,True
/mnt/c/Users/0M SAI RAM/Desktop/project/dataset/archive/derm12345_train_part_1/db/DERM_610505.jpg,db,17,17,22,False
/mnt/c/Users/0M SAI RAM/Desktop/project/dataset/archive/derm12345_train_part_1/db/DERM_728720.jpg,db,17,17,12,False
/mnt/c/Users/0M SAI RAM/Desktop/project/dataset/archive/derm12345_train_part_1/db/DERM_419852.jpg,db,17,17,17,True
/mnt/c/Users/0M SAI RAM/Desktop/project/dataset/archive/derm12345_train_part_1/db/DERM_783983.jpg,db,17,17,11,False
/mnt/c/Users/0M SAI RAM/Desktop/project/dataset/archive/derm12345_train_part_1/db/DERM_210583.jpg,db,17,17,17,True
/mnt/c/Users/0M SAI RAM/Desktop/project/dataset/archive/derm12345_train_part_1/db/DERM_566202.jpg,db,17,17,17,True
/mnt/c/Users/0M SAI RAM/Desktop/project/dataset/archive/derm12345_train_part_1/db/DERM_502165.jpg,db,17,17,17,True
/mnt/c/Users/0M SAI RAM/Desktop/project/dataset/archive/derm12345_train_part_1/db/DERM_627118.jpg,db,17,17,17,True
/mnt/c/Users/0M SAI RAM/Desktop/project/dataset/archive/derm12345_train_part_1/db/DERM_587511.jpg,db,17,17,17,True
/mnt/c/Users/0M SAI RAM/Desktop/project/dataset/archive/derm12345_train_part_1/db/DERM_733334.jpg,db,17,17,17,True
/mnt/c/Users/0M SAI RAM/Desktop/project/dataset/archive/derm12345_train_part_1/db/DERM_122880.jpg,db,17,17,17,True
/mnt/c/Users/0M SAI RAM/Desktop/project/dataset/archive/derm12345_train_part_1/db/DERM_471463.jpg,db,17,17,17,True
/mnt/c/Users/0M SAI RAM/Desktop/project/dataset/archive/derm12345_train_part_1/db/DERM_405718.jpg,db,17,17,17,True
/mnt/c/Users/0M SAI RAM/Desktop/project/dataset/archive/derm12345_train_part_1/db/DERM_453512.jpg,db,17,17,11,False
/mnt/c/Users/0M SAI RAM/Desktop/project/dataset/archive/derm12345_train_part_1/db/DERM_271059.jpg,db,17,17,37,False
/mnt/c/Users/0M SAI RAM/Desktop/project/dataset/archive/derm12345_train_part_1/db/DERM_902927.jpg,db,17,17,17,True
/mnt/c/Users/0M SAI RAM/Desktop/project/dataset/archive/derm12345_train_part_1/db/DERM_960013.jpg,db,17,17,11,False
/mnt/c/Users/0M SAI RAM/Desktop/project/dataset/archive/derm12345_train_part_1/df/DERM_153874.jpg,df,18,18,18,True
/mnt/c/Users/0M SAI RAM/Desktop/project/dataset/archive/derm12345_train_part_1/df/DERM_792907.jpg,df,18,18,30,False
/mnt/c/Users/0M SAI RAM/Desktop/project/dataset/archive/derm12345_train_part_1/df/DERM_705355.jpg,df,18,18,23,False
/mnt/c/Users/0M SAI RAM/Desktop/project/dataset/archive/derm12345_train_part_1/df/DERM_348539.jpg,df,18,18,18,True
/mnt/c/Users/0M SAI RAM/Desktop/project/dataset/archive/derm12345_train_part_1/df/DERM_421573.jpg,df,18,18,18,True
/mnt/c/Users/0M SAI RAM/Desktop/project/dataset/archive/derm12345_train_part_1/df/DERM_953233.jpg,df,18,18,22,False
/mnt/c/Users/0M SAI RAM/Desktop/project/dataset/archive/derm12345_train_part_1/df/DERM_100308.jpg,df,18,18,16,False
/mnt/c/Users/0M SAI RAM/Desktop/project/dataset/archive/derm12345_train_part_1/df/DERM_375085.jpg,df,18,18,17,False
/mnt/c/Users/0M SAI RAM/Desktop/project/dataset/archive/derm12345_train_part_1/df/DERM_550236.jpg,df,18,18,18,True
/mnt/c/Users/0M SAI RAM/Desktop/project/dataset/archive/derm12345_train_part_1/df/DERM_341834.jpg,df,18,18,18,True
/mnt/c/Users/0M SAI RAM/Desktop/project/dataset/archive/derm12345_train_part_1/df/DERM_302600.jpg,df,18,18,18,True
/mnt/c/Users/0M SAI RAM/Desktop/project/dataset/archive/derm12345_train_part_1/df/DERM_470494.jpg,df,18,18,18,True
/mnt/c/Users/0M SAI RAM/Desktop/project/dataset/archive/derm12345_train_part_1/df/DERM_800384.jpg,df,18,18,18,True
/mnt/c/Users/0M SAI RAM/Desktop/project/dataset/archive/derm12345_train_part_1/df/DERM_219811.jpg,df,18,18,16,False
/mnt/c/Users/0M SAI RAM/Desktop/project/dataset/archive/derm12345_train_part_1/df/DERM_681485.jpg,df,18,18,2,False
/mnt/c/Users/0M SAI RAM/Desktop/project/dataset/archive/derm12345_train_part_1/df/DERM_399591.jpg,df,18,18,18,True
/mnt/c/Users/0M SAI RAM/Desktop/project/dataset/archive/derm12345_train_part_1/df/DERM_633950.jpg,df,18,18,18,True
/mnt/c/Users/0M SAI RAM/Desktop/project/dataset/archive/derm12345_train_part_1/df/DERM_772230.jpg,df,18,18,18,True
/mnt/c/Users/0M SAI RAM/Desktop/project/dataset/archive/derm12345_train_part_1/df/DERM_177400.jpg,df,18,18,22,False
/mnt/c/Users/0M SAI RAM/Desktop/project/dataset/archive/derm12345_train_part_1/df/DERM_869138.jpg,df,18,18,3,False
/mnt/c/Users/0M SAI RAM/Desktop/project/dataset/archive/derm12345_train_part_1/df/DERM_446032.jpg,df,18,18,23,False
/mnt/c/Users/0M SAI RAM/Desktop/project/dataset/archive/derm12345_train_part_1/df/DERM_421040.jpg,df,18,18,18,True
/mnt/c/Users/0M SAI RAM/Desktop/project/dataset/archive/derm12345_train_part_1/df/DERM_460359.jpg,df,18,18,18,True
/mnt/c/Users/0M SAI RAM/Desktop/project/dataset/archive/derm12345_train_part_1/df/DERM_387132.jpg,df,18,18,11,False
/mnt/c/Users/0M SAI RAM/Desktop/project/dataset/archive/derm12345_train_part_1/df/DERM_632791.jpg,df,18,18,18,True
/mnt/c/Users/0M SAI RAM/Desktop/project/dataset/archive/derm12345_train_part_1/df/DERM_947446.jpg,df,18,18,20,False
/mnt/c/Users/0M SAI RAM/Desktop/project/dataset/archive/derm12345_train_part_1/df/DERM_584371.jpg,df,18,18,17,False
/mnt/c/Users/0M SAI RAM/Desktop/project/dataset/archive/derm12345_train_part_1/df/DERM_818571.jpg,df,18,18,11,False
/mnt/c/Users/0M SAI RAM/Desktop/project/dataset/archive/derm12345_train_part_1/df/DERM_302792.jpg,df,18,18,18,True
/mnt/c/Users/0M SAI RAM/Desktop/project/dataset/archive/derm12345_train_part_1/df/DERM_543286.jpg,df,18,18,17,False
/mnt/c/Users/0M SAI RAM/Desktop/project/dataset/archive/derm12345_train_part_1/df/DERM_641276.jpg,df,18,18,22,False
/mnt/c/Users/0M SAI RAM/Desktop/project/dataset/archive/derm12345_train_part_1/df/DERM_569311.jpg,df,18,18,11,False
/mnt/c/Users/0M SAI RAM/Desktop/project/dataset/archive/derm12345_train_part_1/df/DERM_998493.jpg,df,18,18,22,False
/mnt/c/Users/0M SAI RAM/Desktop/project/dataset/archive/derm12345_train_part_1/df/DERM_235298.jpg,df,18,18,18,True
/mnt/c/Users/0M SAI RAM/Desktop/project/dataset/archive/derm12345_train_part_1/df/DERM_579838.jpg,df,18,18,3,False
/mnt/c/Users/0M SAI RAM/Desktop/project/dataset/archive/derm12345_train_part_1/df/DERM_465092.jpg,df,18,18,18,True
/mnt/c/Users/0M SAI RAM/Desktop/project/dataset/archive/derm12345_train_part_1/df/DERM_474080.jpg,df,18,18,22,False
/mnt/c/Users/0M SAI RAM/Desktop/project/dataset/archive/derm12345_train_part_1/df/DERM_434894.jpg,df,18,18,22,False
/mnt/c/Users/0M SAI RAM/Desktop/project/dataset/archive/derm12345_train_part_1/df/DERM_153526.jpg,df,18,18,23,False
/mnt/c/Users/0M SAI RAM/Desktop/project/dataset/archive/derm12345_train_part_1/df/DERM_398339.jpg,df,18,18,18,True
/mnt/c/Users/0M SAI RAM/Desktop/project/dataset/archive/derm12345_train_part_1/df/DERM_985461.jpg,df,18,18,18,True
/mnt/c/Users/0M SAI RAM/Desktop/project/dataset/archive/derm12345_train_part_1/df/DERM_695559.jpg,df,18,18,18,True
/mnt/c/Users/0M SAI RAM/Desktop/project/dataset/archive/derm12345_train_part_1/df/DERM_563022.jpg,df,18,18,18,True
/mnt/c/Users/0M SAI RAM/Desktop/project/dataset/archive/derm12345_train_part_1/df/DERM_586413.jpg,df,18,18,18,True
/mnt/c/Users/0M SAI RAM/Desktop/project/dataset/archive/derm12345_train_part_1/df/DERM_578648.jpg,df,18,18,20,False
/mnt/c/Users/0M SAI RAM/Desktop/project/dataset/archive/derm12345_train_part_1/df/DERM_348109.jpg,df,18,18,3,False
/mnt/c/Users/0M SAI RAM/Desktop/project/dataset/archive/derm12345_train_part_1/df/DERM_214064.jpg,df,18,18,18,True
/mnt/c/Users/0M SAI RAM/Desktop/project/dataset/archive/derm12345_train_part_1/df/DERM_928692.jpg,df,18,18,23,False
/mnt/c/Users/0M SAI RAM/Desktop/project/dataset/archive/derm12345_train_part_1/dfsp/DERM_963445.jpg,dfsp,19,19,8,False
/mnt/c/Users/0M SAI RAM/Desktop/project/dataset/archive/derm12345_train_part_1/ha/DERM_170864.jpg,ha,20,20,20,True
/mnt/c/Users/0M SAI RAM/Desktop/project/dataset/archive/derm12345_train_part_1/ha/DERM_261609.jpg,ha,20,20,20,True
/mnt/c/Users/0M SAI RAM/Desktop/project/dataset/archive/derm12345_train_part_1/ha/DERM_568874.jpg,ha,20,20,20,True
/mnt/c/Users/0M SAI RAM/Desktop/project/dataset/archive/derm12345_train_part_1/ha/DERM_749458.jpg,ha,20,20,11,False
/mnt/c/Users/0M SAI RAM/Desktop/project/dataset/archive/derm12345_train_part_1/ha/DERM_660211.jpg,ha,20,20,20,True
/mnt/c/Users/0M SAI RAM/Desktop/project/dataset/archive/derm12345_train_part_1/ha/DERM_583218.jpg,ha,20,20,20,True
/mnt/c/Users/0M SAI RAM/Desktop/project/dataset/archive/derm12345_train_part_1/ha/DERM_653729.jpg,ha,20,20,20,True
/mnt/c/Users/0M SAI RAM/Desktop/project/dataset/archive/derm12345_train_part_1/ha/DERM_838304.jpg,ha,20,20,20,True
/mnt/c/Users/0M SAI RAM/Desktop/project/dataset/archive/derm12345_train_part_1/ha/DERM_902487.jpg,ha,20,20,20,True
/mnt/c/Users/0M SAI RAM/Desktop/project/dataset/archive/derm12345_train_part_1/ha/DERM_989160.jpg,ha,20,20,20,True
/mnt/c/Users/0M SAI RAM/Desktop/project/dataset/archive/derm12345_train_part_1/ha/DERM_399653.jpg,ha,20,20,20,True
/mnt/c/Users/0M SAI RAM/Desktop/project/dataset/archive/derm12345_train_part_1/ha/DERM_131179.jpg,ha,20,20,20,True
/mnt/c/Users/0M SAI RAM/Desktop/project/dataset/archive/derm12345_train_part_1/ha/DERM_871758.jpg,ha,20,20,20,True
/mnt/c/Users/0M SAI RAM/Desktop/project/dataset/archive/derm12345_train_part_1/ha/DERM_383219.jpg,ha,20,20,20,True
/mnt/c/Users/0M SAI RAM/Desktop/project/dataset/archive/derm12345_train_part_1/ha/DERM_744301.jpg,ha,20,20,8,False
/mnt/c/Users/0M SAI RAM/Desktop/project/dataset/archive/derm12345_train_part_1/ha/DERM_965533.jpg,ha,20,20,11,False
/mnt/c/Users/0M SAI RAM/Desktop/project/dataset/archive/derm12345_train_part_1/ha/DERM_179832.jpg,ha,20,20,17,False
/mnt/c/Users/0M SAI RAM/Desktop/project/dataset/archive/derm12345_train_part_1/ha/DERM_935634.jpg,ha,20,20,20,True
/mnt/c/Users/0M SAI RAM/Desktop/project/dataset/archive/derm12345_train_part_1/ha/DERM_978294.jpg,ha,20,20,20,True
/mnt/c/Users/0M SAI RAM/Desktop/project/dataset/archive/derm12345_train_part_1/ha/DERM_649516.jpg,ha,20,20,14,False
/mnt/c/Users/0M SAI RAM/Desktop/project/dataset/archive/derm12345_train_part_1/ha/DERM_327034.jpg,ha,20,20,17,False
/mnt/c/Users/0M SAI RAM/Desktop/project/dataset/archive/derm12345_train_part_1/ha/DERM_140074.jpg,ha,20,20,22,False
/mnt/c/Users/0M SAI RAM/Desktop/project/dataset/archive/derm12345_train_part_1/ha/DERM_327678.jpg,ha,20,20,22,False
/mnt/c/Users/0M SAI RAM/Desktop/project/dataset/archive/derm12345_train_part_1/ha/DERM_189409.jpg,ha,20,20,23,False
/mnt/c/Users/0M SAI RAM/Desktop/project/dataset/archive/derm12345_train_part_1/ha/DERM_236040.jpg,ha,20,20,20,True
/mnt/c/Users/0M SAI RAM/Desktop/project/dataset/archive/derm12345_train_part_1/ha/DERM_236238.jpg,ha,20,20,20,True
/mnt/c/Users/0M SAI RAM/Desktop/project/dataset/archive/derm12345_train_part_1/ha/DERM_375656.jpg,ha,20,20,20,True
/mnt/c/Users/0M SAI RAM/Desktop/project/dataset/archive/derm12345_train_part_1/ha/DERM_736784.jpg,ha,20,20,20,True
/mnt/c/Users/0M SAI RAM/Desktop/project/dataset/archive/derm12345_train_part_1/ha/DERM_881762.jpg,ha,20,20,20,True
/mnt/c/Users/0M SAI RAM/Desktop/project/dataset/archive/derm12345_train_part_1/ha/DERM_107265.jpg,ha,20,20,20,True
/mnt/c/Users/0M SAI RAM/Desktop/project/dataset/archive/derm12345_train_part_1/ha/DERM_572824.jpg,ha,20,20,20,True
/mnt/c/Users/0M SAI RAM/Desktop/project/dataset/archive/derm12345_train_part_1/ha/DERM_394533.jpg,ha,20,20,20,True
/mnt/c/Users/0M SAI RAM/Desktop/project/dataset/archive/derm12345_train_part_1/ha/DERM_978946.jpg,ha,20,20,20,True
/mnt/c/Users/0M SAI RAM/Desktop/project/dataset/archive/derm12345_train_part_1/ha/DERM_204031.jpg,ha,20,20,20,True
/mnt/c/Users/0M SAI RAM/Desktop/project/dataset/archive/derm12345_train_part_1/ha/DERM_478869.jpg,ha,20,20,20,True
/mnt/c/Users/0M SAI RAM/Desktop/project/dataset/archive/derm12345_train_part_1/ha/DERM_407415.jpg,ha,20,20,20,True
/mnt/c/Users/0M SAI RAM/Desktop/project/dataset/archive/derm12345_train_part_1/ha/DERM_578207.jpg,ha,20,20,20,True
/mnt/c/Users/0M SAI RAM/Desktop/project/dataset/archive/derm12345_train_part_1/ha/DERM_348716.jpg,ha,20,20,20,True
/mnt/c/Users/0M SAI RAM/Desktop/project/dataset/archive/derm12345_train_part_1/ha/DERM_463567.jpg,ha,20,20,20,True
/mnt/c/Users/0M SAI RAM/Desktop/project/dataset/archive/derm12345_train_part_1/ha/DERM_387394.jpg,ha,20,20,22,False
/mnt/c/Users/0M SAI RAM/Desktop/project/dataset/archive/derm12345_train_part_1/ha/DERM_985098.jpg,ha,20,20,23,False
/mnt/c/Users/0M SAI RAM/Desktop/project/dataset/archive/derm12345_train_part_1/ha/DERM_896545.jpg,ha,20,20,17,False
/mnt/c/Users/0M SAI RAM/Desktop/project/dataset/archive/derm12345_train_part_1/ha/DERM_953535.jpg,ha,20,20,20,True
/mnt/c/Users/0M SAI RAM/Desktop/project/dataset/archive/derm12345_train_part_1/ha/DERM_900986.jpg,ha,20,20,11,False
/mnt/c/Users/0M SAI RAM/Desktop/project/dataset/archive/derm12345_train_part_1/ha/DERM_727041.jpg,ha,20,20,20,True
/mnt/c/Users/0M SAI RAM/Desktop/project/dataset/archive/derm12345_train_part_1/isl/DERM_741549.jpg,isl,21,21,21,True
/mnt/c/Users/0M SAI RAM/Desktop/project/dataset/archive/derm12345_train_part_1/jb/DERM_176968.jpg,jb,22,22,23,False
/mnt/c/Users/0M SAI RAM/Desktop/project/dataset/archive/derm12345_train_part_1/jb/DERM_590825.jpg,jb,22,22,3,False
/mnt/c/Users/0M SAI RAM/Desktop/project/dataset/archive/derm12345_train_part_1/jb/DERM_449702.jpg,jb,22,22,11,False
/mnt/c/Users/0M SAI RAM/Desktop/project/dataset/archive/derm12345_train_part_1/jb/DERM_979801.jpg,jb,22,22,22,True
/mnt/c/Users/0M SAI RAM/Desktop/project/dataset/archive/derm12345_train_part_1/jb/DERM_110472.jpg,jb,22,22,22,True
/mnt/c/Users/0M SAI RAM/Desktop/project/dataset/archive/derm12345_train_part_1/jb/DERM_751424.jpg,jb,22,22,22,True
/mnt/c/Users/0M SAI RAM/Desktop/project/dataset/archive/derm12345_train_part_1/jb/DERM_261446.jpg,jb,22,22,23,False
/mnt/c/Users/0M SAI RAM/Desktop/project/dataset/archive/derm12345_train_part_1/jb/DERM_600516.jpg,jb,22,22,23,False
/mnt/c/Users/0M SAI RAM/Desktop/project/dataset/archive/derm12345_train_part_1/jb/DERM_119776.jpg,jb,22,22,23,False
/mnt/c/Users/0M SAI RAM/Desktop/project/dataset/archive/derm12345_train_part_1/jb/DERM_341984.jpg,jb,22,22,22,True
/mnt/c/Users/0M SAI RAM/Desktop/project/dataset/archive/derm12345_train_part_1/jb/DERM_113614.jpg,jb,22,22,22,True
/mnt/c/Users/0M SAI RAM/Desktop/project/dataset/archive/derm12345_train_part_1/jb/DERM_359250.jpg,jb,22,22,23,False
/mnt/c/Users/0M SAI RAM/Desktop/project/dataset/archive/derm12345_train_part_1/jb/DERM_201266.jpg,jb,22,22,22,True
/mnt/c/Users/0M SAI RAM/Desktop/project/dataset/archive/derm12345_train_part_1/jb/DERM_350352.jpg,jb,22,22,14,False
/mnt/c/Users/0M SAI RAM/Desktop/project/dataset/archive/derm12345_train_part_1/jb/DERM_482846.jpg,jb,22,22,14,False
/mnt/c/Users/0M SAI RAM/Desktop/project/dataset/archive/derm12345_train_part_1/jb/DERM_849029.jpg,jb,22,22,22,True
/mnt/c/Users/0M SAI RAM/Desktop/project/dataset/archive/derm12345_train_part_1/jb/DERM_218669.jpg,jb,22,22,23,False
/mnt/c/Users/0M SAI RAM/Desktop/project/dataset/archive/derm12345_train_part_1/jb/DERM_316345.jpg,jb,22,22,23,False
/mnt/c/Users/0M SAI RAM/Desktop/project/dataset/archive/derm12345_train_part_1/jb/DERM_212338.jpg,jb,22,22,14,False
/mnt/c/Users/0M SAI RAM/Desktop/project/dataset/archive/derm12345_train_part_1/jb/DERM_761471.jpg,jb,22,22,11,False
/mnt/c/Users/0M SAI RAM/Desktop/project/dataset/archive/derm12345_train_part_1/jb/DERM_290906.jpg,jb,22,22,14,False
/mnt/c/Users/0M SAI RAM/Desktop/project/dataset/archive/derm12345_train_part_1/jb/DERM_312932.jpg,jb,22,22,23,False
/mnt/c/Users/0M SAI RAM/Desktop/project/dataset/archive/derm12345_train_part_1/jb/DERM_338371.jpg,jb,22,22,23,False
/mnt/c/Users/0M SAI RAM/Desktop/project/dataset/archive/derm12345_train_part_1/jb/DERM_129076.jpg,jb,22,22,22,True
/mnt/c/Users/0M SAI RAM/Desktop/project/dataset/archive/derm12345_train_part_1/jb/DERM_733540.jpg,jb,22,22,22,True
/mnt/c/Users/0M SAI RAM/Desktop/project/dataset/archive/derm12345_train_part_1/jb/DERM_718073.jpg,jb,22,22,3,False
/mnt/c/Users/0M SAI RAM/Desktop/project/dataset/archive/derm12345_train_part_1/jb/DERM_328324.jpg,jb,22,22,23,False
/mnt/c/Users/0M SAI RAM/Desktop/project/dataset/archive/derm12345_train_part_1/jb/DERM_500952.jpg,jb,22,22,22,True
/mnt/c/Users/0M SAI RAM/Desktop/project/dataset/archive/derm12345_train_part_1/jb/DERM_230040.jpg,jb,22,22,12,False
/mnt/c/Users/0M SAI RAM/Desktop/project/dataset/archive/derm12345_train_part_1/jb/DERM_954730.jpg,jb,22,22,22,True
/mnt/c/Users/0M SAI RAM/Desktop/project/dataset/archive/derm12345_train_part_1/jb/DERM_577720.jpg,jb,22,22,22,True
/mnt/c/Users/0M SAI RAM/Desktop/project/dataset/archive/derm12345_train_part_1/jb/DERM_325177.jpg,jb,22,22,23,False
/mnt/c/Users/0M SAI RAM/Desktop/project/dataset/archive/derm12345_train_part_1/jb/DERM_268638.jpg,jb,22,22,22,True
/mnt/c/Users/0M SAI RAM/Desktop/project/dataset/archive/derm12345_train_part_1/jb/DERM_951924.jpg,jb,22,22,22,True
/mnt/c/Users/0M SAI RAM/Desktop/project/dataset/archive/derm12345_train_part_1/jb/DERM_674150.jpg,jb,22,22,17,False
/mnt/c/Users/0M SAI RAM/Desktop/project/dataset/archive/derm12345_train_part_1/jb/DERM_921009.jpg,jb,22,22,22,True
/mnt/c/Users/0M SAI RAM/Desktop/project/dataset/archive/derm12345_train_part_1/jb/DERM_125779.jpg,jb,22,22,22,True
/mnt/c/Users/0M SAI RAM/Desktop/project/dataset/archive/derm12345_train_part_1/jb/DERM_360103.jpg,jb,22,22,11,False
/mnt/c/Users/0M SAI RAM/Desktop/project/dataset/archive/derm12345_train_part_1/jb/DERM_439992.jpg,jb,22,22,2,False
/mnt/c/Users/0M SAI RAM/Desktop/project/dataset/archive/derm12345_train_part_1/jb/DERM_365747.jpg,jb,22,22,22,True
/mnt/c/Users/0M SAI RAM/Desktop/project/dataset/archive/derm12345_train_part_1/jb/DERM_710572.jpg,jb,22,22,22,True
/mnt/c/Users/0M SAI RAM/Desktop/project/dataset/archive/derm12345_train_part_1/jb/DERM_418975.jpg,jb,22,22,11,False
/mnt/c/Users/0M SAI RAM/Desktop/project/dataset/archive/derm12345_train_part_1/jb/DERM_252826.jpg,jb,22,22,17,False
/mnt/c/Users/0M SAI RAM/Desktop/project/dataset/archive/derm12345_train_part_1/jb/DERM_431801.jpg,jb,22,22,23,False
/mnt/c/Users/0M SAI RAM/Desktop/project/dataset/archive/derm12345_train_part_1/jb/DERM_630260.jpg,jb,22,22,22,True
/mnt/c/Users/0M SAI RAM/Desktop/project/dataset/archive/derm12345_train_part_1/jb/DERM_266509.jpg,jb,22,22,22,True
/mnt/c/Users/0M SAI RAM/Desktop/project/dataset/archive/derm12345_train_part_1/jb/DERM_883226.jpg,jb,22,22,22,True
/mnt/c/Users/0M SAI RAM/Desktop/project/dataset/archive/derm12345_train_part_1/jb/DERM_883332.jpg,jb,22,22,23,False
/mnt/c/Users/0M SAI RAM/Desktop/project/dataset/archive/derm12345_train_part_1/jb/DERM_477986.jpg,jb,22,22,23,False
/mnt/c/Users/0M SAI RAM/Desktop/project/dataset/archive/derm12345_train_part_1/jb/DERM_467142.jpg,jb,22,22,23,False
/mnt/c/Users/0M SAI RAM/Desktop/project/dataset/archive/derm12345_train_part_1/jb/DERM_322555.jpg,jb,22,22,23,False
/mnt/c/Users/0M SAI RAM/Desktop/project/dataset/archive/derm12345_train_part_1/jb/DERM_482757.jpg,jb,22,22,23,False
/mnt/c/Users/0M SAI RAM/Desktop/project/dataset/archive/derm12345_train_part_1/jb/DERM_806216.jpg,jb,22,22,3,False
/mnt/c/Users/0M SAI RAM/Desktop/project/dataset/archive/derm12345_train_part_1/jb/DERM_150100.jpg,jb,22,22,22,True
/mnt/c/Users/0M SAI RAM/Desktop/project/dataset/archive/derm12345_train_part_1/jb/DERM_220368.jpg,jb,22,22,22,True
/mnt/c/Users/0M SAI RAM/Desktop/project/dataset/archive/derm12345_train_part_1/jb/DERM_406168.jpg,jb,22,22,22,True
/mnt/c/Users/0M SAI RAM/Desktop/project/dataset/archive/derm12345_train_part_1/jb/DERM_940723.jpg,jb,22,22,11,False
/mnt/c/Users/0M SAI RAM/Desktop/project/dataset/archive/derm12345_train_part_1/jb/DERM_372951.jpg,jb,22,22,22,True
/mnt/c/Users/0M SAI RAM/Desktop/project/dataset/archive/derm12345_train_part_1/jb/DERM_865326.jpg,jb,22,22,37,False
/mnt/c/Users/0M SAI RAM/Desktop/project/dataset/archive/derm12345_train_part_1/jb/DERM_739234.jpg,jb,22,22,23,False
/mnt/c/Users/0M SAI RAM/Desktop/project/dataset/archive/derm12345_train_part_1/jb/DERM_491885.jpg,jb,22,22,22,True
/mnt/c/Users/0M SAI RAM/Desktop/project/dataset/archive/derm12345_train_part_1/jb/DERM_815787.jpg,jb,22,22,23,False
/mnt/c/Users/0M SAI RAM/Desktop/project/dataset/archive/derm12345_train_part_1/jb/DERM_100235.jpg,jb,22,22,22,True
/mnt/c/Users/0M SAI RAM/Desktop/project/dataset/archive/derm12345_train_part_1/jb/DERM_791716.jpg,jb,22,22,22,True
/mnt/c/Users/0M SAI RAM/Desktop/project/dataset/archive/derm12345_train_part_1/jb/DERM_443224.jpg,jb,22,22,18,False
/mnt/c/Users/0M SAI RAM/Desktop/project/dataset/archive/derm12345_train_part_1/jb/DERM_739099.jpg,jb,22,22,2,False
/mnt/c/Users/0M SAI RAM/Desktop/project/dataset/archive/derm12345_train_part_1/jb/DERM_381387.jpg,jb,22,22,23,False
/mnt/c/Users/0M SAI RAM/Desktop/project/dataset/archive/derm12345_train_part_1/jb/DERM_607524.jpg,jb,22,22,17,False
/mnt/c/Users/0M SAI RAM/Desktop/project/dataset/archive/derm12345_train_part_1/jb/DERM_913802.jpg,jb,22,22,22,True
/mnt/c/Users/0M SAI RAM/Desktop/project/dataset/archive/derm12345_train_part_1/jb/DERM_492143.jpg,jb,22,22,23,False
/mnt/c/Users/0M SAI RAM/Desktop/project/dataset/archive/derm12345_train_part_1/jb/DERM_824697.jpg,jb,22,22,22,True
/mnt/c/Users/0M SAI RAM/Desktop/project/dataset/archive/derm12345_train_part_1/jb/DERM_924614.jpg,jb,22,22,22,True
/mnt/c/Users/0M SAI RAM/Desktop/project/dataset/archive/derm12345_train_part_1/jb/DERM_134690.jpg,jb,22,22,10,False
/mnt/c/Users/0M SAI RAM/Desktop/project/dataset/archive/derm12345_train_part_1/jb/DERM_888533.jpg,jb,22,22,23,False
/mnt/c/Users/0M SAI RAM/Desktop/project/dataset/archive/derm12345_train_part_1/jb/DERM_467915.jpg,jb,22,22,22,True
/mnt/c/Users/0M SAI RAM/Desktop/project/dataset/archive/derm12345_train_part_1/jb/DERM_786320.jpg,jb,22,22,23,False
/mnt/c/Users/0M SAI RAM/Desktop/project/dataset/archive/derm12345_train_part_1/jb/DERM_814320.jpg,jb,22,22,22,True
/mnt/c/Users/0M SAI RAM/Desktop/project/dataset/archive/derm12345_train_part_1/jb/DERM_595850.jpg,jb,22,22,23,False
/mnt/c/Users/0M SAI RAM/Desktop/project/dataset/archive/derm12345_train_part_1/jb/DERM_761586.jpg,jb,22,22,22,True
/mnt/c/Users/0M SAI RAM/Desktop/project/dataset/archive/derm12345_train_part_1/jb/DERM_283843.jpg,jb,22,22,22,True
/mnt/c/Users/0M SAI RAM/Desktop/project/dataset/archive/derm12345_train_part_1/jb/DERM_201319.jpg,jb,22,22,20,False
/mnt/c/Users/0M SAI RAM/Desktop/project/dataset/archive/derm12345_train_part_1/jb/DERM_232155.jpg,jb,22,22,11,False
/mnt/c/Users/0M SAI RAM/Desktop/project/dataset/archive/derm12345_train_part_1/jb/DERM_277106.jpg,jb,22,22,23,False
/mnt/c/Users/0M SAI RAM/Desktop/project/dataset/archive/derm12345_train_part_1/jb/DERM_316197.jpg,jb,22,22,20,False
/mnt/c/Users/0M SAI RAM/Desktop/project/dataset/archive/derm12345_train_part_1/jb/DERM_716568.jpg,jb,22,22,22,True
/mnt/c/Users/0M SAI RAM/Desktop/project/dataset/archive/derm12345_train_part_1/jb/DERM_462013.jpg,jb,22,22,22,True
/mnt/c/Users/0M SAI RAM/Desktop/project/dataset/archive/derm12345_train_part_1/jb/DERM_871365.jpg,jb,22,22,2,False
/mnt/c/Users/0M SAI RAM/Desktop/project/dataset/archive/derm12345_train_part_1/jb/DERM_606011.jpg,jb,22,22,37,False
/mnt/c/Users/0M SAI RAM/Desktop/project/dataset/archive/derm12345_train_part_1/jb/DERM_801198.jpg,jb,22,22,22,True
/mnt/c/Users/0M SAI RAM/Desktop/project/dataset/archive/derm12345_train_part_1/jb/DERM_907738.jpg,jb,22,22,30,False
/mnt/c/Users/0M SAI RAM/Desktop/project/dataset/archive/derm12345_train_part_1/jb/DERM_107351.jpg,jb,22,22,0,False
/mnt/c/Users/0M SAI RAM/Desktop/project/dataset/archive/derm12345_train_part_1/jb/DERM_274228.jpg,jb,22,22,2,False
/mnt/c/Users/0M SAI RAM/Desktop/project/dataset/archive/derm12345_train_part_1/jb/DERM_610500.jpg,jb,22,22,23,False
/mnt/c/Users/0M SAI RAM/Desktop/project/dataset/archive/derm12345_train_part_1/jb/DERM_161427.jpg,jb,22,22,23,False
/mnt/c/Users/0M SAI RAM/Desktop/project/dataset/archive/derm12345_train_part_1/jb/DERM_194390.jpg,jb,22,22,11,False
/mnt/c/Users/0M SAI RAM/Desktop/project/dataset/archive/derm12345_train_part_1/jb/DERM_385956.jpg,jb,22,22,23,False
/mnt/c/Users/0M SAI RAM/Desktop/project/dataset/archive/derm12345_train_part_1/jb/DERM_516970.jpg,jb,22,22,3,False
/mnt/c/Users/0M SAI RAM/Desktop/project/dataset/archive/derm12345_train_part_1/jb/DERM_583902.jpg,jb,22,22,22,True
/mnt/c/Users/0M SAI RAM/Desktop/project/dataset/archive/derm12345_train_part_1/jb/DERM_668568.jpg,jb,22,22,22,True
/mnt/c/Users/0M SAI RAM/Desktop/project/dataset/archive/derm12345_train_part_1/jb/DERM_196587.jpg,jb,22,22,22,True
/mnt/c/Users/0M SAI RAM/Desktop/project/dataset/archive/derm12345_train_part_1/jb/DERM_741497.jpg,jb,22,22,23,False
/mnt/c/Users/0M SAI RAM/Desktop/project/dataset/archive/derm12345_train_part_1/jb/DERM_443287.jpg,jb,22,22,22,True
/mnt/c/Users/0M SAI RAM/Desktop/project/dataset/archive/derm12345_train_part_1/jb/DERM_260545.jpg,jb,22,22,11,False
/mnt/c/Users/0M SAI RAM/Desktop/project/dataset/archive/derm12345_train_part_1/jb/DERM_933880.jpg,jb,22,22,14,False
/mnt/c/Users/0M SAI RAM/Desktop/project/dataset/archive/derm12345_train_part_1/jb/DERM_779704.jpg,jb,22,22,23,False
/mnt/c/Users/0M SAI RAM/Desktop/project/dataset/archive/derm12345_train_part_1/jb/DERM_676740.jpg,jb,22,22,14,False
/mnt/c/Users/0M SAI RAM/Desktop/project/dataset/archive/derm12345_train_part_1/jb/DERM_297379.jpg,jb,22,22,23,False
/mnt/c/Users/0M SAI RAM/Desktop/project/dataset/archive/derm12345_train_part_1/jb/DERM_435404.jpg,jb,22,22,22,True
/mnt/c/Users/0M SAI RAM/Desktop/project/dataset/archive/derm12345_train_part_1/jb/DERM_777268.jpg,jb,22,22,22,True
/mnt/c/Users/0M SAI RAM/Desktop/project/dataset/archive/derm12345_train_part_1/jb/DERM_531914.jpg,jb,22,22,23,False
/mnt/c/Users/0M SAI RAM/Desktop/project/dataset/archive/derm12345_train_part_1/jb/DERM_248229.jpg,jb,22,22,23,False
/mnt/c/Users/0M SAI RAM/Desktop/project/dataset/archive/derm12345_train_part_1/jb/DERM_630445.jpg,jb,22,22,11,False
/mnt/c/Users/0M SAI RAM/Desktop/project/dataset/archive/derm12345_train_part_1/jb/DERM_469918.jpg,jb,22,22,11,False
/mnt/c/Users/0M SAI RAM/Desktop/project/dataset/archive/derm12345_train_part_1/jb/DERM_841648.jpg,jb,22,22,37,False
/mnt/c/Users/0M SAI RAM/Desktop/project/dataset/archive/derm12345_train_part_1/jb/DERM_499197.jpg,jb,22,22,22,True
/mnt/c/Users/0M SAI RAM/Desktop/project/dataset/archive/derm12345_train_part_1/jb/DERM_302770.jpg,jb,22,22,23,False
/mnt/c/Users/0M SAI RAM/Desktop/project/dataset/archive/derm12345_train_part_1/jb/DERM_296326.jpg,jb,22,22,30,False
/mnt/c/Users/0M SAI RAM/Desktop/project/dataset/archive/derm12345_train_part_1/jb/DERM_714104.jpg,jb,22,22,23,False
/mnt/c/Users/0M SAI RAM/Desktop/project/dataset/archive/derm12345_train_part_1/jb/DERM_166096.jpg,jb,22,22,22,True
/mnt/c/Users/0M SAI RAM/Desktop/project/dataset/archive/derm12345_train_part_1/jb/DERM_219917.jpg,jb,22,22,30,False
/mnt/c/Users/0M SAI RAM/Desktop/project/dataset/archive/derm12345_train_part_1/jb/DERM_781713.jpg,jb,22,22,18,False
/mnt/c/Users/0M SAI RAM/Desktop/project/dataset/archive/derm12345_train_part_1/jb/DERM_635200.jpg,jb,22,22,23,False
/mnt/c/Users/0M SAI RAM/Desktop/project/dataset/archive/derm12345_train_part_1/jb/DERM_342098.jpg,jb,22,22,23,False
/mnt/c/Users/0M SAI RAM/Desktop/project/dataset/archive/derm12345_train_part_1/jb/DERM_246606.jpg,jb,22,22,22,True
/mnt/c/Users/0M SAI RAM/Desktop/project/dataset/archive/derm12345_train_part_1/jb/DERM_567131.jpg,jb,22,22,22,True
/mnt/c/Users/0M SAI RAM/Desktop/project/dataset/archive/derm12345_train_part_1/jb/DERM_868572.jpg,jb,22,22,23,False
/mnt/c/Users/0M SAI RAM/Desktop/project/dataset/archive/derm12345_train_part_1/jb/DERM_444849.jpg,jb,22,22,22,True
/mnt/c/Users/0M SAI RAM/Desktop/project/dataset/archive/derm12345_train_part_1/jb/DERM_925623.jpg,jb,22,22,22,True
/mnt/c/Users/0M SAI RAM/Desktop/project/dataset/archive/derm12345_train_part_1/jb/DERM_231254.jpg,jb,22,22,23,False
/mnt/c/Users/0M SAI RAM/Desktop/project/dataset/archive/derm12345_train_part_1/jb/DERM_324511.jpg,jb,22,22,22,True
/mnt/c/Users/0M SAI RAM/Desktop/project/dataset/archive/derm12345_train_part_1/jb/DERM_268434.jpg,jb,22,22,14,False
/mnt/c/Users/0M SAI RAM/Desktop/project/dataset/archive/derm12345_train_part_1/jb/DERM_565383.jpg,jb,22,22,22,True
/mnt/c/Users/0M SAI RAM/Desktop/project/dataset/archive/derm12345_train_part_1/jb/DERM_771701.jpg,jb,22,22,23,False
/mnt/c/Users/0M SAI RAM/Desktop/project/dataset/archive/derm12345_train_part_1/jb/DERM_800937.jpg,jb,22,22,22,True
/mnt/c/Users/0M SAI RAM/Desktop/project/dataset/archive/derm12345_train_part_1/jb/DERM_167850.jpg,jb,22,22,11,False
/mnt/c/Users/0M SAI RAM/Desktop/project/dataset/archive/derm12345_train_part_1/jb/DERM_758837.jpg,jb,22,22,23,False
/mnt/c/Users/0M SAI RAM/Desktop/project/dataset/archive/derm12345_train_part_1/jb/DERM_179223.jpg,jb,22,22,37,False
/mnt/c/Users/0M SAI RAM/Desktop/project/dataset/archive/derm12345_train_part_1/jb/DERM_940474.jpg,jb,22,22,23,False
/mnt/c/Users/0M SAI RAM/Desktop/project/dataset/archive/derm12345_train_part_1/jb/DERM_788831.jpg,jb,22,22,23,False
/mnt/c/Users/0M SAI RAM/Desktop/project/dataset/archive/derm12345_train_part_1/jb/DERM_361040.jpg,jb,22,22,23,False
/mnt/c/Users/0M SAI RAM/Desktop/project/dataset/archive/derm12345_train_part_1/jb/DERM_123616.jpg,jb,22,22,23,False
/mnt/c/Users/0M SAI RAM/Desktop/project/dataset/archive/derm12345_train_part_1/jb/DERM_783353.jpg,jb,22,22,22,True
/mnt/c/Users/0M SAI RAM/Desktop/project/dataset/archive/derm12345_train_part_1/jb/DERM_228380.jpg,jb,22,22,22,True
/mnt/c/Users/0M SAI RAM/Desktop/project/dataset/archive/derm12345_train_part_1/jb/DERM_868455.jpg,jb,22,22,23,False
/mnt/c/Users/0M SAI RAM/Desktop/project/dataset/archive/derm12345_train_part_1/jb/DERM_647040.jpg,jb,22,22,23,False
/mnt/c/Users/0M SAI RAM/Desktop/project/dataset/archive/derm12345_train_part_1/jb/DERM_394590.jpg,jb,22,22,14,False
/mnt/c/Users/0M SAI RAM/Desktop/project/dataset/archive/derm12345_train_part_1/jb/DERM_977732.jpg,jb,22,22,22,True
/mnt/c/Users/0M SAI RAM/Desktop/project/dataset/archive/derm12345_train_part_1/jb/DERM_278177.jpg,jb,22,22,22,True
/mnt/c/Users/0M SAI RAM/Desktop/project/dataset/archive/derm12345_train_part_1/jb/DERM_119471.jpg,jb,22,22,12,False
/mnt/c/Users/0M SAI RAM/Desktop/project/dataset/archive/derm12345_train_part_1/jb/DERM_635204.jpg,jb,22,22,37,False
/mnt/c/Users/0M SAI RAM/Desktop/project/dataset/archive/derm12345_train_part_1/jb/DERM_409925.jpg,jb,22,22,22,True
/mnt/c/Users/0M SAI RAM/Desktop/project/dataset/archive/derm12345_train_part_1/jb/DERM_585876.jpg,jb,22,22,11,False
/mnt/c/Users/0M SAI RAM/Desktop/project/dataset/archive/derm12345_train_part_1/jb/DERM_169518.jpg,jb,22,22,22,True
/mnt/c/Users/0M SAI RAM/Desktop/project/dataset/archive/derm12345_train_part_1/jb/DERM_453287.jpg,jb,22,22,10,False
/mnt/c/Users/0M SAI RAM/Desktop/project/dataset/archive/derm12345_train_part_1/jb/DERM_615322.jpg,jb,22,22,37,False
/mnt/c/Users/0M SAI RAM/Desktop/project/dataset/archive/derm12345_train_part_1/jb/DERM_857903.jpg,jb,22,22,22,True
/mnt/c/Users/0M SAI RAM/Desktop/project/dataset/archive/derm12345_train_part_1/jb/DERM_692416.jpg,jb,22,22,22,True
/mnt/c/Users/0M SAI RAM/Desktop/project/dataset/archive/derm12345_train_part_1/jb/DERM_495769.jpg,jb,22,22,22,True
/mnt/c/Users/0M SAI RAM/Desktop/project/dataset/archive/derm12345_train_part_1/jb/DERM_463531.jpg,jb,22,22,22,True
/mnt/c/Users/0M SAI RAM/Desktop/project/dataset/archive/derm12345_train_part_1/jb/DERM_613873.jpg,jb,22,22,22,True
/mnt/c/Users/0M SAI RAM/Desktop/project/dataset/archive/derm12345_train_part_1/jb/DERM_896057.jpg,jb,22,22,22,True
/mnt/c/Users/0M SAI RAM/Desktop/project/dataset/archive/derm12345_train_part_1/jb/DERM_422228.jpg,jb,22,22,23,False
/mnt/c/Users/0M SAI RAM/Desktop/project/dataset/archive/derm12345_train_part_1/jb/DERM_441536.jpg,jb,22,22,17,False
/mnt/c/Users/0M SAI RAM/Desktop/project/dataset/archive/derm12345_train_part_1/jb/DERM_476503.jpg,jb,22,22,23,False
/mnt/c/Users/0M SAI RAM/Desktop/project/dataset/archive/derm12345_train_part_1/jb/DERM_720292.jpg,jb,22,22,17,False
/mnt/c/Users/0M SAI RAM/Desktop/project/dataset/archive/derm12345_train_part_1/jb/DERM_892886.jpg,jb,22,22,23,False
/mnt/c/Users/0M SAI RAM/Desktop/project/dataset/archive/derm12345_train_part_1/jb/DERM_921990.jpg,jb,22,22,23,False
/mnt/c/Users/0M SAI RAM/Desktop/project/dataset/archive/derm12345_train_part_1/jb/DERM_674277.jpg,jb,22,22,22,True
/mnt/c/Users/0M SAI RAM/Desktop/project/dataset/archive/derm12345_train_part_1/jb/DERM_281825.jpg,jb,22,22,23,False
/mnt/c/Users/0M SAI RAM/Desktop/project/dataset/archive/derm12345_train_part_1/jb/DERM_158134.jpg,jb,22,22,23,False
/mnt/c/Users/0M SAI RAM/Desktop/project/dataset/archive/derm12345_train_part_1/jb/DERM_723504.jpg,jb,22,22,11,False
/mnt/c/Users/0M SAI RAM/Desktop/project/dataset/archive/derm12345_train_part_1/jb/DERM_430079.jpg,jb,22,22,2,False
/mnt/c/Users/0M SAI RAM/Desktop/project/dataset/archive/derm12345_train_part_1/jb/DERM_239343.jpg,jb,22,22,22,True
/mnt/c/Users/0M SAI RAM/Desktop/project/dataset/archive/derm12345_train_part_1/jb/DERM_735970.jpg,jb,22,22,23,False
/mnt/c/Users/0M SAI RAM/Desktop/project/dataset/archive/derm12345_train_part_1/jb/DERM_459000.jpg,jb,22,22,23,False
/mnt/c/Users/0M SAI RAM/Desktop/project/dataset/archive/derm12345_train_part_1/jb/DERM_402583.jpg,jb,22,22,22,True
/mnt/c/Users/0M SAI RAM/Desktop/project/dataset/archive/derm12345_train_part_1/jb/DERM_857962.jpg,jb,22,22,22,True
/mnt/c/Users/0M SAI RAM/Desktop/project/dataset/archive/derm12345_train_part_1/jb/DERM_173712.jpg,jb,22,22,23,False
/mnt/c/Users/0M SAI RAM/Desktop/project/dataset/archive/derm12345_train_part_1/jb/DERM_707810.jpg,jb,22,22,23,False
/mnt/c/Users/0M SAI RAM/Desktop/project/dataset/archive/derm12345_train_part_1/jb/DERM_266773.jpg,jb,22,22,22,True
/mnt/c/Users/0M SAI RAM/Desktop/project/dataset/archive/derm12345_train_part_1/jb/DERM_453983.jpg,jb,22,22,22,True
/mnt/c/Users/0M SAI RAM/Desktop/project/dataset/archive/derm12345_train_part_1/jb/DERM_884287.jpg,jb,22,22,22,True
/mnt/c/Users/0M SAI RAM/Desktop/project/dataset/archive/derm12345_train_part_1/jb/DERM_355943.jpg,jb,22,22,23,False
/mnt/c/Users/0M SAI RAM/Desktop/project/dataset/archive/derm12345_train_part_1/jb/DERM_152991.jpg,jb,22,22,23,False
/mnt/c/Users/0M SAI RAM/Desktop/project/dataset/archive/derm12345_train_part_1/jb/DERM_188480.jpg,jb,22,22,23,False
/mnt/c/Users/0M SAI RAM/Desktop/project/dataset/archive/derm12345_train_part_1/jb/DERM_662054.jpg,jb,22,22,23,False
/mnt/c/Users/0M SAI RAM/Desktop/project/dataset/archive/derm12345_train_part_1/jb/DERM_301743.jpg,jb,22,22,23,False
/mnt/c/Users/0M SAI RAM/Desktop/project/dataset/archive/derm12345_train_part_1/jb/DERM_238316.jpg,jb,22,22,23,False
/mnt/c/Users/0M SAI RAM/Desktop/project/dataset/archive/derm12345_train_part_1/jb/DERM_349403.jpg,jb,22,22,23,False
/mnt/c/Users/0M SAI RAM/Desktop/project/dataset/archive/derm12345_train_part_1/jb/DERM_420893.jpg,jb,22,22,22,True
/mnt/c/Users/0M SAI RAM/Desktop/project/dataset/archive/derm12345_train_part_1/jb/DERM_694108.jpg,jb,22,22,23,False
/mnt/c/Users/0M SAI RAM/Desktop/project/dataset/archive/derm12345_train_part_1/jb/DERM_485318.jpg,jb,22,22,22,True
/mnt/c/Users/0M SAI RAM/Desktop/project/dataset/archive/derm12345_train_part_1/jb/DERM_478068.jpg,jb,22,22,23,False
/mnt/c/Users/0M SAI RAM/Desktop/project/dataset/archive/derm12345_train_part_1/jb/DERM_419118.jpg,jb,22,22,23,False
/mnt/c/Users/0M SAI RAM/Desktop/project/dataset/archive/derm12345_train_part_1/jb/DERM_704518.jpg,jb,22,22,22,True
/mnt/c/Users/0M SAI RAM/Desktop/project/dataset/archive/derm12345_train_part_1/jb/DERM_816282.jpg,jb,22,22,23,False
/mnt/c/Users/0M SAI RAM/Desktop/project/dataset/archive/derm12345_train_part_1/jb/DERM_299833.jpg,jb,22,22,22,True
/mnt/c/Users/0M SAI RAM/Desktop/project/dataset/archive/derm12345_train_part_1/jb/DERM_645137.jpg,jb,22,22,23,False
/mnt/c/Users/0M SAI RAM/Desktop/project/dataset/archive/derm12345_train_part_1/jb/DERM_229886.jpg,jb,22,22,23,False
/mnt/c/Users/0M SAI RAM/Desktop/project/dataset/archive/derm12345_train_part_1/jb/DERM_494765.jpg,jb,22,22,23,False
/mnt/c/Users/0M SAI RAM/Desktop/project/dataset/archive/derm12345_train_part_1/jb/DERM_337050.jpg,jb,22,22,23,False
/mnt/c/Users/0M SAI RAM/Desktop/project/dataset/archive/derm12345_train_part_1/jb/DERM_645901.jpg,jb,22,22,12,False
/mnt/c/Users/0M SAI RAM/Desktop/project/dataset/archive/derm12345_train_part_1/jb/DERM_790927.jpg,jb,22,22,22,True
/mnt/c/Users/0M SAI RAM/Desktop/project/dataset/archive/derm12345_train_part_1/jb/DERM_115144.jpg,jb,22,22,22,True
/mnt/c/Users/0M SAI RAM/Desktop/project/dataset/archive/derm12345_train_part_1/jb/DERM_624322.jpg,jb,22,22,22,True
/mnt/c/Users/0M SAI RAM/Desktop/project/dataset/archive/derm12345_train_part_1/jb/DERM_234882.jpg,jb,22,22,23,False
/mnt/c/Users/0M SAI RAM/Desktop/project/dataset/archive/derm12345_train_part_1/jb/DERM_921577.jpg,jb,22,22,22,True
/mnt/c/Users/0M SAI RAM/Desktop/project/dataset/archive/derm12345_train_part_1/jb/DERM_680892.jpg,jb,22,22,17,False
/mnt/c/Users/0M SAI RAM/Desktop/project/dataset/archive/derm12345_train_part_1/jb/DERM_831215.jpg,jb,22,22,23,False
/mnt/c/Users/0M SAI RAM/Desktop/project/dataset/archive/derm12345_train_part_1/jb/DERM_102640.jpg,jb,22,22,23,False
/mnt/c/Users/0M SAI RAM/Desktop/project/dataset/archive/derm12345_train_part_1/jb/DERM_856236.jpg,jb,22,22,22,True
/mnt/c/Users/0M SAI RAM/Desktop/project/dataset/archive/derm12345_train_part_1/jb/DERM_651990.jpg,jb,22,22,22,True
/mnt/c/Users/0M SAI RAM/Desktop/project/dataset/archive/derm12345_train_part_1/jb/DERM_249259.jpg,jb,22,22,22,True
/mnt/c/Users/0M SAI RAM/Desktop/project/dataset/archive/derm12345_train_part_1/jb/DERM_415461.jpg,jb,22,22,11,False
/mnt/c/Users/0M SAI RAM/Desktop/project/dataset/archive/derm12345_train_part_1/jb/DERM_612867.jpg,jb,22,22,27,False
/mnt/c/Users/0M SAI RAM/Desktop/project/dataset/archive/derm12345_train_part_1/jb/DERM_387453.jpg,jb,22,22,22,True
/mnt/c/Users/0M SAI RAM/Desktop/project/dataset/archive/derm12345_train_part_1/jb/DERM_937328.jpg,jb,22,22,22,True
/mnt/c/Users/0M SAI RAM/Desktop/project/dataset/archive/derm12345_train_part_1/jb/DERM_581136.jpg,jb,22,22,22,True
/mnt/c/Users/0M SAI RAM/Desktop/project/dataset/archive/derm12345_train_part_1/jb/DERM_406338.jpg,jb,22,22,23,False
/mnt/c/Users/0M SAI RAM/Desktop/project/dataset/archive/derm12345_train_part_1/jb/DERM_120121.jpg,jb,22,22,23,False
/mnt/c/Users/0M SAI RAM/Desktop/project/dataset/archive/derm12345_train_part_1/jb/DERM_268660.jpg,jb,22,22,22,True
/mnt/c/Users/0M SAI RAM/Desktop/project/dataset/archive/derm12345_train_part_1/jb/DERM_499765.jpg,jb,22,22,17,False
/mnt/c/Users/0M SAI RAM/Desktop/project/dataset/archive/derm12345_train_part_1/jb/DERM_197653.jpg,jb,22,22,22,True
/mnt/c/Users/0M SAI RAM/Desktop/project/dataset/archive/derm12345_train_part_1/jb/DERM_316752.jpg,jb,22,22,23,False
/mnt/c/Users/0M SAI RAM/Desktop/project/dataset/archive/derm12345_train_part_1/jb/DERM_800741.jpg,jb,22,22,22,True
/mnt/c/Users/0M SAI RAM/Desktop/project/dataset/archive/derm12345_train_part_1/jb/DERM_886615.jpg,jb,22,22,11,False
/mnt/c/Users/0M SAI RAM/Desktop/project/dataset/archive/derm12345_train_part_1/jb/DERM_312417.jpg,jb,22,22,11,False
/mnt/c/Users/0M SAI RAM/Desktop/project/dataset/archive/derm12345_train_part_1/jb/DERM_107723.jpg,jb,22,22,22,True
/mnt/c/Users/0M SAI RAM/Desktop/project/dataset/archive/derm12345_train_part_1/jb/DERM_116619.jpg,jb,22,22,23,False
/mnt/c/Users/0M SAI RAM/Desktop/project/dataset/archive/derm12345_train_part_1/jb/DERM_458024.jpg,jb,22,22,37,False
/mnt/c/Users/0M SAI RAM/Desktop/project/dataset/archive/derm12345_train_part_1/jb/DERM_485948.jpg,jb,22,22,23,False
/mnt/c/Users/0M SAI RAM/Desktop/project/dataset/archive/derm12345_train_part_1/jb/DERM_308352.jpg,jb,22,22,23,False
/mnt/c/Users/0M SAI RAM/Desktop/project/dataset/archive/derm12345_train_part_1/jb/DERM_247041.jpg,jb,22,22,23,False
/mnt/c/Users/0M SAI RAM/Desktop/project/dataset/archive/derm12345_train_part_1/jb/DERM_298095.jpg,jb,22,22,23,False
/mnt/c/Users/0M SAI RAM/Desktop/project/dataset/archive/derm12345_train_part_1/jb/DERM_594861.jpg,jb,22,22,22,True
/mnt/c/Users/0M SAI RAM/Desktop/project/dataset/archive/derm12345_train_part_1/jb/DERM_499118.jpg,jb,22,22,23,False
/mnt/c/Users/0M SAI RAM/Desktop/project/dataset/archive/derm12345_train_part_1/jb/DERM_851973.jpg,jb,22,22,22,True
/mnt/c/Users/0M SAI RAM/Desktop/project/dataset/archive/derm12345_train_part_1/jb/DERM_478469.jpg,jb,22,22,23,False
/mnt/c/Users/0M SAI RAM/Desktop/project/dataset/archive/derm12345_train_part_1/jb/DERM_842488.jpg,jb,22,22,23,False
/mnt/c/Users/0M SAI RAM/Desktop/project/dataset/archive/derm12345_train_part_1/jb/DERM_177310.jpg,jb,22,22,11,False
/mnt/c/Users/0M SAI RAM/Desktop/project/dataset/archive/derm12345_train_part_1/jb/DERM_774291.jpg,jb,22,22,23,False
/mnt/c/Users/0M SAI RAM/Desktop/project/dataset/archive/derm12345_train_part_1/jb/DERM_508843.jpg,jb,22,22,14,False
/mnt/c/Users/0M SAI RAM/Desktop/project/dataset/archive/derm12345_train_part_1/jb/DERM_848401.jpg,jb,22,22,23,False
/mnt/c/Users/0M SAI RAM/Desktop/project/dataset/archive/derm12345_train_part_1/jb/DERM_541715.jpg,jb,22,22,23,False
/mnt/c/Users/0M SAI RAM/Desktop/project/dataset/archive/derm12345_train_part_1/jb/DERM_203442.jpg,jb,22,22,22,True
/mnt/c/Users/0M SAI RAM/Desktop/project/dataset/archive/derm12345_train_part_1/jb/DERM_214821.jpg,jb,22,22,23,False
/mnt/c/Users/0M SAI RAM/Desktop/project/dataset/archive/derm12345_train_part_1/jb/DERM_439272.jpg,jb,22,22,16,False
/mnt/c/Users/0M SAI RAM/Desktop/project/dataset/archive/derm12345_train_part_1/jb/DERM_150685.jpg,jb,22,22,37,False
/mnt/c/Users/0M SAI RAM/Desktop/project/dataset/archive/derm12345_train_part_1/jb/DERM_612998.jpg,jb,22,22,22,True
/mnt/c/Users/0M SAI RAM/Desktop/project/dataset/archive/derm12345_train_part_1/jb/DERM_372544.jpg,jb,22,22,7,False
/mnt/c/Users/0M SAI RAM/Desktop/project/dataset/archive/derm12345_train_part_1/jb/DERM_400860.jpg,jb,22,22,3,False
/mnt/c/Users/0M SAI RAM/Desktop/project/dataset/archive/derm12345_train_part_1/jb/DERM_750709.jpg,jb,22,22,22,True
/mnt/c/Users/0M SAI RAM/Desktop/project/dataset/archive/derm12345_train_part_1/jb/DERM_701920.jpg,jb,22,22,12,False
/mnt/c/Users/0M SAI RAM/Desktop/project/dataset/archive/derm12345_train_part_1/jb/DERM_504760.jpg,jb,22,22,22,True
/mnt/c/Users/0M SAI RAM/Desktop/project/dataset/archive/derm12345_train_part_1/jb/DERM_950036.jpg,jb,22,22,22,True
/mnt/c/Users/0M SAI RAM/Desktop/project/dataset/archive/derm12345_train_part_1/jb/DERM_289010.jpg,jb,22,22,23,False
/mnt/c/Users/0M SAI RAM/Desktop/project/dataset/archive/derm12345_train_part_1/jb/DERM_336002.jpg,jb,22,22,22,True
/mnt/c/Users/0M SAI RAM/Desktop/project/dataset/archive/derm12345_train_part_1/jb/DERM_107487.jpg,jb,22,22,22,True
/mnt/c/Users/0M SAI RAM/Desktop/project/dataset/archive/derm12345_train_part_1/jb/DERM_764801.jpg,jb,22,22,23,False
/mnt/c/Users/0M SAI RAM/Desktop/project/dataset/archive/derm12345_train_part_1/jb/DERM_439666.jpg,jb,22,22,30,False
/mnt/c/Users/0M SAI RAM/Desktop/project/dataset/archive/derm12345_train_part_1/jb/DERM_833782.jpg,jb,22,22,16,False
/mnt/c/Users/0M SAI RAM/Desktop/project/dataset/archive/derm12345_train_part_1/jb/DERM_860512.jpg,jb,22,22,22,True
/mnt/c/Users/0M SAI RAM/Desktop/project/dataset/archive/derm12345_train_part_1/jb/DERM_433644.jpg,jb,22,22,30,False
/mnt/c/Users/0M SAI RAM/Desktop/project/dataset/archive/derm12345_train_part_1/jb/DERM_123955.jpg,jb,22,22,23,False
/mnt/c/Users/0M SAI RAM/Desktop/project/dataset/archive/derm12345_train_part_1/jb/DERM_845212.jpg,jb,22,22,22,True
/mnt/c/Users/0M SAI RAM/Desktop/project/dataset/archive/derm12345_train_part_1/jb/DERM_934090.jpg,jb,22,22,22,True
/mnt/c/Users/0M SAI RAM/Desktop/project/dataset/archive/derm12345_train_part_1/jb/DERM_295039.jpg,jb,22,22,23,False
/mnt/c/Users/0M SAI RAM/Desktop/project/dataset/archive/derm12345_train_part_1/jb/DERM_931145.jpg,jb,22,22,22,True
/mnt/c/Users/0M SAI RAM/Desktop/project/dataset/archive/derm12345_train_part_1/jb/DERM_360910.jpg,jb,22,22,18,False
/mnt/c/Users/0M SAI RAM/Desktop/project/dataset/archive/derm12345_train_part_1/jb/DERM_688739.jpg,jb,22,22,23,False
/mnt/c/Users/0M SAI RAM/Desktop/project/dataset/archive/derm12345_train_part_1/jb/DERM_596315.jpg,jb,22,22,23,False
/mnt/c/Users/0M SAI RAM/Desktop/project/dataset/archive/derm12345_train_part_1/jb/DERM_344169.jpg,jb,22,22,22,True
/mnt/c/Users/0M SAI RAM/Desktop/project/dataset/archive/derm12345_train_part_1/jb/DERM_492084.jpg,jb,22,22,22,True
/mnt/c/Users/0M SAI RAM/Desktop/project/dataset/archive/derm12345_train_part_1/jb/DERM_532512.jpg,jb,22,22,23,False
/mnt/c/Users/0M SAI RAM/Desktop/project/dataset/archive/derm12345_train_part_1/jb/DERM_165111.jpg,jb,22,22,23,False
/mnt/c/Users/0M SAI RAM/Desktop/project/dataset/archive/derm12345_train_part_1/jb/DERM_979712.jpg,jb,22,22,22,True
/mnt/c/Users/0M SAI RAM/Desktop/project/dataset/archive/derm12345_train_part_1/jb/DERM_238104.jpg,jb,22,22,10,False
/mnt/c/Users/0M SAI RAM/Desktop/project/dataset/archive/derm12345_train_part_1/jb/DERM_529647.jpg,jb,22,22,22,True
/mnt/c/Users/0M SAI RAM/Desktop/project/dataset/archive/derm12345_train_part_1/jb/DERM_977573.jpg,jb,22,22,22,True
/mnt/c/Users/0M SAI RAM/Desktop/project/dataset/archive/derm12345_train_part_1/jb/DERM_807402.jpg,jb,22,22,11,False
/mnt/c/Users/0M SAI RAM/Desktop/project/dataset/archive/derm12345_train_part_1/jb/DERM_244995.jpg,jb,22,22,23,False
/mnt/c/Users/0M SAI RAM/Desktop/project/dataset/archive/derm12345_train_part_1/jb/DERM_377377.jpg,jb,22,22,23,False
/mnt/c/Users/0M SAI RAM/Desktop/project/dataset/archive/derm12345_train_part_1/jb/DERM_328619.jpg,jb,22,22,23,False
/mnt/c/Users/0M SAI RAM/Desktop/project/dataset/archive/derm12345_train_part_1/jb/DERM_846028.jpg,jb,22,22,11,False
/mnt/c/Users/0M SAI RAM/Desktop/project/dataset/archive/derm12345_train_part_1/jb/DERM_208752.jpg,jb,22,22,22,True
/mnt/c/Users/0M SAI RAM/Desktop/project/dataset/archive/derm12345_train_part_1/jb/DERM_715870.jpg,jb,22,22,23,False
/mnt/c/Users/0M SAI RAM/Desktop/project/dataset/archive/derm12345_train_part_1/jb/DERM_857550.jpg,jb,22,22,23,False
/mnt/c/Users/0M SAI RAM/Desktop/project/dataset/archive/derm12345_train_part_1/jb/DERM_340990.jpg,jb,22,22,23,False
/mnt/c/Users/0M SAI RAM/Desktop/project/dataset/archive/derm12345_train_part_1/jb/DERM_699755.jpg,jb,22,22,23,False
/mnt/c/Users/0M SAI RAM/Desktop/project/dataset/archive/derm12345_train_part_1/jb/DERM_644775.jpg,jb,22,22,22,True
/mnt/c/Users/0M SAI RAM/Desktop/project/dataset/archive/derm12345_train_part_1/jb/DERM_216046.jpg,jb,22,22,18,False
/mnt/c/Users/0M SAI RAM/Desktop/project/dataset/archive/derm12345_train_part_1/jb/DERM_870333.jpg,jb,22,22,23,False
/mnt/c/Users/0M SAI RAM/Desktop/project/dataset/archive/derm12345_train_part_1/jb/DERM_685930.jpg,jb,22,22,23,False
/mnt/c/Users/0M SAI RAM/Desktop/project/dataset/archive/derm12345_train_part_1/jb/DERM_243338.jpg,jb,22,22,22,True
/mnt/c/Users/0M SAI RAM/Desktop/project/dataset/archive/derm12345_train_part_1/jb/DERM_325679.jpg,jb,22,22,11,False
/mnt/c/Users/0M SAI RAM/Desktop/project/dataset/archive/derm12345_train_part_1/jb/DERM_578843.jpg,jb,22,22,23,False
/mnt/c/Users/0M SAI RAM/Desktop/project/dataset/archive/derm12345_train_part_1/jb/DERM_358778.jpg,jb,22,22,11,False
/mnt/c/Users/0M SAI RAM/Desktop/project/dataset/archive/derm12345_train_part_1/jb/DERM_811878.jpg,jb,22,22,23,False
/mnt/c/Users/0M SAI RAM/Desktop/project/dataset/archive/derm12345_train_part_1/jb/DERM_181959.jpg,jb,22,22,22,True
/mnt/c/Users/0M SAI RAM/Desktop/project/dataset/archive/derm12345_train_part_1/jb/DERM_158849.jpg,jb,22,22,23,False
/mnt/c/Users/0M SAI RAM/Desktop/project/dataset/archive/derm12345_train_part_1/jb/DERM_490385.jpg,jb,22,22,22,True
/mnt/c/Users/0M SAI RAM/Desktop/project/dataset/archive/derm12345_train_part_1/jb/DERM_954644.jpg,jb,22,22,22,True
/mnt/c/Users/0M SAI RAM/Desktop/project/dataset/archive/derm12345_train_part_1/jb/DERM_839948.jpg,jb,22,22,22,True
/mnt/c/Users/0M SAI RAM/Desktop/project/dataset/archive/derm12345_train_part_1/jb/DERM_400863.jpg,jb,22,22,11,False
/mnt/c/Users/0M SAI RAM/Desktop/project/dataset/archive/derm12345_train_part_1/jb/DERM_168159.jpg,jb,22,22,22,True
/mnt/c/Users/0M SAI RAM/Desktop/project/dataset/archive/derm12345_train_part_1/jb/DERM_255779.jpg,jb,22,22,23,False
/mnt/c/Users/0M SAI RAM/Desktop/project/dataset/archive/derm12345_train_part_1/jb/DERM_916331.jpg,jb,22,22,23,False
/mnt/c/Users/0M SAI RAM/Desktop/project/dataset/archive/derm12345_train_part_1/jb/DERM_198640.jpg,jb,22,22,20,False
/mnt/c/Users/0M SAI RAM/Desktop/project/dataset/archive/derm12345_train_part_1/jb/DERM_541036.jpg,jb,22,22,23,False
/mnt/c/Users/0M SAI RAM/Desktop/project/dataset/archive/derm12345_train_part_1/jb/DERM_717296.jpg,jb,22,22,22,True
/mnt/c/Users/0M SAI RAM/Desktop/project/dataset/archive/derm12345_train_part_1/jb/DERM_655440.jpg,jb,22,22,37,False
/mnt/c/Users/0M SAI RAM/Desktop/project/dataset/archive/derm12345_train_part_1/jb/DERM_439393.jpg,jb,22,22,23,False
/mnt/c/Users/0M SAI RAM/Desktop/project/dataset/archive/derm12345_train_part_1/jb/DERM_862248.jpg,jb,22,22,23,False
/mnt/c/Users/0M SAI RAM/Desktop/project/dataset/archive/derm12345_train_part_1/jb/DERM_541347.jpg,jb,22,22,22,True
/mnt/c/Users/0M SAI RAM/Desktop/project/dataset/archive/derm12345_train_part_1/jb/DERM_470655.jpg,jb,22,22,22,True
/mnt/c/Users/0M SAI RAM/Desktop/project/dataset/archive/derm12345_train_part_1/jb/DERM_999513.jpg,jb,22,22,23,False
/mnt/c/Users/0M SAI RAM/Desktop/project/dataset/archive/derm12345_train_part_1/jb/DERM_707116.jpg,jb,22,22,22,True
/mnt/c/Users/0M SAI RAM/Desktop/project/dataset/archive/derm12345_train_part_1/jb/DERM_207748.jpg,jb,22,22,23,False
/mnt/c/Users/0M SAI RAM/Desktop/project/dataset/archive/derm12345_train_part_1/jb/DERM_974030.jpg,jb,22,22,23,False
/mnt/c/Users/0M SAI RAM/Desktop/project/dataset/archive/derm12345_train_part_1/jb/DERM_865355.jpg,jb,22,22,22,True
/mnt/c/Users/0M SAI RAM/Desktop/project/dataset/archive/derm12345_train_part_1/jb/DERM_906888.jpg,jb,22,22,22,True
/mnt/c/Users/0M SAI RAM/Desktop/project/dataset/archive/derm12345_train_part_1/jb/DERM_924139.jpg,jb,22,22,37,False
/mnt/c/Users/0M SAI RAM/Desktop/project/dataset/archive/derm12345_train_part_1/jb/DERM_812997.jpg,jb,22,22,11,False
/mnt/c/Users/0M SAI RAM/Desktop/project/dataset/archive/derm12345_train_part_1/jb/DERM_338872.jpg,jb,22,22,23,False
/mnt/c/Users/0M SAI RAM/Desktop/project/dataset/archive/derm12345_train_part_1/jb/DERM_189576.jpg,jb,22,22,22,True
/mnt/c/Users/0M SAI RAM/Desktop/project/dataset/archive/derm12345_train_part_1/jb/DERM_985561.jpg,jb,22,22,22,True
/mnt/c/Users/0M SAI RAM/Desktop/project/dataset/archive/derm12345_train_part_1/jb/DERM_985522.jpg,jb,22,22,11,False
/mnt/c/Users/0M SAI RAM/Desktop/project/dataset/archive/derm12345_train_part_2/jd/DERM_640314.jpg,jd,23,23,23,True
/mnt/c/Users/0M SAI RAM/Desktop/project/dataset/archive/derm12345_train_part_2/jd/DERM_650999.jpg,jd,23,23,22,False
/mnt/c/Users/0M SAI RAM/Desktop/project/dataset/archive/derm12345_train_part_2/jd/DERM_841917.jpg,jd,23,23,23,True
/mnt/c/Users/0M SAI RAM/Desktop/project/dataset/archive/derm12345_train_part_2/jd/DERM_227239.jpg,jd,23,23,23,True
/mnt/c/Users/0M SAI RAM/Desktop/project/dataset/archive/derm12345_train_part_2/jd/DERM_277923.jpg,jd,23,23,22,False
/mnt/c/Users/0M SAI RAM/Desktop/project/dataset/archive/derm12345_train_part_2/jd/DERM_484839.jpg,jd,23,23,23,True
/mnt/c/Users/0M SAI RAM/Desktop/project/dataset/archive/derm12345_train_part_2/jd/DERM_332455.jpg,jd,23,23,23,True
/mnt/c/Users/0M SAI RAM/Desktop/project/dataset/archive/derm12345_train_part_2/jd/DERM_239454.jpg,jd,23,23,10,False
/mnt/c/Users/0M SAI RAM/Desktop/project/dataset/archive/derm12345_train_part_2/jd/DERM_578682.jpg,jd,23,23,10,False
/mnt/c/Users/0M SAI RAM/Desktop/project/dataset/archive/derm12345_train_part_2/jd/DERM_255303.jpg,jd,23,23,22,False
/mnt/c/Users/0M SAI RAM/Desktop/project/dataset/archive/derm12345_train_part_2/jd/DERM_895218.jpg,jd,23,23,10,False
/mnt/c/Users/0M SAI RAM/Desktop/project/dataset/archive/derm12345_train_part_2/jd/DERM_756501.jpg,jd,23,23,23,True
/mnt/c/Users/0M SAI RAM/Desktop/project/dataset/archive/derm12345_train_part_2/jd/DERM_627026.jpg,jd,23,23,23,True
/mnt/c/Users/0M SAI RAM/Desktop/project/dataset/archive/derm12345_train_part_2/jd/DERM_863787.jpg,jd,23,23,23,True
/mnt/c/Users/0M SAI RAM/Desktop/project/dataset/archive/derm12345_train_part_2/jd/DERM_621497.jpg,jd,23,23,23,True
/mnt/c/Users/0M SAI RAM/Desktop/project/dataset/archive/derm12345_train_part_2/jd/DERM_586327.jpg,jd,23,23,23,True
/mnt/c/Users/0M SAI RAM/Desktop/project/dataset/archive/derm12345_train_part_2/jd/DERM_399695.jpg,jd,23,23,22,False
/mnt/c/Users/0M SAI RAM/Desktop/project/dataset/archive/derm12345_train_part_2/jd/DERM_299120.jpg,jd,23,23,23,True
/mnt/c/Users/0M SAI RAM/Desktop/project/dataset/archive/derm12345_train_part_2/jd/DERM_816485.jpg,jd,23,23,23,True
/mnt/c/Users/0M SAI RAM/Desktop/project/dataset/archive/derm12345_train_part_2/jd/DERM_100652.jpg,jd,23,23,23,True
/mnt/c/Users/0M SAI RAM/Desktop/project/dataset/archive/derm12345_train_part_2/jd/DERM_758444.jpg,jd,23,23,23,True
/mnt/c/Users/0M SAI RAM/Desktop/project/dataset/archive/derm12345_train_part_2/jd/DERM_751204.jpg,jd,23,23,14,False
/mnt/c/Users/0M SAI RAM/Desktop/project/dataset/archive/derm12345_train_part_2/jd/DERM_841584.jpg,jd,23,23,23,True
/mnt/c/Users/0M SAI RAM/Desktop/project/dataset/archive/derm12345_train_part_2/jd/DERM_361181.jpg,jd,23,23,23,True
/mnt/c/Users/0M SAI RAM/Desktop/project/dataset/archive/derm12345_train_part_2/jd/DERM_995960.jpg,jd,23,23,11,False
/mnt/c/Users/0M SAI RAM/Desktop/project/dataset/archive/derm12345_train_part_2/jd/DERM_466612.jpg,jd,23,23,23,True
/mnt/c/Users/0M SAI RAM/Desktop/project/dataset/archive/derm12345_train_part_2/jd/DERM_538743.jpg,jd,23,23,23,True
/mnt/c/Users/0M SAI RAM/Desktop/project/dataset/archive/derm12345_train_part_2/jd/DERM_485166.jpg,jd,23,23,22,False
/mnt/c/Users/0M SAI RAM/Desktop/project/dataset/archive/derm12345_train_part_2/jd/DERM_170075.jpg,jd,23,23,11,False
/mnt/c/Users/0M SAI RAM/Desktop/project/dataset/archive/derm12345_train_part_2/jd/DERM_613539.jpg,jd,23,23,22,False
/mnt/c/Users/0M SAI RAM/Desktop/project/dataset/archive/derm12345_train_part_2/jd/DERM_641706.jpg,jd,23,23,23,True
/mnt/c/Users/0M SAI RAM/Desktop/project/dataset/archive/derm12345_train_part_2/jd/DERM_272168.jpg,jd,23,23,22,False
/mnt/c/Users/0M SAI RAM/Desktop/project/dataset/archive/derm12345_train_part_2/jd/DERM_773598.jpg,jd,23,23,23,True
/mnt/c/Users/0M SAI RAM/Desktop/project/dataset/archive/derm12345_train_part_2/jd/DERM_680860.jpg,jd,23,23,23,True
/mnt/c/Users/0M SAI RAM/Desktop/project/dataset/archive/derm12345_train_part_2/jd/DERM_494722.jpg,jd,23,23,22,False
/mnt/c/Users/0M SAI RAM/Desktop/project/dataset/archive/derm12345_train_part_2/jd/DERM_527622.jpg,jd,23,23,22,False
/mnt/c/Users/0M SAI RAM/Desktop/project/dataset/archive/derm12345_train_part_2/jd/DERM_189626.jpg,jd,23,23,23,True
/mnt/c/Users/0M SAI RAM/Desktop/project/dataset/archive/derm12345_train_part_2/jd/DERM_829261.jpg,jd,23,23,22,False
/mnt/c/Users/0M SAI RAM/Desktop/project/dataset/archive/derm12345_train_part_2/jd/DERM_922488.jpg,jd,23,23,23,True
/mnt/c/Users/0M SAI RAM/Desktop/project/dataset/archive/derm12345_train_part_2/jd/DERM_288862.jpg,jd,23,23,22,False
/mnt/c/Users/0M SAI RAM/Desktop/project/dataset/archive/derm12345_train_part_2/jd/DERM_529219.jpg,jd,23,23,22,False
/mnt/c/Users/0M SAI RAM/Desktop/project/dataset/archive/derm12345_train_part_2/jd/DERM_813069.jpg,jd,23,23,23,True
/mnt/c/Users/0M SAI RAM/Desktop/project/dataset/archive/derm12345_train_part_2/jd/DERM_376613.jpg,jd,23,23,12,False
/mnt/c/Users/0M SAI RAM/Desktop/project/dataset/archive/derm12345_train_part_2/jd/DERM_785077.jpg,jd,23,23,14,False
/mnt/c/Users/0M SAI RAM/Desktop/project/dataset/archive/derm12345_train_part_2/jd/DERM_142958.jpg,jd,23,23,23,True
/mnt/c/Users/0M SAI RAM/Desktop/project/dataset/archive/derm12345_train_part_2/jd/DERM_310537.jpg,jd,23,23,11,False
/mnt/c/Users/0M SAI RAM/Desktop/project/dataset/archive/derm12345_train_part_2/jd/DERM_858631.jpg,jd,23,23,22,False
/mnt/c/Users/0M SAI RAM/Desktop/project/dataset/archive/derm12345_train_part_2/jd/DERM_593711.jpg,jd,23,23,23,True
/mnt/c/Users/0M SAI RAM/Desktop/project/dataset/archive/derm12345_train_part_2/jd/DERM_462508.jpg,jd,23,23,22,False
/mnt/c/Users/0M SAI RAM/Desktop/project/dataset/archive/derm12345_train_part_2/jd/DERM_242572.jpg,jd,23,23,22,False
/mnt/c/Users/0M SAI RAM/Desktop/project/dataset/archive/derm12345_train_part_2/jd/DERM_920726.jpg,jd,23,23,23,True
/mnt/c/Users/0M SAI RAM/Desktop/project/dataset/archive/derm12345_train_part_2/jd/DERM_632362.jpg,jd,23,23,4,False
/mnt/c/Users/0M SAI RAM/Desktop/project/dataset/archive/derm12345_train_part_2/jd/DERM_325029.jpg,jd,23,23,14,False
/mnt/c/Users/0M SAI RAM/Desktop/project/dataset/archive/derm12345_train_part_2/jd/DERM_924688.jpg,jd,23,23,23,True
/mnt/c/Users/0M SAI RAM/Desktop/project/dataset/archive/derm12345_train_part_2/jd/DERM_153770.jpg,jd,23,23,38,False
/mnt/c/Users/0M SAI RAM/Desktop/project/dataset/archive/derm12345_train_part_2/jd/DERM_911342.jpg,jd,23,23,31,False
/mnt/c/Users/0M SAI RAM/Desktop/project/dataset/archive/derm12345_train_part_2/jd/DERM_689545.jpg,jd,23,23,23,True
/mnt/c/Users/0M SAI RAM/Desktop/project/dataset/archive/derm12345_train_part_2/jd/DERM_954206.jpg,jd,23,23,23,True
/mnt/c/Users/0M SAI RAM/Desktop/project/dataset/archive/derm12345_train_part_2/jd/DERM_177137.jpg,jd,23,23,11,False
/mnt/c/Users/0M SAI RAM/Desktop/project/dataset/archive/derm12345_train_part_2/jd/DERM_683652.jpg,jd,23,23,23,True
/mnt/c/Users/0M SAI RAM/Desktop/project/dataset/archive/derm12345_train_part_2/jd/DERM_171543.jpg,jd,23,23,23,True
/mnt/c/Users/0M SAI RAM/Desktop/project/dataset/archive/derm12345_train_part_2/jd/DERM_164378.jpg,jd,23,23,11,False
/mnt/c/Users/0M SAI RAM/Desktop/project/dataset/archive/derm12345_train_part_2/jd/DERM_221948.jpg,jd,23,23,37,False
/mnt/c/Users/0M SAI RAM/Desktop/project/dataset/archive/derm12345_train_part_2/jd/DERM_651972.jpg,jd,23,23,23,True
/mnt/c/Users/0M SAI RAM/Desktop/project/dataset/archive/derm12345_train_part_2/jd/DERM_683307.jpg,jd,23,23,23,True
/mnt/c/Users/0M SAI RAM/Desktop/project/dataset/archive/derm12345_train_part_2/jd/DERM_302096.jpg,jd,23,23,23,True
/mnt/c/Users/0M SAI RAM/Desktop/project/dataset/archive/derm12345_train_part_2/jd/DERM_161701.jpg,jd,23,23,11,False
/mnt/c/Users/0M SAI RAM/Desktop/project/dataset/archive/derm12345_train_part_2/jd/DERM_523629.jpg,jd,23,23,23,True
/mnt/c/Users/0M SAI RAM/Desktop/project/dataset/archive/derm12345_train_part_2/jd/DERM_701967.jpg,jd,23,23,23,True
/mnt/c/Users/0M SAI RAM/Desktop/project/dataset/archive/derm12345_train_part_2/jd/DERM_732501.jpg,jd,23,23,23,True
/mnt/c/Users/0M SAI RAM/Desktop/project/dataset/archive/derm12345_train_part_2/jd/DERM_559207.jpg,jd,23,23,22,False
/mnt/c/Users/0M SAI RAM/Desktop/project/dataset/archive/derm12345_train_part_2/jd/DERM_860984.jpg,jd,23,23,23,True
/mnt/c/Users/0M SAI RAM/Desktop/project/dataset/archive/derm12345_train_part_2/jd/DERM_775587.jpg,jd,23,23,23,True
/mnt/c/Users/0M SAI RAM/Desktop/project/dataset/archive/derm12345_train_part_2/jd/DERM_636155.jpg,jd,23,23,23,True
/mnt/c/Users/0M SAI RAM/Desktop/project/dataset/archive/derm12345_train_part_2/jd/DERM_173589.jpg,jd,23,23,11,False
/mnt/c/Users/0M SAI RAM/Desktop/project/dataset/archive/derm12345_train_part_2/jd/DERM_893289.jpg,jd,23,23,23,True
/mnt/c/Users/0M SAI RAM/Desktop/project/dataset/archive/derm12345_train_part_2/jd/DERM_573556.jpg,jd,23,23,23,True
/mnt/c/Users/0M SAI RAM/Desktop/project/dataset/archive/derm12345_train_part_2/jd/DERM_343284.jpg,jd,23,23,22,False
/mnt/c/Users/0M SAI RAM/Desktop/project/dataset/archive/derm12345_train_part_2/jd/DERM_283355.jpg,jd,23,23,22,False
/mnt/c/Users/0M SAI RAM/Desktop/project/dataset/archive/derm12345_train_part_2/jd/DERM_431521.jpg,jd,23,23,14,False
/mnt/c/Users/0M SAI RAM/Desktop/project/dataset/archive/derm12345_train_part_2/jd/DERM_488130.jpg,jd,23,23,23,True
/mnt/c/Users/0M SAI RAM/Desktop/project/dataset/archive/derm12345_train_part_2/jd/DERM_573311.jpg,jd,23,23,22,False
/mnt/c/Users/0M SAI RAM/Desktop/project/dataset/archive/derm12345_train_part_2/jd/DERM_587573.jpg,jd,23,23,22,False
/mnt/c/Users/0M SAI RAM/Desktop/project/dataset/archive/derm12345_train_part_2/jd/DERM_652971.jpg,jd,23,23,22,False
/mnt/c/Users/0M SAI RAM/Desktop/project/dataset/archive/derm12345_train_part_2/jd/DERM_476890.jpg,jd,23,23,23,True
/mnt/c/Users/0M SAI RAM/Desktop/project/dataset/archive/derm12345_train_part_2/jd/DERM_250734.jpg,jd,23,23,23,True
/mnt/c/Users/0M SAI RAM/Desktop/project/dataset/archive/derm12345_train_part_2/jd/DERM_833438.jpg,jd,23,23,23,True
/mnt/c/Users/0M SAI RAM/Desktop/project/dataset/archive/derm12345_train_part_2/jd/DERM_880163.jpg,jd,23,23,22,False
/mnt/c/Users/0M SAI RAM/Desktop/project/dataset/archive/derm12345_train_part_2/jd/DERM_740568.jpg,jd,23,23,22,False
/mnt/c/Users/0M SAI RAM/Desktop/project/dataset/archive/derm12345_train_part_2/jd/DERM_893291.jpg,jd,23,23,23,True
/mnt/c/Users/0M SAI RAM/Desktop/project/dataset/archive/derm12345_train_part_2/jd/DERM_258780.jpg,jd,23,23,22,False
/mnt/c/Users/0M SAI RAM/Desktop/project/dataset/archive/derm12345_train_part_2/jd/DERM_859567.jpg,jd,23,23,23,True
/mnt/c/Users/0M SAI RAM/Desktop/project/dataset/archive/derm12345_train_part_2/jd/DERM_905773.jpg,jd,23,23,23,True
/mnt/c/Users/0M SAI RAM/Desktop/project/dataset/archive/derm12345_train_part_2/jd/DERM_482790.jpg,jd,23,23,20,False
/mnt/c/Users/0M SAI RAM/Desktop/project/dataset/archive/derm12345_train_part_2/jd/DERM_189635.jpg,jd,23,23,23,True
/mnt/c/Users/0M SAI RAM/Desktop/project/dataset/archive/derm12345_train_part_2/jd/DERM_886207.jpg,jd,23,23,23,True
/mnt/c/Users/0M SAI RAM/Desktop/project/dataset/archive/derm12345_train_part_2/jd/DERM_890661.jpg,jd,23,23,16,False
/mnt/c/Users/0M SAI RAM/Desktop/project/dataset/archive/derm12345_train_part_2/jd/DERM_460358.jpg,jd,23,23,23,True
/mnt/c/Users/0M SAI RAM/Desktop/project/dataset/archive/derm12345_train_part_2/jd/DERM_870933.jpg,jd,23,23,22,False
/mnt/c/Users/0M SAI RAM/Desktop/project/dataset/archive/derm12345_train_part_2/jd/DERM_233147.jpg,jd,23,23,23,True
/mnt/c/Users/0M SAI RAM/Desktop/project/dataset/archive/derm12345_train_part_2/jd/DERM_673409.jpg,jd,23,23,22,False
/mnt/c/Users/0M SAI RAM/Desktop/project/dataset/archive/derm12345_train_part_2/jd/DERM_189079.jpg,jd,23,23,22,False
/mnt/c/Users/0M SAI RAM/Desktop/project/dataset/archive/derm12345_train_part_2/jd/DERM_417748.jpg,jd,23,23,23,True
/mnt/c/Users/0M SAI RAM/Desktop/project/dataset/archive/derm12345_train_part_2/jd/DERM_749922.jpg,jd,23,23,23,True
/mnt/c/Users/0M SAI RAM/Desktop/project/dataset/archive/derm12345_train_part_2/jd/DERM_797888.jpg,jd,23,23,23,True
/mnt/c/Users/0M SAI RAM/Desktop/project/dataset/archive/derm12345_train_part_2/jd/DERM_385970.jpg,jd,23,23,22,False
/mnt/c/Users/0M SAI RAM/Desktop/project/dataset/archive/derm12345_train_part_2/jd/DERM_612720.jpg,jd,23,23,22,False
/mnt/c/Users/0M SAI RAM/Desktop/project/dataset/archive/derm12345_train_part_2/jd/DERM_846234.jpg,jd,23,23,23,True
/mnt/c/Users/0M SAI RAM/Desktop/project/dataset/archive/derm12345_train_part_2/jd/DERM_602101.jpg,jd,23,23,22,False
/mnt/c/Users/0M SAI RAM/Desktop/project/dataset/archive/derm12345_train_part_2/jd/DERM_709997.jpg,jd,23,23,22,False
/mnt/c/Users/0M SAI RAM/Desktop/project/dataset/archive/derm12345_train_part_2/jd/DERM_115353.jpg,jd,23,23,22,False
/mnt/c/Users/0M SAI RAM/Desktop/project/dataset/archive/derm12345_train_part_2/jd/DERM_314200.jpg,jd,23,23,20,False
/mnt/c/Users/0M SAI RAM/Desktop/project/dataset/archive/derm12345_train_part_2/jd/DERM_444226.jpg,jd,23,23,22,False
/mnt/c/Users/0M SAI RAM/Desktop/project/dataset/archive/derm12345_train_part_2/jd/DERM_895699.jpg,jd,23,23,22,False
/mnt/c/Users/0M SAI RAM/Desktop/project/dataset/archive/derm12345_train_part_2/jd/DERM_875285.jpg,jd,23,23,37,False
/mnt/c/Users/0M SAI RAM/Desktop/project/dataset/archive/derm12345_train_part_2/jd/DERM_159786.jpg,jd,23,23,23,True
/mnt/c/Users/0M SAI RAM/Desktop/project/dataset/archive/derm12345_train_part_2/jd/DERM_227777.jpg,jd,23,23,30,False
/mnt/c/Users/0M SAI RAM/Desktop/project/dataset/archive/derm12345_train_part_2/jd/DERM_788937.jpg,jd,23,23,23,True
/mnt/c/Users/0M SAI RAM/Desktop/project/dataset/archive/derm12345_train_part_2/jd/DERM_773571.jpg,jd,23,23,22,False
/mnt/c/Users/0M SAI RAM/Desktop/project/dataset/archive/derm12345_train_part_2/jd/DERM_949738.jpg,jd,23,23,14,False
/mnt/c/Users/0M SAI RAM/Desktop/project/dataset/archive/derm12345_train_part_2/jd/DERM_719650.jpg,jd,23,23,3,False
/mnt/c/Users/0M SAI RAM/Desktop/project/dataset/archive/derm12345_train_part_2/jd/DERM_381278.jpg,jd,23,23,23,True
/mnt/c/Users/0M SAI RAM/Desktop/project/dataset/archive/derm12345_train_part_2/jd/DERM_585462.jpg,jd,23,23,22,False
/mnt/c/Users/0M SAI RAM/Desktop/project/dataset/archive/derm12345_train_part_2/jd/DERM_746964.jpg,jd,23,23,23,True
/mnt/c/Users/0M SAI RAM/Desktop/project/dataset/archive/derm12345_train_part_2/jd/DERM_760717.jpg,jd,23,23,14,False
/mnt/c/Users/0M SAI RAM/Desktop/project/dataset/archive/derm12345_train_part_2/jd/DERM_291929.jpg,jd,23,23,23,True
/mnt/c/Users/0M SAI RAM/Desktop/project/dataset/archive/derm12345_train_part_2/jd/DERM_886811.jpg,jd,23,23,23,True
/mnt/c/Users/0M SAI RAM/Desktop/project/dataset/archive/derm12345_train_part_2/jd/DERM_507307.jpg,jd,23,23,23,True
/mnt/c/Users/0M SAI RAM/Desktop/project/dataset/archive/derm12345_train_part_2/jd/DERM_577024.jpg,jd,23,23,23,True
/mnt/c/Users/0M SAI RAM/Desktop/project/dataset/archive/derm12345_train_part_2/jd/DERM_480410.jpg,jd,23,23,23,True
/mnt/c/Users/0M SAI RAM/Desktop/project/dataset/archive/derm12345_train_part_2/jd/DERM_326699.jpg,jd,23,23,23,True
/mnt/c/Users/0M SAI RAM/Desktop/project/dataset/archive/derm12345_train_part_2/jd/DERM_935237.jpg,jd,23,23,14,False
/mnt/c/Users/0M SAI RAM/Desktop/project/dataset/archive/derm12345_train_part_2/jd/DERM_581841.jpg,jd,23,23,23,True
/mnt/c/Users/0M SAI RAM/Desktop/project/dataset/archive/derm12345_train_part_2/jd/DERM_618793.jpg,jd,23,23,22,False
/mnt/c/Users/0M SAI RAM/Desktop/project/dataset/archive/derm12345_train_part_2/jd/DERM_314674.jpg,jd,23,23,22,False
/mnt/c/Users/0M SAI RAM/Desktop/project/dataset/archive/derm12345_train_part_2/jd/DERM_616188.jpg,jd,23,23,23,True
/mnt/c/Users/0M SAI RAM/Desktop/project/dataset/archive/derm12345_train_part_2/jd/DERM_234231.jpg,jd,23,23,14,False
/mnt/c/Users/0M SAI RAM/Desktop/project/dataset/archive/derm12345_train_part_2/jd/DERM_738380.jpg,jd,23,23,23,True
/mnt/c/Users/0M SAI RAM/Desktop/project/dataset/archive/derm12345_train_part_2/jd/DERM_943651.jpg,jd,23,23,23,True
/mnt/c/Users/0M SAI RAM/Desktop/project/dataset/archive/derm12345_train_part_2/jd/DERM_289435.jpg,jd,23,23,22,False
/mnt/c/Users/0M SAI RAM/Desktop/project/dataset/archive/derm12345_train_part_2/jd/DERM_790963.jpg,jd,23,23,23,True
/mnt/c/Users/0M SAI RAM/Desktop/project/dataset/archive/derm12345_train_part_2/jd/DERM_346286.jpg,jd,23,23,23,True
/mnt/c/Users/0M SAI RAM/Desktop/project/dataset/archive/derm12345_train_part_2/jd/DERM_353349.jpg,jd,23,23,23,True
/mnt/c/Users/0M SAI RAM/Desktop/project/dataset/archive/derm12345_train_part_2/jd/DERM_602118.jpg,jd,23,23,23,True
/mnt/c/Users/0M SAI RAM/Desktop/project/dataset/archive/derm12345_train_part_2/jd/DERM_546110.jpg,jd,23,23,23,True
/mnt/c/Users/0M SAI RAM/Desktop/project/dataset/archive/derm12345_train_part_2/jd/DERM_557615.jpg,jd,23,23,23,True
/mnt/c/Users/0M SAI RAM/Desktop/project/dataset/archive/derm12345_train_part_2/jd/DERM_591105.jpg,jd,23,23,14,False
/mnt/c/Users/0M SAI RAM/Desktop/project/dataset/archive/derm12345_train_part_2/jd/DERM_267672.jpg,jd,23,23,23,True
/mnt/c/Users/0M SAI RAM/Desktop/project/dataset/archive/derm12345_train_part_2/jd/DERM_213911.jpg,jd,23,23,22,False
/mnt/c/Users/0M SAI RAM/Desktop/project/dataset/archive/derm12345_train_part_2/jd/DERM_525897.jpg,jd,23,23,23,True
/mnt/c/Users/0M SAI RAM/Desktop/project/dataset/archive/derm12345_train_part_2/jd/DERM_731796.jpg,jd,23,23,23,True
/mnt/c/Users/0M SAI RAM/Desktop/project/dataset/archive/derm12345_train_part_2/jd/DERM_621282.jpg,jd,23,23,23,True
/mnt/c/Users/0M SAI RAM/Desktop/project/dataset/archive/derm12345_train_part_2/jd/DERM_803724.jpg,jd,23,23,14,False
/mnt/c/Users/0M SAI RAM/Desktop/project/dataset/archive/derm12345_train_part_2/jd/DERM_844704.jpg,jd,23,23,23,True
/mnt/c/Users/0M SAI RAM/Desktop/project/dataset/archive/derm12345_train_part_2/jd/DERM_265850.jpg,jd,23,23,23,True
/mnt/c/Users/0M SAI RAM/Desktop/project/dataset/archive/derm12345_train_part_2/jd/DERM_608965.jpg,jd,23,23,11,False
/mnt/c/Users/0M SAI RAM/Desktop/project/dataset/archive/derm12345_train_part_2/jd/DERM_655522.jpg,jd,23,23,23,True
/mnt/c/Users/0M SAI RAM/Desktop/project/dataset/archive/derm12345_train_part_2/jd/DERM_286489.jpg,jd,23,23,23,True
/mnt/c/Users/0M SAI RAM/Desktop/project/dataset/archive/derm12345_train_part_2/jd/DERM_275299.jpg,jd,23,23,23,True
/mnt/c/Users/0M SAI RAM/Desktop/project/dataset/archive/derm12345_train_part_2/jd/DERM_257841.jpg,jd,23,23,23,True
/mnt/c/Users/0M SAI RAM/Desktop/project/dataset/archive/derm12345_train_part_2/jd/DERM_368329.jpg,jd,23,23,22,False
/mnt/c/Users/0M SAI RAM/Desktop/project/dataset/archive/derm12345_train_part_2/jd/DERM_347403.jpg,jd,23,23,23,True
/mnt/c/Users/0M SAI RAM/Desktop/project/dataset/archive/derm12345_train_part_2/jd/DERM_124967.jpg,jd,23,23,23,True
/mnt/c/Users/0M SAI RAM/Desktop/project/dataset/archive/derm12345_train_part_2/jd/DERM_410508.jpg,jd,23,23,23,True
/mnt/c/Users/0M SAI RAM/Desktop/project/dataset/archive/derm12345_train_part_2/jd/DERM_100769.jpg,jd,23,23,23,True
/mnt/c/Users/0M SAI RAM/Desktop/project/dataset/archive/derm12345_train_part_2/jd/DERM_374194.jpg,jd,23,23,23,True
/mnt/c/Users/0M SAI RAM/Desktop/project/dataset/archive/derm12345_train_part_2/jd/DERM_476824.jpg,jd,23,23,23,True
/mnt/c/Users/0M SAI RAM/Desktop/project/dataset/archive/derm12345_train_part_2/jd/DERM_114183.jpg,jd,23,23,23,True
/mnt/c/Users/0M SAI RAM/Desktop/project/dataset/archive/derm12345_train_part_2/jd/DERM_358848.jpg,jd,23,23,22,False
/mnt/c/Users/0M SAI RAM/Desktop/project/dataset/archive/derm12345_train_part_2/jd/DERM_432030.jpg,jd,23,23,22,False
/mnt/c/Users/0M SAI RAM/Desktop/project/dataset/archive/derm12345_train_part_2/jd/DERM_450194.jpg,jd,23,23,23,True
/mnt/c/Users/0M SAI RAM/Desktop/project/dataset/archive/derm12345_train_part_2/jd/DERM_566530.jpg,jd,23,23,31,False
/mnt/c/Users/0M SAI RAM/Desktop/project/dataset/archive/derm12345_train_part_2/jd/DERM_973546.jpg,jd,23,23,23,True
/mnt/c/Users/0M SAI RAM/Desktop/project/dataset/archive/derm12345_train_part_2/jd/DERM_979093.jpg,jd,23,23,22,False
/mnt/c/Users/0M SAI RAM/Desktop/project/dataset/archive/derm12345_train_part_2/jd/DERM_443246.jpg,jd,23,23,23,True
/mnt/c/Users/0M SAI RAM/Desktop/project/dataset/archive/derm12345_train_part_2/jd/DERM_272670.jpg,jd,23,23,23,True
/mnt/c/Users/0M SAI RAM/Desktop/project/dataset/archive/derm12345_train_part_2/jd/DERM_471119.jpg,jd,23,23,23,True
/mnt/c/Users/0M SAI RAM/Desktop/project/dataset/archive/derm12345_train_part_2/jd/DERM_500690.jpg,jd,23,23,23,True
/mnt/c/Users/0M SAI RAM/Desktop/project/dataset/archive/derm12345_train_part_2/jd/DERM_623051.jpg,jd,23,23,22,False
/mnt/c/Users/0M SAI RAM/Desktop/project/dataset/archive/derm12345_train_part_2/jd/DERM_225781.jpg,jd,23,23,23,True
/mnt/c/Users/0M SAI RAM/Desktop/project/dataset/archive/derm12345_train_part_2/jd/DERM_795427.jpg,jd,23,23,12,False
/mnt/c/Users/0M SAI RAM/Desktop/project/dataset/archive/derm12345_train_part_2/jd/DERM_470567.jpg,jd,23,23,23,True
/mnt/c/Users/0M SAI RAM/Desktop/project/dataset/archive/derm12345_train_part_2/jd/DERM_447760.jpg,jd,23,23,23,True
/mnt/c/Users/0M SAI RAM/Desktop/project/dataset/archive/derm12345_train_part_2/jd/DERM_949975.jpg,jd,23,23,23,True
/mnt/c/Users/0M SAI RAM/Desktop/project/dataset/archive/derm12345_train_part_2/jd/DERM_835221.jpg,jd,23,23,30,False
/mnt/c/Users/0M SAI RAM/Desktop/project/dataset/archive/derm12345_train_part_2/jd/DERM_432858.jpg,jd,23,23,22,False
/mnt/c/Users/0M SAI RAM/Desktop/project/dataset/archive/derm12345_train_part_2/jd/DERM_777998.jpg,jd,23,23,23,True
/mnt/c/Users/0M SAI RAM/Desktop/project/dataset/archive/derm12345_train_part_2/jd/DERM_172458.jpg,jd,23,23,22,False
/mnt/c/Users/0M SAI RAM/Desktop/project/dataset/archive/derm12345_train_part_2/jd/DERM_529445.jpg,jd,23,23,23,True
/mnt/c/Users/0M SAI RAM/Desktop/project/dataset/archive/derm12345_train_part_2/jd/DERM_678140.jpg,jd,23,23,14,False
/mnt/c/Users/0M SAI RAM/Desktop/project/dataset/archive/derm12345_train_part_2/jd/DERM_533214.jpg,jd,23,23,3,False
/mnt/c/Users/0M SAI RAM/Desktop/project/dataset/archive/derm12345_train_part_2/jd/DERM_559543.jpg,jd,23,23,23,True
/mnt/c/Users/0M SAI RAM/Desktop/project/dataset/archive/derm12345_train_part_2/jd/DERM_337392.jpg,jd,23,23,23,True
/mnt/c/Users/0M SAI RAM/Desktop/project/dataset/archive/derm12345_train_part_2/jd/DERM_668844.jpg,jd,23,23,23,True
/mnt/c/Users/0M SAI RAM/Desktop/project/dataset/archive/derm12345_train_part_2/jd/DERM_211989.jpg,jd,23,23,22,False
/mnt/c/Users/0M SAI RAM/Desktop/project/dataset/archive/derm12345_train_part_2/jd/DERM_471877.jpg,jd,23,23,23,True
/mnt/c/Users/0M SAI RAM/Desktop/project/dataset/archive/derm12345_train_part_2/jd/DERM_521292.jpg,jd,23,23,14,False
/mnt/c/Users/0M SAI RAM/Desktop/project/dataset/archive/derm12345_train_part_2/jd/DERM_253206.jpg,jd,23,23,23,True
/mnt/c/Users/0M SAI RAM/Desktop/project/dataset/archive/derm12345_train_part_2/jd/DERM_876556.jpg,jd,23,23,23,True
/mnt/c/Users/0M SAI RAM/Desktop/project/dataset/archive/derm12345_train_part_2/jd/DERM_687050.jpg,jd,23,23,23,True
/mnt/c/Users/0M SAI RAM/Desktop/project/dataset/archive/derm12345_train_part_2/jd/DERM_546871.jpg,jd,23,23,23,True
/mnt/c/Users/0M SAI RAM/Desktop/project/dataset/archive/derm12345_train_part_2/jd/DERM_235346.jpg,jd,23,23,22,False
/mnt/c/Users/0M SAI RAM/Desktop/project/dataset/archive/derm12345_train_part_2/jd/DERM_170883.jpg,jd,23,23,16,False
/mnt/c/Users/0M SAI RAM/Desktop/project/dataset/archive/derm12345_train_part_2/jd/DERM_940335.jpg,jd,23,23,22,False
/mnt/c/Users/0M SAI RAM/Desktop/project/dataset/archive/derm12345_train_part_2/jd/DERM_765612.jpg,jd,23,23,23,True
/mnt/c/Users/0M SAI RAM/Desktop/project/dataset/archive/derm12345_train_part_2/jd/DERM_992849.jpg,jd,23,23,23,True
/mnt/c/Users/0M SAI RAM/Desktop/project/dataset/archive/derm12345_train_part_2/jd/DERM_584204.jpg,jd,23,23,23,True
/mnt/c/Users/0M SAI RAM/Desktop/project/dataset/archive/derm12345_train_part_2/jd/DERM_745592.jpg,jd,23,23,23,True
/mnt/c/Users/0M SAI RAM/Desktop/project/dataset/archive/derm12345_train_part_2/jd/DERM_986825.jpg,jd,23,23,14,False
/mnt/c/Users/0M SAI RAM/Desktop/project/dataset/archive/derm12345_train_part_2/jd/DERM_232585.jpg,jd,23,23,23,True
/mnt/c/Users/0M SAI RAM/Desktop/project/dataset/archive/derm12345_train_part_2/jd/DERM_419164.jpg,jd,23,23,14,False
/mnt/c/Users/0M SAI RAM/Desktop/project/dataset/archive/derm12345_train_part_2/jd/DERM_905171.jpg,jd,23,23,23,True
/mnt/c/Users/0M SAI RAM/Desktop/project/dataset/archive/derm12345_train_part_2/jd/DERM_598998.jpg,jd,23,23,23,True
/mnt/c/Users/0M SAI RAM/Desktop/project/dataset/archive/derm12345_train_part_2/jd/DERM_232559.jpg,jd,23,23,23,True
/mnt/c/Users/0M SAI RAM/Desktop/project/dataset/archive/derm12345_train_part_2/jd/DERM_451149.jpg,jd,23,23,23,True
/mnt/c/Users/0M SAI RAM/Desktop/project/dataset/archive/derm12345_train_part_2/jd/DERM_839905.jpg,jd,23,23,23,True
/mnt/c/Users/0M SAI RAM/Desktop/project/dataset/archive/derm12345_train_part_2/jd/DERM_906774.jpg,jd,23,23,23,True
/mnt/c/Users/0M SAI RAM/Desktop/project/dataset/archive/derm12345_train_part_2/jd/DERM_273791.jpg,jd,23,23,23,True
/mnt/c/Users/0M SAI RAM/Desktop/project/dataset/archive/derm12345_train_part_2/jd/DERM_364947.jpg,jd,23,23,23,True
/mnt/c/Users/0M SAI RAM/Desktop/project/dataset/archive/derm12345_train_part_2/jd/DERM_883084.jpg,jd,23,23,23,True
/mnt/c/Users/0M SAI RAM/Desktop/project/dataset/archive/derm12345_train_part_2/jd/DERM_282505.jpg,jd,23,23,23,True
/mnt/c/Users/0M SAI RAM/Desktop/project/dataset/archive/derm12345_train_part_2/jd/DERM_800255.jpg,jd,23,23,22,False
/mnt/c/Users/0M SAI RAM/Desktop/project/dataset/archive/derm12345_train_part_2/jd/DERM_939659.jpg,jd,23,23,22,False
/mnt/c/Users/0M SAI RAM/Desktop/project/dataset/archive/derm12345_train_part_2/jd/DERM_164972.jpg,jd,23,23,23,True
/mnt/c/Users/0M SAI RAM/Desktop/project/dataset/archive/derm12345_train_part_2/jd/DERM_290767.jpg,jd,23,23,11,False
/mnt/c/Users/0M SAI RAM/Desktop/project/dataset/archive/derm12345_train_part_2/jd/DERM_117108.jpg,jd,23,23,23,True
/mnt/c/Users/0M SAI RAM/Desktop/project/dataset/archive/derm12345_train_part_2/jd/DERM_134390.jpg,jd,23,23,23,True
/mnt/c/Users/0M SAI RAM/Desktop/project/dataset/archive/derm12345_train_part_2/jd/DERM_756630.jpg,jd,23,23,23,True
/mnt/c/Users/0M SAI RAM/Desktop/project/dataset/archive/derm12345_train_part_2/jd/DERM_217830.jpg,jd,23,23,23,True
/mnt/c/Users/0M SAI RAM/Desktop/project/dataset/archive/derm12345_train_part_2/jd/DERM_814431.jpg,jd,23,23,23,True
/mnt/c/Users/0M SAI RAM/Desktop/project/dataset/archive/derm12345_train_part_2/jd/DERM_530328.jpg,jd,23,23,11,False
/mnt/c/Users/0M SAI RAM/Desktop/project/dataset/archive/derm12345_train_part_2/jd/DERM_582474.jpg,jd,23,23,23,True
/mnt/c/Users/0M SAI RAM/Desktop/project/dataset/archive/derm12345_train_part_2/jd/DERM_666559.jpg,jd,23,23,17,False
/mnt/c/Users/0M SAI RAM/Desktop/project/dataset/archive/derm12345_train_part_2/jd/DERM_280408.jpg,jd,23,23,23,True
/mnt/c/Users/0M SAI RAM/Desktop/project/dataset/archive/derm12345_train_part_2/jd/DERM_863888.jpg,jd,23,23,14,False
/mnt/c/Users/0M SAI RAM/Desktop/project/dataset/archive/derm12345_train_part_2/jd/DERM_120389.jpg,jd,23,23,23,True
/mnt/c/Users/0M SAI RAM/Desktop/project/dataset/archive/derm12345_train_part_2/jd/DERM_785217.jpg,jd,23,23,23,True
/mnt/c/Users/0M SAI RAM/Desktop/project/dataset/archive/derm12345_train_part_2/jd/DERM_144587.jpg,jd,23,23,22,False
/mnt/c/Users/0M SAI RAM/Desktop/project/dataset/archive/derm12345_train_part_2/jd/DERM_533094.jpg,jd,23,23,22,False
/mnt/c/Users/0M SAI RAM/Desktop/project/dataset/archive/derm12345_train_part_2/jd/DERM_973935.jpg,jd,23,23,23,True
/mnt/c/Users/0M SAI RAM/Desktop/project/dataset/archive/derm12345_train_part_2/jd/DERM_306424.jpg,jd,23,23,23,True
/mnt/c/Users/0M SAI RAM/Desktop/project/dataset/archive/derm12345_train_part_2/jd/DERM_180225.jpg,jd,23,23,23,True
/mnt/c/Users/0M SAI RAM/Desktop/project/dataset/archive/derm12345_train_part_2/jd/DERM_460873.jpg,jd,23,23,23,True
/mnt/c/Users/0M SAI RAM/Desktop/project/dataset/archive/derm12345_train_part_2/jd/DERM_913393.jpg,jd,23,23,22,False
/mnt/c/Users/0M SAI RAM/Desktop/project/dataset/archive/derm12345_train_part_2/jd/DERM_574548.jpg,jd,23,23,22,False
/mnt/c/Users/0M SAI RAM/Desktop/project/dataset/archive/derm12345_train_part_2/jd/DERM_221346.jpg,jd,23,23,23,True
/mnt/c/Users/0M SAI RAM/Desktop/project/dataset/archive/derm12345_train_part_2/jd/DERM_307276.jpg,jd,23,23,23,True
/mnt/c/Users/0M SAI RAM/Desktop/project/dataset/archive/derm12345_train_part_2/jd/DERM_635466.jpg,jd,23,23,10,False
/mnt/c/Users/0M SAI RAM/Desktop/project/dataset/archive/derm12345_train_part_2/jd/DERM_851497.jpg,jd,23,23,23,True
/mnt/c/Users/0M SAI RAM/Desktop/project/dataset/archive/derm12345_train_part_2/jd/DERM_518422.jpg,jd,23,23,23,True
/mnt/c/Users/0M SAI RAM/Desktop/project/dataset/archive/derm12345_train_part_2/jd/DERM_403374.jpg,jd,23,23,14,False
/mnt/c/Users/0M SAI RAM/Desktop/project/dataset/archive/derm12345_train_part_2/jd/DERM_314710.jpg,jd,23,23,23,True
/mnt/c/Users/0M SAI RAM/Desktop/project/dataset/archive/derm12345_train_part_2/jd/DERM_982470.jpg,jd,23,23,23,True
/mnt/c/Users/0M SAI RAM/Desktop/project/dataset/archive/derm12345_train_part_2/jd/DERM_760611.jpg,jd,23,23,14,False
/mnt/c/Users/0M SAI RAM/Desktop/project/dataset/archive/derm12345_train_part_2/jd/DERM_429388.jpg,jd,23,23,22,False
/mnt/c/Users/0M SAI RAM/Desktop/project/dataset/archive/derm12345_train_part_2/jd/DERM_292741.jpg,jd,23,23,23,True
/mnt/c/Users/0M SAI RAM/Desktop/project/dataset/archive/derm12345_train_part_2/jd/DERM_521837.jpg,jd,23,23,22,False
/mnt/c/Users/0M SAI RAM/Desktop/project/dataset/archive/derm12345_train_part_2/jd/DERM_471401.jpg,jd,23,23,23,True
/mnt/c/Users/0M SAI RAM/Desktop/project/dataset/archive/derm12345_train_part_2/jd/DERM_229511.jpg,jd,23,23,23,True
/mnt/c/Users/0M SAI RAM/Desktop/project/dataset/archive/derm12345_train_part_2/jd/DERM_916796.jpg,jd,23,23,23,True
/mnt/c/Users/0M SAI RAM/Desktop/project/dataset/archive/derm12345_train_part_2/jd/DERM_866447.jpg,jd,23,23,23,True
/mnt/c/Users/0M SAI RAM/Desktop/project/dataset/archive/derm12345_train_part_2/jd/DERM_405293.jpg,jd,23,23,23,True
/mnt/c/Users/0M SAI RAM/Desktop/project/dataset/archive/derm12345_train_part_2/jd/DERM_884815.jpg,jd,23,23,22,False
/mnt/c/Users/0M SAI RAM/Desktop/project/dataset/archive/derm12345_train_part_2/jd/DERM_381508.jpg,jd,23,23,23,True
/mnt/c/Users/0M SAI RAM/Desktop/project/dataset/archive/derm12345_train_part_2/jd/DERM_613965.jpg,jd,23,23,23,True
/mnt/c/Users/0M SAI RAM/Desktop/project/dataset/archive/derm12345_train_part_2/jd/DERM_934773.jpg,jd,23,23,23,True
/mnt/c/Users/0M SAI RAM/Desktop/project/dataset/archive/derm12345_train_part_2/jd/DERM_392183.jpg,jd,23,23,22,False
/mnt/c/Users/0M SAI RAM/Desktop/project/dataset/archive/derm12345_train_part_2/jd/DERM_943460.jpg,jd,23,23,23,True
/mnt/c/Users/0M SAI RAM/Desktop/project/dataset/archive/derm12345_train_part_2/jd/DERM_486488.jpg,jd,23,23,37,False
/mnt/c/Users/0M SAI RAM/Desktop/project/dataset/archive/derm12345_train_part_2/jd/DERM_579940.jpg,jd,23,23,23,True
/mnt/c/Users/0M SAI RAM/Desktop/project/dataset/archive/derm12345_train_part_2/jd/DERM_420828.jpg,jd,23,23,23,True
/mnt/c/Users/0M SAI RAM/Desktop/project/dataset/archive/derm12345_train_part_2/jd/DERM_430230.jpg,jd,23,23,23,True
/mnt/c/Users/0M SAI RAM/Desktop/project/dataset/archive/derm12345_train_part_2/jd/DERM_857944.jpg,jd,23,23,23,True
/mnt/c/Users/0M SAI RAM/Desktop/project/dataset/archive/derm12345_train_part_2/jd/DERM_101063.jpg,jd,23,23,23,True
/mnt/c/Users/0M SAI RAM/Desktop/project/dataset/archive/derm12345_train_part_2/jd/DERM_214826.jpg,jd,23,23,23,True
/mnt/c/Users/0M SAI RAM/Desktop/project/dataset/archive/derm12345_train_part_2/jd/DERM_512401.jpg,jd,23,23,14,False
/mnt/c/Users/0M SAI RAM/Desktop/project/dataset/archive/derm12345_train_part_2/jd/DERM_678627.jpg,jd,23,23,23,True
/mnt/c/Users/0M SAI RAM/Desktop/project/dataset/archive/derm12345_train_part_2/jd/DERM_892528.jpg,jd,23,23,23,True
/mnt/c/Users/0M SAI RAM/Desktop/project/dataset/archive/derm12345_train_part_2/jd/DERM_567767.jpg,jd,23,23,23,True
/mnt/c/Users/0M SAI RAM/Desktop/project/dataset/archive/derm12345_train_part_2/jd/DERM_607042.jpg,jd,23,23,23,True
/mnt/c/Users/0M SAI RAM/Desktop/project/dataset/archive/derm12345_train_part_2/jd/DERM_523382.jpg,jd,23,23,23,True
/mnt/c/Users/0M SAI RAM/Desktop/project/dataset/archive/derm12345_train_part_2/jd/DERM_352262.jpg,jd,23,23,23,True
/mnt/c/Users/0M SAI RAM/Desktop/project/dataset/archive/derm12345_train_part_2/jd/DERM_419625.jpg,jd,23,23,23,True
/mnt/c/Users/0M SAI RAM/Desktop/project/dataset/archive/derm12345_train_part_2/jd/DERM_822455.jpg,jd,23,23,23,True
/mnt/c/Users/0M SAI RAM/Desktop/project/dataset/archive/derm12345_train_part_2/jd/DERM_414052.jpg,jd,23,23,23,True
/mnt/c/Users/0M SAI RAM/Desktop/project/dataset/archive/derm12345_train_part_2/jd/DERM_523974.jpg,jd,23,23,14,False
/mnt/c/Users/0M SAI RAM/Desktop/project/dataset/archive/derm12345_train_part_2/jd/DERM_453971.jpg,jd,23,23,23,True
/mnt/c/Users/0M SAI RAM/Desktop/project/dataset/archive/derm12345_train_part_2/jd/DERM_987497.jpg,jd,23,23,23,True
/mnt/c/Users/0M SAI RAM/Desktop/project/dataset/archive/derm12345_train_part_2/jd/DERM_820894.jpg,jd,23,23,23,True
/mnt/c/Users/0M SAI RAM/Desktop/project/dataset/archive/derm12345_train_part_2/jd/DERM_955350.jpg,jd,23,23,23,True
/mnt/c/Users/0M SAI RAM/Desktop/project/dataset/archive/derm12345_train_part_2/jd/DERM_691685.jpg,jd,23,23,23,True
/mnt/c/Users/0M SAI RAM/Desktop/project/dataset/archive/derm12345_train_part_2/jd/DERM_709271.jpg,jd,23,23,23,True
/mnt/c/Users/0M SAI RAM/Desktop/project/dataset/archive/derm12345_train_part_2/jd/DERM_338908.jpg,jd,23,23,23,True
/mnt/c/Users/0M SAI RAM/Desktop/project/dataset/archive/derm12345_train_part_2/jd/DERM_772362.jpg,jd,23,23,23,True
/mnt/c/Users/0M SAI RAM/Desktop/project/dataset/archive/derm12345_train_part_2/jd/DERM_359237.jpg,jd,23,23,23,True
/mnt/c/Users/0M SAI RAM/Desktop/project/dataset/archive/derm12345_train_part_2/jd/DERM_540392.jpg,jd,23,23,23,True
/mnt/c/Users/0M SAI RAM/Desktop/project/dataset/archive/derm12345_train_part_2/jd/DERM_196640.jpg,jd,23,23,23,True
/mnt/c/Users/0M SAI RAM/Desktop/project/dataset/archive/derm12345_train_part_2/jd/DERM_969382.jpg,jd,23,23,23,True
/mnt/c/Users/0M SAI RAM/Desktop/project/dataset/archive/derm12345_train_part_2/jd/DERM_759993.jpg,jd,23,23,23,True
/mnt/c/Users/0M SAI RAM/Desktop/project/dataset/archive/derm12345_train_part_2/jd/DERM_967151.jpg,jd,23,23,22,False
/mnt/c/Users/0M SAI RAM/Desktop/project/dataset/archive/derm12345_train_part_2/jd/DERM_636187.jpg,jd,23,23,23,True
/mnt/c/Users/0M SAI RAM/Desktop/project/dataset/archive/derm12345_train_part_2/jd/DERM_906739.jpg,jd,23,23,11,False
/mnt/c/Users/0M SAI RAM/Desktop/project/dataset/archive/derm12345_train_part_2/jd/DERM_519436.jpg,jd,23,23,23,True
/mnt/c/Users/0M SAI RAM/Desktop/project/dataset/archive/derm12345_train_part_2/jd/DERM_176100.jpg,jd,23,23,11,False
/mnt/c/Users/0M SAI RAM/Desktop/project/dataset/archive/derm12345_train_part_2/jd/DERM_445128.jpg,jd,23,23,23,True
/mnt/c/Users/0M SAI RAM/Desktop/project/dataset/archive/derm12345_train_part_2/jd/DERM_707825.jpg,jd,23,23,17,False
/mnt/c/Users/0M SAI RAM/Desktop/project/dataset/archive/derm12345_train_part_2/jd/DERM_766951.jpg,jd,23,23,11,False
/mnt/c/Users/0M SAI RAM/Desktop/project/dataset/archive/derm12345_train_part_2/jd/DERM_722598.jpg,jd,23,23,23,True
/mnt/c/Users/0M SAI RAM/Desktop/project/dataset/archive/derm12345_train_part_2/jd/DERM_426923.jpg,jd,23,23,23,True
/mnt/c/Users/0M SAI RAM/Desktop/project/dataset/archive/derm12345_train_part_2/jd/DERM_648002.jpg,jd,23,23,37,False
/mnt/c/Users/0M SAI RAM/Desktop/project/dataset/archive/derm12345_train_part_2/jd/DERM_868997.jpg,jd,23,23,23,True
/mnt/c/Users/0M SAI RAM/Desktop/project/dataset/archive/derm12345_train_part_2/jd/DERM_628654.jpg,jd,23,23,23,True
/mnt/c/Users/0M SAI RAM/Desktop/project/dataset/archive/derm12345_train_part_2/jd/DERM_563395.jpg,jd,23,23,23,True
/mnt/c/Users/0M SAI RAM/Desktop/project/dataset/archive/derm12345_train_part_2/jd/DERM_609363.jpg,jd,23,23,14,False
/mnt/c/Users/0M SAI RAM/Desktop/project/dataset/archive/derm12345_train_part_2/jd/DERM_972418.jpg,jd,23,23,23,True
/mnt/c/Users/0M SAI RAM/Desktop/project/dataset/archive/derm12345_train_part_2/jd/DERM_109052.jpg,jd,23,23,23,True
/mnt/c/Users/0M SAI RAM/Desktop/project/dataset/archive/derm12345_train_part_2/jd/DERM_342940.jpg,jd,23,23,22,False
/mnt/c/Users/0M SAI RAM/Desktop/project/dataset/archive/derm12345_train_part_2/jd/DERM_422401.jpg,jd,23,23,23,True
/mnt/c/Users/0M SAI RAM/Desktop/project/dataset/archive/derm12345_train_part_2/jd/DERM_719900.jpg,jd,23,23,23,True
/mnt/c/Users/0M SAI RAM/Desktop/project/dataset/archive/derm12345_train_part_2/jd/DERM_908379.jpg,jd,23,23,14,False
/mnt/c/Users/0M SAI RAM/Desktop/project/dataset/archive/derm12345_train_part_2/jd/DERM_926773.jpg,jd,23,23,22,False
/mnt/c/Users/0M SAI RAM/Desktop/project/dataset/archive/derm12345_train_part_2/jd/DERM_471961.jpg,jd,23,23,23,True
/mnt/c/Users/0M SAI RAM/Desktop/project/dataset/archive/derm12345_train_part_2/jd/DERM_726843.jpg,jd,23,23,14,False
/mnt/c/Users/0M SAI RAM/Desktop/project/dataset/archive/derm12345_train_part_2/jd/DERM_939194.jpg,jd,23,23,23,True
/mnt/c/Users/0M SAI RAM/Desktop/project/dataset/archive/derm12345_train_part_2/jd/DERM_717813.jpg,jd,23,23,22,False
/mnt/c/Users/0M SAI RAM/Desktop/project/dataset/archive/derm12345_train_part_2/jd/DERM_473004.jpg,jd,23,23,23,True
/mnt/c/Users/0M SAI RAM/Desktop/project/dataset/archive/derm12345_train_part_2/jd/DERM_135626.jpg,jd,23,23,23,True
/mnt/c/Users/0M SAI RAM/Desktop/project/dataset/archive/derm12345_train_part_2/jd/DERM_104085.jpg,jd,23,23,22,False
/mnt/c/Users/0M SAI RAM/Desktop/project/dataset/archive/derm12345_train_part_2/jd/DERM_181985.jpg,jd,23,23,23,True
/mnt/c/Users/0M SAI RAM/Desktop/project/dataset/archive/derm12345_train_part_2/jd/DERM_345112.jpg,jd,23,23,3,False
/mnt/c/Users/0M SAI RAM/Desktop/project/dataset/archive/derm12345_train_part_2/jd/DERM_430354.jpg,jd,23,23,23,True
/mnt/c/Users/0M SAI RAM/Desktop/project/dataset/archive/derm12345_train_part_2/jd/DERM_791523.jpg,jd,23,23,23,True
/mnt/c/Users/0M SAI RAM/Desktop/project/dataset/archive/derm12345_train_part_2/jd/DERM_873410.jpg,jd,23,23,23,True
/mnt/c/Users/0M SAI RAM/Desktop/project/dataset/archive/derm12345_train_part_2/jd/DERM_409468.jpg,jd,23,23,23,True
/mnt/c/Users/0M SAI RAM/Desktop/project/dataset/archive/derm12345_train_part_2/jd/DERM_376820.jpg,jd,23,23,23,True
/mnt/c/Users/0M SAI RAM/Desktop/project/dataset/archive/derm12345_train_part_2/jd/DERM_489936.jpg,jd,23,23,23,True
/mnt/c/Users/0M SAI RAM/Desktop/project/dataset/archive/derm12345_train_part_2/jd/DERM_921680.jpg,jd,23,23,23,True
/mnt/c/Users/0M SAI RAM/Desktop/project/dataset/archive/derm12345_train_part_2/jd/DERM_417028.jpg,jd,23,23,23,True
/mnt/c/Users/0M SAI RAM/Desktop/project/dataset/archive/derm12345_train_part_2/jd/DERM_243650.jpg,jd,23,23,23,True
/mnt/c/Users/0M SAI RAM/Desktop/project/dataset/archive/derm12345_train_part_2/jd/DERM_703664.jpg,jd,23,23,14,False
/mnt/c/Users/0M SAI RAM/Desktop/project/dataset/archive/derm12345_train_part_2/jd/DERM_889699.jpg,jd,23,23,23,True
/mnt/c/Users/0M SAI RAM/Desktop/project/dataset/archive/derm12345_train_part_2/jd/DERM_140554.jpg,jd,23,23,23,True
/mnt/c/Users/0M SAI RAM/Desktop/project/dataset/archive/derm12345_train_part_2/jd/DERM_183832.jpg,jd,23,23,22,False
/mnt/c/Users/0M SAI RAM/Desktop/project/dataset/archive/derm12345_train_part_2/jd/DERM_354787.jpg,jd,23,23,14,False
/mnt/c/Users/0M SAI RAM/Desktop/project/dataset/archive/derm12345_train_part_2/jd/DERM_777819.jpg,jd,23,23,23,True
/mnt/c/Users/0M SAI RAM/Desktop/project/dataset/archive/derm12345_train_part_2/jd/DERM_396258.jpg,jd,23,23,23,True
/mnt/c/Users/0M SAI RAM/Desktop/project/dataset/archive/derm12345_train_part_2/jd/DERM_721318.jpg,jd,23,23,23,True
/mnt/c/Users/0M SAI RAM/Desktop/project/dataset/archive/derm12345_train_part_2/jd/DERM_189749.jpg,jd,23,23,23,True
/mnt/c/Users/0M SAI RAM/Desktop/project/dataset/archive/derm12345_train_part_2/jd/DERM_731105.jpg,jd,23,23,23,True
/mnt/c/Users/0M SAI RAM/Desktop/project/dataset/archive/derm12345_train_part_2/jd/DERM_760740.jpg,jd,23,23,23,True
/mnt/c/Users/0M SAI RAM/Desktop/project/dataset/archive/derm12345_train_part_2/jd/DERM_811441.jpg,jd,23,23,22,False
/mnt/c/Users/0M SAI RAM/Desktop/project/dataset/archive/derm12345_train_part_2/jd/DERM_915867.jpg,jd,23,23,22,False
/mnt/c/Users/0M SAI RAM/Desktop/project/dataset/archive/derm12345_train_part_2/jd/DERM_314354.jpg,jd,23,23,30,False
/mnt/c/Users/0M SAI RAM/Desktop/project/dataset/archive/derm12345_train_part_2/jd/DERM_607145.jpg,jd,23,23,22,False
/mnt/c/Users/0M SAI RAM/Desktop/project/dataset/archive/derm12345_train_part_2/jd/DERM_291222.jpg,jd,23,23,22,False
/mnt/c/Users/0M SAI RAM/Desktop/project/dataset/archive/derm12345_train_part_2/jd/DERM_968166.jpg,jd,23,23,14,False
/mnt/c/Users/0M SAI RAM/Desktop/project/dataset/archive/derm12345_train_part_2/jd/DERM_184409.jpg,jd,23,23,17,False
/mnt/c/Users/0M SAI RAM/Desktop/project/dataset/archive/derm12345_train_part_2/jd/DERM_390139.jpg,jd,23,23,23,True
/mnt/c/Users/0M SAI RAM/Desktop/project/dataset/archive/derm12345_train_part_2/jd/DERM_597204.jpg,jd,23,23,11,False
/mnt/c/Users/0M SAI RAM/Desktop/project/dataset/archive/derm12345_train_part_2/jd/DERM_963997.jpg,jd,23,23,23,True
/mnt/c/Users/0M SAI RAM/Desktop/project/dataset/archive/derm12345_train_part_2/jd/DERM_430600.jpg,jd,23,23,23,True
/mnt/c/Users/0M SAI RAM/Desktop/project/dataset/archive/derm12345_train_part_2/jd/DERM_433890.jpg,jd,23,23,12,False
/mnt/c/Users/0M SAI RAM/Desktop/project/dataset/archive/derm12345_train_part_2/jd/DERM_363064.jpg,jd,23,23,17,False
/mnt/c/Users/0M SAI RAM/Desktop/project/dataset/archive/derm12345_train_part_2/jd/DERM_175150.jpg,jd,23,23,23,True
/mnt/c/Users/0M SAI RAM/Desktop/project/dataset/archive/derm12345_train_part_2/jd/DERM_748181.jpg,jd,23,23,17,False
/mnt/c/Users/0M SAI RAM/Desktop/project/dataset/archive/derm12345_train_part_2/jd/DERM_176734.jpg,jd,23,23,11,False
/mnt/c/Users/0M SAI RAM/Desktop/project/dataset/archive/derm12345_train_part_2/jd/DERM_556640.jpg,jd,23,23,14,False
/mnt/c/Users/0M SAI RAM/Desktop/project/dataset/archive/derm12345_train_part_2/jd/DERM_889902.jpg,jd,23,23,23,True
/mnt/c/Users/0M SAI RAM/Desktop/project/dataset/archive/derm12345_train_part_2/jd/DERM_660830.jpg,jd,23,23,23,True
/mnt/c/Users/0M SAI RAM/Desktop/project/dataset/archive/derm12345_train_part_2/jd/DERM_411660.jpg,jd,23,23,23,True
/mnt/c/Users/0M SAI RAM/Desktop/project/dataset/archive/derm12345_train_part_2/jd/DERM_606545.jpg,jd,23,23,22,False
/mnt/c/Users/0M SAI RAM/Desktop/project/dataset/archive/derm12345_train_part_2/jd/DERM_111253.jpg,jd,23,23,23,True
/mnt/c/Users/0M SAI RAM/Desktop/project/dataset/archive/derm12345_train_part_2/jd/DERM_498084.jpg,jd,23,23,23,True
/mnt/c/Users/0M SAI RAM/Desktop/project/dataset/archive/derm12345_train_part_2/jd/DERM_822805.jpg,jd,23,23,23,True
/mnt/c/Users/0M SAI RAM/Desktop/project/dataset/archive/derm12345_train_part_2/jd/DERM_674932.jpg,jd,23,23,11,False
/mnt/c/Users/0M SAI RAM/Desktop/project/dataset/archive/derm12345_train_part_2/jd/DERM_705575.jpg,jd,23,23,22,False
/mnt/c/Users/0M SAI RAM/Desktop/project/dataset/archive/derm12345_train_part_2/jd/DERM_620716.jpg,jd,23,23,11,False
/mnt/c/Users/0M SAI RAM/Desktop/project/dataset/archive/derm12345_train_part_2/jd/DERM_214496.jpg,jd,23,23,22,False
/mnt/c/Users/0M SAI RAM/Desktop/project/dataset/archive/derm12345_train_part_2/jd/DERM_191605.jpg,jd,23,23,11,False
/mnt/c/Users/0M SAI RAM/Desktop/project/dataset/archive/derm12345_train_part_2/jd/DERM_170891.jpg,jd,23,23,23,True
/mnt/c/Users/0M SAI RAM/Desktop/project/dataset/archive/derm12345_train_part_2/jd/DERM_929276.jpg,jd,23,23,22,False
/mnt/c/Users/0M SAI RAM/Desktop/project/dataset/archive/derm12345_train_part_2/jd/DERM_138048.jpg,jd,23,23,23,True
/mnt/c/Users/0M SAI RAM/Desktop/project/dataset/archive/derm12345_train_part_2/jd/DERM_303710.jpg,jd,23,23,23,True
/mnt/c/Users/0M SAI RAM/Desktop/project/dataset/archive/derm12345_train_part_2/jd/DERM_920264.jpg,jd,23,23,23,True
/mnt/c/Users/0M SAI RAM/Desktop/project/dataset/archive/derm12345_train_part_2/jd/DERM_682525.jpg,jd,23,23,23,True
/mnt/c/Users/0M SAI RAM/Desktop/project/dataset/archive/derm12345_train_part_2/jd/DERM_118108.jpg,jd,23,23,23,True
/mnt/c/Users/0M SAI RAM/Desktop/project/dataset/archive/derm12345_train_part_2/jd/DERM_701556.jpg,jd,23,23,11,False
/mnt/c/Users/0M SAI RAM/Desktop/project/dataset/archive/derm12345_train_part_2/jd/DERM_752711.jpg,jd,23,23,2,False
/mnt/c/Users/0M SAI RAM/Desktop/project/dataset/archive/derm12345_train_part_2/jd/DERM_612837.jpg,jd,23,23,22,False
/mnt/c/Users/0M SAI RAM/Desktop/project/dataset/archive/derm12345_train_part_2/jd/DERM_725878.jpg,jd,23,23,23,True
/mnt/c/Users/0M SAI RAM/Desktop/project/dataset/archive/derm12345_train_part_2/jd/DERM_815920.jpg,jd,23,23,23,True
/mnt/c/Users/0M SAI RAM/Desktop/project/dataset/archive/derm12345_train_part_2/jd/DERM_634551.jpg,jd,23,23,22,False
/mnt/c/Users/0M SAI RAM/Desktop/project/dataset/archive/derm12345_train_part_2/jd/DERM_536154.jpg,jd,23,23,23,True
/mnt/c/Users/0M SAI RAM/Desktop/project/dataset/archive/derm12345_train_part_2/jd/DERM_135437.jpg,jd,23,23,22,False
/mnt/c/Users/0M SAI RAM/Desktop/project/dataset/archive/derm12345_train_part_2/jd/DERM_932788.jpg,jd,23,23,14,False
/mnt/c/Users/0M SAI RAM/Desktop/project/dataset/archive/derm12345_train_part_2/jd/DERM_536860.jpg,jd,23,23,23,True
/mnt/c/Users/0M SAI RAM/Desktop/project/dataset/archive/derm12345_train_part_2/jd/DERM_835681.jpg,jd,23,23,17,False
/mnt/c/Users/0M SAI RAM/Desktop/project/dataset/archive/derm12345_train_part_2/jd/DERM_491565.jpg,jd,23,23,23,True
/mnt/c/Users/0M SAI RAM/Desktop/project/dataset/archive/derm12345_train_part_2/jd/DERM_806772.jpg,jd,23,23,22,False
/mnt/c/Users/0M SAI RAM/Desktop/project/dataset/archive/derm12345_train_part_2/jd/DERM_779996.jpg,jd,23,23,23,True
/mnt/c/Users/0M SAI RAM/Desktop/project/dataset/archive/derm12345_train_part_2/jd/DERM_353379.jpg,jd,23,23,11,False
/mnt/c/Users/0M SAI RAM/Desktop/project/dataset/archive/derm12345_train_part_2/jd/DERM_219000.jpg,jd,23,23,11,False
/mnt/c/Users/0M SAI RAM/Desktop/project/dataset/archive/derm12345_train_part_2/jd/DERM_725990.jpg,jd,23,23,23,True
/mnt/c/Users/0M SAI RAM/Desktop/project/dataset/archive/derm12345_train_part_2/jd/DERM_874190.jpg,jd,23,23,23,True
/mnt/c/Users/0M SAI RAM/Desktop/project/dataset/archive/derm12345_train_part_2/jd/DERM_334299.jpg,jd,23,23,11,False
/mnt/c/Users/0M SAI RAM/Desktop/project/dataset/archive/derm12345_train_part_2/jd/DERM_944009.jpg,jd,23,23,23,True
/mnt/c/Users/0M SAI RAM/Desktop/project/dataset/archive/derm12345_train_part_2/jd/DERM_807777.jpg,jd,23,23,23,True
/mnt/c/Users/0M SAI RAM/Desktop/project/dataset/archive/derm12345_train_part_2/jd/DERM_483661.jpg,jd,23,23,22,False
/mnt/c/Users/0M SAI RAM/Desktop/project/dataset/archive/derm12345_train_part_2/jd/DERM_132330.jpg,jd,23,23,22,False
/mnt/c/Users/0M SAI RAM/Desktop/project/dataset/archive/derm12345_train_part_2/jd/DERM_907984.jpg,jd,23,23,11,False
/mnt/c/Users/0M SAI RAM/Desktop/project/dataset/archive/derm12345_train_part_2/jd/DERM_910965.jpg,jd,23,23,23,True
/mnt/c/Users/0M SAI RAM/Desktop/project/dataset/archive/derm12345_train_part_2/jd/DERM_379493.jpg,jd,23,23,17,False
/mnt/c/Users/0M SAI RAM/Desktop/project/dataset/archive/derm12345_train_part_2/jd/DERM_984602.jpg,jd,23,23,23,True
/mnt/c/Users/0M SAI RAM/Desktop/project/dataset/archive/derm12345_train_part_2/jd/DERM_416609.jpg,jd,23,23,11,False
/mnt/c/Users/0M SAI RAM/Desktop/project/dataset/archive/derm12345_train_part_2/jd/DERM_848343.jpg,jd,23,23,11,False
/mnt/c/Users/0M SAI RAM/Desktop/project/dataset/archive/derm12345_train_part_2/jd/DERM_942162.jpg,jd,23,23,23,True
/mnt/c/Users/0M SAI RAM/Desktop/project/dataset/archive/derm12345_train_part_2/jd/DERM_557894.jpg,jd,23,23,22,False
/mnt/c/Users/0M SAI RAM/Desktop/project/dataset/archive/derm12345_train_part_2/jd/DERM_151378.jpg,jd,23,23,23,True
/mnt/c/Users/0M SAI RAM/Desktop/project/dataset/archive/derm12345_train_part_2/jd/DERM_200208.jpg,jd,23,23,22,False
/mnt/c/Users/0M SAI RAM/Desktop/project/dataset/archive/derm12345_train_part_2/jd/DERM_143079.jpg,jd,23,23,22,False
/mnt/c/Users/0M SAI RAM/Desktop/project/dataset/archive/derm12345_train_part_2/jd/DERM_974947.jpg,jd,23,23,22,False
/mnt/c/Users/0M SAI RAM/Desktop/project/dataset/archive/derm12345_train_part_2/jd/DERM_602932.jpg,jd,23,23,23,True
/mnt/c/Users/0M SAI RAM/Desktop/project/dataset/archive/derm12345_train_part_2/jd/DERM_776892.jpg,jd,23,23,22,False
/mnt/c/Users/0M SAI RAM/Desktop/project/dataset/archive/derm12345_train_part_2/jd/DERM_311185.jpg,jd,23,23,23,True
/mnt/c/Users/0M SAI RAM/Desktop/project/dataset/archive/derm12345_train_part_2/jd/DERM_366872.jpg,jd,23,23,22,False
/mnt/c/Users/0M SAI RAM/Desktop/project/dataset/archive/derm12345_train_part_2/jd/DERM_991149.jpg,jd,23,23,22,False
/mnt/c/Users/0M SAI RAM/Desktop/project/dataset/archive/derm12345_train_part_2/jd/DERM_454530.jpg,jd,23,23,22,False
/mnt/c/Users/0M SAI RAM/Desktop/project/dataset/archive/derm12345_train_part_2/jd/DERM_188765.jpg,jd,23,23,23,True
/mnt/c/Users/0M SAI RAM/Desktop/project/dataset/archive/derm12345_train_part_2/jd/DERM_847926.jpg,jd,23,23,22,False
/mnt/c/Users/0M SAI RAM/Desktop/project/dataset/archive/derm12345_train_part_2/jd/DERM_820621.jpg,jd,23,23,22,False
/mnt/c/Users/0M SAI RAM/Desktop/project/dataset/archive/derm12345_train_part_2/jd/DERM_480869.jpg,jd,23,23,22,False
/mnt/c/Users/0M SAI RAM/Desktop/project/dataset/archive/derm12345_train_part_2/jd/DERM_280326.jpg,jd,23,23,23,True
/mnt/c/Users/0M SAI RAM/Desktop/project/dataset/archive/derm12345_train_part_2/jd/DERM_678379.jpg,jd,23,23,23,True
/mnt/c/Users/0M SAI RAM/Desktop/project/dataset/archive/derm12345_train_part_2/jd/DERM_516804.jpg,jd,23,23,23,True
/mnt/c/Users/0M SAI RAM/Desktop/project/dataset/archive/derm12345_train_part_2/jd/DERM_662932.jpg,jd,23,23,30,False
/mnt/c/Users/0M SAI RAM/Desktop/project/dataset/archive/derm12345_train_part_2/jd/DERM_778135.jpg,jd,23,23,23,True
/mnt/c/Users/0M SAI RAM/Desktop/project/dataset/archive/derm12345_train_part_2/jd/DERM_834195.jpg,jd,23,23,22,False
/mnt/c/Users/0M SAI RAM/Desktop/project/dataset/archive/derm12345_train_part_2/jd/DERM_158153.jpg,jd,23,23,23,True
/mnt/c/Users/0M SAI RAM/Desktop/project/dataset/archive/derm12345_train_part_2/jd/DERM_209021.jpg,jd,23,23,22,False
/mnt/c/Users/0M SAI RAM/Desktop/project/dataset/archive/derm12345_train_part_2/jd/DERM_380812.jpg,jd,23,23,22,False
/mnt/c/Users/0M SAI RAM/Desktop/project/dataset/archive/derm12345_train_part_2/jd/DERM_434724.jpg,jd,23,23,23,True
/mnt/c/Users/0M SAI RAM/Desktop/project/dataset/archive/derm12345_train_part_2/jd/DERM_483905.jpg,jd,23,23,23,True
/mnt/c/Users/0M SAI RAM/Desktop/project/dataset/archive/derm12345_train_part_2/jd/DERM_751568.jpg,jd,23,23,23,True
/mnt/c/Users/0M SAI RAM/Desktop/project/dataset/archive/derm12345_train_part_2/jd/DERM_841257.jpg,jd,23,23,23,True
/mnt/c/Users/0M SAI RAM/Desktop/project/dataset/archive/derm12345_train_part_2/jd/DERM_419762.jpg,jd,23,23,22,False
/mnt/c/Users/0M SAI RAM/Desktop/project/dataset/archive/derm12345_train_part_2/jd/DERM_115911.jpg,jd,23,23,22,False
/mnt/c/Users/0M SAI RAM/Desktop/project/dataset/archive/derm12345_train_part_2/jd/DERM_584443.jpg,jd,23,23,23,True
/mnt/c/Users/0M SAI RAM/Desktop/project/dataset/archive/derm12345_train_part_2/jd/DERM_636416.jpg,jd,23,23,23,True
/mnt/c/Users/0M SAI RAM/Desktop/project/dataset/archive/derm12345_train_part_2/jd/DERM_753870.jpg,jd,23,23,23,True
/mnt/c/Users/0M SAI RAM/Desktop/project/dataset/archive/derm12345_train_part_2/jd/DERM_395738.jpg,jd,23,23,23,True
/mnt/c/Users/0M SAI RAM/Desktop/project/dataset/archive/derm12345_train_part_2/jd/DERM_719459.jpg,jd,23,23,23,True
/mnt/c/Users/0M SAI RAM/Desktop/project/dataset/archive/derm12345_train_part_2/jd/DERM_972682.jpg,jd,23,23,23,True
/mnt/c/Users/0M SAI RAM/Desktop/project/dataset/archive/derm12345_train_part_2/jd/DERM_728968.jpg,jd,23,23,23,True
/mnt/c/Users/0M SAI RAM/Desktop/project/dataset/archive/derm12345_train_part_2/jd/DERM_981968.jpg,jd,23,23,22,False
/mnt/c/Users/0M SAI RAM/Desktop/project/dataset/archive/derm12345_train_part_2/jd/DERM_521851.jpg,jd,23,23,23,True
/mnt/c/Users/0M SAI RAM/Desktop/project/dataset/archive/derm12345_train_part_2/jd/DERM_631429.jpg,jd,23,23,22,False
/mnt/c/Users/0M SAI RAM/Desktop/project/dataset/archive/derm12345_train_part_2/jd/DERM_788971.jpg,jd,23,23,14,False
/mnt/c/Users/0M SAI RAM/Desktop/project/dataset/archive/derm12345_train_part_2/jd/DERM_265967.jpg,jd,23,23,23,True
/mnt/c/Users/0M SAI RAM/Desktop/project/dataset/archive/derm12345_train_part_2/jd/DERM_452473.jpg,jd,23,23,23,True
/mnt/c/Users/0M SAI RAM/Desktop/project/dataset/archive/derm12345_train_part_2/jd/DERM_722888.jpg,jd,23,23,2,False
/mnt/c/Users/0M SAI RAM/Desktop/project/dataset/archive/derm12345_train_part_2/jd/DERM_624103.jpg,jd,23,23,11,False
/mnt/c/Users/0M SAI RAM/Desktop/project/dataset/archive/derm12345_train_part_2/jd/DERM_351243.jpg,jd,23,23,5,False
/mnt/c/Users/0M SAI RAM/Desktop/project/dataset/archive/derm12345_train_part_2/jd/DERM_478577.jpg,jd,23,23,0,False
/mnt/c/Users/0M SAI RAM/Desktop/project/dataset/archive/derm12345_train_part_2/jd/DERM_851212.jpg,jd,23,23,12,False
/mnt/c/Users/0M SAI RAM/Desktop/project/dataset/archive/derm12345_train_part_2/jd/DERM_459054.jpg,jd,23,23,22,False
/mnt/c/Users/0M SAI RAM/Desktop/project/dataset/archive/derm12345_train_part_2/jd/DERM_997372.jpg,jd,23,23,23,True
/mnt/c/Users/0M SAI RAM/Desktop/project/dataset/archive/derm12345_train_part_2/jd/DERM_404472.jpg,jd,23,23,17,False
/mnt/c/Users/0M SAI RAM/Desktop/project/dataset/archive/derm12345_train_part_2/jd/DERM_382083.jpg,jd,23,23,22,False
/mnt/c/Users/0M SAI RAM/Desktop/project/dataset/archive/derm12345_train_part_2/jd/DERM_211962.jpg,jd,23,23,23,True
/mnt/c/Users/0M SAI RAM/Desktop/project/dataset/archive/derm12345_train_part_2/jd/DERM_918347.jpg,jd,23,23,23,True
/mnt/c/Users/0M SAI RAM/Desktop/project/dataset/archive/derm12345_train_part_2/jd/DERM_530792.jpg,jd,23,23,22,False
/mnt/c/Users/0M SAI RAM/Desktop/project/dataset/archive/derm12345_train_part_2/jd/DERM_403844.jpg,jd,23,23,23,True
/mnt/c/Users/0M SAI RAM/Desktop/project/dataset/archive/derm12345_train_part_2/jd/DERM_643521.jpg,jd,23,23,11,False
/mnt/c/Users/0M SAI RAM/Desktop/project/dataset/archive/derm12345_train_part_2/jd/DERM_823721.jpg,jd,23,23,23,True
/mnt/c/Users/0M SAI RAM/Desktop/project/dataset/archive/derm12345_train_part_2/jd/DERM_549529.jpg,jd,23,23,22,False
/mnt/c/Users/0M SAI RAM/Desktop/project/dataset/archive/derm12345_train_part_2/jd/DERM_835603.jpg,jd,23,23,23,True
/mnt/c/Users/0M SAI RAM/Desktop/project/dataset/archive/derm12345_train_part_2/jd/DERM_175277.jpg,jd,23,23,23,True
/mnt/c/Users/0M SAI RAM/Desktop/project/dataset/archive/derm12345_train_part_2/jd/DERM_365858.jpg,jd,23,23,22,False
/mnt/c/Users/0M SAI RAM/Desktop/project/dataset/archive/derm12345_train_part_2/jd/DERM_470860.jpg,jd,23,23,22,False
/mnt/c/Users/0M SAI RAM/Desktop/project/dataset/archive/derm12345_train_part_2/jd/DERM_942025.jpg,jd,23,23,23,True
/mnt/c/Users/0M SAI RAM/Desktop/project/dataset/archive/derm12345_train_part_2/jd/DERM_202470.jpg,jd,23,23,22,False
/mnt/c/Users/0M SAI RAM/Desktop/project/dataset/archive/derm12345_train_part_2/jd/DERM_415925.jpg,jd,23,23,23,True
/mnt/c/Users/0M SAI RAM/Desktop/project/dataset/archive/derm12345_train_part_2/jd/DERM_811012.jpg,jd,23,23,23,True
/mnt/c/Users/0M SAI RAM/Desktop/project/dataset/archive/derm12345_train_part_2/jd/DERM_782263.jpg,jd,23,23,23,True
/mnt/c/Users/0M SAI RAM/Desktop/project/dataset/archive/derm12345_train_part_2/jd/DERM_569384.jpg,jd,23,23,22,False
/mnt/c/Users/0M SAI RAM/Desktop/project/dataset/archive/derm12345_train_part_2/jd/DERM_389694.jpg,jd,23,23,23,True
/mnt/c/Users/0M SAI RAM/Desktop/project/dataset/archive/derm12345_train_part_2/jd/DERM_207057.jpg,jd,23,23,23,True
/mnt/c/Users/0M SAI RAM/Desktop/project/dataset/archive/derm12345_train_part_2/jd/DERM_651172.jpg,jd,23,23,23,True
/mnt/c/Users/0M SAI RAM/Desktop/project/dataset/archive/derm12345_train_part_2/jd/DERM_718579.jpg,jd,23,23,23,True
/mnt/c/Users/0M SAI RAM/Desktop/project/dataset/archive/derm12345_train_part_2/jd/DERM_989932.jpg,jd,23,23,37,False
/mnt/c/Users/0M SAI RAM/Desktop/project/dataset/archive/derm12345_train_part_2/jd/DERM_242395.jpg,jd,23,23,22,False
/mnt/c/Users/0M SAI RAM/Desktop/project/dataset/archive/derm12345_train_part_2/jd/DERM_621416.jpg,jd,23,23,17,False
/mnt/c/Users/0M SAI RAM/Desktop/project/dataset/archive/derm12345_train_part_2/jd/DERM_254984.jpg,jd,23,23,23,True
/mnt/c/Users/0M SAI RAM/Desktop/project/dataset/archive/derm12345_train_part_2/jd/DERM_987908.jpg,jd,23,23,23,True
/mnt/c/Users/0M SAI RAM/Desktop/project/dataset/archive/derm12345_train_part_2/jd/DERM_413324.jpg,jd,23,23,23,True
/mnt/c/Users/0M SAI RAM/Desktop/project/dataset/archive/derm12345_train_part_2/jd/DERM_112554.jpg,jd,23,23,11,False
/mnt/c/Users/0M SAI RAM/Desktop/project/dataset/archive/derm12345_train_part_2/jd/DERM_347068.jpg,jd,23,23,22,False
/mnt/c/Users/0M SAI RAM/Desktop/project/dataset/archive/derm12345_train_part_2/jd/DERM_241229.jpg,jd,23,23,22,False
/mnt/c/Users/0M SAI RAM/Desktop/project/dataset/archive/derm12345_train_part_2/jd/DERM_285983.jpg,jd,23,23,11,False
/mnt/c/Users/0M SAI RAM/Desktop/project/dataset/archive/derm12345_train_part_2/jd/DERM_607577.jpg,jd,23,23,11,False
/mnt/c/Users/0M SAI RAM/Desktop/project/dataset/archive/derm12345_train_part_2/jd/DERM_516593.jpg,jd,23,23,23,True
/mnt/c/Users/0M SAI RAM/Desktop/project/dataset/archive/derm12345_train_part_2/jd/DERM_866421.jpg,jd,23,23,23,True
/mnt/c/Users/0M SAI RAM/Desktop/project/dataset/archive/derm12345_train_part_2/jd/DERM_476030.jpg,jd,23,23,37,False
/mnt/c/Users/0M SAI RAM/Desktop/project/dataset/archive/derm12345_train_part_2/jd/DERM_609943.jpg,jd,23,23,23,True
/mnt/c/Users/0M SAI RAM/Desktop/project/dataset/archive/derm12345_train_part_2/jd/DERM_469417.jpg,jd,23,23,23,True
/mnt/c/Users/0M SAI RAM/Desktop/project/dataset/archive/derm12345_train_part_2/jd/DERM_320500.jpg,jd,23,23,11,False
/mnt/c/Users/0M SAI RAM/Desktop/project/dataset/archive/derm12345_train_part_2/jd/DERM_585765.jpg,jd,23,23,23,True
/mnt/c/Users/0M SAI RAM/Desktop/project/dataset/archive/derm12345_train_part_2/jd/DERM_196288.jpg,jd,23,23,22,False
/mnt/c/Users/0M SAI RAM/Desktop/project/dataset/archive/derm12345_train_part_2/jd/DERM_343506.jpg,jd,23,23,23,True
/mnt/c/Users/0M SAI RAM/Desktop/project/dataset/archive/derm12345_train_part_2/jd/DERM_551035.jpg,jd,23,23,23,True
/mnt/c/Users/0M SAI RAM/Desktop/project/dataset/archive/derm12345_train_part_2/jd/DERM_751407.jpg,jd,23,23,23,True
/mnt/c/Users/0M SAI RAM/Desktop/project/dataset/archive/derm12345_train_part_2/jd/DERM_491386.jpg,jd,23,23,22,False
/mnt/c/Users/0M SAI RAM/Desktop/project/dataset/archive/derm12345_train_part_2/jd/DERM_948749.jpg,jd,23,23,23,True
/mnt/c/Users/0M SAI RAM/Desktop/project/dataset/archive/derm12345_train_part_2/jd/DERM_721913.jpg,jd,23,23,29,False
/mnt/c/Users/0M SAI RAM/Desktop/project/dataset/archive/derm12345_train_part_2/jd/DERM_934882.jpg,jd,23,23,23,True
/mnt/c/Users/0M SAI RAM/Desktop/project/dataset/archive/derm12345_train_part_2/jd/DERM_531291.jpg,jd,23,23,17,False
/mnt/c/Users/0M SAI RAM/Desktop/project/dataset/archive/derm12345_train_part_2/jd/DERM_604292.jpg,jd,23,23,23,True
/mnt/c/Users/0M SAI RAM/Desktop/project/dataset/archive/derm12345_train_part_2/jd/DERM_921556.jpg,jd,23,23,23,True
/mnt/c/Users/0M SAI RAM/Desktop/project/dataset/archive/derm12345_train_part_2/jd/DERM_346133.jpg,jd,23,23,23,True
/mnt/c/Users/0M SAI RAM/Desktop/project/dataset/archive/derm12345_train_part_2/jd/DERM_258173.jpg,jd,23,23,37,False
/mnt/c/Users/0M SAI RAM/Desktop/project/dataset/archive/derm12345_train_part_2/jd/DERM_981151.jpg,jd,23,23,37,False
/mnt/c/Users/0M SAI RAM/Desktop/project/dataset/archive/derm12345_train_part_2/jd/DERM_187879.jpg,jd,23,23,10,False
/mnt/c/Users/0M SAI RAM/Desktop/project/dataset/archive/derm12345_train_part_2/jd/DERM_797935.jpg,jd,23,23,23,True
/mnt/c/Users/0M SAI RAM/Desktop/project/dataset/archive/derm12345_train_part_2/jd/DERM_985509.jpg,jd,23,23,37,False
/mnt/c/Users/0M SAI RAM/Desktop/project/dataset/archive/derm12345_train_part_2/jd/DERM_609951.jpg,jd,23,23,11,False
/mnt/c/Users/0M SAI RAM/Desktop/project/dataset/archive/derm12345_train_part_2/jd/DERM_581999.jpg,jd,23,23,23,True
/mnt/c/Users/0M SAI RAM/Desktop/project/dataset/archive/derm12345_train_part_2/jd/DERM_965676.jpg,jd,23,23,23,True
/mnt/c/Users/0M SAI RAM/Desktop/project/dataset/archive/derm12345_train_part_2/jd/DERM_299620.jpg,jd,23,23,23,True
/mnt/c/Users/0M SAI RAM/Desktop/project/dataset/archive/derm12345_train_part_2/jd/DERM_187528.jpg,jd,23,23,22,False
/mnt/c/Users/0M SAI RAM/Desktop/project/dataset/archive/derm12345_train_part_2/jd/DERM_104398.jpg,jd,23,23,22,False
/mnt/c/Users/0M SAI RAM/Desktop/project/dataset/archive/derm12345_train_part_2/jd/DERM_461896.jpg,jd,23,23,23,True
/mnt/c/Users/0M SAI RAM/Desktop/project/dataset/archive/derm12345_train_part_2/jd/DERM_547178.jpg,jd,23,23,22,False
/mnt/c/Users/0M SAI RAM/Desktop/project/dataset/archive/derm12345_train_part_2/jd/DERM_961324.jpg,jd,23,23,22,False
/mnt/c/Users/0M SAI RAM/Desktop/project/dataset/archive/derm12345_train_part_2/jd/DERM_252884.jpg,jd,23,23,23,True
/mnt/c/Users/0M SAI RAM/Desktop/project/dataset/archive/derm12345_train_part_2/jd/DERM_776768.jpg,jd,23,23,23,True
/mnt/c/Users/0M SAI RAM/Desktop/project/dataset/archive/derm12345_train_part_2/jd/DERM_771642.jpg,jd,23,23,22,False
/mnt/c/Users/0M SAI RAM/Desktop/project/dataset/archive/derm12345_train_part_2/jd/DERM_617111.jpg,jd,23,23,17,False
/mnt/c/Users/0M SAI RAM/Desktop/project/dataset/archive/derm12345_train_part_2/jd/DERM_464392.jpg,jd,23,23,17,False
/mnt/c/Users/0M SAI RAM/Desktop/project/dataset/archive/derm12345_train_part_2/jd/DERM_327487.jpg,jd,23,23,20,False
/mnt/c/Users/0M SAI RAM/Desktop/project/dataset/archive/derm12345_train_part_2/jd/DERM_325831.jpg,jd,23,23,23,True
/mnt/c/Users/0M SAI RAM/Desktop/project/dataset/archive/derm12345_train_part_2/jd/DERM_888354.jpg,jd,23,23,22,False
/mnt/c/Users/0M SAI RAM/Desktop/project/dataset/archive/derm12345_train_part_2/jd/DERM_710766.jpg,jd,23,23,22,False
/mnt/c/Users/0M SAI RAM/Desktop/project/dataset/archive/derm12345_train_part_2/jd/DERM_631002.jpg,jd,23,23,23,True
/mnt/c/Users/0M SAI RAM/Desktop/project/dataset/archive/derm12345_train_part_2/jd/DERM_881058.jpg,jd,23,23,22,False
/mnt/c/Users/0M SAI RAM/Desktop/project/dataset/archive/derm12345_train_part_2/jd/DERM_619021.jpg,jd,23,23,22,False
/mnt/c/Users/0M SAI RAM/Desktop/project/dataset/archive/derm12345_train_part_2/jd/DERM_595340.jpg,jd,23,23,23,True
/mnt/c/Users/0M SAI RAM/Desktop/project/dataset/archive/derm12345_train_part_2/jd/DERM_468664.jpg,jd,23,23,22,False
/mnt/c/Users/0M SAI RAM/Desktop/project/dataset/archive/derm12345_train_part_2/jd/DERM_297743.jpg,jd,23,23,22,False
/mnt/c/Users/0M SAI RAM/Desktop/project/dataset/archive/derm12345_train_part_2/jd/DERM_436633.jpg,jd,23,23,23,True
/mnt/c/Users/0M SAI RAM/Desktop/project/dataset/archive/derm12345_train_part_2/jd/DERM_718498.jpg,jd,23,23,22,False
/mnt/c/Users/0M SAI RAM/Desktop/project/dataset/archive/derm12345_train_part_2/jd/DERM_641174.jpg,jd,23,23,23,True
/mnt/c/Users/0M SAI RAM/Desktop/project/dataset/archive/derm12345_train_part_2/jd/DERM_145300.jpg,jd,23,23,23,True
/mnt/c/Users/0M SAI RAM/Desktop/project/dataset/archive/derm12345_train_part_2/jd/DERM_572251.jpg,jd,23,23,23,True
/mnt/c/Users/0M SAI RAM/Desktop/project/dataset/archive/derm12345_train_part_2/jd/DERM_413108.jpg,jd,23,23,23,True
/mnt/c/Users/0M SAI RAM/Desktop/project/dataset/archive/derm12345_train_part_2/jd/DERM_339007.jpg,jd,23,23,23,True
/mnt/c/Users/0M SAI RAM/Desktop/project/dataset/archive/derm12345_train_part_2/jd/DERM_823884.jpg,jd,23,23,22,False
/mnt/c/Users/0M SAI RAM/Desktop/project/dataset/archive/derm12345_train_part_2/jd/DERM_882203.jpg,jd,23,23,22,False
/mnt/c/Users/0M SAI RAM/Desktop/project/dataset/archive/derm12345_train_part_2/jd/DERM_278941.jpg,jd,23,23,23,True
/mnt/c/Users/0M SAI RAM/Desktop/project/dataset/archive/derm12345_train_part_2/jd/DERM_867615.jpg,jd,23,23,23,True
/mnt/c/Users/0M SAI RAM/Desktop/project/dataset/archive/derm12345_train_part_2/jd/DERM_314871.jpg,jd,23,23,14,False
/mnt/c/Users/0M SAI RAM/Desktop/project/dataset/archive/derm12345_train_part_2/jd/DERM_891315.jpg,jd,23,23,22,False
/mnt/c/Users/0M SAI RAM/Desktop/project/dataset/archive/derm12345_train_part_2/jd/DERM_251659.jpg,jd,23,23,23,True
/mnt/c/Users/0M SAI RAM/Desktop/project/dataset/archive/derm12345_train_part_2/jd/DERM_231216.jpg,jd,23,23,22,False
/mnt/c/Users/0M SAI RAM/Desktop/project/dataset/archive/derm12345_train_part_2/jd/DERM_550520.jpg,jd,23,23,23,True
/mnt/c/Users/0M SAI RAM/Desktop/project/dataset/archive/derm12345_train_part_2/jd/DERM_261923.jpg,jd,23,23,23,True
/mnt/c/Users/0M SAI RAM/Desktop/project/dataset/archive/derm12345_train_part_2/jd/DERM_889691.jpg,jd,23,23,23,True
/mnt/c/Users/0M SAI RAM/Desktop/project/dataset/archive/derm12345_train_part_2/jd/DERM_459353.jpg,jd,23,23,22,False
/mnt/c/Users/0M SAI RAM/Desktop/project/dataset/archive/derm12345_train_part_2/jd/DERM_495108.jpg,jd,23,23,22,False
/mnt/c/Users/0M SAI RAM/Desktop/project/dataset/archive/derm12345_train_part_2/jd/DERM_955532.jpg,jd,23,23,22,False
/mnt/c/Users/0M SAI RAM/Desktop/project/dataset/archive/derm12345_train_part_2/jd/DERM_162382.jpg,jd,23,23,23,True
/mnt/c/Users/0M SAI RAM/Desktop/project/dataset/archive/derm12345_train_part_2/jd/DERM_952745.jpg,jd,23,23,23,True
/mnt/c/Users/0M SAI RAM/Desktop/project/dataset/archive/derm12345_train_part_2/jd/DERM_431715.jpg,jd,23,23,22,False
/mnt/c/Users/0M SAI RAM/Desktop/project/dataset/archive/derm12345_train_part_2/jd/DERM_677371.jpg,jd,23,23,22,False
/mnt/c/Users/0M SAI RAM/Desktop/project/dataset/archive/derm12345_train_part_2/jd/DERM_804796.jpg,jd,23,23,22,False
/mnt/c/Users/0M SAI RAM/Desktop/project/dataset/archive/derm12345_train_part_2/jd/DERM_838795.jpg,jd,23,23,38,False
/mnt/c/Users/0M SAI RAM/Desktop/project/dataset/archive/derm12345_train_part_2/jd/DERM_415309.jpg,jd,23,23,23,True
/mnt/c/Users/0M SAI RAM/Desktop/project/dataset/archive/derm12345_train_part_2/jd/DERM_358275.jpg,jd,23,23,23,True
/mnt/c/Users/0M SAI RAM/Desktop/project/dataset/archive/derm12345_train_part_2/jd/DERM_367935.jpg,jd,23,23,11,False
/mnt/c/Users/0M SAI RAM/Desktop/project/dataset/archive/derm12345_train_part_2/jd/DERM_797466.jpg,jd,23,23,23,True
/mnt/c/Users/0M SAI RAM/Desktop/project/dataset/archive/derm12345_train_part_2/jd/DERM_797999.jpg,jd,23,23,23,True
/mnt/c/Users/0M SAI RAM/Desktop/project/dataset/archive/derm12345_train_part_2/jd/DERM_887425.jpg,jd,23,23,11,False
/mnt/c/Users/0M SAI RAM/Desktop/project/dataset/archive/derm12345_train_part_2/jd/DERM_111844.jpg,jd,23,23,22,False
/mnt/c/Users/0M SAI RAM/Desktop/project/dataset/archive/derm12345_train_part_2/jd/DERM_824085.jpg,jd,23,23,23,True
/mnt/c/Users/0M SAI RAM/Desktop/project/dataset/archive/derm12345_train_part_2/jd/DERM_381682.jpg,jd,23,23,14,False
/mnt/c/Users/0M SAI RAM/Desktop/project/dataset/archive/derm12345_train_part_2/jd/DERM_591068.jpg,jd,23,23,11,False
/mnt/c/Users/0M SAI RAM/Desktop/project/dataset/archive/derm12345_train_part_2/jd/DERM_783290.jpg,jd,23,23,11,False
/mnt/c/Users/0M SAI RAM/Desktop/project/dataset/archive/derm12345_train_part_2/jd/DERM_798076.jpg,jd,23,23,23,True
/mnt/c/Users/0M SAI RAM/Desktop/project/dataset/archive/derm12345_train_part_2/jd/DERM_404415.jpg,jd,23,23,37,False
/mnt/c/Users/0M SAI RAM/Desktop/project/dataset/archive/derm12345_train_part_2/jd/DERM_381070.jpg,jd,23,23,23,True
/mnt/c/Users/0M SAI RAM/Desktop/project/dataset/archive/derm12345_train_part_2/jd/DERM_944547.jpg,jd,23,23,11,False
/mnt/c/Users/0M SAI RAM/Desktop/project/dataset/archive/derm12345_train_part_2/jd/DERM_411176.jpg,jd,23,23,23,True
/mnt/c/Users/0M SAI RAM/Desktop/project/dataset/archive/derm12345_train_part_2/jd/DERM_530510.jpg,jd,23,23,23,True
/mnt/c/Users/0M SAI RAM/Desktop/project/dataset/archive/derm12345_train_part_2/jd/DERM_988415.jpg,jd,23,23,23,True
/mnt/c/Users/0M SAI RAM/Desktop/project/dataset/archive/derm12345_train_part_2/jd/DERM_805017.jpg,jd,23,23,23,True
/mnt/c/Users/0M SAI RAM/Desktop/project/dataset/archive/derm12345_train_part_2/jd/DERM_278918.jpg,jd,23,23,22,False
/mnt/c/Users/0M SAI RAM/Desktop/project/dataset/archive/derm12345_train_part_2/jd/DERM_464549.jpg,jd,23,23,23,True
/mnt/c/Users/0M SAI RAM/Desktop/project/dataset/archive/derm12345_train_part_2/jd/DERM_319537.jpg,jd,23,23,23,True
/mnt/c/Users/0M SAI RAM/Desktop/project/dataset/archive/derm12345_train_part_2/jd/DERM_989322.jpg,jd,23,23,22,False
/mnt/c/Users/0M SAI RAM/Desktop/project/dataset/archive/derm12345_train_part_2/jd/DERM_537652.jpg,jd,23,23,17,False
/mnt/c/Users/0M SAI RAM/Desktop/project/dataset/archive/derm12345_train_part_2/jd/DERM_197638.jpg,jd,23,23,37,False
/mnt/c/Users/0M SAI RAM/Desktop/project/dataset/archive/derm12345_train_part_2/jd/DERM_247082.jpg,jd,23,23,23,True
/mnt/c/Users/0M SAI RAM/Desktop/project/dataset/archive/derm12345_train_part_2/jd/DERM_237818.jpg,jd,23,23,23,True
/mnt/c/Users/0M SAI RAM/Desktop/project/dataset/archive/derm12345_train_part_2/jd/DERM_406032.jpg,jd,23,23,23,True
/mnt/c/Users/0M SAI RAM/Desktop/project/dataset/archive/derm12345_train_part_2/jd/DERM_474414.jpg,jd,23,23,22,False
/mnt/c/Users/0M SAI RAM/Desktop/project/dataset/archive/derm12345_train_part_2/jd/DERM_611385.jpg,jd,23,23,23,True
/mnt/c/Users/0M SAI RAM/Desktop/project/dataset/archive/derm12345_train_part_2/jd/DERM_303786.jpg,jd,23,23,23,True
/mnt/c/Users/0M SAI RAM/Desktop/project/dataset/archive/derm12345_train_part_2/jd/DERM_378645.jpg,jd,23,23,23,True
/mnt/c/Users/0M SAI RAM/Desktop/project/dataset/archive/derm12345_train_part_2/jd/DERM_137287.jpg,jd,23,23,14,False
/mnt/c/Users/0M SAI RAM/Desktop/project/dataset/archive/derm12345_train_part_2/jd/DERM_955266.jpg,jd,23,23,22,False
/mnt/c/Users/0M SAI RAM/Desktop/project/dataset/archive/derm12345_train_part_2/jd/DERM_342630.jpg,jd,23,23,22,False
/mnt/c/Users/0M SAI RAM/Desktop/project/dataset/archive/derm12345_train_part_2/jd/DERM_701219.jpg,jd,23,23,23,True
/mnt/c/Users/0M SAI RAM/Desktop/project/dataset/archive/derm12345_train_part_2/jd/DERM_487917.jpg,jd,23,23,23,True
/mnt/c/Users/0M SAI RAM/Desktop/project/dataset/archive/derm12345_train_part_2/jd/DERM_481318.jpg,jd,23,23,11,False
/mnt/c/Users/0M SAI RAM/Desktop/project/dataset/archive/derm12345_train_part_2/jd/DERM_659901.jpg,jd,23,23,22,False
/mnt/c/Users/0M SAI RAM/Desktop/project/dataset/archive/derm12345_train_part_2/jd/DERM_320657.jpg,jd,23,23,23,True
/mnt/c/Users/0M SAI RAM/Desktop/project/dataset/archive/derm12345_train_part_2/jd/DERM_674486.jpg,jd,23,23,23,True
/mnt/c/Users/0M SAI RAM/Desktop/project/dataset/archive/derm12345_train_part_2/jd/DERM_476100.jpg,jd,23,23,23,True
/mnt/c/Users/0M SAI RAM/Desktop/project/dataset/archive/derm12345_train_part_2/jd/DERM_961411.jpg,jd,23,23,23,True
/mnt/c/Users/0M SAI RAM/Desktop/project/dataset/archive/derm12345_train_part_2/jd/DERM_389614.jpg,jd,23,23,23,True
/mnt/c/Users/0M SAI RAM/Desktop/project/dataset/archive/derm12345_train_part_2/jd/DERM_223625.jpg,jd,23,23,23,True
/mnt/c/Users/0M SAI RAM/Desktop/project/dataset/archive/derm12345_train_part_2/jd/DERM_451118.jpg,jd,23,23,23,True
/mnt/c/Users/0M SAI RAM/Desktop/project/dataset/archive/derm12345_train_part_2/jd/DERM_190735.jpg,jd,23,23,23,True
/mnt/c/Users/0M SAI RAM/Desktop/project/dataset/archive/derm12345_train_part_2/jd/DERM_502785.jpg,jd,23,23,23,True
/mnt/c/Users/0M SAI RAM/Desktop/project/dataset/archive/derm12345_train_part_2/jd/DERM_118728.jpg,jd,23,23,0,False
/mnt/c/Users/0M SAI RAM/Desktop/project/dataset/archive/derm12345_train_part_2/jd/DERM_683876.jpg,jd,23,23,22,False
/mnt/c/Users/0M SAI RAM/Desktop/project/dataset/archive/derm12345_train_part_2/jd/DERM_158768.jpg,jd,23,23,22,False
/mnt/c/Users/0M SAI RAM/Desktop/project/dataset/archive/derm12345_train_part_2/jd/DERM_677344.jpg,jd,23,23,23,True
/mnt/c/Users/0M SAI RAM/Desktop/project/dataset/archive/derm12345_train_part_2/jd/DERM_422089.jpg,jd,23,23,22,False
/mnt/c/Users/0M SAI RAM/Desktop/project/dataset/archive/derm12345_train_part_2/jd/DERM_926492.jpg,jd,23,23,23,True
/mnt/c/Users/0M SAI RAM/Desktop/project/dataset/archive/derm12345_train_part_2/jd/DERM_933428.jpg,jd,23,23,23,True
/mnt/c/Users/0M SAI RAM/Desktop/project/dataset/archive/derm12345_train_part_2/jd/DERM_808981.jpg,jd,23,23,22,False
/mnt/c/Users/0M SAI RAM/Desktop/project/dataset/archive/derm12345_train_part_2/jd/DERM_143685.jpg,jd,23,23,23,True
/mnt/c/Users/0M SAI RAM/Desktop/project/dataset/archive/derm12345_train_part_2/jd/DERM_687294.jpg,jd,23,23,22,False
/mnt/c/Users/0M SAI RAM/Desktop/project/dataset/archive/derm12345_train_part_2/jd/DERM_954053.jpg,jd,23,23,23,True
/mnt/c/Users/0M SAI RAM/Desktop/project/dataset/archive/derm12345_train_part_2/jd/DERM_729365.jpg,jd,23,23,23,True
/mnt/c/Users/0M SAI RAM/Desktop/project/dataset/archive/derm12345_train_part_2/jd/DERM_250806.jpg,jd,23,23,23,True
/mnt/c/Users/0M SAI RAM/Desktop/project/dataset/archive/derm12345_train_part_2/jd/DERM_892267.jpg,jd,23,23,22,False
/mnt/c/Users/0M SAI RAM/Desktop/project/dataset/archive/derm12345_train_part_2/jd/DERM_419994.jpg,jd,23,23,23,True
/mnt/c/Users/0M SAI RAM/Desktop/project/dataset/archive/derm12345_train_part_2/jd/DERM_174874.jpg,jd,23,23,23,True
/mnt/c/Users/0M SAI RAM/Desktop/project/dataset/archive/derm12345_train_part_2/jd/DERM_491884.jpg,jd,23,23,22,False
/mnt/c/Users/0M SAI RAM/Desktop/project/dataset/archive/derm12345_train_part_2/jd/DERM_835534.jpg,jd,23,23,11,False
/mnt/c/Users/0M SAI RAM/Desktop/project/dataset/archive/derm12345_train_part_2/jd/DERM_562360.jpg,jd,23,23,23,True
/mnt/c/Users/0M SAI RAM/Desktop/project/dataset/archive/derm12345_train_part_2/jd/DERM_916452.jpg,jd,23,23,23,True
/mnt/c/Users/0M SAI RAM/Desktop/project/dataset/archive/derm12345_train_part_2/jd/DERM_538121.jpg,jd,23,23,22,False
/mnt/c/Users/0M SAI RAM/Desktop/project/dataset/archive/derm12345_train_part_2/jd/DERM_951137.jpg,jd,23,23,23,True
/mnt/c/Users/0M SAI RAM/Desktop/project/dataset/archive/derm12345_train_part_2/jd/DERM_726609.jpg,jd,23,23,23,True
/mnt/c/Users/0M SAI RAM/Desktop/project/dataset/archive/derm12345_train_part_2/jd/DERM_455822.jpg,jd,23,23,23,True
/mnt/c/Users/0M SAI RAM/Desktop/project/dataset/archive/derm12345_train_part_2/jd/DERM_196504.jpg,jd,23,23,23,True
/mnt/c/Users/0M SAI RAM/Desktop/project/dataset/archive/derm12345_train_part_2/jd/DERM_985739.jpg,jd,23,23,3,False
/mnt/c/Users/0M SAI RAM/Desktop/project/dataset/archive/derm12345_train_part_2/jd/DERM_141970.jpg,jd,23,23,11,False
/mnt/c/Users/0M SAI RAM/Desktop/project/dataset/archive/derm12345_train_part_2/jd/DERM_973644.jpg,jd,23,23,23,True
/mnt/c/Users/0M SAI RAM/Desktop/project/dataset/archive/derm12345_train_part_2/jd/DERM_594971.jpg,jd,23,23,23,True
/mnt/c/Users/0M SAI RAM/Desktop/project/dataset/archive/derm12345_train_part_2/jd/DERM_177815.jpg,jd,23,23,23,True
/mnt/c/Users/0M SAI RAM/Desktop/project/dataset/archive/derm12345_train_part_2/jd/DERM_419163.jpg,jd,23,23,23,True
/mnt/c/Users/0M SAI RAM/Desktop/project/dataset/archive/derm12345_train_part_2/jd/DERM_492377.jpg,jd,23,23,11,False
/mnt/c/Users/0M SAI RAM/Desktop/project/dataset/archive/derm12345_train_part_2/jd/DERM_931736.jpg,jd,23,23,23,True
/mnt/c/Users/0M SAI RAM/Desktop/project/dataset/archive/derm12345_train_part_2/jd/DERM_668808.jpg,jd,23,23,23,True
/mnt/c/Users/0M SAI RAM/Desktop/project/dataset/archive/derm12345_train_part_2/jd/DERM_495804.jpg,jd,23,23,23,True
/mnt/c/Users/0M SAI RAM/Desktop/project/dataset/archive/derm12345_train_part_2/jd/DERM_367169.jpg,jd,23,23,23,True
/mnt/c/Users/0M SAI RAM/Desktop/project/dataset/archive/derm12345_train_part_2/jd/DERM_499884.jpg,jd,23,23,23,True
/mnt/c/Users/0M SAI RAM/Desktop/project/dataset/archive/derm12345_train_part_2/jd/DERM_801242.jpg,jd,23,23,23,True
/mnt/c/Users/0M SAI RAM/Desktop/project/dataset/archive/derm12345_train_part_2/jd/DERM_474871.jpg,jd,23,23,23,True
/mnt/c/Users/0M SAI RAM/Desktop/project/dataset/archive/derm12345_train_part_2/jd/DERM_595779.jpg,jd,23,23,23,True
/mnt/c/Users/0M SAI RAM/Desktop/project/dataset/archive/derm12345_train_part_2/jd/DERM_261416.jpg,jd,23,23,14,False
/mnt/c/Users/0M SAI RAM/Desktop/project/dataset/archive/derm12345_train_part_2/jd/DERM_114777.jpg,jd,23,23,23,True
/mnt/c/Users/0M SAI RAM/Desktop/project/dataset/archive/derm12345_train_part_2/jd/DERM_123940.jpg,jd,23,23,20,False
/mnt/c/Users/0M SAI RAM/Desktop/project/dataset/archive/derm12345_train_part_2/jd/DERM_311960.jpg,jd,23,23,23,True
/mnt/c/Users/0M SAI RAM/Desktop/project/dataset/archive/derm12345_train_part_2/jd/DERM_591748.jpg,jd,23,23,17,False
/mnt/c/Users/0M SAI RAM/Desktop/project/dataset/archive/derm12345_train_part_2/jd/DERM_605144.jpg,jd,23,23,23,True
/mnt/c/Users/0M SAI RAM/Desktop/project/dataset/archive/derm12345_train_part_2/jd/DERM_676312.jpg,jd,23,23,23,True
/mnt/c/Users/0M SAI RAM/Desktop/project/dataset/archive/derm12345_train_part_2/jd/DERM_852750.jpg,jd,23,23,22,False
/mnt/c/Users/0M SAI RAM/Desktop/project/dataset/archive/derm12345_train_part_2/jd/DERM_127647.jpg,jd,23,23,23,True
/mnt/c/Users/0M SAI RAM/Desktop/project/dataset/archive/derm12345_train_part_2/jd/DERM_685158.jpg,jd,23,23,23,True
/mnt/c/Users/0M SAI RAM/Desktop/project/dataset/archive/derm12345_train_part_2/jd/DERM_992235.jpg,jd,23,23,23,True
/mnt/c/Users/0M SAI RAM/Desktop/project/dataset/archive/derm12345_train_part_2/jd/DERM_573937.jpg,jd,23,23,23,True
/mnt/c/Users/0M SAI RAM/Desktop/project/dataset/archive/derm12345_train_part_2/jd/DERM_941747.jpg,jd,23,23,23,True
/mnt/c/Users/0M SAI RAM/Desktop/project/dataset/archive/derm12345_train_part_2/jd/DERM_709842.jpg,jd,23,23,23,True
/mnt/c/Users/0M SAI RAM/Desktop/project/dataset/archive/derm12345_train_part_2/jd/DERM_563024.jpg,jd,23,23,23,True
/mnt/c/Users/0M SAI RAM/Desktop/project/dataset/archive/derm12345_train_part_2/jd/DERM_408090.jpg,jd,23,23,23,True
/mnt/c/Users/0M SAI RAM/Desktop/project/dataset/archive/derm12345_train_part_2/jd/DERM_292766.jpg,jd,23,23,14,False
/mnt/c/Users/0M SAI RAM/Desktop/project/dataset/archive/derm12345_train_part_2/jd/DERM_313738.jpg,jd,23,23,23,True
/mnt/c/Users/0M SAI RAM/Desktop/project/dataset/archive/derm12345_train_part_2/jd/DERM_399419.jpg,jd,23,23,17,False
/mnt/c/Users/0M SAI RAM/Desktop/project/dataset/archive/derm12345_train_part_2/jd/DERM_612930.jpg,jd,23,23,23,True
/mnt/c/Users/0M SAI RAM/Desktop/project/dataset/archive/derm12345_train_part_2/jd/DERM_342427.jpg,jd,23,23,23,True
/mnt/c/Users/0M SAI RAM/Desktop/project/dataset/archive/derm12345_train_part_2/jd/DERM_724541.jpg,jd,23,23,23,True
/mnt/c/Users/0M SAI RAM/Desktop/project/dataset/archive/derm12345_train_part_2/jd/DERM_410963.jpg,jd,23,23,14,False
/mnt/c/Users/0M SAI RAM/Desktop/project/dataset/archive/derm12345_train_part_2/jd/DERM_743360.jpg,jd,23,23,2,False
/mnt/c/Users/0M SAI RAM/Desktop/project/dataset/archive/derm12345_train_part_2/jd/DERM_747141.jpg,jd,23,23,22,False
/mnt/c/Users/0M SAI RAM/Desktop/project/dataset/archive/derm12345_train_part_2/jd/DERM_578961.jpg,jd,23,23,22,False
/mnt/c/Users/0M SAI RAM/Desktop/project/dataset/archive/derm12345_train_part_2/jd/DERM_218944.jpg,jd,23,23,23,True
/mnt/c/Users/0M SAI RAM/Desktop/project/dataset/archive/derm12345_train_part_2/jd/DERM_487155.jpg,jd,23,23,23,True
/mnt/c/Users/0M SAI RAM/Desktop/project/dataset/archive/derm12345_train_part_2/jd/DERM_550308.jpg,jd,23,23,22,False
/mnt/c/Users/0M SAI RAM/Desktop/project/dataset/archive/derm12345_train_part_2/jd/DERM_442942.jpg,jd,23,23,23,True
/mnt/c/Users/0M SAI RAM/Desktop/project/dataset/archive/derm12345_train_part_2/jd/DERM_380045.jpg,jd,23,23,11,False
/mnt/c/Users/0M SAI RAM/Desktop/project/dataset/archive/derm12345_train_part_2/jd/DERM_935813.jpg,jd,23,23,23,True
/mnt/c/Users/0M SAI RAM/Desktop/project/dataset/archive/derm12345_train_part_2/jd/DERM_662065.jpg,jd,23,23,23,True
/mnt/c/Users/0M SAI RAM/Desktop/project/dataset/archive/derm12345_train_part_2/jd/DERM_282126.jpg,jd,23,23,23,True
/mnt/c/Users/0M SAI RAM/Desktop/project/dataset/archive/derm12345_train_part_2/jd/DERM_970623.jpg,jd,23,23,23,True
/mnt/c/Users/0M SAI RAM/Desktop/project/dataset/archive/derm12345_train_part_2/jd/DERM_820724.jpg,jd,23,23,23,True
/mnt/c/Users/0M SAI RAM/Desktop/project/dataset/archive/derm12345_train_part_2/jd/DERM_304297.jpg,jd,23,23,23,True
/mnt/c/Users/0M SAI RAM/Desktop/project/dataset/archive/derm12345_train_part_2/jd/DERM_896506.jpg,jd,23,23,3,False
/mnt/c/Users/0M SAI RAM/Desktop/project/dataset/archive/derm12345_train_part_2/jd/DERM_322290.jpg,jd,23,23,23,True
/mnt/c/Users/0M SAI RAM/Desktop/project/dataset/archive/derm12345_train_part_2/jd/DERM_675872.jpg,jd,23,23,23,True
/mnt/c/Users/0M SAI RAM/Desktop/project/dataset/archive/derm12345_train_part_2/jd/DERM_303650.jpg,jd,23,23,23,True
/mnt/c/Users/0M SAI RAM/Desktop/project/dataset/archive/derm12345_train_part_2/jd/DERM_707298.jpg,jd,23,23,23,True
/mnt/c/Users/0M SAI RAM/Desktop/project/dataset/archive/derm12345_train_part_2/jd/DERM_936139.jpg,jd,23,23,23,True
/mnt/c/Users/0M SAI RAM/Desktop/project/dataset/archive/derm12345_train_part_2/jd/DERM_884211.jpg,jd,23,23,3,False
/mnt/c/Users/0M SAI RAM/Desktop/project/dataset/archive/derm12345_train_part_2/jd/DERM_990615.jpg,jd,23,23,23,True
/mnt/c/Users/0M SAI RAM/Desktop/project/dataset/archive/derm12345_train_part_2/jd/DERM_615823.jpg,jd,23,23,14,False
/mnt/c/Users/0M SAI RAM/Desktop/project/dataset/archive/derm12345_train_part_2/jd/DERM_644967.jpg,jd,23,23,12,False
/mnt/c/Users/0M SAI RAM/Desktop/project/dataset/archive/derm12345_train_part_2/jd/DERM_519840.jpg,jd,23,23,22,False
/mnt/c/Users/0M SAI RAM/Desktop/project/dataset/archive/derm12345_train_part_2/jd/DERM_880221.jpg,jd,23,23,23,True
/mnt/c/Users/0M SAI RAM/Desktop/project/dataset/archive/derm12345_train_part_2/jd/DERM_974008.jpg,jd,23,23,23,True
/mnt/c/Users/0M SAI RAM/Desktop/project/dataset/archive/derm12345_train_part_2/jd/DERM_732506.jpg,jd,23,23,23,True
/mnt/c/Users/0M SAI RAM/Desktop/project/dataset/archive/derm12345_train_part_2/jd/DERM_530310.jpg,jd,23,23,11,False
/mnt/c/Users/0M SAI RAM/Desktop/project/dataset/archive/derm12345_train_part_2/jd/DERM_833872.jpg,jd,23,23,14,False
/mnt/c/Users/0M SAI RAM/Desktop/project/dataset/archive/derm12345_train_part_2/jd/DERM_525717.jpg,jd,23,23,30,False
/mnt/c/Users/0M SAI RAM/Desktop/project/dataset/archive/derm12345_train_part_2/jd/DERM_622149.jpg,jd,23,23,23,True
/mnt/c/Users/0M SAI RAM/Desktop/project/dataset/archive/derm12345_train_part_2/jd/DERM_718823.jpg,jd,23,23,23,True
/mnt/c/Users/0M SAI RAM/Desktop/project/dataset/archive/derm12345_train_part_2/jd/DERM_441239.jpg,jd,23,23,23,True
/mnt/c/Users/0M SAI RAM/Desktop/project/dataset/archive/derm12345_train_part_2/jd/DERM_842659.jpg,jd,23,23,37,False
/mnt/c/Users/0M SAI RAM/Desktop/project/dataset/archive/derm12345_train_part_2/jd/DERM_580134.jpg,jd,23,23,22,False
/mnt/c/Users/0M SAI RAM/Desktop/project/dataset/archive/derm12345_train_part_2/jd/DERM_220247.jpg,jd,23,23,23,True
/mnt/c/Users/0M SAI RAM/Desktop/project/dataset/archive/derm12345_train_part_2/jd/DERM_483822.jpg,jd,23,23,14,False
/mnt/c/Users/0M SAI RAM/Desktop/project/dataset/archive/derm12345_train_part_2/jd/DERM_406863.jpg,jd,23,23,14,False
/mnt/c/Users/0M SAI RAM/Desktop/project/dataset/archive/derm12345_train_part_2/jd/DERM_147441.jpg,jd,23,23,16,False
/mnt/c/Users/0M SAI RAM/Desktop/project/dataset/archive/derm12345_train_part_2/jd/DERM_817714.jpg,jd,23,23,22,False
/mnt/c/Users/0M SAI RAM/Desktop/project/dataset/archive/derm12345_train_part_2/jd/DERM_858791.jpg,jd,23,23,3,False
/mnt/c/Users/0M SAI RAM/Desktop/project/dataset/archive/derm12345_train_part_2/jd/DERM_452115.jpg,jd,23,23,11,False
/mnt/c/Users/0M SAI RAM/Desktop/project/dataset/archive/derm12345_train_part_2/jd/DERM_293606.jpg,jd,23,23,23,True
/mnt/c/Users/0M SAI RAM/Desktop/project/dataset/archive/derm12345_train_part_2/jd/DERM_345883.jpg,jd,23,23,23,True
/mnt/c/Users/0M SAI RAM/Desktop/project/dataset/archive/derm12345_train_part_2/jd/DERM_510129.jpg,jd,23,23,23,True
/mnt/c/Users/0M SAI RAM/Desktop/project/dataset/archive/derm12345_train_part_2/jd/DERM_521097.jpg,jd,23,23,23,True
/mnt/c/Users/0M SAI RAM/Desktop/project/dataset/archive/derm12345_train_part_2/jd/DERM_670036.jpg,jd,23,23,23,True
/mnt/c/Users/0M SAI RAM/Desktop/project/dataset/archive/derm12345_train_part_2/jd/DERM_871065.jpg,jd,23,23,23,True
/mnt/c/Users/0M SAI RAM/Desktop/project/dataset/archive/derm12345_train_part_2/jd/DERM_401605.jpg,jd,23,23,22,False
/mnt/c/Users/0M SAI RAM/Desktop/project/dataset/archive/derm12345_train_part_2/jd/DERM_487675.jpg,jd,23,23,23,True
/mnt/c/Users/0M SAI RAM/Desktop/project/dataset/archive/derm12345_train_part_2/jd/DERM_990717.jpg,jd,23,23,14,False
/mnt/c/Users/0M SAI RAM/Desktop/project/dataset/archive/derm12345_train_part_2/jd/DERM_546951.jpg,jd,23,23,23,True
/mnt/c/Users/0M SAI RAM/Desktop/project/dataset/archive/derm12345_train_part_2/jd/DERM_431063.jpg,jd,23,23,23,True
/mnt/c/Users/0M SAI RAM/Desktop/project/dataset/archive/derm12345_train_part_2/jd/DERM_372345.jpg,jd,23,23,8,False
/mnt/c/Users/0M SAI RAM/Desktop/project/dataset/archive/derm12345_train_part_2/jd/DERM_311620.jpg,jd,23,23,23,True
/mnt/c/Users/0M SAI RAM/Desktop/project/dataset/archive/derm12345_train_part_2/jd/DERM_501026.jpg,jd,23,23,14,False
/mnt/c/Users/0M SAI RAM/Desktop/project/dataset/archive/derm12345_train_part_2/jd/DERM_933874.jpg,jd,23,23,23,True
/mnt/c/Users/0M SAI RAM/Desktop/project/dataset/archive/derm12345_train_part_2/jd/DERM_908555.jpg,jd,23,23,20,False
/mnt/c/Users/0M SAI RAM/Desktop/project/dataset/archive/derm12345_train_part_2/jd/DERM_742268.jpg,jd,23,23,23,True
/mnt/c/Users/0M SAI RAM/Desktop/project/dataset/archive/derm12345_train_part_2/jd/DERM_642240.jpg,jd,23,23,23,True
/mnt/c/Users/0M SAI RAM/Desktop/project/dataset/archive/derm12345_train_part_2/jd/DERM_505274.jpg,jd,23,23,23,True
/mnt/c/Users/0M SAI RAM/Desktop/project/dataset/archive/derm12345_train_part_2/jd/DERM_439027.jpg,jd,23,23,23,True
/mnt/c/Users/0M SAI RAM/Desktop/project/dataset/archive/derm12345_train_part_2/jd/DERM_103876.jpg,jd,23,23,23,True
/mnt/c/Users/0M SAI RAM/Desktop/project/dataset/archive/derm12345_train_part_2/jd/DERM_477530.jpg,jd,23,23,23,True
/mnt/c/Users/0M SAI RAM/Desktop/project/dataset/archive/derm12345_train_part_2/jd/DERM_212550.jpg,jd,23,23,23,True
/mnt/c/Users/0M SAI RAM/Desktop/project/dataset/archive/derm12345_train_part_2/jd/DERM_649723.jpg,jd,23,23,23,True
/mnt/c/Users/0M SAI RAM/Desktop/project/dataset/archive/derm12345_train_part_2/jd/DERM_129119.jpg,jd,23,23,23,True
/mnt/c/Users/0M SAI RAM/Desktop/project/dataset/archive/derm12345_train_part_2/jd/DERM_189835.jpg,jd,23,23,22,False
/mnt/c/Users/0M SAI RAM/Desktop/project/dataset/archive/derm12345_train_part_2/jd/DERM_881262.jpg,jd,23,23,22,False
/mnt/c/Users/0M SAI RAM/Desktop/project/dataset/archive/derm12345_train_part_2/jd/DERM_474804.jpg,jd,23,23,23,True
/mnt/c/Users/0M SAI RAM/Desktop/project/dataset/archive/derm12345_train_part_2/jd/DERM_318065.jpg,jd,23,23,22,False
/mnt/c/Users/0M SAI RAM/Desktop/project/dataset/archive/derm12345_train_part_2/jd/DERM_475014.jpg,jd,23,23,23,True
/mnt/c/Users/0M SAI RAM/Desktop/project/dataset/archive/derm12345_train_part_2/jd/DERM_744126.jpg,jd,23,23,23,True
/mnt/c/Users/0M SAI RAM/Desktop/project/dataset/archive/derm12345_train_part_2/jd/DERM_391821.jpg,jd,23,23,22,False
/mnt/c/Users/0M SAI RAM/Desktop/project/dataset/archive/derm12345_train_part_2/jd/DERM_617920.jpg,jd,23,23,23,True
/mnt/c/Users/0M SAI RAM/Desktop/project/dataset/archive/derm12345_train_part_2/jd/DERM_950827.jpg,jd,23,23,22,False
/mnt/c/Users/0M SAI RAM/Desktop/project/dataset/archive/derm12345_train_part_2/jd/DERM_804404.jpg,jd,23,23,11,False
/mnt/c/Users/0M SAI RAM/Desktop/project/dataset/archive/derm12345_train_part_2/jd/DERM_776524.jpg,jd,23,23,22,False
/mnt/c/Users/0M SAI RAM/Desktop/project/dataset/archive/derm12345_train_part_2/jd/DERM_396106.jpg,jd,23,23,23,True
/mnt/c/Users/0M SAI RAM/Desktop/project/dataset/archive/derm12345_train_part_2/jd/DERM_224685.jpg,jd,23,23,22,False
/mnt/c/Users/0M SAI RAM/Desktop/project/dataset/archive/derm12345_train_part_2/jd/DERM_999215.jpg,jd,23,23,14,False
/mnt/c/Users/0M SAI RAM/Desktop/project/dataset/archive/derm12345_train_part_2/jd/DERM_737624.jpg,jd,23,23,22,False
/mnt/c/Users/0M SAI RAM/Desktop/project/dataset/archive/derm12345_train_part_2/jd/DERM_925476.jpg,jd,23,23,23,True
/mnt/c/Users/0M SAI RAM/Desktop/project/dataset/archive/derm12345_train_part_2/jd/DERM_321965.jpg,jd,23,23,23,True
/mnt/c/Users/0M SAI RAM/Desktop/project/dataset/archive/derm12345_train_part_2/jd/DERM_922232.jpg,jd,23,23,16,False
/mnt/c/Users/0M SAI RAM/Desktop/project/dataset/archive/derm12345_train_part_2/jd/DERM_187026.jpg,jd,23,23,22,False
/mnt/c/Users/0M SAI RAM/Desktop/project/dataset/archive/derm12345_train_part_2/jd/DERM_411954.jpg,jd,23,23,22,False
/mnt/c/Users/0M SAI RAM/Desktop/project/dataset/archive/derm12345_train_part_2/jd/DERM_684758.jpg,jd,23,23,23,True
/mnt/c/Users/0M SAI RAM/Desktop/project/dataset/archive/derm12345_train_part_2/jd/DERM_538281.jpg,jd,23,23,11,False
/mnt/c/Users/0M SAI RAM/Desktop/project/dataset/archive/derm12345_train_part_2/jd/DERM_790727.jpg,jd,23,23,23,True
/mnt/c/Users/0M SAI RAM/Desktop/project/dataset/archive/derm12345_train_part_2/jd/DERM_383857.jpg,jd,23,23,23,True
/mnt/c/Users/0M SAI RAM/Desktop/project/dataset/archive/derm12345_train_part_2/jd/DERM_416044.jpg,jd,23,23,22,False
/mnt/c/Users/0M SAI RAM/Desktop/project/dataset/archive/derm12345_train_part_2/jd/DERM_803149.jpg,jd,23,23,22,False
/mnt/c/Users/0M SAI RAM/Desktop/project/dataset/archive/derm12345_train_part_2/jd/DERM_470160.jpg,jd,23,23,23,True
/mnt/c/Users/0M SAI RAM/Desktop/project/dataset/archive/derm12345_train_part_2/jd/DERM_613169.jpg,jd,23,23,23,True
/mnt/c/Users/0M SAI RAM/Desktop/project/dataset/archive/derm12345_train_part_2/jd/DERM_164629.jpg,jd,23,23,17,False
/mnt/c/Users/0M SAI RAM/Desktop/project/dataset/archive/derm12345_train_part_2/jd/DERM_188227.jpg,jd,23,23,23,True
/mnt/c/Users/0M SAI RAM/Desktop/project/dataset/archive/derm12345_train_part_2/jd/DERM_685287.jpg,jd,23,23,23,True
/mnt/c/Users/0M SAI RAM/Desktop/project/dataset/archive/derm12345_train_part_2/jd/DERM_320725.jpg,jd,23,23,22,False
/mnt/c/Users/0M SAI RAM/Desktop/project/dataset/archive/derm12345_train_part_2/jd/DERM_437020.jpg,jd,23,23,14,False
/mnt/c/Users/0M SAI RAM/Desktop/project/dataset/archive/derm12345_train_part_2/jd/DERM_353036.jpg,jd,23,23,30,False
/mnt/c/Users/0M SAI RAM/Desktop/project/dataset/archive/derm12345_train_part_2/jd/DERM_564062.jpg,jd,23,23,14,False
/mnt/c/Users/0M SAI RAM/Desktop/project/dataset/archive/derm12345_train_part_2/jd/DERM_103461.jpg,jd,23,23,11,False
/mnt/c/Users/0M SAI RAM/Desktop/project/dataset/archive/derm12345_train_part_2/jd/DERM_215547.jpg,jd,23,23,23,True
/mnt/c/Users/0M SAI RAM/Desktop/project/dataset/archive/derm12345_train_part_2/jd/DERM_304186.jpg,jd,23,23,23,True
/mnt/c/Users/0M SAI RAM/Desktop/project/dataset/archive/derm12345_train_part_2/jd/DERM_615625.jpg,jd,23,23,11,False
/mnt/c/Users/0M SAI RAM/Desktop/project/dataset/archive/derm12345_train_part_2/jd/DERM_283461.jpg,jd,23,23,23,True
/mnt/c/Users/0M SAI RAM/Desktop/project/dataset/archive/derm12345_train_part_2/jd/DERM_252833.jpg,jd,23,23,22,False
/mnt/c/Users/0M SAI RAM/Desktop/project/dataset/archive/derm12345_train_part_2/jd/DERM_457696.jpg,jd,23,23,23,True
/mnt/c/Users/0M SAI RAM/Desktop/project/dataset/archive/derm12345_train_part_2/jd/DERM_687052.jpg,jd,23,23,23,True
/mnt/c/Users/0M SAI RAM/Desktop/project/dataset/archive/derm12345_train_part_2/jd/DERM_544408.jpg,jd,23,23,22,False
/mnt/c/Users/0M SAI RAM/Desktop/project/dataset/archive/derm12345_train_part_2/jd/DERM_925918.jpg,jd,23,23,22,False
/mnt/c/Users/0M SAI RAM/Desktop/project/dataset/archive/derm12345_train_part_2/jd/DERM_113624.jpg,jd,23,23,23,True
/mnt/c/Users/0M SAI RAM/Desktop/project/dataset/archive/derm12345_train_part_2/jd/DERM_703966.jpg,jd,23,23,14,False
/mnt/c/Users/0M SAI RAM/Desktop/project/dataset/archive/derm12345_train_part_2/jd/DERM_354257.jpg,jd,23,23,23,True
/mnt/c/Users/0M SAI RAM/Desktop/project/dataset/archive/derm12345_train_part_2/jd/DERM_152163.jpg,jd,23,23,23,True
/mnt/c/Users/0M SAI RAM/Desktop/project/dataset/archive/derm12345_train_part_2/jd/DERM_228769.jpg,jd,23,23,23,True
/mnt/c/Users/0M SAI RAM/Desktop/project/dataset/archive/derm12345_train_part_2/jd/DERM_573471.jpg,jd,23,23,23,True
/mnt/c/Users/0M SAI RAM/Desktop/project/dataset/archive/derm12345_train_part_2/jd/DERM_789728.jpg,jd,23,23,23,True
/mnt/c/Users/0M SAI RAM/Desktop/project/dataset/archive/derm12345_train_part_2/jd/DERM_596064.jpg,jd,23,23,23,True
/mnt/c/Users/0M SAI RAM/Desktop/project/dataset/archive/derm12345_train_part_2/jd/DERM_432965.jpg,jd,23,23,23,True
/mnt/c/Users/0M SAI RAM/Desktop/project/dataset/archive/derm12345_train_part_2/jd/DERM_700140.jpg,jd,23,23,23,True
/mnt/c/Users/0M SAI RAM/Desktop/project/dataset/archive/derm12345_train_part_2/jd/DERM_511997.jpg,jd,23,23,23,True
/mnt/c/Users/0M SAI RAM/Desktop/project/dataset/archive/derm12345_train_part_2/jd/DERM_982305.jpg,jd,23,23,23,True
/mnt/c/Users/0M SAI RAM/Desktop/project/dataset/archive/derm12345_train_part_2/jd/DERM_208725.jpg,jd,23,23,23,True
/mnt/c/Users/0M SAI RAM/Desktop/project/dataset/archive/derm12345_train_part_2/jd/DERM_552063.jpg,jd,23,23,23,True
/mnt/c/Users/0M SAI RAM/Desktop/project/dataset/archive/derm12345_train_part_2/jd/DERM_328554.jpg,jd,23,23,14,False
/mnt/c/Users/0M SAI RAM/Desktop/project/dataset/archive/derm12345_train_part_2/jd/DERM_331557.jpg,jd,23,23,14,False
/mnt/c/Users/0M SAI RAM/Desktop/project/dataset/archive/derm12345_train_part_2/jd/DERM_338506.jpg,jd,23,23,23,True
/mnt/c/Users/0M SAI RAM/Desktop/project/dataset/archive/derm12345_train_part_2/jd/DERM_434207.jpg,jd,23,23,22,False
/mnt/c/Users/0M SAI RAM/Desktop/project/dataset/archive/derm12345_train_part_2/jd/DERM_666397.jpg,jd,23,23,23,True
/mnt/c/Users/0M SAI RAM/Desktop/project/dataset/archive/derm12345_train_part_2/jd/DERM_208022.jpg,jd,23,23,23,True
/mnt/c/Users/0M SAI RAM/Desktop/project/dataset/archive/derm12345_train_part_2/jd/DERM_467090.jpg,jd,23,23,22,False
/mnt/c/Users/0M SAI RAM/Desktop/project/dataset/archive/derm12345_train_part_2/jd/DERM_676654.jpg,jd,23,23,23,True
/mnt/c/Users/0M SAI RAM/Desktop/project/dataset/archive/derm12345_train_part_2/jd/DERM_432295.jpg,jd,23,23,23,True
/mnt/c/Users/0M SAI RAM/Desktop/project/dataset/archive/derm12345_train_part_2/jd/DERM_570066.jpg,jd,23,23,23,True
/mnt/c/Users/0M SAI RAM/Desktop/project/dataset/archive/derm12345_train_part_2/jd/DERM_780786.jpg,jd,23,23,14,False
/mnt/c/Users/0M SAI RAM/Desktop/project/dataset/archive/derm12345_train_part_2/jd/DERM_698027.jpg,jd,23,23,23,True
/mnt/c/Users/0M SAI RAM/Desktop/project/dataset/archive/derm12345_train_part_2/jd/DERM_439240.jpg,jd,23,23,23,True
/mnt/c/Users/0M SAI RAM/Desktop/project/dataset/archive/derm12345_train_part_2/jd/DERM_764994.jpg,jd,23,23,23,True
/mnt/c/Users/0M SAI RAM/Desktop/project/dataset/archive/derm12345_train_part_2/jd/DERM_286421.jpg,jd,23,23,3,False
/mnt/c/Users/0M SAI RAM/Desktop/project/dataset/archive/derm12345_train_part_2/jd/DERM_499774.jpg,jd,23,23,23,True
/mnt/c/Users/0M SAI RAM/Desktop/project/dataset/archive/derm12345_train_part_2/jd/DERM_991456.jpg,jd,23,23,11,False
/mnt/c/Users/0M SAI RAM/Desktop/project/dataset/archive/derm12345_train_part_2/jd/DERM_484110.jpg,jd,23,23,23,True
/mnt/c/Users/0M SAI RAM/Desktop/project/dataset/archive/derm12345_train_part_2/jd/DERM_606255.jpg,jd,23,23,23,True
/mnt/c/Users/0M SAI RAM/Desktop/project/dataset/archive/derm12345_train_part_2/jd/DERM_611617.jpg,jd,23,23,23,True
/mnt/c/Users/0M SAI RAM/Desktop/project/dataset/archive/derm12345_train_part_2/jd/DERM_397008.jpg,jd,23,23,23,True
/mnt/c/Users/0M SAI RAM/Desktop/project/dataset/archive/derm12345_train_part_2/jd/DERM_378880.jpg,jd,23,23,23,True
/mnt/c/Users/0M SAI RAM/Desktop/project/dataset/archive/derm12345_train_part_2/jd/DERM_756831.jpg,jd,23,23,23,True
/mnt/c/Users/0M SAI RAM/Desktop/project/dataset/archive/derm12345_train_part_2/jd/DERM_560908.jpg,jd,23,23,22,False
/mnt/c/Users/0M SAI RAM/Desktop/project/dataset/archive/derm12345_train_part_2/jd/DERM_334543.jpg,jd,23,23,23,True
/mnt/c/Users/0M SAI RAM/Desktop/project/dataset/archive/derm12345_train_part_2/jd/DERM_987158.jpg,jd,23,23,23,True
/mnt/c/Users/0M SAI RAM/Desktop/project/dataset/archive/derm12345_train_part_2/jd/DERM_341485.jpg,jd,23,23,23,True
/mnt/c/Users/0M SAI RAM/Desktop/project/dataset/archive/derm12345_train_part_2/jd/DERM_231125.jpg,jd,23,23,22,False
/mnt/c/Users/0M SAI RAM/Desktop/project/dataset/archive/derm12345_train_part_2/jd/DERM_324014.jpg,jd,23,23,22,False
/mnt/c/Users/0M SAI RAM/Desktop/project/dataset/archive/derm12345_train_part_2/jd/DERM_413252.jpg,jd,23,23,17,False
/mnt/c/Users/0M SAI RAM/Desktop/project/dataset/archive/derm12345_train_part_2/jd/DERM_539056.jpg,jd,23,23,23,True
/mnt/c/Users/0M SAI RAM/Desktop/project/dataset/archive/derm12345_train_part_2/jd/DERM_777800.jpg,jd,23,23,23,True
/mnt/c/Users/0M SAI RAM/Desktop/project/dataset/archive/derm12345_train_part_2/jd/DERM_163066.jpg,jd,23,23,23,True
/mnt/c/Users/0M SAI RAM/Desktop/project/dataset/archive/derm12345_train_part_2/jd/DERM_271354.jpg,jd,23,23,23,True
/mnt/c/Users/0M SAI RAM/Desktop/project/dataset/archive/derm12345_train_part_2/jd/DERM_335595.jpg,jd,23,23,11,False
/mnt/c/Users/0M SAI RAM/Desktop/project/dataset/archive/derm12345_train_part_2/jd/DERM_951925.jpg,jd,23,23,23,True
/mnt/c/Users/0M SAI RAM/Desktop/project/dataset/archive/derm12345_train_part_2/jd/DERM_332798.jpg,jd,23,23,23,True
/mnt/c/Users/0M SAI RAM/Desktop/project/dataset/archive/derm12345_train_part_2/jd/DERM_922458.jpg,jd,23,23,23,True
/mnt/c/Users/0M SAI RAM/Desktop/project/dataset/archive/derm12345_train_part_2/jd/DERM_633314.jpg,jd,23,23,23,True
/mnt/c/Users/0M SAI RAM/Desktop/project/dataset/archive/derm12345_train_part_2/jd/DERM_309141.jpg,jd,23,23,23,True
/mnt/c/Users/0M SAI RAM/Desktop/project/dataset/archive/derm12345_train_part_2/jd/DERM_636776.jpg,jd,23,23,14,False
/mnt/c/Users/0M SAI RAM/Desktop/project/dataset/archive/derm12345_train_part_2/jd/DERM_869590.jpg,jd,23,23,23,True
/mnt/c/Users/0M SAI RAM/Desktop/project/dataset/archive/derm12345_train_part_2/jd/DERM_910420.jpg,jd,23,23,23,True
/mnt/c/Users/0M SAI RAM/Desktop/project/dataset/archive/derm12345_train_part_2/jd/DERM_416179.jpg,jd,23,23,23,True
/mnt/c/Users/0M SAI RAM/Desktop/project/dataset/archive/derm12345_train_part_2/jd/DERM_425284.jpg,jd,23,23,23,True
/mnt/c/Users/0M SAI RAM/Desktop/project/dataset/archive/derm12345_train_part_2/jd/DERM_814239.jpg,jd,23,23,23,True
/mnt/c/Users/0M SAI RAM/Desktop/project/dataset/archive/derm12345_train_part_2/jd/DERM_255740.jpg,jd,23,23,23,True
/mnt/c/Users/0M SAI RAM/Desktop/project/dataset/archive/derm12345_train_part_2/jd/DERM_416974.jpg,jd,23,23,17,False
/mnt/c/Users/0M SAI RAM/Desktop/project/dataset/archive/derm12345_train_part_2/jd/DERM_931536.jpg,jd,23,23,23,True
/mnt/c/Users/0M SAI RAM/Desktop/project/dataset/archive/derm12345_train_part_2/jd/DERM_429060.jpg,jd,23,23,23,True
/mnt/c/Users/0M SAI RAM/Desktop/project/dataset/archive/derm12345_train_part_2/jd/DERM_747045.jpg,jd,23,23,14,False
/mnt/c/Users/0M SAI RAM/Desktop/project/dataset/archive/derm12345_train_part_2/jd/DERM_684974.jpg,jd,23,23,23,True
/mnt/c/Users/0M SAI RAM/Desktop/project/dataset/archive/derm12345_train_part_2/jd/DERM_292158.jpg,jd,23,23,23,True
/mnt/c/Users/0M SAI RAM/Desktop/project/dataset/archive/derm12345_train_part_2/jd/DERM_355704.jpg,jd,23,23,11,False
/mnt/c/Users/0M SAI RAM/Desktop/project/dataset/archive/derm12345_train_part_2/jd/DERM_795173.jpg,jd,23,23,37,False
/mnt/c/Users/0M SAI RAM/Desktop/project/dataset/archive/derm12345_train_part_2/jd/DERM_239729.jpg,jd,23,23,23,True
/mnt/c/Users/0M SAI RAM/Desktop/project/dataset/archive/derm12345_train_part_2/jd/DERM_429792.jpg,jd,23,23,22,False
/mnt/c/Users/0M SAI RAM/Desktop/project/dataset/archive/derm12345_train_part_2/jd/DERM_136500.jpg,jd,23,23,23,True
/mnt/c/Users/0M SAI RAM/Desktop/project/dataset/archive/derm12345_train_part_2/jd/DERM_348562.jpg,jd,23,23,11,False
/mnt/c/Users/0M SAI RAM/Desktop/project/dataset/archive/derm12345_train_part_2/jd/DERM_346763.jpg,jd,23,23,23,True
/mnt/c/Users/0M SAI RAM/Desktop/project/dataset/archive/derm12345_train_part_2/jd/DERM_594683.jpg,jd,23,23,23,True
/mnt/c/Users/0M SAI RAM/Desktop/project/dataset/archive/derm12345_train_part_2/jd/DERM_696627.jpg,jd,23,23,22,False
/mnt/c/Users/0M SAI RAM/Desktop/project/dataset/archive/derm12345_train_part_2/jd/DERM_298872.jpg,jd,23,23,11,False
/mnt/c/Users/0M SAI RAM/Desktop/project/dataset/archive/derm12345_train_part_2/jd/DERM_942704.jpg,jd,23,23,22,False
/mnt/c/Users/0M SAI RAM/Desktop/project/dataset/archive/derm12345_train_part_2/jd/DERM_129763.jpg,jd,23,23,30,False
/mnt/c/Users/0M SAI RAM/Desktop/project/dataset/archive/derm12345_train_part_2/jd/DERM_549419.jpg,jd,23,23,23,True
/mnt/c/Users/0M SAI RAM/Desktop/project/dataset/archive/derm12345_train_part_2/jd/DERM_913263.jpg,jd,23,23,22,False
/mnt/c/Users/0M SAI RAM/Desktop/project/dataset/archive/derm12345_train_part_2/jd/DERM_495380.jpg,jd,23,23,23,True
/mnt/c/Users/0M SAI RAM/Desktop/project/dataset/archive/derm12345_train_part_2/jd/DERM_103011.jpg,jd,23,23,23,True
/mnt/c/Users/0M SAI RAM/Desktop/project/dataset/archive/derm12345_train_part_2/jd/DERM_578469.jpg,jd,23,23,23,True
/mnt/c/Users/0M SAI RAM/Desktop/project/dataset/archive/derm12345_train_part_2/jd/DERM_932143.jpg,jd,23,23,23,True
/mnt/c/Users/0M SAI RAM/Desktop/project/dataset/archive/derm12345_train_part_2/jd/DERM_145016.jpg,jd,23,23,22,False
/mnt/c/Users/0M SAI RAM/Desktop/project/dataset/archive/derm12345_train_part_2/jd/DERM_278611.jpg,jd,23,23,23,True
/mnt/c/Users/0M SAI RAM/Desktop/project/dataset/archive/derm12345_train_part_2/jd/DERM_213062.jpg,jd,23,23,23,True
/mnt/c/Users/0M SAI RAM/Desktop/project/dataset/archive/derm12345_train_part_2/jd/DERM_417551.jpg,jd,23,23,23,True
/mnt/c/Users/0M SAI RAM/Desktop/project/dataset/archive/derm12345_train_part_2/jd/DERM_892536.jpg,jd,23,23,23,True
/mnt/c/Users/0M SAI RAM/Desktop/project/dataset/archive/derm12345_train_part_2/jd/DERM_667748.jpg,jd,23,23,23,True
/mnt/c/Users/0M SAI RAM/Desktop/project/dataset/archive/derm12345_train_part_2/jd/DERM_678563.jpg,jd,23,23,23,True
/mnt/c/Users/0M SAI RAM/Desktop/project/dataset/archive/derm12345_train_part_2/jd/DERM_243119.jpg,jd,23,23,23,True
/mnt/c/Users/0M SAI RAM/Desktop/project/dataset/archive/derm12345_train_part_2/jd/DERM_694444.jpg,jd,23,23,23,True
/mnt/c/Users/0M SAI RAM/Desktop/project/dataset/archive/derm12345_train_part_2/jd/DERM_165479.jpg,jd,23,23,11,False
/mnt/c/Users/0M SAI RAM/Desktop/project/dataset/archive/derm12345_train_part_2/jd/DERM_811226.jpg,jd,23,23,22,False
/mnt/c/Users/0M SAI RAM/Desktop/project/dataset/archive/derm12345_train_part_2/jd/DERM_230764.jpg,jd,23,23,11,False
/mnt/c/Users/0M SAI RAM/Desktop/project/dataset/archive/derm12345_train_part_2/jd/DERM_866658.jpg,jd,23,23,23,True
/mnt/c/Users/0M SAI RAM/Desktop/project/dataset/archive/derm12345_train_part_2/jd/DERM_862142.jpg,jd,23,23,22,False
/mnt/c/Users/0M SAI RAM/Desktop/project/dataset/archive/derm12345_train_part_2/jd/DERM_831099.jpg,jd,23,23,23,True
/mnt/c/Users/0M SAI RAM/Desktop/project/dataset/archive/derm12345_train_part_2/jd/DERM_600038.jpg,jd,23,23,23,True
/mnt/c/Users/0M SAI RAM/Desktop/project/dataset/archive/derm12345_train_part_2/jd/DERM_669948.jpg,jd,23,23,11,False
/mnt/c/Users/0M SAI RAM/Desktop/project/dataset/archive/derm12345_train_part_2/jd/DERM_200795.jpg,jd,23,23,23,True
/mnt/c/Users/0M SAI RAM/Desktop/project/dataset/archive/derm12345_train_part_2/jd/DERM_880512.jpg,jd,23,23,23,True
/mnt/c/Users/0M SAI RAM/Desktop/project/dataset/archive/derm12345_train_part_2/jd/DERM_861295.jpg,jd,23,23,22,False
/mnt/c/Users/0M SAI RAM/Desktop/project/dataset/archive/derm12345_train_part_2/jd/DERM_132694.jpg,jd,23,23,23,True
/mnt/c/Users/0M SAI RAM/Desktop/project/dataset/archive/derm12345_train_part_2/jd/DERM_507881.jpg,jd,23,23,11,False
/mnt/c/Users/0M SAI RAM/Desktop/project/dataset/archive/derm12345_train_part_2/jd/DERM_670728.jpg,jd,23,23,23,True
/mnt/c/Users/0M SAI RAM/Desktop/project/dataset/archive/derm12345_train_part_2/jd/DERM_841307.jpg,jd,23,23,23,True
/mnt/c/Users/0M SAI RAM/Desktop/project/dataset/archive/derm12345_train_part_2/jd/DERM_533563.jpg,jd,23,23,23,True
/mnt/c/Users/0M SAI RAM/Desktop/project/dataset/archive/derm12345_train_part_2/jd/DERM_515332.jpg,jd,23,23,23,True
/mnt/c/Users/0M SAI RAM/Desktop/project/dataset/archive/derm12345_train_part_2/jd/DERM_317419.jpg,jd,23,23,23,True
/mnt/c/Users/0M SAI RAM/Desktop/project/dataset/archive/derm12345_train_part_2/jd/DERM_141219.jpg,jd,23,23,23,True
/mnt/c/Users/0M SAI RAM/Desktop/project/dataset/archive/derm12345_train_part_2/jd/DERM_112295.jpg,jd,23,23,23,True
/mnt/c/Users/0M SAI RAM/Desktop/project/dataset/archive/derm12345_train_part_2/jd/DERM_903398.jpg,jd,23,23,14,False
/mnt/c/Users/0M SAI RAM/Desktop/project/dataset/archive/derm12345_train_part_2/jd/DERM_218551.jpg,jd,23,23,23,True
/mnt/c/Users/0M SAI RAM/Desktop/project/dataset/archive/derm12345_train_part_2/jd/DERM_579182.jpg,jd,23,23,23,True
/mnt/c/Users/0M SAI RAM/Desktop/project/dataset/archive/derm12345_train_part_2/jd/DERM_196514.jpg,jd,23,23,22,False
/mnt/c/Users/0M SAI RAM/Desktop/project/dataset/archive/derm12345_train_part_2/jd/DERM_453831.jpg,jd,23,23,23,True
/mnt/c/Users/0M SAI RAM/Desktop/project/dataset/archive/derm12345_train_part_2/jd/DERM_146114.jpg,jd,23,23,11,False
/mnt/c/Users/0M SAI RAM/Desktop/project/dataset/archive/derm12345_train_part_2/jd/DERM_375490.jpg,jd,23,23,23,True
/mnt/c/Users/0M SAI RAM/Desktop/project/dataset/archive/derm12345_train_part_2/jd/DERM_303317.jpg,jd,23,23,23,True
/mnt/c/Users/0M SAI RAM/Desktop/project/dataset/archive/derm12345_train_part_2/jd/DERM_244309.jpg,jd,23,23,23,True
/mnt/c/Users/0M SAI RAM/Desktop/project/dataset/archive/derm12345_train_part_2/jd/DERM_595306.jpg,jd,23,23,23,True
/mnt/c/Users/0M SAI RAM/Desktop/project/dataset/archive/derm12345_train_part_2/jd/DERM_828912.jpg,jd,23,23,23,True
/mnt/c/Users/0M SAI RAM/Desktop/project/dataset/archive/derm12345_train_part_2/jd/DERM_223708.jpg,jd,23,23,23,True
/mnt/c/Users/0M SAI RAM/Desktop/project/dataset/archive/derm12345_train_part_2/jd/DERM_161690.jpg,jd,23,23,23,True
/mnt/c/Users/0M SAI RAM/Desktop/project/dataset/archive/derm12345_train_part_2/jd/DERM_903246.jpg,jd,23,23,23,True
/mnt/c/Users/0M SAI RAM/Desktop/project/dataset/archive/derm12345_train_part_2/jd/DERM_319097.jpg,jd,23,23,23,True
/mnt/c/Users/0M SAI RAM/Desktop/project/dataset/archive/derm12345_train_part_2/jd/DERM_841408.jpg,jd,23,23,23,True
/mnt/c/Users/0M SAI RAM/Desktop/project/dataset/archive/derm12345_train_part_2/jd/DERM_205496.jpg,jd,23,23,22,False
/mnt/c/Users/0M SAI RAM/Desktop/project/dataset/archive/derm12345_train_part_2/jd/DERM_718764.jpg,jd,23,23,23,True
/mnt/c/Users/0M SAI RAM/Desktop/project/dataset/archive/derm12345_train_part_2/jd/DERM_814580.jpg,jd,23,23,23,True
/mnt/c/Users/0M SAI RAM/Desktop/project/dataset/archive/derm12345_train_part_2/jd/DERM_918462.jpg,jd,23,23,23,True
/mnt/c/Users/0M SAI RAM/Desktop/project/dataset/archive/derm12345_train_part_2/jd/DERM_129817.jpg,jd,23,23,23,True
/mnt/c/Users/0M SAI RAM/Desktop/project/dataset/archive/derm12345_train_part_2/jd/DERM_944684.jpg,jd,23,23,23,True
/mnt/c/Users/0M SAI RAM/Desktop/project/dataset/archive/derm12345_train_part_2/jd/DERM_499792.jpg,jd,23,23,23,True
/mnt/c/Users/0M SAI RAM/Desktop/project/dataset/archive/derm12345_train_part_2/jd/DERM_645641.jpg,jd,23,23,22,False
/mnt/c/Users/0M SAI RAM/Desktop/project/dataset/archive/derm12345_train_part_2/jd/DERM_457752.jpg,jd,23,23,23,True
/mnt/c/Users/0M SAI RAM/Desktop/project/dataset/archive/derm12345_train_part_2/jd/DERM_219138.jpg,jd,23,23,22,False
/mnt/c/Users/0M SAI RAM/Desktop/project/dataset/archive/derm12345_train_part_2/jd/DERM_902794.jpg,jd,23,23,23,True
/mnt/c/Users/0M SAI RAM/Desktop/project/dataset/archive/derm12345_train_part_2/jd/DERM_386913.jpg,jd,23,23,22,False
/mnt/c/Users/0M SAI RAM/Desktop/project/dataset/archive/derm12345_train_part_2/jd/DERM_196475.jpg,jd,23,23,23,True
/mnt/c/Users/0M SAI RAM/Desktop/project/dataset/archive/derm12345_train_part_2/jd/DERM_754852.jpg,jd,23,23,23,True
/mnt/c/Users/0M SAI RAM/Desktop/project/dataset/archive/derm12345_train_part_2/jd/DERM_696487.jpg,jd,23,23,23,True
/mnt/c/Users/0M SAI RAM/Desktop/project/dataset/archive/derm12345_train_part_2/jd/DERM_929733.jpg,jd,23,23,14,False
/mnt/c/Users/0M SAI RAM/Desktop/project/dataset/archive/derm12345_train_part_2/jd/DERM_210570.jpg,jd,23,23,22,False
/mnt/c/Users/0M SAI RAM/Desktop/project/dataset/archive/derm12345_train_part_2/jd/DERM_225795.jpg,jd,23,23,11,False
/mnt/c/Users/0M SAI RAM/Desktop/project/dataset/archive/derm12345_train_part_2/jd/DERM_626100.jpg,jd,23,23,14,False
/mnt/c/Users/0M SAI RAM/Desktop/project/dataset/archive/derm12345_train_part_2/jd/DERM_209559.jpg,jd,23,23,23,True
/mnt/c/Users/0M SAI RAM/Desktop/project/dataset/archive/derm12345_train_part_2/jd/DERM_902734.jpg,jd,23,23,23,True
/mnt/c/Users/0M SAI RAM/Desktop/project/dataset/archive/derm12345_train_part_2/jd/DERM_875062.jpg,jd,23,23,23,True
/mnt/c/Users/0M SAI RAM/Desktop/project/dataset/archive/derm12345_train_part_2/jd/DERM_662224.jpg,jd,23,23,23,True
/mnt/c/Users/0M SAI RAM/Desktop/project/dataset/archive/derm12345_train_part_2/jd/DERM_887185.jpg,jd,23,23,23,True
/mnt/c/Users/0M SAI RAM/Desktop/project/dataset/archive/derm12345_train_part_2/jd/DERM_153652.jpg,jd,23,23,23,True
/mnt/c/Users/0M SAI RAM/Desktop/project/dataset/archive/derm12345_train_part_2/jd/DERM_640556.jpg,jd,23,23,23,True
/mnt/c/Users/0M SAI RAM/Desktop/project/dataset/archive/derm12345_train_part_2/jd/DERM_402451.jpg,jd,23,23,23,True
/mnt/c/Users/0M SAI RAM/Desktop/project/dataset/archive/derm12345_train_part_2/jd/DERM_874138.jpg,jd,23,23,23,True
/mnt/c/Users/0M SAI RAM/Desktop/project/dataset/archive/derm12345_train_part_2/jd/DERM_386268.jpg,jd,23,23,30,False
/mnt/c/Users/0M SAI RAM/Desktop/project/dataset/archive/derm12345_train_part_2/jd/DERM_525042.jpg,jd,23,23,30,False
/mnt/c/Users/0M SAI RAM/Desktop/project/dataset/archive/derm12345_train_part_2/jd/DERM_765195.jpg,jd,23,23,23,True
/mnt/c/Users/0M SAI RAM/Desktop/project/dataset/archive/derm12345_train_part_2/jd/DERM_170370.jpg,jd,23,23,22,False
/mnt/c/Users/0M SAI RAM/Desktop/project/dataset/archive/derm12345_train_part_2/jd/DERM_625492.jpg,jd,23,23,11,False
/mnt/c/Users/0M SAI RAM/Desktop/project/dataset/archive/derm12345_train_part_2/jd/DERM_920040.jpg,jd,23,23,11,False
/mnt/c/Users/0M SAI RAM/Desktop/project/dataset/archive/derm12345_train_part_2/jd/DERM_129453.jpg,jd,23,23,23,True
/mnt/c/Users/0M SAI RAM/Desktop/project/dataset/archive/derm12345_train_part_2/jd/DERM_402632.jpg,jd,23,23,23,True
/mnt/c/Users/0M SAI RAM/Desktop/project/dataset/archive/derm12345_train_part_2/jd/DERM_973955.jpg,jd,23,23,14,False
/mnt/c/Users/0M SAI RAM/Desktop/project/dataset/archive/derm12345_train_part_2/jd/DERM_753853.jpg,jd,23,23,23,True
/mnt/c/Users/0M SAI RAM/Desktop/project/dataset/archive/derm12345_train_part_2/jd/DERM_958948.jpg,jd,23,23,22,False
/mnt/c/Users/0M SAI RAM/Desktop/project/dataset/archive/derm12345_train_part_2/jd/DERM_834844.jpg,jd,23,23,23,True
/mnt/c/Users/0M SAI RAM/Desktop/project/dataset/archive/derm12345_train_part_2/jd/DERM_726930.jpg,jd,23,23,23,True
/mnt/c/Users/0M SAI RAM/Desktop/project/dataset/archive/derm12345_train_part_2/jd/DERM_859942.jpg,jd,23,23,23,True
/mnt/c/Users/0M SAI RAM/Desktop/project/dataset/archive/derm12345_train_part_2/jd/DERM_144907.jpg,jd,23,23,23,True
/mnt/c/Users/0M SAI RAM/Desktop/project/dataset/archive/derm12345_train_part_2/jd/DERM_409240.jpg,jd,23,23,23,True
/mnt/c/Users/0M SAI RAM/Desktop/project/dataset/archive/derm12345_train_part_2/jd/DERM_222848.jpg,jd,23,23,17,False
/mnt/c/Users/0M SAI RAM/Desktop/project/dataset/archive/derm12345_train_part_2/jd/DERM_667895.jpg,jd,23,23,37,False
/mnt/c/Users/0M SAI RAM/Desktop/project/dataset/archive/derm12345_train_part_2/jd/DERM_392037.jpg,jd,23,23,23,True
/mnt/c/Users/0M SAI RAM/Desktop/project/dataset/archive/derm12345_train_part_2/jd/DERM_215703.jpg,jd,23,23,23,True
/mnt/c/Users/0M SAI RAM/Desktop/project/dataset/archive/derm12345_train_part_2/jd/DERM_141323.jpg,jd,23,23,37,False
/mnt/c/Users/0M SAI RAM/Desktop/project/dataset/archive/derm12345_train_part_2/jd/DERM_146349.jpg,jd,23,23,23,True
/mnt/c/Users/0M SAI RAM/Desktop/project/dataset/archive/derm12345_train_part_2/jd/DERM_700065.jpg,jd,23,23,23,True
/mnt/c/Users/0M SAI RAM/Desktop/project/dataset/archive/derm12345_train_part_2/jd/DERM_265093.jpg,jd,23,23,11,False
/mnt/c/Users/0M SAI RAM/Desktop/project/dataset/archive/derm12345_train_part_2/jd/DERM_335151.jpg,jd,23,23,22,False
/mnt/c/Users/0M SAI RAM/Desktop/project/dataset/archive/derm12345_train_part_2/jd/DERM_573557.jpg,jd,23,23,37,False
/mnt/c/Users/0M SAI RAM/Desktop/project/dataset/archive/derm12345_train_part_2/jd/DERM_584389.jpg,jd,23,23,4,False
/mnt/c/Users/0M SAI RAM/Desktop/project/dataset/archive/derm12345_train_part_2/jd/DERM_710533.jpg,jd,23,23,23,True
/mnt/c/Users/0M SAI RAM/Desktop/project/dataset/archive/derm12345_train_part_2/jd/DERM_458153.jpg,jd,23,23,22,False
/mnt/c/Users/0M SAI RAM/Desktop/project/dataset/archive/derm12345_train_part_2/jd/DERM_997960.jpg,jd,23,23,22,False
/mnt/c/Users/0M SAI RAM/Desktop/project/dataset/archive/derm12345_train_part_2/jd/DERM_188684.jpg,jd,23,23,14,False
/mnt/c/Users/0M SAI RAM/Desktop/project/dataset/archive/derm12345_train_part_2/jd/DERM_689091.jpg,jd,23,23,23,True
/mnt/c/Users/0M SAI RAM/Desktop/project/dataset/archive/derm12345_train_part_2/jd/DERM_549944.jpg,jd,23,23,23,True
/mnt/c/Users/0M SAI RAM/Desktop/project/dataset/archive/derm12345_train_part_2/jd/DERM_760758.jpg,jd,23,23,11,False
/mnt/c/Users/0M SAI RAM/Desktop/project/dataset/archive/derm12345_train_part_2/jd/DERM_549551.jpg,jd,23,23,22,False
/mnt/c/Users/0M SAI RAM/Desktop/project/dataset/archive/derm12345_train_part_2/jd/DERM_770445.jpg,jd,23,23,37,False
/mnt/c/Users/0M SAI RAM/Desktop/project/dataset/archive/derm12345_train_part_2/jd/DERM_188430.jpg,jd,23,23,23,True
/mnt/c/Users/0M SAI RAM/Desktop/project/dataset/archive/derm12345_train_part_2/jd/DERM_370722.jpg,jd,23,23,37,False
/mnt/c/Users/0M SAI RAM/Desktop/project/dataset/archive/derm12345_train_part_2/jd/DERM_292111.jpg,jd,23,23,23,True
/mnt/c/Users/0M SAI RAM/Desktop/project/dataset/archive/derm12345_train_part_2/jd/DERM_782182.jpg,jd,23,23,23,True
/mnt/c/Users/0M SAI RAM/Desktop/project/dataset/archive/derm12345_train_part_2/jd/DERM_935306.jpg,jd,23,23,23,True
/mnt/c/Users/0M SAI RAM/Desktop/project/dataset/archive/derm12345_train_part_2/jd/DERM_990120.jpg,jd,23,23,11,False
/mnt/c/Users/0M SAI RAM/Desktop/project/dataset/archive/derm12345_train_part_2/jd/DERM_899337.jpg,jd,23,23,22,False
/mnt/c/Users/0M SAI RAM/Desktop/project/dataset/archive/derm12345_train_part_2/jd/DERM_252031.jpg,jd,23,23,22,False
/mnt/c/Users/0M SAI RAM/Desktop/project/dataset/archive/derm12345_train_part_2/jd/DERM_267432.jpg,jd,23,23,22,False
/mnt/c/Users/0M SAI RAM/Desktop/project/dataset/archive/derm12345_train_part_2/jd/DERM_398997.jpg,jd,23,23,22,False
/mnt/c/Users/0M SAI RAM/Desktop/project/dataset/archive/derm12345_train_part_2/jd/DERM_654169.jpg,jd,23,23,22,False
/mnt/c/Users/0M SAI RAM/Desktop/project/dataset/archive/derm12345_train_part_2/jd/DERM_910093.jpg,jd,23,23,23,True
/mnt/c/Users/0M SAI RAM/Desktop/project/dataset/archive/derm12345_train_part_2/jd/DERM_950098.jpg,jd,23,23,23,True
/mnt/c/Users/0M SAI RAM/Desktop/project/dataset/archive/derm12345_train_part_2/jd/DERM_127278.jpg,jd,23,23,22,False
/mnt/c/Users/0M SAI RAM/Desktop/project/dataset/archive/derm12345_train_part_2/jd/DERM_742602.jpg,jd,23,23,12,False
/mnt/c/Users/0M SAI RAM/Desktop/project/dataset/archive/derm12345_train_part_2/jd/DERM_332220.jpg,jd,23,23,23,True
/mnt/c/Users/0M SAI RAM/Desktop/project/dataset/archive/derm12345_train_part_2/jd/DERM_371847.jpg,jd,23,23,22,False
/mnt/c/Users/0M SAI RAM/Desktop/project/dataset/archive/derm12345_train_part_2/jd/DERM_479427.jpg,jd,23,23,23,True
/mnt/c/Users/0M SAI RAM/Desktop/project/dataset/archive/derm12345_train_part_2/jd/DERM_750667.jpg,jd,23,23,23,True
/mnt/c/Users/0M SAI RAM/Desktop/project/dataset/archive/derm12345_train_part_2/jd/DERM_845955.jpg,jd,23,23,23,True
/mnt/c/Users/0M SAI RAM/Desktop/project/dataset/archive/derm12345_train_part_2/jd/DERM_703483.jpg,jd,23,23,23,True
/mnt/c/Users/0M SAI RAM/Desktop/project/dataset/archive/derm12345_train_part_2/jd/DERM_126226.jpg,jd,23,23,22,False
/mnt/c/Users/0M SAI RAM/Desktop/project/dataset/archive/derm12345_train_part_2/jd/DERM_379093.jpg,jd,23,23,23,True
/mnt/c/Users/0M SAI RAM/Desktop/project/dataset/archive/derm12345_train_part_2/jd/DERM_404006.jpg,jd,23,23,23,True
/mnt/c/Users/0M SAI RAM/Desktop/project/dataset/archive/derm12345_train_part_2/jd/DERM_705527.jpg,jd,23,23,22,False
/mnt/c/Users/0M SAI RAM/Desktop/project/dataset/archive/derm12345_train_part_2/jd/DERM_180700.jpg,jd,23,23,22,False
/mnt/c/Users/0M SAI RAM/Desktop/project/dataset/archive/derm12345_train_part_2/jd/DERM_253849.jpg,jd,23,23,23,True
/mnt/c/Users/0M SAI RAM/Desktop/project/dataset/archive/derm12345_train_part_2/jd/DERM_236001.jpg,jd,23,23,4,False
/mnt/c/Users/0M SAI RAM/Desktop/project/dataset/archive/derm12345_train_part_2/jd/DERM_772319.jpg,jd,23,23,17,False
/mnt/c/Users/0M SAI RAM/Desktop/project/dataset/archive/derm12345_train_part_2/jd/DERM_686168.jpg,jd,23,23,11,False
/mnt/c/Users/0M SAI RAM/Desktop/project/dataset/archive/derm12345_train_part_2/jd/DERM_234566.jpg,jd,23,23,14,False
/mnt/c/Users/0M SAI RAM/Desktop/project/dataset/archive/derm12345_train_part_2/jd/DERM_473712.jpg,jd,23,23,22,False
/mnt/c/Users/0M SAI RAM/Desktop/project/dataset/archive/derm12345_train_part_2/jd/DERM_192094.jpg,jd,23,23,14,False
/mnt/c/Users/0M SAI RAM/Desktop/project/dataset/archive/derm12345_train_part_2/jd/DERM_719394.jpg,jd,23,23,22,False
/mnt/c/Users/0M SAI RAM/Desktop/project/dataset/archive/derm12345_train_part_2/jd/DERM_170737.jpg,jd,23,23,11,False
/mnt/c/Users/0M SAI RAM/Desktop/project/dataset/archive/derm12345_train_part_2/jd/DERM_807841.jpg,jd,23,23,14,False
/mnt/c/Users/0M SAI RAM/Desktop/project/dataset/archive/derm12345_train_part_2/jd/DERM_443757.jpg,jd,23,23,23,True
/mnt/c/Users/0M SAI RAM/Desktop/project/dataset/archive/derm12345_train_part_2/jd/DERM_847163.jpg,jd,23,23,23,True
/mnt/c/Users/0M SAI RAM/Desktop/project/dataset/archive/derm12345_train_part_2/jd/DERM_402415.jpg,jd,23,23,11,False
/mnt/c/Users/0M SAI RAM/Desktop/project/dataset/archive/derm12345_train_part_2/jd/DERM_173105.jpg,jd,23,23,11,False
/mnt/c/Users/0M SAI RAM/Desktop/project/dataset/archive/derm12345_train_part_2/jd/DERM_949662.jpg,jd,23,23,14,False
/mnt/c/Users/0M SAI RAM/Desktop/project/dataset/archive/derm12345_train_part_2/jd/DERM_872367.jpg,jd,23,23,14,False
/mnt/c/Users/0M SAI RAM/Desktop/project/dataset/archive/derm12345_train_part_2/jd/DERM_799430.jpg,jd,23,23,22,False
/mnt/c/Users/0M SAI RAM/Desktop/project/dataset/archive/derm12345_train_part_2/jd/DERM_716888.jpg,jd,23,23,23,True
/mnt/c/Users/0M SAI RAM/Desktop/project/dataset/archive/derm12345_train_part_2/jd/DERM_466105.jpg,jd,23,23,22,False
/mnt/c/Users/0M SAI RAM/Desktop/project/dataset/archive/derm12345_train_part_2/jd/DERM_734151.jpg,jd,23,23,5,False
/mnt/c/Users/0M SAI RAM/Desktop/project/dataset/archive/derm12345_train_part_2/jd/DERM_846645.jpg,jd,23,23,23,True
/mnt/c/Users/0M SAI RAM/Desktop/project/dataset/archive/derm12345_train_part_2/jd/DERM_465006.jpg,jd,23,23,20,False
/mnt/c/Users/0M SAI RAM/Desktop/project/dataset/archive/derm12345_train_part_2/jd/DERM_922874.jpg,jd,23,23,23,True
/mnt/c/Users/0M SAI RAM/Desktop/project/dataset/archive/derm12345_train_part_2/jd/DERM_740065.jpg,jd,23,23,23,True
/mnt/c/Users/0M SAI RAM/Desktop/project/dataset/archive/derm12345_train_part_2/jd/DERM_926048.jpg,jd,23,23,22,False
/mnt/c/Users/0M SAI RAM/Desktop/project/dataset/archive/derm12345_train_part_2/jd/DERM_664766.jpg,jd,23,23,23,True
/mnt/c/Users/0M SAI RAM/Desktop/project/dataset/archive/derm12345_train_part_2/jd/DERM_481190.jpg,jd,23,23,23,True
/mnt/c/Users/0M SAI RAM/Desktop/project/dataset/archive/derm12345_train_part_2/jd/DERM_788287.jpg,jd,23,23,22,False
/mnt/c/Users/0M SAI RAM/Desktop/project/dataset/archive/derm12345_train_part_2/jd/DERM_353032.jpg,jd,23,23,11,False
/mnt/c/Users/0M SAI RAM/Desktop/project/dataset/archive/derm12345_train_part_2/jd/DERM_839352.jpg,jd,23,23,22,False
/mnt/c/Users/0M SAI RAM/Desktop/project/dataset/archive/derm12345_train_part_2/jd/DERM_100084.jpg,jd,23,23,11,False
/mnt/c/Users/0M SAI RAM/Desktop/project/dataset/archive/derm12345_train_part_2/jd/DERM_400487.jpg,jd,23,23,23,True
/mnt/c/Users/0M SAI RAM/Desktop/project/dataset/archive/derm12345_train_part_2/jd/DERM_419529.jpg,jd,23,23,37,False
/mnt/c/Users/0M SAI RAM/Desktop/project/dataset/archive/derm12345_train_part_2/jd/DERM_769963.jpg,jd,23,23,22,False
/mnt/c/Users/0M SAI RAM/Desktop/project/dataset/archive/derm12345_train_part_2/jd/DERM_736182.jpg,jd,23,23,23,True
/mnt/c/Users/0M SAI RAM/Desktop/project/dataset/archive/derm12345_train_part_2/jd/DERM_585418.jpg,jd,23,23,11,False
/mnt/c/Users/0M SAI RAM/Desktop/project/dataset/archive/derm12345_train_part_2/jd/DERM_802490.jpg,jd,23,23,23,True
/mnt/c/Users/0M SAI RAM/Desktop/project/dataset/archive/derm12345_train_part_2/jd/DERM_800849.jpg,jd,23,23,23,True
/mnt/c/Users/0M SAI RAM/Desktop/project/dataset/archive/derm12345_train_part_2/jd/DERM_279247.jpg,jd,23,23,23,True
/mnt/c/Users/0M SAI RAM/Desktop/project/dataset/archive/derm12345_train_part_2/jd/DERM_828604.jpg,jd,23,23,23,True
/mnt/c/Users/0M SAI RAM/Desktop/project/dataset/archive/derm12345_train_part_2/jd/DERM_156553.jpg,jd,23,23,16,False
/mnt/c/Users/0M SAI RAM/Desktop/project/dataset/archive/derm12345_train_part_2/jd/DERM_877366.jpg,jd,23,23,22,False
/mnt/c/Users/0M SAI RAM/Desktop/project/dataset/archive/derm12345_train_part_2/jd/DERM_893819.jpg,jd,23,23,23,True
/mnt/c/Users/0M SAI RAM/Desktop/project/dataset/archive/derm12345_train_part_2/jd/DERM_190847.jpg,jd,23,23,22,False
/mnt/c/Users/0M SAI RAM/Desktop/project/dataset/archive/derm12345_train_part_2/jd/DERM_283195.jpg,jd,23,23,22,False
/mnt/c/Users/0M SAI RAM/Desktop/project/dataset/archive/derm12345_train_part_2/jd/DERM_532129.jpg,jd,23,23,22,False
/mnt/c/Users/0M SAI RAM/Desktop/project/dataset/archive/derm12345_train_part_2/jd/DERM_146454.jpg,jd,23,23,22,False
/mnt/c/Users/0M SAI RAM/Desktop/project/dataset/archive/derm12345_train_part_2/jd/DERM_246683.jpg,jd,23,23,11,False
/mnt/c/Users/0M SAI RAM/Desktop/project/dataset/archive/derm12345_train_part_2/jd/DERM_656917.jpg,jd,23,23,23,True
/mnt/c/Users/0M SAI RAM/Desktop/project/dataset/archive/derm12345_train_part_2/jd/DERM_264965.jpg,jd,23,23,14,False
/mnt/c/Users/0M SAI RAM/Desktop/project/dataset/archive/derm12345_train_part_2/jd/DERM_773223.jpg,jd,23,23,23,True
/mnt/c/Users/0M SAI RAM/Desktop/project/dataset/archive/derm12345_train_part_2/jd/DERM_820910.jpg,jd,23,23,23,True
/mnt/c/Users/0M SAI RAM/Desktop/project/dataset/archive/derm12345_train_part_2/jd/DERM_518049.jpg,jd,23,23,11,False
/mnt/c/Users/0M SAI RAM/Desktop/project/dataset/archive/derm12345_train_part_2/jd/DERM_429419.jpg,jd,23,23,23,True
/mnt/c/Users/0M SAI RAM/Desktop/project/dataset/archive/derm12345_train_part_2/jd/DERM_168499.jpg,jd,23,23,14,False
/mnt/c/Users/0M SAI RAM/Desktop/project/dataset/archive/derm12345_train_part_2/jd/DERM_433104.jpg,jd,23,23,22,False
/mnt/c/Users/0M SAI RAM/Desktop/project/dataset/archive/derm12345_train_part_2/jd/DERM_866177.jpg,jd,23,23,23,True
/mnt/c/Users/0M SAI RAM/Desktop/project/dataset/archive/derm12345_train_part_2/jd/DERM_615024.jpg,jd,23,23,23,True
/mnt/c/Users/0M SAI RAM/Desktop/project/dataset/archive/derm12345_train_part_2/jd/DERM_180651.jpg,jd,23,23,23,True
/mnt/c/Users/0M SAI RAM/Desktop/project/dataset/archive/derm12345_train_part_2/jd/DERM_142608.jpg,jd,23,23,23,True
/mnt/c/Users/0M SAI RAM/Desktop/project/dataset/archive/derm12345_train_part_2/jd/DERM_442624.jpg,jd,23,23,23,True
/mnt/c/Users/0M SAI RAM/Desktop/project/dataset/archive/derm12345_train_part_2/jd/DERM_969294.jpg,jd,23,23,22,False
/mnt/c/Users/0M SAI RAM/Desktop/project/dataset/archive/derm12345_train_part_2/jd/DERM_299195.jpg,jd,23,23,22,False
/mnt/c/Users/0M SAI RAM/Desktop/project/dataset/archive/derm12345_train_part_2/jd/DERM_688409.jpg,jd,23,23,23,True
/mnt/c/Users/0M SAI RAM/Desktop/project/dataset/archive/derm12345_train_part_2/jd/DERM_605204.jpg,jd,23,23,22,False
/mnt/c/Users/0M SAI RAM/Desktop/project/dataset/archive/derm12345_train_part_2/jd/DERM_290328.jpg,jd,23,23,22,False
/mnt/c/Users/0M SAI RAM/Desktop/project/dataset/archive/derm12345_train_part_2/jd/DERM_998509.jpg,jd,23,23,10,False
/mnt/c/Users/0M SAI RAM/Desktop/project/dataset/archive/derm12345_train_part_2/jd/DERM_814632.jpg,jd,23,23,22,False
/mnt/c/Users/0M SAI RAM/Desktop/project/dataset/archive/derm12345_train_part_2/jd/DERM_407043.jpg,jd,23,23,22,False
/mnt/c/Users/0M SAI RAM/Desktop/project/dataset/archive/derm12345_train_part_2/jd/DERM_407702.jpg,jd,23,23,23,True
/mnt/c/Users/0M SAI RAM/Desktop/project/dataset/archive/derm12345_train_part_2/jd/DERM_222432.jpg,jd,23,23,23,True
/mnt/c/Users/0M SAI RAM/Desktop/project/dataset/archive/derm12345_train_part_2/jd/DERM_708963.jpg,jd,23,23,23,True
/mnt/c/Users/0M SAI RAM/Desktop/project/dataset/archive/derm12345_train_part_2/jd/DERM_293698.jpg,jd,23,23,23,True
/mnt/c/Users/0M SAI RAM/Desktop/project/dataset/archive/derm12345_train_part_2/jd/DERM_737475.jpg,jd,23,23,22,False
/mnt/c/Users/0M SAI RAM/Desktop/project/dataset/archive/derm12345_train_part_2/jd/DERM_157753.jpg,jd,23,23,14,False
/mnt/c/Users/0M SAI RAM/Desktop/project/dataset/archive/derm12345_train_part_2/jd/DERM_223863.jpg,jd,23,23,22,False
/mnt/c/Users/0M SAI RAM/Desktop/project/dataset/archive/derm12345_train_part_2/jd/DERM_249784.jpg,jd,23,23,22,False
/mnt/c/Users/0M SAI RAM/Desktop/project/dataset/archive/derm12345_train_part_2/jd/DERM_816095.jpg,jd,23,23,22,False
/mnt/c/Users/0M SAI RAM/Desktop/project/dataset/archive/derm12345_train_part_2/jd/DERM_146506.jpg,jd,23,23,23,True
/mnt/c/Users/0M SAI RAM/Desktop/project/dataset/archive/derm12345_train_part_2/jd/DERM_279355.jpg,jd,23,23,23,True
/mnt/c/Users/0M SAI RAM/Desktop/project/dataset/archive/derm12345_train_part_2/jd/DERM_224012.jpg,jd,23,23,23,True
/mnt/c/Users/0M SAI RAM/Desktop/project/dataset/archive/derm12345_train_part_2/jd/DERM_352450.jpg,jd,23,23,23,True
/mnt/c/Users/0M SAI RAM/Desktop/project/dataset/archive/derm12345_train_part_2/jd/DERM_615851.jpg,jd,23,23,22,False
/mnt/c/Users/0M SAI RAM/Desktop/project/dataset/archive/derm12345_train_part_2/jd/DERM_943485.jpg,jd,23,23,23,True
/mnt/c/Users/0M SAI RAM/Desktop/project/dataset/archive/derm12345_train_part_2/jd/DERM_384387.jpg,jd,23,23,22,False
/mnt/c/Users/0M SAI RAM/Desktop/project/dataset/archive/derm12345_train_part_2/jd/DERM_741739.jpg,jd,23,23,23,True
/mnt/c/Users/0M SAI RAM/Desktop/project/dataset/archive/derm12345_train_part_2/jd/DERM_222426.jpg,jd,23,23,22,False
/mnt/c/Users/0M SAI RAM/Desktop/project/dataset/archive/derm12345_train_part_2/jd/DERM_841475.jpg,jd,23,23,23,True
/mnt/c/Users/0M SAI RAM/Desktop/project/dataset/archive/derm12345_train_part_2/jd/DERM_654503.jpg,jd,23,23,23,True
/mnt/c/Users/0M SAI RAM/Desktop/project/dataset/archive/derm12345_train_part_2/jd/DERM_702872.jpg,jd,23,23,22,False
/mnt/c/Users/0M SAI RAM/Desktop/project/dataset/archive/derm12345_train_part_2/jd/DERM_829876.jpg,jd,23,23,23,True
/mnt/c/Users/0M SAI RAM/Desktop/project/dataset/archive/derm12345_train_part_2/jd/DERM_799338.jpg,jd,23,23,23,True
/mnt/c/Users/0M SAI RAM/Desktop/project/dataset/archive/derm12345_train_part_2/jd/DERM_450134.jpg,jd,23,23,23,True
/mnt/c/Users/0M SAI RAM/Desktop/project/dataset/archive/derm12345_train_part_2/jd/DERM_163815.jpg,jd,23,23,22,False
/mnt/c/Users/0M SAI RAM/Desktop/project/dataset/archive/derm12345_train_part_2/jd/DERM_411533.jpg,jd,23,23,23,True
/mnt/c/Users/0M SAI RAM/Desktop/project/dataset/archive/derm12345_train_part_2/jd/DERM_610953.jpg,jd,23,23,22,False
/mnt/c/Users/0M SAI RAM/Desktop/project/dataset/archive/derm12345_train_part_2/jd/DERM_194164.jpg,jd,23,23,23,True
/mnt/c/Users/0M SAI RAM/Desktop/project/dataset/archive/derm12345_train_part_2/jd/DERM_564757.jpg,jd,23,23,11,False
/mnt/c/Users/0M SAI RAM/Desktop/project/dataset/archive/derm12345_train_part_2/jd/DERM_826208.jpg,jd,23,23,23,True
/mnt/c/Users/0M SAI RAM/Desktop/project/dataset/archive/derm12345_train_part_2/jd/DERM_261686.jpg,jd,23,23,23,True
/mnt/c/Users/0M SAI RAM/Desktop/project/dataset/archive/derm12345_train_part_2/jd/DERM_387876.jpg,jd,23,23,23,True
/mnt/c/Users/0M SAI RAM/Desktop/project/dataset/archive/derm12345_train_part_2/jd/DERM_755224.jpg,jd,23,23,11,False
/mnt/c/Users/0M SAI RAM/Desktop/project/dataset/archive/derm12345_train_part_2/jd/DERM_533236.jpg,jd,23,23,23,True
/mnt/c/Users/0M SAI RAM/Desktop/project/dataset/archive/derm12345_train_part_2/jd/DERM_337116.jpg,jd,23,23,23,True
/mnt/c/Users/0M SAI RAM/Desktop/project/dataset/archive/derm12345_train_part_2/jd/DERM_836011.jpg,jd,23,23,11,False
/mnt/c/Users/0M SAI RAM/Desktop/project/dataset/archive/derm12345_train_part_2/jd/DERM_140824.jpg,jd,23,23,17,False
/mnt/c/Users/0M SAI RAM/Desktop/project/dataset/archive/derm12345_train_part_2/jd/DERM_684111.jpg,jd,23,23,23,True
/mnt/c/Users/0M SAI RAM/Desktop/project/dataset/archive/derm12345_train_part_2/jd/DERM_663297.jpg,jd,23,23,23,True
/mnt/c/Users/0M SAI RAM/Desktop/project/dataset/archive/derm12345_train_part_2/jd/DERM_664080.jpg,jd,23,23,22,False
/mnt/c/Users/0M SAI RAM/Desktop/project/dataset/archive/derm12345_train_part_2/jd/DERM_637269.jpg,jd,23,23,23,True
/mnt/c/Users/0M SAI RAM/Desktop/project/dataset/archive/derm12345_train_part_2/jd/DERM_847824.jpg,jd,23,23,23,True
/mnt/c/Users/0M SAI RAM/Desktop/project/dataset/archive/derm12345_train_part_2/jd/DERM_943110.jpg,jd,23,23,22,False
/mnt/c/Users/0M SAI RAM/Desktop/project/dataset/archive/derm12345_train_part_2/jd/DERM_856256.jpg,jd,23,23,23,True
/mnt/c/Users/0M SAI RAM/Desktop/project/dataset/archive/derm12345_train_part_2/jd/DERM_760648.jpg,jd,23,23,14,False
/mnt/c/Users/0M SAI RAM/Desktop/project/dataset/archive/derm12345_train_part_2/jd/DERM_365602.jpg,jd,23,23,23,True
/mnt/c/Users/0M SAI RAM/Desktop/project/dataset/archive/derm12345_train_part_2/jd/DERM_827804.jpg,jd,23,23,23,True
/mnt/c/Users/0M SAI RAM/Desktop/project/dataset/archive/derm12345_train_part_2/jd/DERM_463433.jpg,jd,23,23,11,False
/mnt/c/Users/0M SAI RAM/Desktop/project/dataset/archive/derm12345_train_part_2/jd/DERM_108544.jpg,jd,23,23,30,False
/mnt/c/Users/0M SAI RAM/Desktop/project/dataset/archive/derm12345_train_part_2/jd/DERM_648687.jpg,jd,23,23,14,False
/mnt/c/Users/0M SAI RAM/Desktop/project/dataset/archive/derm12345_train_part_2/jd/DERM_994231.jpg,jd,23,23,23,True
/mnt/c/Users/0M SAI RAM/Desktop/project/dataset/archive/derm12345_train_part_2/jd/DERM_591212.jpg,jd,23,23,23,True
/mnt/c/Users/0M SAI RAM/Desktop/project/dataset/archive/derm12345_train_part_2/jd/DERM_503378.jpg,jd,23,23,23,True
/mnt/c/Users/0M SAI RAM/Desktop/project/dataset/archive/derm12345_train_part_2/jd/DERM_582105.jpg,jd,23,23,11,False
/mnt/c/Users/0M SAI RAM/Desktop/project/dataset/archive/derm12345_train_part_2/jd/DERM_880231.jpg,jd,23,23,17,False
/mnt/c/Users/0M SAI RAM/Desktop/project/dataset/archive/derm12345_train_part_2/jd/DERM_798562.jpg,jd,23,23,37,False
/mnt/c/Users/0M SAI RAM/Desktop/project/dataset/archive/derm12345_train_part_2/jd/DERM_539052.jpg,jd,23,23,23,True
/mnt/c/Users/0M SAI RAM/Desktop/project/dataset/archive/derm12345_train_part_2/jd/DERM_784444.jpg,jd,23,23,11,False
/mnt/c/Users/0M SAI RAM/Desktop/project/dataset/archive/derm12345_train_part_2/jd/DERM_582079.jpg,jd,23,23,22,False
/mnt/c/Users/0M SAI RAM/Desktop/project/dataset/archive/derm12345_train_part_2/jd/DERM_182631.jpg,jd,23,23,23,True
/mnt/c/Users/0M SAI RAM/Desktop/project/dataset/archive/derm12345_train_part_2/jd/DERM_817199.jpg,jd,23,23,22,False
/mnt/c/Users/0M SAI RAM/Desktop/project/dataset/archive/derm12345_train_part_2/jd/DERM_250307.jpg,jd,23,23,16,False
/mnt/c/Users/0M SAI RAM/Desktop/project/dataset/archive/derm12345_train_part_2/jd/DERM_192785.jpg,jd,23,23,23,True
/mnt/c/Users/0M SAI RAM/Desktop/project/dataset/archive/derm12345_train_part_2/jd/DERM_861220.jpg,jd,23,23,23,True
/mnt/c/Users/0M SAI RAM/Desktop/project/dataset/archive/derm12345_train_part_2/jd/DERM_484152.jpg,jd,23,23,37,False
/mnt/c/Users/0M SAI RAM/Desktop/project/dataset/archive/derm12345_train_part_2/jd/DERM_787057.jpg,jd,23,23,23,True
/mnt/c/Users/0M SAI RAM/Desktop/project/dataset/archive/derm12345_train_part_2/jd/DERM_769102.jpg,jd,23,23,23,True
/mnt/c/Users/0M SAI RAM/Desktop/project/dataset/archive/derm12345_train_part_2/jd/DERM_321571.jpg,jd,23,23,23,True
/mnt/c/Users/0M SAI RAM/Desktop/project/dataset/archive/derm12345_train_part_2/jd/DERM_794487.jpg,jd,23,23,23,True
/mnt/c/Users/0M SAI RAM/Desktop/project/dataset/archive/derm12345_train_part_2/jd/DERM_631250.jpg,jd,23,23,22,False
/mnt/c/Users/0M SAI RAM/Desktop/project/dataset/archive/derm12345_train_part_2/jd/DERM_479067.jpg,jd,23,23,23,True
/mnt/c/Users/0M SAI RAM/Desktop/project/dataset/archive/derm12345_train_part_2/jd/DERM_483942.jpg,jd,23,23,11,False
/mnt/c/Users/0M SAI RAM/Desktop/project/dataset/archive/derm12345_train_part_2/jd/DERM_690116.jpg,jd,23,23,14,False
/mnt/c/Users/0M SAI RAM/Desktop/project/dataset/archive/derm12345_train_part_2/jd/DERM_587362.jpg,jd,23,23,23,True
/mnt/c/Users/0M SAI RAM/Desktop/project/dataset/archive/derm12345_train_part_2/jd/DERM_466229.jpg,jd,23,23,14,False
/mnt/c/Users/0M SAI RAM/Desktop/project/dataset/archive/derm12345_train_part_2/jd/DERM_931049.jpg,jd,23,23,23,True
/mnt/c/Users/0M SAI RAM/Desktop/project/dataset/archive/derm12345_train_part_2/jd/DERM_728764.jpg,jd,23,23,23,True
/mnt/c/Users/0M SAI RAM/Desktop/project/dataset/archive/derm12345_train_part_2/jd/DERM_384453.jpg,jd,23,23,3,False
/mnt/c/Users/0M SAI RAM/Desktop/project/dataset/archive/derm12345_train_part_2/jd/DERM_667817.jpg,jd,23,23,23,True
/mnt/c/Users/0M SAI RAM/Desktop/project/dataset/archive/derm12345_train_part_2/jd/DERM_357597.jpg,jd,23,23,23,True
/mnt/c/Users/0M SAI RAM/Desktop/project/dataset/archive/derm12345_train_part_2/jd/DERM_718904.jpg,jd,23,23,22,False
/mnt/c/Users/0M SAI RAM/Desktop/project/dataset/archive/derm12345_train_part_2/jd/DERM_565408.jpg,jd,23,23,22,False
/mnt/c/Users/0M SAI RAM/Desktop/project/dataset/archive/derm12345_train_part_2/jd/DERM_261272.jpg,jd,23,23,23,True
/mnt/c/Users/0M SAI RAM/Desktop/project/dataset/archive/derm12345_train_part_2/jd/DERM_540559.jpg,jd,23,23,22,False
/mnt/c/Users/0M SAI RAM/Desktop/project/dataset/archive/derm12345_train_part_2/jd/DERM_265328.jpg,jd,23,23,23,True
/mnt/c/Users/0M SAI RAM/Desktop/project/dataset/archive/derm12345_train_part_2/jd/DERM_860691.jpg,jd,23,23,23,True
/mnt/c/Users/0M SAI RAM/Desktop/project/dataset/archive/derm12345_train_part_2/jd/DERM_695307.jpg,jd,23,23,12,False
/mnt/c/Users/0M SAI RAM/Desktop/project/dataset/archive/derm12345_train_part_2/jd/DERM_469031.jpg,jd,23,23,22,False
/mnt/c/Users/0M SAI RAM/Desktop/project/dataset/archive/derm12345_train_part_2/jd/DERM_639860.jpg,jd,23,23,22,False
/mnt/c/Users/0M SAI RAM/Desktop/project/dataset/archive/derm12345_train_part_2/jd/DERM_111136.jpg,jd,23,23,23,True
/mnt/c/Users/0M SAI RAM/Desktop/project/dataset/archive/derm12345_train_part_2/jd/DERM_355983.jpg,jd,23,23,23,True
/mnt/c/Users/0M SAI RAM/Desktop/project/dataset/archive/derm12345_train_part_2/jd/DERM_171908.jpg,jd,23,23,14,False
/mnt/c/Users/0M SAI RAM/Desktop/project/dataset/archive/derm12345_train_part_2/jd/DERM_465694.jpg,jd,23,23,14,False
/mnt/c/Users/0M SAI RAM/Desktop/project/dataset/archive/derm12345_train_part_2/jd/DERM_815542.jpg,jd,23,23,23,True
/mnt/c/Users/0M SAI RAM/Desktop/project/dataset/archive/derm12345_train_part_2/jd/DERM_855286.jpg,jd,23,23,23,True
/mnt/c/Users/0M SAI RAM/Desktop/project/dataset/archive/derm12345_train_part_2/jd/DERM_893580.jpg,jd,23,23,23,True
/mnt/c/Users/0M SAI RAM/Desktop/project/dataset/archive/derm12345_train_part_2/jd/DERM_532281.jpg,jd,23,23,23,True
/mnt/c/Users/0M SAI RAM/Desktop/project/dataset/archive/derm12345_train_part_2/jd/DERM_274361.jpg,jd,23,23,23,True
/mnt/c/Users/0M SAI RAM/Desktop/project/dataset/archive/derm12345_train_part_2/jd/DERM_345879.jpg,jd,23,23,23,True
/mnt/c/Users/0M SAI RAM/Desktop/project/dataset/archive/derm12345_train_part_2/jd/DERM_779202.jpg,jd,23,23,23,True
/mnt/c/Users/0M SAI RAM/Desktop/project/dataset/archive/derm12345_train_part_2/jd/DERM_459892.jpg,jd,23,23,23,True
/mnt/c/Users/0M SAI RAM/Desktop/project/dataset/archive/derm12345_train_part_2/jd/DERM_844513.jpg,jd,23,23,23,True
/mnt/c/Users/0M SAI RAM/Desktop/project/dataset/archive/derm12345_train_part_2/jd/DERM_382716.jpg,jd,23,23,23,True
/mnt/c/Users/0M SAI RAM/Desktop/project/dataset/archive/derm12345_train_part_2/jd/DERM_345911.jpg,jd,23,23,23,True
/mnt/c/Users/0M SAI RAM/Desktop/project/dataset/archive/derm12345_train_part_2/jd/DERM_827985.jpg,jd,23,23,37,False
/mnt/c/Users/0M SAI RAM/Desktop/project/dataset/archive/derm12345_train_part_2/jd/DERM_935712.jpg,jd,23,23,23,True
/mnt/c/Users/0M SAI RAM/Desktop/project/dataset/archive/derm12345_train_part_2/jd/DERM_501525.jpg,jd,23,23,23,True
/mnt/c/Users/0M SAI RAM/Desktop/project/dataset/archive/derm12345_train_part_2/jd/DERM_466552.jpg,jd,23,23,23,True
/mnt/c/Users/0M SAI RAM/Desktop/project/dataset/archive/derm12345_train_part_2/jd/DERM_364356.jpg,jd,23,23,11,False
/mnt/c/Users/0M SAI RAM/Desktop/project/dataset/archive/derm12345_train_part_2/jd/DERM_625130.jpg,jd,23,23,23,True
/mnt/c/Users/0M SAI RAM/Desktop/project/dataset/archive/derm12345_train_part_2/jd/DERM_208397.jpg,jd,23,23,14,False
/mnt/c/Users/0M SAI RAM/Desktop/project/dataset/archive/derm12345_train_part_2/jd/DERM_732429.jpg,jd,23,23,14,False
/mnt/c/Users/0M SAI RAM/Desktop/project/dataset/archive/derm12345_train_part_2/jd/DERM_293515.jpg,jd,23,23,14,False
/mnt/c/Users/0M SAI RAM/Desktop/project/dataset/archive/derm12345_train_part_2/jd/DERM_684019.jpg,jd,23,23,23,True
/mnt/c/Users/0M SAI RAM/Desktop/project/dataset/archive/derm12345_train_part_2/jd/DERM_213109.jpg,jd,23,23,23,True
/mnt/c/Users/0M SAI RAM/Desktop/project/dataset/archive/derm12345_train_part_2/jd/DERM_903549.jpg,jd,23,23,23,True
/mnt/c/Users/0M SAI RAM/Desktop/project/dataset/archive/derm12345_train_part_2/jd/DERM_220095.jpg,jd,23,23,30,False
/mnt/c/Users/0M SAI RAM/Desktop/project/dataset/archive/derm12345_train_part_2/jd/DERM_849731.jpg,jd,23,23,11,False
/mnt/c/Users/0M SAI RAM/Desktop/project/dataset/archive/derm12345_train_part_2/jd/DERM_733681.jpg,jd,23,23,12,False
/mnt/c/Users/0M SAI RAM/Desktop/project/dataset/archive/derm12345_train_part_2/jd/DERM_951632.jpg,jd,23,23,11,False
/mnt/c/Users/0M SAI RAM/Desktop/project/dataset/archive/derm12345_train_part_2/jd/DERM_494692.jpg,jd,23,23,37,False
/mnt/c/Users/0M SAI RAM/Desktop/project/dataset/archive/derm12345_train_part_2/jd/DERM_558854.jpg,jd,23,23,23,True
/mnt/c/Users/0M SAI RAM/Desktop/project/dataset/archive/derm12345_train_part_2/jd/DERM_408780.jpg,jd,23,23,23,True
/mnt/c/Users/0M SAI RAM/Desktop/project/dataset/archive/derm12345_train_part_2/jd/DERM_875086.jpg,jd,23,23,3,False
/mnt/c/Users/0M SAI RAM/Desktop/project/dataset/archive/derm12345_train_part_2/jd/DERM_208744.jpg,jd,23,23,23,True
/mnt/c/Users/0M SAI RAM/Desktop/project/dataset/archive/derm12345_train_part_2/jd/DERM_777539.jpg,jd,23,23,14,False
/mnt/c/Users/0M SAI RAM/Desktop/project/dataset/archive/derm12345_train_part_2/jd/DERM_426320.jpg,jd,23,23,23,True
/mnt/c/Users/0M SAI RAM/Desktop/project/dataset/archive/derm12345_train_part_2/jd/DERM_267533.jpg,jd,23,23,23,True
/mnt/c/Users/0M SAI RAM/Desktop/project/dataset/archive/derm12345_train_part_2/jd/DERM_953806.jpg,jd,23,23,23,True
/mnt/c/Users/0M SAI RAM/Desktop/project/dataset/archive/derm12345_train_part_2/jd/DERM_923497.jpg,jd,23,23,22,False
/mnt/c/Users/0M SAI RAM/Desktop/project/dataset/archive/derm12345_train_part_2/jd/DERM_316588.jpg,jd,23,23,30,False
/mnt/c/Users/0M SAI RAM/Desktop/project/dataset/archive/derm12345_train_part_2/jd/DERM_924949.jpg,jd,23,23,22,False
/mnt/c/Users/0M SAI RAM/Desktop/project/dataset/archive/derm12345_train_part_2/jd/DERM_827577.jpg,jd,23,23,22,False
/mnt/c/Users/0M SAI RAM/Desktop/project/dataset/archive/derm12345_train_part_2/jd/DERM_127495.jpg,jd,23,23,14,False
/mnt/c/Users/0M SAI RAM/Desktop/project/dataset/archive/derm12345_train_part_2/jd/DERM_388243.jpg,jd,23,23,23,True
/mnt/c/Users/0M SAI RAM/Desktop/project/dataset/archive/derm12345_train_part_2/jd/DERM_272428.jpg,jd,23,23,23,True
/mnt/c/Users/0M SAI RAM/Desktop/project/dataset/archive/derm12345_train_part_2/jd/DERM_587261.jpg,jd,23,23,22,False
/mnt/c/Users/0M SAI RAM/Desktop/project/dataset/archive/derm12345_train_part_2/jd/DERM_768195.jpg,jd,23,23,23,True
/mnt/c/Users/0M SAI RAM/Desktop/project/dataset/archive/derm12345_train_part_2/jd/DERM_562203.jpg,jd,23,23,22,False
/mnt/c/Users/0M SAI RAM/Desktop/project/dataset/archive/derm12345_train_part_2/jd/DERM_952709.jpg,jd,23,23,23,True
/mnt/c/Users/0M SAI RAM/Desktop/project/dataset/archive/derm12345_train_part_2/jd/DERM_763693.jpg,jd,23,23,22,False
/mnt/c/Users/0M SAI RAM/Desktop/project/dataset/archive/derm12345_train_part_2/jd/DERM_282863.jpg,jd,23,23,22,False
/mnt/c/Users/0M SAI RAM/Desktop/project/dataset/archive/derm12345_train_part_2/jd/DERM_596036.jpg,jd,23,23,17,False
/mnt/c/Users/0M SAI RAM/Desktop/project/dataset/archive/derm12345_train_part_2/jd/DERM_394014.jpg,jd,23,23,17,False
/mnt/c/Users/0M SAI RAM/Desktop/project/dataset/archive/derm12345_train_part_2/jd/DERM_349712.jpg,jd,23,23,23,True
/mnt/c/Users/0M SAI RAM/Desktop/project/dataset/archive/derm12345_train_part_2/jd/DERM_569404.jpg,jd,23,23,23,True
/mnt/c/Users/0M SAI RAM/Desktop/project/dataset/archive/derm12345_train_part_2/jd/DERM_141201.jpg,jd,23,23,23,True
/mnt/c/Users/0M SAI RAM/Desktop/project/dataset/archive/derm12345_train_part_2/jd/DERM_160193.jpg,jd,23,23,23,True
/mnt/c/Users/0M SAI RAM/Desktop/project/dataset/archive/derm12345_train_part_2/jd/DERM_243628.jpg,jd,23,23,17,False
/mnt/c/Users/0M SAI RAM/Desktop/project/dataset/archive/derm12345_train_part_2/jd/DERM_929122.jpg,jd,23,23,23,True
/mnt/c/Users/0M SAI RAM/Desktop/project/dataset/archive/derm12345_train_part_2/jd/DERM_883742.jpg,jd,23,23,17,False
/mnt/c/Users/0M SAI RAM/Desktop/project/dataset/archive/derm12345_train_part_2/jd/DERM_589153.jpg,jd,23,23,23,True
/mnt/c/Users/0M SAI RAM/Desktop/project/dataset/archive/derm12345_train_part_2/jd/DERM_112893.jpg,jd,23,23,23,True
/mnt/c/Users/0M SAI RAM/Desktop/project/dataset/archive/derm12345_train_part_2/jd/DERM_661868.jpg,jd,23,23,23,True
/mnt/c/Users/0M SAI RAM/Desktop/project/dataset/archive/derm12345_train_part_2/jd/DERM_538845.jpg,jd,23,23,20,False
/mnt/c/Users/0M SAI RAM/Desktop/project/dataset/archive/derm12345_train_part_2/jd/DERM_407673.jpg,jd,23,23,18,False
/mnt/c/Users/0M SAI RAM/Desktop/project/dataset/archive/derm12345_train_part_2/jd/DERM_531785.jpg,jd,23,23,14,False
/mnt/c/Users/0M SAI RAM/Desktop/project/dataset/archive/derm12345_train_part_2/jd/DERM_554576.jpg,jd,23,23,14,False
/mnt/c/Users/0M SAI RAM/Desktop/project/dataset/archive/derm12345_train_part_2/jd/DERM_588493.jpg,jd,23,23,23,True
/mnt/c/Users/0M SAI RAM/Desktop/project/dataset/archive/derm12345_train_part_2/jd/DERM_341565.jpg,jd,23,23,23,True
/mnt/c/Users/0M SAI RAM/Desktop/project/dataset/archive/derm12345_train_part_2/jd/DERM_351170.jpg,jd,23,23,23,True
/mnt/c/Users/0M SAI RAM/Desktop/project/dataset/archive/derm12345_train_part_2/jd/DERM_418452.jpg,jd,23,23,23,True
/mnt/c/Users/0M SAI RAM/Desktop/project/dataset/archive/derm12345_train_part_2/jd/DERM_859107.jpg,jd,23,23,22,False
/mnt/c/Users/0M SAI RAM/Desktop/project/dataset/archive/derm12345_train_part_2/jd/DERM_746443.jpg,jd,23,23,23,True
/mnt/c/Users/0M SAI RAM/Desktop/project/dataset/archive/derm12345_train_part_2/jd/DERM_185404.jpg,jd,23,23,23,True
/mnt/c/Users/0M SAI RAM/Desktop/project/dataset/archive/derm12345_train_part_2/jd/DERM_595197.jpg,jd,23,23,23,True
/mnt/c/Users/0M SAI RAM/Desktop/project/dataset/archive/derm12345_train_part_2/jd/DERM_554992.jpg,jd,23,23,3,False
/mnt/c/Users/0M SAI RAM/Desktop/project/dataset/archive/derm12345_train_part_2/jd/DERM_237166.jpg,jd,23,23,23,True
/mnt/c/Users/0M SAI RAM/Desktop/project/dataset/archive/derm12345_train_part_2/jd/DERM_903526.jpg,jd,23,23,23,True
/mnt/c/Users/0M SAI RAM/Desktop/project/dataset/archive/derm12345_train_part_2/jd/DERM_483519.jpg,jd,23,23,23,True
/mnt/c/Users/0M SAI RAM/Desktop/project/dataset/archive/derm12345_train_part_2/jd/DERM_468669.jpg,jd,23,23,22,False
/mnt/c/Users/0M SAI RAM/Desktop/project/dataset/archive/derm12345_train_part_2/jd/DERM_566519.jpg,jd,23,23,23,True
/mnt/c/Users/0M SAI RAM/Desktop/project/dataset/archive/derm12345_train_part_2/jd/DERM_218133.jpg,jd,23,23,23,True
/mnt/c/Users/0M SAI RAM/Desktop/project/dataset/archive/derm12345_train_part_2/jd/DERM_481665.jpg,jd,23,23,23,True
/mnt/c/Users/0M SAI RAM/Desktop/project/dataset/archive/derm12345_train_part_2/jd/DERM_371635.jpg,jd,23,23,23,True
/mnt/c/Users/0M SAI RAM/Desktop/project/dataset/archive/derm12345_train_part_2/jd/DERM_650766.jpg,jd,23,23,22,False
/mnt/c/Users/0M SAI RAM/Desktop/project/dataset/archive/derm12345_train_part_2/jd/DERM_313141.jpg,jd,23,23,23,True
/mnt/c/Users/0M SAI RAM/Desktop/project/dataset/archive/derm12345_train_part_2/jd/DERM_904696.jpg,jd,23,23,22,False
/mnt/c/Users/0M SAI RAM/Desktop/project/dataset/archive/derm12345_train_part_2/jd/DERM_884933.jpg,jd,23,23,22,False
/mnt/c/Users/0M SAI RAM/Desktop/project/dataset/archive/derm12345_train_part_2/jd/DERM_899408.jpg,jd,23,23,22,False
/mnt/c/Users/0M SAI RAM/Desktop/project/dataset/archive/derm12345_train_part_2/jd/DERM_114798.jpg,jd,23,23,14,False
/mnt/c/Users/0M SAI RAM/Desktop/project/dataset/archive/derm12345_train_part_2/jd/DERM_358203.jpg,jd,23,23,23,True
/mnt/c/Users/0M SAI RAM/Desktop/project/dataset/archive/derm12345_train_part_2/jd/DERM_229395.jpg,jd,23,23,23,True
/mnt/c/Users/0M SAI RAM/Desktop/project/dataset/archive/derm12345_train_part_2/jd/DERM_347017.jpg,jd,23,23,23,True
/mnt/c/Users/0M SAI RAM/Desktop/project/dataset/archive/derm12345_train_part_2/jd/DERM_591752.jpg,jd,23,23,23,True
/mnt/c/Users/0M SAI RAM/Desktop/project/dataset/archive/derm12345_train_part_2/jd/DERM_715378.jpg,jd,23,23,3,False
/mnt/c/Users/0M SAI RAM/Desktop/project/dataset/archive/derm12345_train_part_2/jd/DERM_392596.jpg,jd,23,23,23,True
/mnt/c/Users/0M SAI RAM/Desktop/project/dataset/archive/derm12345_train_part_2/jd/DERM_646683.jpg,jd,23,23,23,True
/mnt/c/Users/0M SAI RAM/Desktop/project/dataset/archive/derm12345_train_part_2/jd/DERM_797022.jpg,jd,23,23,23,True
/mnt/c/Users/0M SAI RAM/Desktop/project/dataset/archive/derm12345_train_part_2/jd/DERM_869776.jpg,jd,23,23,11,False
/mnt/c/Users/0M SAI RAM/Desktop/project/dataset/archive/derm12345_train_part_2/jd/DERM_168223.jpg,jd,23,23,23,True
/mnt/c/Users/0M SAI RAM/Desktop/project/dataset/archive/derm12345_train_part_2/jd/DERM_264182.jpg,jd,23,23,23,True
/mnt/c/Users/0M SAI RAM/Desktop/project/dataset/archive/derm12345_train_part_2/jd/DERM_417459.jpg,jd,23,23,22,False
/mnt/c/Users/0M SAI RAM/Desktop/project/dataset/archive/derm12345_train_part_2/jd/DERM_762606.jpg,jd,23,23,22,False
/mnt/c/Users/0M SAI RAM/Desktop/project/dataset/archive/derm12345_train_part_2/jd/DERM_521433.jpg,jd,23,23,23,True
/mnt/c/Users/0M SAI RAM/Desktop/project/dataset/archive/derm12345_train_part_2/jd/DERM_619487.jpg,jd,23,23,2,False
/mnt/c/Users/0M SAI RAM/Desktop/project/dataset/archive/derm12345_train_part_2/jd/DERM_631929.jpg,jd,23,23,22,False
/mnt/c/Users/0M SAI RAM/Desktop/project/dataset/archive/derm12345_train_part_2/jd/DERM_533845.jpg,jd,23,23,23,True
/mnt/c/Users/0M SAI RAM/Desktop/project/dataset/archive/derm12345_train_part_2/jd/DERM_312180.jpg,jd,23,23,22,False
/mnt/c/Users/0M SAI RAM/Desktop/project/dataset/archive/derm12345_train_part_2/jd/DERM_794831.jpg,jd,23,23,23,True
/mnt/c/Users/0M SAI RAM/Desktop/project/dataset/archive/derm12345_train_part_2/jd/DERM_566977.jpg,jd,23,23,23,True
/mnt/c/Users/0M SAI RAM/Desktop/project/dataset/archive/derm12345_train_part_2/jd/DERM_886343.jpg,jd,23,23,11,False
/mnt/c/Users/0M SAI RAM/Desktop/project/dataset/archive/derm12345_train_part_2/jd/DERM_253589.jpg,jd,23,23,23,True
/mnt/c/Users/0M SAI RAM/Desktop/project/dataset/archive/derm12345_train_part_2/jd/DERM_672441.jpg,jd,23,23,23,True
/mnt/c/Users/0M SAI RAM/Desktop/project/dataset/archive/derm12345_train_part_2/jd/DERM_585110.jpg,jd,23,23,23,True
/mnt/c/Users/0M SAI RAM/Desktop/project/dataset/archive/derm12345_train_part_2/jd/DERM_551344.jpg,jd,23,23,23,True
/mnt/c/Users/0M SAI RAM/Desktop/project/dataset/archive/derm12345_train_part_2/jd/DERM_584364.jpg,jd,23,23,23,True
/mnt/c/Users/0M SAI RAM/Desktop/project/dataset/archive/derm12345_train_part_2/jd/DERM_121924.jpg,jd,23,23,23,True
/mnt/c/Users/0M SAI RAM/Desktop/project/dataset/archive/derm12345_train_part_2/jd/DERM_634664.jpg,jd,23,23,11,False
/mnt/c/Users/0M SAI RAM/Desktop/project/dataset/archive/derm12345_train_part_2/jd/DERM_419965.jpg,jd,23,23,22,False
/mnt/c/Users/0M SAI RAM/Desktop/project/dataset/archive/derm12345_train_part_2/jd/DERM_787211.jpg,jd,23,23,22,False
/mnt/c/Users/0M SAI RAM/Desktop/project/dataset/archive/derm12345_train_part_2/jd/DERM_875221.jpg,jd,23,23,23,True
/mnt/c/Users/0M SAI RAM/Desktop/project/dataset/archive/derm12345_train_part_2/jd/DERM_433298.jpg,jd,23,23,23,True
/mnt/c/Users/0M SAI RAM/Desktop/project/dataset/archive/derm12345_train_part_2/jd/DERM_333064.jpg,jd,23,23,11,False
/mnt/c/Users/0M SAI RAM/Desktop/project/dataset/archive/derm12345_train_part_2/jd/DERM_487469.jpg,jd,23,23,23,True
/mnt/c/Users/0M SAI RAM/Desktop/project/dataset/archive/derm12345_train_part_2/jd/DERM_123636.jpg,jd,23,23,22,False
/mnt/c/Users/0M SAI RAM/Desktop/project/dataset/archive/derm12345_train_part_2/jd/DERM_746975.jpg,jd,23,23,23,True
/mnt/c/Users/0M SAI RAM/Desktop/project/dataset/archive/derm12345_train_part_2/jd/DERM_775437.jpg,jd,23,23,23,True
/mnt/c/Users/0M SAI RAM/Desktop/project/dataset/archive/derm12345_train_part_2/jd/DERM_774781.jpg,jd,23,23,10,False
/mnt/c/Users/0M SAI RAM/Desktop/project/dataset/archive/derm12345_train_part_2/jd/DERM_507913.jpg,jd,23,23,23,True
/mnt/c/Users/0M SAI RAM/Desktop/project/dataset/archive/derm12345_train_part_2/jd/DERM_332203.jpg,jd,23,23,23,True
/mnt/c/Users/0M SAI RAM/Desktop/project/dataset/archive/derm12345_train_part_2/jd/DERM_629972.jpg,jd,23,23,23,True
/mnt/c/Users/0M SAI RAM/Desktop/project/dataset/archive/derm12345_train_part_2/jd/DERM_820354.jpg,jd,23,23,23,True
/mnt/c/Users/0M SAI RAM/Desktop/project/dataset/archive/derm12345_train_part_2/jd/DERM_135369.jpg,jd,23,23,23,True
/mnt/c/Users/0M SAI RAM/Desktop/project/dataset/archive/derm12345_train_part_2/jd/DERM_417474.jpg,jd,23,23,23,True
/mnt/c/Users/0M SAI RAM/Desktop/project/dataset/archive/derm12345_train_part_2/jd/DERM_676397.jpg,jd,23,23,16,False
/mnt/c/Users/0M SAI RAM/Desktop/project/dataset/archive/derm12345_train_part_2/jd/DERM_689412.jpg,jd,23,23,23,True
/mnt/c/Users/0M SAI RAM/Desktop/project/dataset/archive/derm12345_train_part_2/jd/DERM_480156.jpg,jd,23,23,22,False
/mnt/c/Users/0M SAI RAM/Desktop/project/dataset/archive/derm12345_train_part_2/jd/DERM_325498.jpg,jd,23,23,23,True
/mnt/c/Users/0M SAI RAM/Desktop/project/dataset/archive/derm12345_train_part_2/jd/DERM_835622.jpg,jd,23,23,23,True
/mnt/c/Users/0M SAI RAM/Desktop/project/dataset/archive/derm12345_train_part_2/jd/DERM_123534.jpg,jd,23,23,23,True
/mnt/c/Users/0M SAI RAM/Desktop/project/dataset/archive/derm12345_train_part_2/jd/DERM_762049.jpg,jd,23,23,23,True
/mnt/c/Users/0M SAI RAM/Desktop/project/dataset/archive/derm12345_train_part_2/jd/DERM_226099.jpg,jd,23,23,23,True
/mnt/c/Users/0M SAI RAM/Desktop/project/dataset/archive/derm12345_train_part_2/jd/DERM_861251.jpg,jd,23,23,23,True
/mnt/c/Users/0M SAI RAM/Desktop/project/dataset/archive/derm12345_train_part_2/jd/DERM_768013.jpg,jd,23,23,37,False
/mnt/c/Users/0M SAI RAM/Desktop/project/dataset/archive/derm12345_train_part_2/jd/DERM_656119.jpg,jd,23,23,23,True
/mnt/c/Users/0M SAI RAM/Desktop/project/dataset/archive/derm12345_train_part_2/jd/DERM_930513.jpg,jd,23,23,23,True
/mnt/c/Users/0M SAI RAM/Desktop/project/dataset/archive/derm12345_train_part_2/jd/DERM_625695.jpg,jd,23,23,23,True
/mnt/c/Users/0M SAI RAM/Desktop/project/dataset/archive/derm12345_train_part_2/jd/DERM_831176.jpg,jd,23,23,23,True
/mnt/c/Users/0M SAI RAM/Desktop/project/dataset/archive/derm12345_train_part_2/jd/DERM_396367.jpg,jd,23,23,23,True
/mnt/c/Users/0M SAI RAM/Desktop/project/dataset/archive/derm12345_train_part_2/jd/DERM_392008.jpg,jd,23,23,16,False
/mnt/c/Users/0M SAI RAM/Desktop/project/dataset/archive/derm12345_train_part_2/jd/DERM_298658.jpg,jd,23,23,22,False
/mnt/c/Users/0M SAI RAM/Desktop/project/dataset/archive/derm12345_train_part_2/jd/DERM_289897.jpg,jd,23,23,3,False
/mnt/c/Users/0M SAI RAM/Desktop/project/dataset/archive/derm12345_train_part_2/jd/DERM_309195.jpg,jd,23,23,23,True
/mnt/c/Users/0M SAI RAM/Desktop/project/dataset/archive/derm12345_train_part_2/jd/DERM_695037.jpg,jd,23,23,22,False
/mnt/c/Users/0M SAI RAM/Desktop/project/dataset/archive/derm12345_train_part_2/jd/DERM_355424.jpg,jd,23,23,23,True
/mnt/c/Users/0M SAI RAM/Desktop/project/dataset/archive/derm12345_train_part_2/jd/DERM_647691.jpg,jd,23,23,22,False
/mnt/c/Users/0M SAI RAM/Desktop/project/dataset/archive/derm12345_train_part_2/jd/DERM_164866.jpg,jd,23,23,23,True
/mnt/c/Users/0M SAI RAM/Desktop/project/dataset/archive/derm12345_train_part_2/jd/DERM_226142.jpg,jd,23,23,22,False
/mnt/c/Users/0M SAI RAM/Desktop/project/dataset/archive/derm12345_train_part_2/jd/DERM_935903.jpg,jd,23,23,23,True
/mnt/c/Users/0M SAI RAM/Desktop/project/dataset/archive/derm12345_train_part_2/jd/DERM_417998.jpg,jd,23,23,23,True
/mnt/c/Users/0M SAI RAM/Desktop/project/dataset/archive/derm12345_train_part_2/jd/DERM_714236.jpg,jd,23,23,22,False
/mnt/c/Users/0M SAI RAM/Desktop/project/dataset/archive/derm12345_train_part_2/jd/DERM_810167.jpg,jd,23,23,22,False
/mnt/c/Users/0M SAI RAM/Desktop/project/dataset/archive/derm12345_train_part_2/jd/DERM_846128.jpg,jd,23,23,23,True
/mnt/c/Users/0M SAI RAM/Desktop/project/dataset/archive/derm12345_train_part_2/jd/DERM_818241.jpg,jd,23,23,23,True
/mnt/c/Users/0M SAI RAM/Desktop/project/dataset/archive/derm12345_train_part_2/jd/DERM_827213.jpg,jd,23,23,23,True
/mnt/c/Users/0M SAI RAM/Desktop/project/dataset/archive/derm12345_train_part_2/jd/DERM_163941.jpg,jd,23,23,23,True
/mnt/c/Users/0M SAI RAM/Desktop/project/dataset/archive/derm12345_train_part_2/jd/DERM_436199.jpg,jd,23,23,22,False
/mnt/c/Users/0M SAI RAM/Desktop/project/dataset/archive/derm12345_train_part_2/jd/DERM_674098.jpg,jd,23,23,37,False
/mnt/c/Users/0M SAI RAM/Desktop/project/dataset/archive/derm12345_train_part_2/jd/DERM_730920.jpg,jd,23,23,23,True
/mnt/c/Users/0M SAI RAM/Desktop/project/dataset/archive/derm12345_train_part_2/jd/DERM_821369.jpg,jd,23,23,23,True
/mnt/c/Users/0M SAI RAM/Desktop/project/dataset/archive/derm12345_train_part_2/jd/DERM_455712.jpg,jd,23,23,23,True
/mnt/c/Users/0M SAI RAM/Desktop/project/dataset/archive/derm12345_train_part_2/jd/DERM_273362.jpg,jd,23,23,23,True
/mnt/c/Users/0M SAI RAM/Desktop/project/dataset/archive/derm12345_train_part_2/jd/DERM_574475.jpg,jd,23,23,22,False
/mnt/c/Users/0M SAI RAM/Desktop/project/dataset/archive/derm12345_train_part_2/jd/DERM_921294.jpg,jd,23,23,23,True
/mnt/c/Users/0M SAI RAM/Desktop/project/dataset/archive/derm12345_train_part_2/jd/DERM_283986.jpg,jd,23,23,23,True
/mnt/c/Users/0M SAI RAM/Desktop/project/dataset/archive/derm12345_train_part_2/jd/DERM_796038.jpg,jd,23,23,23,True
/mnt/c/Users/0M SAI RAM/Desktop/project/dataset/archive/derm12345_train_part_2/jd/DERM_721242.jpg,jd,23,23,23,True
/mnt/c/Users/0M SAI RAM/Desktop/project/dataset/archive/derm12345_train_part_2/jd/DERM_563241.jpg,jd,23,23,23,True
/mnt/c/Users/0M SAI RAM/Desktop/project/dataset/archive/derm12345_train_part_2/jd/DERM_431662.jpg,jd,23,23,23,True
/mnt/c/Users/0M SAI RAM/Desktop/project/dataset/archive/derm12345_train_part_2/jd/DERM_735911.jpg,jd,23,23,23,True
/mnt/c/Users/0M SAI RAM/Desktop/project/dataset/archive/derm12345_train_part_2/jd/DERM_178479.jpg,jd,23,23,23,True
/mnt/c/Users/0M SAI RAM/Desktop/project/dataset/archive/derm12345_train_part_2/jd/DERM_686961.jpg,jd,23,23,23,True
/mnt/c/Users/0M SAI RAM/Desktop/project/dataset/archive/derm12345_train_part_2/jd/DERM_845217.jpg,jd,23,23,23,True
/mnt/c/Users/0M SAI RAM/Desktop/project/dataset/archive/derm12345_train_part_2/jd/DERM_395257.jpg,jd,23,23,23,True
/mnt/c/Users/0M SAI RAM/Desktop/project/dataset/archive/derm12345_train_part_2/jd/DERM_693920.jpg,jd,23,23,14,False
/mnt/c/Users/0M SAI RAM/Desktop/project/dataset/archive/derm12345_train_part_2/jd/DERM_572869.jpg,jd,23,23,22,False
/mnt/c/Users/0M SAI RAM/Desktop/project/dataset/archive/derm12345_train_part_2/jd/DERM_652720.jpg,jd,23,23,22,False
/mnt/c/Users/0M SAI RAM/Desktop/project/dataset/archive/derm12345_train_part_2/jd/DERM_120921.jpg,jd,23,23,22,False
/mnt/c/Users/0M SAI RAM/Desktop/project/dataset/archive/derm12345_train_part_2/jd/DERM_462157.jpg,jd,23,23,2,False
/mnt/c/Users/0M SAI RAM/Desktop/project/dataset/archive/derm12345_train_part_2/jd/DERM_213010.jpg,jd,23,23,30,False
/mnt/c/Users/0M SAI RAM/Desktop/project/dataset/archive/derm12345_train_part_2/jd/DERM_393463.jpg,jd,23,23,23,True
/mnt/c/Users/0M SAI RAM/Desktop/project/dataset/archive/derm12345_train_part_2/jd/DERM_303837.jpg,jd,23,23,23,True
/mnt/c/Users/0M SAI RAM/Desktop/project/dataset/archive/derm12345_train_part_2/jd/DERM_564920.jpg,jd,23,23,22,False
/mnt/c/Users/0M SAI RAM/Desktop/project/dataset/archive/derm12345_train_part_2/jd/DERM_852458.jpg,jd,23,23,22,False
/mnt/c/Users/0M SAI RAM/Desktop/project/dataset/archive/derm12345_train_part_2/jd/DERM_616382.jpg,jd,23,23,23,True
/mnt/c/Users/0M SAI RAM/Desktop/project/dataset/archive/derm12345_train_part_2/jd/DERM_813789.jpg,jd,23,23,23,True
/mnt/c/Users/0M SAI RAM/Desktop/project/dataset/archive/derm12345_train_part_2/jd/DERM_949652.jpg,jd,23,23,11,False
/mnt/c/Users/0M SAI RAM/Desktop/project/dataset/archive/derm12345_train_part_2/jd/DERM_662504.jpg,jd,23,23,23,True
/mnt/c/Users/0M SAI RAM/Desktop/project/dataset/archive/derm12345_train_part_2/jd/DERM_620006.jpg,jd,23,23,23,True
/mnt/c/Users/0M SAI RAM/Desktop/project/dataset/archive/derm12345_train_part_2/jd/DERM_545534.jpg,jd,23,23,22,False
/mnt/c/Users/0M SAI RAM/Desktop/project/dataset/archive/derm12345_train_part_2/jd/DERM_196271.jpg,jd,23,23,22,False
/mnt/c/Users/0M SAI RAM/Desktop/project/dataset/archive/derm12345_train_part_2/jd/DERM_911525.jpg,jd,23,23,23,True
/mnt/c/Users/0M SAI RAM/Desktop/project/dataset/archive/derm12345_train_part_2/jd/DERM_295218.jpg,jd,23,23,14,False
/mnt/c/Users/0M SAI RAM/Desktop/project/dataset/archive/derm12345_train_part_2/jd/DERM_290921.jpg,jd,23,23,23,True
/mnt/c/Users/0M SAI RAM/Desktop/project/dataset/archive/derm12345_train_part_2/jd/DERM_840710.jpg,jd,23,23,11,False
/mnt/c/Users/0M SAI RAM/Desktop/project/dataset/archive/derm12345_train_part_2/jd/DERM_908846.jpg,jd,23,23,23,True
/mnt/c/Users/0M SAI RAM/Desktop/project/dataset/archive/derm12345_train_part_2/jd/DERM_783047.jpg,jd,23,23,23,True
/mnt/c/Users/0M SAI RAM/Desktop/project/dataset/archive/derm12345_train_part_2/jd/DERM_111999.jpg,jd,23,23,11,False
/mnt/c/Users/0M SAI RAM/Desktop/project/dataset/archive/derm12345_train_part_2/jd/DERM_999085.jpg,jd,23,23,23,True
/mnt/c/Users/0M SAI RAM/Desktop/project/dataset/archive/derm12345_train_part_2/jd/DERM_725788.jpg,jd,23,23,23,True
/mnt/c/Users/0M SAI RAM/Desktop/project/dataset/archive/derm12345_train_part_2/jd/DERM_910129.jpg,jd,23,23,22,False
/mnt/c/Users/0M SAI RAM/Desktop/project/dataset/archive/derm12345_train_part_2/jd/DERM_464491.jpg,jd,23,23,23,True
/mnt/c/Users/0M SAI RAM/Desktop/project/dataset/archive/derm12345_train_part_2/jd/DERM_513138.jpg,jd,23,23,14,False
/mnt/c/Users/0M SAI RAM/Desktop/project/dataset/archive/derm12345_train_part_2/jd/DERM_700659.jpg,jd,23,23,11,False
/mnt/c/Users/0M SAI RAM/Desktop/project/dataset/archive/derm12345_train_part_2/jd/DERM_261928.jpg,jd,23,23,16,False
/mnt/c/Users/0M SAI RAM/Desktop/project/dataset/archive/derm12345_train_part_2/jd/DERM_723084.jpg,jd,23,23,23,True
/mnt/c/Users/0M SAI RAM/Desktop/project/dataset/archive/derm12345_train_part_2/jd/DERM_944533.jpg,jd,23,23,22,False
/mnt/c/Users/0M SAI RAM/Desktop/project/dataset/archive/derm12345_train_part_2/jd/DERM_165957.jpg,jd,23,23,22,False
/mnt/c/Users/0M SAI RAM/Desktop/project/dataset/archive/derm12345_train_part_2/jd/DERM_193916.jpg,jd,23,23,23,True
/mnt/c/Users/0M SAI RAM/Desktop/project/dataset/archive/derm12345_train_part_2/jd/DERM_273459.jpg,jd,23,23,11,False
/mnt/c/Users/0M SAI RAM/Desktop/project/dataset/archive/derm12345_train_part_2/jd/DERM_388034.jpg,jd,23,23,23,True
/mnt/c/Users/0M SAI RAM/Desktop/project/dataset/archive/derm12345_train_part_2/jd/DERM_482062.jpg,jd,23,23,14,False
/mnt/c/Users/0M SAI RAM/Desktop/project/dataset/archive/derm12345_train_part_2/jd/DERM_646267.jpg,jd,23,23,22,False
/mnt/c/Users/0M SAI RAM/Desktop/project/dataset/archive/derm12345_train_part_2/jd/DERM_741405.jpg,jd,23,23,30,False
/mnt/c/Users/0M SAI RAM/Desktop/project/dataset/archive/derm12345_train_part_2/jd/DERM_778743.jpg,jd,23,23,23,True
/mnt/c/Users/0M SAI RAM/Desktop/project/dataset/archive/derm12345_train_part_2/ks/DERM_120222.jpg,ks,24,24,24,True
/mnt/c/Users/0M SAI RAM/Desktop/project/dataset/archive/derm12345_train_part_2/ks/DERM_246114.jpg,ks,24,24,24,True
/mnt/c/Users/0M SAI RAM/Desktop/project/dataset/archive/derm12345_train_part_2/ks/DERM_206793.jpg,ks,24,24,24,True
/mnt/c/Users/0M SAI RAM/Desktop/project/dataset/archive/derm12345_train_part_2/ks/DERM_333477.jpg,ks,24,24,37,False
/mnt/c/Users/0M SAI RAM/Desktop/project/dataset/archive/derm12345_train_part_2/la/DERM_404096.jpg,la,25,25,25,True
/mnt/c/Users/0M SAI RAM/Desktop/project/dataset/archive/derm12345_train_part_2/la/DERM_482788.jpg,la,25,25,25,True
/mnt/c/Users/0M SAI RAM/Desktop/project/dataset/archive/derm12345_train_part_2/la/DERM_508032.jpg,la,25,25,25,True
/mnt/c/Users/0M SAI RAM/Desktop/project/dataset/archive/derm12345_train_part_2/la/DERM_587867.jpg,la,25,25,25,True
/mnt/c/Users/0M SAI RAM/Desktop/project/dataset/archive/derm12345_train_part_2/la/DERM_718628.jpg,la,25,25,25,True
/mnt/c/Users/0M SAI RAM/Desktop/project/dataset/archive/derm12345_train_part_2/la/DERM_858510.jpg,la,25,25,25,True
/mnt/c/Users/0M SAI RAM/Desktop/project/dataset/archive/derm12345_train_part_2/la/DERM_867603.jpg,la,25,25,25,True
/mnt/c/Users/0M SAI RAM/Desktop/project/dataset/archive/derm12345_train_part_2/la/DERM_513681.jpg,la,25,25,25,True
/mnt/c/Users/0M SAI RAM/Desktop/project/dataset/archive/derm12345_train_part_2/la/DERM_956376.jpg,la,25,25,25,True
/mnt/c/Users/0M SAI RAM/Desktop/project/dataset/archive/derm12345_train_part_2/la/DERM_787949.jpg,la,25,25,37,False
/mnt/c/Users/0M SAI RAM/Desktop/project/dataset/archive/derm12345_train_part_2/la/DERM_646699.jpg,la,25,25,37,False
/mnt/c/Users/0M SAI RAM/Desktop/project/dataset/archive/derm12345_train_part_2/la/DERM_622925.jpg,la,25,25,25,True
/mnt/c/Users/0M SAI RAM/Desktop/project/dataset/archive/derm12345_train_part_2/la/DERM_814530.jpg,la,25,25,37,False
/mnt/c/Users/0M SAI RAM/Desktop/project/dataset/archive/derm12345_train_part_2/la/DERM_731272.jpg,la,25,25,25,True
/mnt/c/Users/0M SAI RAM/Desktop/project/dataset/archive/derm12345_train_part_2/la/DERM_461301.jpg,la,25,25,37,False
/mnt/c/Users/0M SAI RAM/Desktop/project/dataset/archive/derm12345_train_part_2/lk/DERM_660619.jpg,lk,26,26,4,False
/mnt/c/Users/0M SAI RAM/Desktop/project/dataset/archive/derm12345_train_part_2/lk/DERM_274760.jpg,lk,26,26,37,False
/mnt/c/Users/0M SAI RAM/Desktop/project/dataset/archive/derm12345_train_part_2/lm/DERM_397477.jpg,lm,27,27,27,True
/mnt/c/Users/0M SAI RAM/Desktop/project/dataset/archive/derm12345_train_part_2/lm/DERM_560156.jpg,lm,27,27,27,True
/mnt/c/Users/0M SAI RAM/Desktop/project/dataset/archive/derm12345_train_part_2/lm/DERM_232899.jpg,lm,27,27,27,True
/mnt/c/Users/0M SAI RAM/Desktop/project/dataset/archive/derm12345_train_part_2/lm/DERM_856561.jpg,lm,27,27,27,True
/mnt/c/Users/0M SAI RAM/Desktop/project/dataset/archive/derm12345_train_part_2/lm/DERM_459342.jpg,lm,27,27,27,True
/mnt/c/Users/0M SAI RAM/Desktop/project/dataset/archive/derm12345_train_part_2/lm/DERM_741890.jpg,lm,27,27,27,True
/mnt/c/Users/0M SAI RAM/Desktop/project/dataset/archive/derm12345_train_part_2/lm/DERM_821960.jpg,lm,27,27,27,True
/mnt/c/Users/0M SAI RAM/Desktop/project/dataset/archive/derm12345_train_part_2/lm/DERM_510643.jpg,lm,27,27,27,True
/mnt/c/Users/0M SAI RAM/Desktop/project/dataset/archive/derm12345_train_part_2/lm/DERM_418378.jpg,lm,27,27,27,True
/mnt/c/Users/0M SAI RAM/Desktop/project/dataset/archive/derm12345_train_part_2/lm/DERM_203678.jpg,lm,27,27,31,False
/mnt/c/Users/0M SAI RAM/Desktop/project/dataset/archive/derm12345_train_part_2/lm/DERM_856950.jpg,lm,27,27,4,False
/mnt/c/Users/0M SAI RAM/Desktop/project/dataset/archive/derm12345_train_part_2/lm/DERM_440146.jpg,lm,27,27,27,True
/mnt/c/Users/0M SAI RAM/Desktop/project/dataset/archive/derm12345_train_part_2/lm/DERM_310503.jpg,lm,27,27,27,True
/mnt/c/Users/0M SAI RAM/Desktop/project/dataset/archive/derm12345_train_part_2/lm/DERM_801867.jpg,lm,27,27,27,True
/mnt/c/Users/0M SAI RAM/Desktop/project/dataset/archive/derm12345_train_part_2/lm/DERM_565357.jpg,lm,27,27,27,True
/mnt/c/Users/0M SAI RAM/Desktop/project/dataset/archive/derm12345_train_part_2/lm/DERM_343663.jpg,lm,27,27,16,False
/mnt/c/Users/0M SAI RAM/Desktop/project/dataset/archive/derm12345_train_part_2/lm/DERM_770098.jpg,lm,27,27,27,True
/mnt/c/Users/0M SAI RAM/Desktop/project/dataset/archive/derm12345_train_part_2/lm/DERM_988961.jpg,lm,27,27,12,False
/mnt/c/Users/0M SAI RAM/Desktop/project/dataset/archive/derm12345_train_part_2/lm/DERM_839458.jpg,lm,27,27,28,False
/mnt/c/Users/0M SAI RAM/Desktop/project/dataset/archive/derm12345_train_part_2/lm/DERM_188505.jpg,lm,27,27,27,True
/mnt/c/Users/0M SAI RAM/Desktop/project/dataset/archive/derm12345_train_part_2/lm/DERM_407551.jpg,lm,27,27,27,True
/mnt/c/Users/0M SAI RAM/Desktop/project/dataset/archive/derm12345_train_part_2/lm/DERM_441561.jpg,lm,27,27,16,False
/mnt/c/Users/0M SAI RAM/Desktop/project/dataset/archive/derm12345_train_part_2/lm/DERM_964842.jpg,lm,27,27,12,False
/mnt/c/Users/0M SAI RAM/Desktop/project/dataset/archive/derm12345_train_part_2/lmm/DERM_329167.jpg,lmm,28,28,7,False
/mnt/c/Users/0M SAI RAM/Desktop/project/dataset/archive/derm12345_train_part_2/lmm/DERM_835363.jpg,lmm,28,28,27,False
/mnt/c/Users/0M SAI RAM/Desktop/project/dataset/archive/derm12345_train_part_2/lmm/DERM_614488.jpg,lmm,28,28,31,False
/mnt/c/Users/0M SAI RAM/Desktop/project/dataset/archive/derm12345_train_part_2/lmm/DERM_681064.jpg,lmm,28,28,7,False
/mnt/c/Users/0M SAI RAM/Desktop/project/dataset/archive/derm12345_train_part_2/lmm/DERM_528090.jpg,lmm,28,28,12,False
/mnt/c/Users/0M SAI RAM/Desktop/project/dataset/archive/derm12345_train_part_2/lmm/DERM_555418.jpg,lmm,28,28,28,True
/mnt/c/Users/0M SAI RAM/Desktop/project/dataset/archive/derm12345_train_part_2/lmm/DERM_730255.jpg,lmm,28,28,12,False
/mnt/c/Users/0M SAI RAM/Desktop/project/dataset/archive/derm12345_train_part_2/ls/DERM_630965.jpg,ls,29,29,37,False
/mnt/c/Users/0M SAI RAM/Desktop/project/dataset/archive/derm12345_train_part_2/ls/DERM_574390.jpg,ls,29,29,22,False
/mnt/c/Users/0M SAI RAM/Desktop/project/dataset/archive/derm12345_train_part_2/ls/DERM_850167.jpg,ls,29,29,22,False
/mnt/c/Users/0M SAI RAM/Desktop/project/dataset/archive/derm12345_train_part_2/ls/DERM_402007.jpg,ls,29,29,38,False
/mnt/c/Users/0M SAI RAM/Desktop/project/dataset/archive/derm12345_train_part_2/ls/DERM_872354.jpg,ls,29,29,25,False
/mnt/c/Users/0M SAI RAM/Desktop/project/dataset/archive/derm12345_train_part_2/ls/DERM_600667.jpg,ls,29,29,23,False
/mnt/c/Users/0M SAI RAM/Desktop/project/dataset/archive/derm12345_train_part_2/mcb/DERM_992236.jpg,mcb,30,30,11,False
/mnt/c/Users/0M SAI RAM/Desktop/project/dataset/archive/derm12345_train_part_2/mcb/DERM_496096.jpg,mcb,30,30,30,True
/mnt/c/Users/0M SAI RAM/Desktop/project/dataset/archive/derm12345_train_part_2/mcb/DERM_401279.jpg,mcb,30,30,23,False
/mnt/c/Users/0M SAI RAM/Desktop/project/dataset/archive/derm12345_train_part_2/mcb/DERM_429530.jpg,mcb,30,30,23,False
/mnt/c/Users/0M SAI RAM/Desktop/project/dataset/archive/derm12345_train_part_2/mcb/DERM_878978.jpg,mcb,30,30,30,True
/mnt/c/Users/0M SAI RAM/Desktop/project/dataset/archive/derm12345_train_part_2/mcb/DERM_193070.jpg,mcb,30,30,25,False
/mnt/c/Users/0M SAI RAM/Desktop/project/dataset/archive/derm12345_train_part_2/mcb/DERM_958632.jpg,mcb,30,30,23,False
/mnt/c/Users/0M SAI RAM/Desktop/project/dataset/archive/derm12345_train_part_2/mcb/DERM_434167.jpg,mcb,30,30,23,False
/mnt/c/Users/0M SAI RAM/Desktop/project/dataset/archive/derm12345_train_part_2/mcb/DERM_585675.jpg,mcb,30,30,22,False
/mnt/c/Users/0M SAI RAM/Desktop/project/dataset/archive/derm12345_train_part_2/mcb/DERM_936126.jpg,mcb,30,30,30,True
/mnt/c/Users/0M SAI RAM/Desktop/project/dataset/archive/derm12345_train_part_2/mcb/DERM_817070.jpg,mcb,30,30,30,True
/mnt/c/Users/0M SAI RAM/Desktop/project/dataset/archive/derm12345_train_part_2/mcb/DERM_549887.jpg,mcb,30,30,30,True
/mnt/c/Users/0M SAI RAM/Desktop/project/dataset/archive/derm12345_train_part_2/mcb/DERM_537792.jpg,mcb,30,30,16,False
/mnt/c/Users/0M SAI RAM/Desktop/project/dataset/archive/derm12345_train_part_2/mcb/DERM_524290.jpg,mcb,30,30,22,False
/mnt/c/Users/0M SAI RAM/Desktop/project/dataset/archive/derm12345_train_part_2/mcb/DERM_857912.jpg,mcb,30,30,11,False
/mnt/c/Users/0M SAI RAM/Desktop/project/dataset/archive/derm12345_train_part_2/mcb/DERM_553049.jpg,mcb,30,30,11,False
/mnt/c/Users/0M SAI RAM/Desktop/project/dataset/archive/derm12345_train_part_2/mcb/DERM_435032.jpg,mcb,30,30,14,False
/mnt/c/Users/0M SAI RAM/Desktop/project/dataset/archive/derm12345_train_part_2/mcb/DERM_468747.jpg,mcb,30,30,11,False
/mnt/c/Users/0M SAI RAM/Desktop/project/dataset/archive/derm12345_train_part_2/mcb/DERM_382417.jpg,mcb,30,30,30,True
/mnt/c/Users/0M SAI RAM/Desktop/project/dataset/archive/derm12345_train_part_2/mcb/DERM_532663.jpg,mcb,30,30,12,False
/mnt/c/Users/0M SAI RAM/Desktop/project/dataset/archive/derm12345_train_part_2/mcb/DERM_342462.jpg,mcb,30,30,23,False
/mnt/c/Users/0M SAI RAM/Desktop/project/dataset/archive/derm12345_train_part_2/mcb/DERM_402480.jpg,mcb,30,30,30,True
/mnt/c/Users/0M SAI RAM/Desktop/project/dataset/archive/derm12345_train_part_2/mcb/DERM_511005.jpg,mcb,30,30,37,False
/mnt/c/Users/0M SAI RAM/Desktop/project/dataset/archive/derm12345_train_part_2/mcb/DERM_771029.jpg,mcb,30,30,30,True
/mnt/c/Users/0M SAI RAM/Desktop/project/dataset/archive/derm12345_train_part_2/mcb/DERM_460550.jpg,mcb,30,30,17,False
/mnt/c/Users/0M SAI RAM/Desktop/project/dataset/archive/derm12345_train_part_2/mcb/DERM_542288.jpg,mcb,30,30,30,True
/mnt/c/Users/0M SAI RAM/Desktop/project/dataset/archive/derm12345_train_part_2/mcb/DERM_949725.jpg,mcb,30,30,30,True
/mnt/c/Users/0M SAI RAM/Desktop/project/dataset/archive/derm12345_train_part_2/mcb/DERM_778896.jpg,mcb,30,30,22,False
/mnt/c/Users/0M SAI RAM/Desktop/project/dataset/archive/derm12345_train_part_2/mcb/DERM_118159.jpg,mcb,30,30,22,False
/mnt/c/Users/0M SAI RAM/Desktop/project/dataset/archive/derm12345_train_part_2/mcb/DERM_593847.jpg,mcb,30,30,23,False
/mnt/c/Users/0M SAI RAM/Desktop/project/dataset/archive/derm12345_train_part_2/mcb/DERM_770769.jpg,mcb,30,30,22,False
/mnt/c/Users/0M SAI RAM/Desktop/project/dataset/archive/derm12345_train_part_2/mcb/DERM_772013.jpg,mcb,30,30,30,True
/mnt/c/Users/0M SAI RAM/Desktop/project/dataset/archive/derm12345_train_part_2/mcb/DERM_985564.jpg,mcb,30,30,11,False
/mnt/c/Users/0M SAI RAM/Desktop/project/dataset/archive/derm12345_train_part_2/mel/DERM_972495.jpg,mel,31,31,31,True
/mnt/c/Users/0M SAI RAM/Desktop/project/dataset/archive/derm12345_train_part_2/mel/DERM_327248.jpg,mel,31,31,22,False
/mnt/c/Users/0M SAI RAM/Desktop/project/dataset/archive/derm12345_train_part_2/mel/DERM_476998.jpg,mel,31,31,31,True
/mnt/c/Users/0M SAI RAM/Desktop/project/dataset/archive/derm12345_train_part_2/mel/DERM_458423.jpg,mel,31,31,14,False
/mnt/c/Users/0M SAI RAM/Desktop/project/dataset/archive/derm12345_train_part_2/mel/DERM_660712.jpg,mel,31,31,20,False
/mnt/c/Users/0M SAI RAM/Desktop/project/dataset/archive/derm12345_train_part_2/mel/DERM_914865.jpg,mel,31,31,31,True
/mnt/c/Users/0M SAI RAM/Desktop/project/dataset/archive/derm12345_train_part_2/mel/DERM_893039.jpg,mel,31,31,31,True
/mnt/c/Users/0M SAI RAM/Desktop/project/dataset/archive/derm12345_train_part_2/mel/DERM_441165.jpg,mel,31,31,12,False
/mnt/c/Users/0M SAI RAM/Desktop/project/dataset/archive/derm12345_train_part_2/mel/DERM_935711.jpg,mel,31,31,27,False
/mnt/c/Users/0M SAI RAM/Desktop/project/dataset/archive/derm12345_train_part_2/mel/DERM_950707.jpg,mel,31,31,31,True
/mnt/c/Users/0M SAI RAM/Desktop/project/dataset/archive/derm12345_train_part_2/mel/DERM_402469.jpg,mel,31,31,31,True
/mnt/c/Users/0M SAI RAM/Desktop/project/dataset/archive/derm12345_train_part_2/mel/DERM_460241.jpg,mel,31,31,31,True
/mnt/c/Users/0M SAI RAM/Desktop/project/dataset/archive/derm12345_train_part_2/mel/DERM_811669.jpg,mel,31,31,31,True
/mnt/c/Users/0M SAI RAM/Desktop/project/dataset/archive/derm12345_train_part_2/mel/DERM_283660.jpg,mel,31,31,31,True
/mnt/c/Users/0M SAI RAM/Desktop/project/dataset/archive/derm12345_train_part_2/mel/DERM_506127.jpg,mel,31,31,31,True
/mnt/c/Users/0M SAI RAM/Desktop/project/dataset/archive/derm12345_train_part_2/mel/DERM_736826.jpg,mel,31,31,4,False
/mnt/c/Users/0M SAI RAM/Desktop/project/dataset/archive/derm12345_train_part_2/mel/DERM_145133.jpg,mel,31,31,8,False
/mnt/c/Users/0M SAI RAM/Desktop/project/dataset/archive/derm12345_train_part_2/mel/DERM_588903.jpg,mel,31,31,31,True
/mnt/c/Users/0M SAI RAM/Desktop/project/dataset/archive/derm12345_train_part_2/mel/DERM_730573.jpg,mel,31,31,31,True
/mnt/c/Users/0M SAI RAM/Desktop/project/dataset/archive/derm12345_train_part_2/mel/DERM_165123.jpg,mel,31,31,31,True
/mnt/c/Users/0M SAI RAM/Desktop/project/dataset/archive/derm12345_train_part_2/mel/DERM_167732.jpg,mel,31,31,37,False
/mnt/c/Users/0M SAI RAM/Desktop/project/dataset/archive/derm12345_train_part_2/mel/DERM_176154.jpg,mel,31,31,31,True
/mnt/c/Users/0M SAI RAM/Desktop/project/dataset/archive/derm12345_train_part_2/mel/DERM_930398.jpg,mel,31,31,31,True
/mnt/c/Users/0M SAI RAM/Desktop/project/dataset/archive/derm12345_train_part_2/mel/DERM_937674.jpg,mel,31,31,8,False
/mnt/c/Users/0M SAI RAM/Desktop/project/dataset/archive/derm12345_train_part_2/mel/DERM_431426.jpg,mel,31,31,31,True
/mnt/c/Users/0M SAI RAM/Desktop/project/dataset/archive/derm12345_train_part_2/mel/DERM_883205.jpg,mel,31,31,31,True
/mnt/c/Users/0M SAI RAM/Desktop/project/dataset/archive/derm12345_train_part_2/mel/DERM_703299.jpg,mel,31,31,14,False
/mnt/c/Users/0M SAI RAM/Desktop/project/dataset/archive/derm12345_train_part_2/mel/DERM_385471.jpg,mel,31,31,8,False
/mnt/c/Users/0M SAI RAM/Desktop/project/dataset/archive/derm12345_train_part_2/mel/DERM_208742.jpg,mel,31,31,11,False
/mnt/c/Users/0M SAI RAM/Desktop/project/dataset/archive/derm12345_train_part_2/mel/DERM_178140.jpg,mel,31,31,37,False
/mnt/c/Users/0M SAI RAM/Desktop/project/dataset/archive/derm12345_train_part_2/mel/DERM_550063.jpg,mel,31,31,31,True
/mnt/c/Users/0M SAI RAM/Desktop/project/dataset/archive/derm12345_train_part_2/mel/DERM_390407.jpg,mel,31,31,27,False
/mnt/c/Users/0M SAI RAM/Desktop/project/dataset/archive/derm12345_train_part_2/mel/DERM_608546.jpg,mel,31,31,27,False
/mnt/c/Users/0M SAI RAM/Desktop/project/dataset/archive/derm12345_train_part_2/mel/DERM_396499.jpg,mel,31,31,8,False
/mnt/c/Users/0M SAI RAM/Desktop/project/dataset/archive/derm12345_train_part_2/mel/DERM_698378.jpg,mel,31,31,14,False
/mnt/c/Users/0M SAI RAM/Desktop/project/dataset/archive/derm12345_train_part_2/mel/DERM_838655.jpg,mel,31,31,12,False
/mnt/c/Users/0M SAI RAM/Desktop/project/dataset/archive/derm12345_train_part_2/mel/DERM_202713.jpg,mel,31,31,39,False
/mnt/c/Users/0M SAI RAM/Desktop/project/dataset/archive/derm12345_train_part_2/mel/DERM_936608.jpg,mel,31,31,14,False
/mnt/c/Users/0M SAI RAM/Desktop/project/dataset/archive/derm12345_train_part_2/mel/DERM_293522.jpg,mel,31,31,31,True
/mnt/c/Users/0M SAI RAM/Desktop/project/dataset/archive/derm12345_train_part_2/mel/DERM_313414.jpg,mel,31,31,14,False
/mnt/c/Users/0M SAI RAM/Desktop/project/dataset/archive/derm12345_train_part_2/mel/DERM_983211.jpg,mel,31,31,14,False
/mnt/c/Users/0M SAI RAM/Desktop/project/dataset/archive/derm12345_train_part_2/mpd/DERM_192275.jpg,mpd,32,32,32,True
/mnt/c/Users/0M SAI RAM/Desktop/project/dataset/archive/derm12345_train_part_2/mpd/DERM_615325.jpg,mpd,32,32,8,False
/mnt/c/Users/0M SAI RAM/Desktop/project/dataset/archive/derm12345_train_part_2/pg/DERM_566218.jpg,pg,33,33,33,True
/mnt/c/Users/0M SAI RAM/Desktop/project/dataset/archive/derm12345_train_part_2/pg/DERM_854608.jpg,pg,33,33,33,True
/mnt/c/Users/0M SAI RAM/Desktop/project/dataset/archive/derm12345_train_part_2/rd/DERM_489065.jpg,rd,34,34,34,True
/mnt/c/Users/0M SAI RAM/Desktop/project/dataset/archive/derm12345_train_part_2/rd/DERM_169612.jpg,rd,34,34,37,False
/mnt/c/Users/0M SAI RAM/Desktop/project/dataset/archive/derm12345_train_part_2/rd/DERM_366528.jpg,rd,34,34,34,True
/mnt/c/Users/0M SAI RAM/Desktop/project/dataset/archive/derm12345_train_part_2/rd/DERM_983956.jpg,rd,34,34,34,True
/mnt/c/Users/0M SAI RAM/Desktop/project/dataset/archive/derm12345_train_part_2/sa/DERM_428778.jpg,sa,35,35,20,False
/mnt/c/Users/0M SAI RAM/Desktop/project/dataset/archive/derm12345_train_part_2/sa/DERM_661919.jpg,sa,35,35,20,False
/mnt/c/Users/0M SAI RAM/Desktop/project/dataset/archive/derm12345_train_part_2/sa/DERM_661920.jpg,sa,35,35,35,True
/mnt/c/Users/0M SAI RAM/Desktop/project/dataset/archive/derm12345_train_part_2/sa/DERM_668484.jpg,sa,35,35,35,True
/mnt/c/Users/0M SAI RAM/Desktop/project/dataset/archive/derm12345_train_part_2/scc/DERM_835756.jpg,scc,36,36,8,False
/mnt/c/Users/0M SAI RAM/Desktop/project/dataset/archive/derm12345_train_part_2/scc/DERM_156861.jpg,scc,36,36,8,False
/mnt/c/Users/0M SAI RAM/Desktop/project/dataset/archive/derm12345_train_part_2/scc/DERM_725732.jpg,scc,36,36,4,False
/mnt/c/Users/0M SAI RAM/Desktop/project/dataset/archive/derm12345_train_part_2/scc/DERM_344517.jpg,scc,36,36,36,True
/mnt/c/Users/0M SAI RAM/Desktop/project/dataset/archive/derm12345_train_part_2/scc/DERM_409809.jpg,scc,36,36,37,False
/mnt/c/Users/0M SAI RAM/Desktop/project/dataset/archive/derm12345_train_part_2/scc/DERM_818420.jpg,scc,36,36,20,False
/mnt/c/Users/0M SAI RAM/Desktop/project/dataset/archive/derm12345_train_part_2/scc/DERM_355315.jpg,scc,36,36,36,True
/mnt/c/Users/0M SAI RAM/Desktop/project/dataset/archive/derm12345_train_part_2/scc/DERM_740532.jpg,scc,36,36,8,False
/mnt/c/Users/0M SAI RAM/Desktop/project/dataset/archive/derm12345_train_part_2/scc/DERM_356228.jpg,scc,36,36,36,True
/mnt/c/Users/0M SAI RAM/Desktop/project/dataset/archive/derm12345_train_part_2/scc/DERM_888372.jpg,scc,36,36,36,True
/mnt/c/Users/0M SAI RAM/Desktop/project/dataset/archive/derm12345_train_part_2/scc/DERM_319496.jpg,scc,36,36,36,True
/mnt/c/Users/0M SAI RAM/Desktop/project/dataset/archive/derm12345_train_part_2/scc/DERM_265084.jpg,scc,36,36,36,True
/mnt/c/Users/0M SAI RAM/Desktop/project/dataset/archive/derm12345_train_part_2/scc/DERM_233389.jpg,scc,36,36,36,True
/mnt/c/Users/0M SAI RAM/Desktop/project/dataset/archive/derm12345_train_part_2/scc/DERM_932292.jpg,scc,36,36,36,True
/mnt/c/Users/0M SAI RAM/Desktop/project/dataset/archive/derm12345_train_part_2/scc/DERM_861158.jpg,scc,36,36,8,False
/mnt/c/Users/0M SAI RAM/Desktop/project/dataset/archive/derm12345_train_part_2/scc/DERM_107694.jpg,scc,36,36,36,True
/mnt/c/Users/0M SAI RAM/Desktop/project/dataset/archive/derm12345_train_part_2/scc/DERM_383111.jpg,scc,36,36,36,True
/mnt/c/Users/0M SAI RAM/Desktop/project/dataset/archive/derm12345_train_part_2/scc/DERM_927805.jpg,scc,36,36,36,True
/mnt/c/Users/0M SAI RAM/Desktop/project/dataset/archive/derm12345_train_part_2/scc/DERM_778474.jpg,scc,36,36,8,False
/mnt/c/Users/0M SAI RAM/Desktop/project/dataset/archive/derm12345_train_part_2/scc/DERM_603598.jpg,scc,36,36,11,False
/mnt/c/Users/0M SAI RAM/Desktop/project/dataset/archive/derm12345_train_part_2/scc/DERM_502297.jpg,scc,36,36,36,True
/mnt/c/Users/0M SAI RAM/Desktop/project/dataset/archive/derm12345_train_part_2/scc/DERM_157258.jpg,scc,36,36,36,True
/mnt/c/Users/0M SAI RAM/Desktop/project/dataset/archive/derm12345_train_part_2/scc/DERM_550401.jpg,scc,36,36,17,False
/mnt/c/Users/0M SAI RAM/Desktop/project/dataset/archive/derm12345_train_part_2/scc/DERM_294452.jpg,scc,36,36,37,False
/mnt/c/Users/0M SAI RAM/Desktop/project/dataset/archive/derm12345_train_part_2/scc/DERM_661663.jpg,scc,36,36,37,False
/mnt/c/Users/0M SAI RAM/Desktop/project/dataset/archive/derm12345_train_part_2/scc/DERM_867941.jpg,scc,36,36,12,False
/mnt/c/Users/0M SAI RAM/Desktop/project/dataset/archive/derm12345_train_part_2/scc/DERM_131838.jpg,scc,36,36,37,False
/mnt/c/Users/0M SAI RAM/Desktop/project/dataset/archive/derm12345_train_part_2/scc/DERM_167974.jpg,scc,36,36,36,True
/mnt/c/Users/0M SAI RAM/Desktop/project/dataset/archive/derm12345_train_part_2/scc/DERM_762940.jpg,scc,36,36,8,False
/mnt/c/Users/0M SAI RAM/Desktop/project/dataset/archive/derm12345_train_part_2/scc/DERM_593621.jpg,scc,36,36,20,False
/mnt/c/Users/0M SAI RAM/Desktop/project/dataset/archive/derm12345_train_part_2/scc/DERM_916323.jpg,scc,36,36,36,True
/mnt/c/Users/0M SAI RAM/Desktop/project/dataset/archive/derm12345_train_part_2/scc/DERM_167117.jpg,scc,36,36,8,False
/mnt/c/Users/0M SAI RAM/Desktop/project/dataset/archive/derm12345_train_part_2/scc/DERM_554338.jpg,scc,36,36,8,False
/mnt/c/Users/0M SAI RAM/Desktop/project/dataset/archive/derm12345_train_part_2/scc/DERM_870815.jpg,scc,36,36,8,False
/mnt/c/Users/0M SAI RAM/Desktop/project/dataset/archive/derm12345_train_part_2/scc/DERM_675949.jpg,scc,36,36,18,False
/mnt/c/Users/0M SAI RAM/Desktop/project/dataset/archive/derm12345_train_part_2/scc/DERM_673390.jpg,scc,36,36,36,True
/mnt/c/Users/0M SAI RAM/Desktop/project/dataset/archive/derm12345_train_part_2/scc/DERM_587035.jpg,scc,36,36,36,True
/mnt/c/Users/0M SAI RAM/Desktop/project/dataset/archive/derm12345_train_part_2/scc/DERM_336799.jpg,scc,36,36,36,True
/mnt/c/Users/0M SAI RAM/Desktop/project/dataset/archive/derm12345_train_part_2/scc/DERM_435497.jpg,scc,36,36,8,False
/mnt/c/Users/0M SAI RAM/Desktop/project/dataset/archive/derm12345_train_part_2/scc/DERM_887194.jpg,scc,36,36,36,True
/mnt/c/Users/0M SAI RAM/Desktop/project/dataset/archive/derm12345_train_part_2/scc/DERM_958402.jpg,scc,36,36,36,True
/mnt/c/Users/0M SAI RAM/Desktop/project/dataset/archive/derm12345_train_part_2/scc/DERM_320346.jpg,scc,36,36,36,True
/mnt/c/Users/0M SAI RAM/Desktop/project/dataset/archive/derm12345_train_part_2/scc/DERM_752444.jpg,scc,36,36,8,False
/mnt/c/Users/0M SAI RAM/Desktop/project/dataset/archive/derm12345_train_part_2/scc/DERM_758691.jpg,scc,36,36,36,True
/mnt/c/Users/0M SAI RAM/Desktop/project/dataset/archive/derm12345_train_part_2/scc/DERM_352746.jpg,scc,36,36,36,True
/mnt/c/Users/0M SAI RAM/Desktop/project/dataset/archive/derm12345_train_part_2/scc/DERM_396551.jpg,scc,36,36,36,True
/mnt/c/Users/0M SAI RAM/Desktop/project/dataset/archive/derm12345_train_part_2/scc/DERM_150914.jpg,scc,36,36,37,False
/mnt/c/Users/0M SAI RAM/Desktop/project/dataset/archive/derm12345_train_part_2/scc/DERM_257323.jpg,scc,36,36,36,True
/mnt/c/Users/0M SAI RAM/Desktop/project/dataset/archive/derm12345_train_part_2/scc/DERM_644346.jpg,scc,36,36,36,True
/mnt/c/Users/0M SAI RAM/Desktop/project/dataset/archive/derm12345_train_part_2/scc/DERM_648787.jpg,scc,36,36,36,True
/mnt/c/Users/0M SAI RAM/Desktop/project/dataset/archive/derm12345_train_part_2/scc/DERM_784309.jpg,scc,36,36,17,False
/mnt/c/Users/0M SAI RAM/Desktop/project/dataset/archive/derm12345_train_part_2/scc/DERM_324857.jpg,scc,36,36,36,True
/mnt/c/Users/0M SAI RAM/Desktop/project/dataset/archive/derm12345_train_part_2/scc/DERM_134518.jpg,scc,36,36,36,True
/mnt/c/Users/0M SAI RAM/Desktop/project/dataset/archive/derm12345_train_part_2/scc/DERM_404011.jpg,scc,36,36,37,False
/mnt/c/Users/0M SAI RAM/Desktop/project/dataset/archive/derm12345_train_part_2/scc/DERM_763516.jpg,scc,36,36,36,True
/mnt/c/Users/0M SAI RAM/Desktop/project/dataset/archive/derm12345_train_part_2/scc/DERM_865706.jpg,scc,36,36,36,True
/mnt/c/Users/0M SAI RAM/Desktop/project/dataset/archive/derm12345_train_part_2/scc/DERM_283149.jpg,scc,36,36,8,False
/mnt/c/Users/0M SAI RAM/Desktop/project/dataset/archive/derm12345_train_part_2/scc/DERM_366591.jpg,scc,36,36,17,False
/mnt/c/Users/0M SAI RAM/Desktop/project/dataset/archive/derm12345_train_part_2/scc/DERM_411937.jpg,scc,36,36,8,False
/mnt/c/Users/0M SAI RAM/Desktop/project/dataset/archive/derm12345_train_part_2/scc/DERM_482623.jpg,scc,36,36,8,False
/mnt/c/Users/0M SAI RAM/Desktop/project/dataset/archive/derm12345_train_part_2/scc/DERM_692378.jpg,scc,36,36,36,True
/mnt/c/Users/0M SAI RAM/Desktop/project/dataset/archive/derm12345_train_part_2/scc/DERM_223850.jpg,scc,36,36,36,True
/mnt/c/Users/0M SAI RAM/Desktop/project/dataset/archive/derm12345_train_part_2/scc/DERM_553998.jpg,scc,36,36,8,False
/mnt/c/Users/0M SAI RAM/Desktop/project/dataset/archive/derm12345_train_part_2/scc/DERM_808585.jpg,scc,36,36,36,True
/mnt/c/Users/0M SAI RAM/Desktop/project/dataset/archive/derm12345_train_part_2/scc/DERM_473493.jpg,scc,36,36,31,False
/mnt/c/Users/0M SAI RAM/Desktop/project/dataset/archive/derm12345_train_part_2/scc/DERM_237917.jpg,scc,36,36,36,True
/mnt/c/Users/0M SAI RAM/Desktop/project/dataset/archive/derm12345_train_part_2/scc/DERM_643746.jpg,scc,36,36,36,True
/mnt/c/Users/0M SAI RAM/Desktop/project/dataset/archive/derm12345_train_part_2/scc/DERM_726427.jpg,scc,36,36,8,False
/mnt/c/Users/0M SAI RAM/Desktop/project/dataset/archive/derm12345_train_part_2/scc/DERM_149829.jpg,scc,36,36,36,True
/mnt/c/Users/0M SAI RAM/Desktop/project/dataset/archive/derm12345_train_part_2/scc/DERM_189960.jpg,scc,36,36,37,False
/mnt/c/Users/0M SAI RAM/Desktop/project/dataset/archive/derm12345_train_part_2/sk/DERM_551124.jpg,sk,37,37,17,False
/mnt/c/Users/0M SAI RAM/Desktop/project/dataset/archive/derm12345_train_part_2/sk/DERM_373470.jpg,sk,37,37,31,False
/mnt/c/Users/0M SAI RAM/Desktop/project/dataset/archive/derm12345_train_part_2/sk/DERM_627228.jpg,sk,37,37,37,True
/mnt/c/Users/0M SAI RAM/Desktop/project/dataset/archive/derm12345_train_part_2/sk/DERM_959396.jpg,sk,37,37,37,True
/mnt/c/Users/0M SAI RAM/Desktop/project/dataset/archive/derm12345_train_part_2/sk/DERM_682697.jpg,sk,37,37,37,True
/mnt/c/Users/0M SAI RAM/Desktop/project/dataset/archive/derm12345_train_part_2/sk/DERM_656107.jpg,sk,37,37,36,False
/mnt/c/Users/0M SAI RAM/Desktop/project/dataset/archive/derm12345_train_part_2/sk/DERM_954962.jpg,sk,37,37,31,False
/mnt/c/Users/0M SAI RAM/Desktop/project/dataset/archive/derm12345_train_part_2/sk/DERM_140112.jpg,sk,37,37,37,True
/mnt/c/Users/0M SAI RAM/Desktop/project/dataset/archive/derm12345_train_part_2/sk/DERM_511873.jpg,sk,37,37,37,True
/mnt/c/Users/0M SAI RAM/Desktop/project/dataset/archive/derm12345_train_part_2/sk/DERM_739374.jpg,sk,37,37,11,False
/mnt/c/Users/0M SAI RAM/Desktop/project/dataset/archive/derm12345_train_part_2/sk/DERM_923847.jpg,sk,37,37,37,True
/mnt/c/Users/0M SAI RAM/Desktop/project/dataset/archive/derm12345_train_part_2/sk/DERM_924038.jpg,sk,37,37,37,True
/mnt/c/Users/0M SAI RAM/Desktop/project/dataset/archive/derm12345_train_part_2/sk/DERM_553710.jpg,sk,37,37,2,False
/mnt/c/Users/0M SAI RAM/Desktop/project/dataset/archive/derm12345_train_part_2/sk/DERM_207436.jpg,sk,37,37,37,True
/mnt/c/Users/0M SAI RAM/Desktop/project/dataset/archive/derm12345_train_part_2/sk/DERM_709849.jpg,sk,37,37,8,False
/mnt/c/Users/0M SAI RAM/Desktop/project/dataset/archive/derm12345_train_part_2/sk/DERM_699969.jpg,sk,37,37,11,False
/mnt/c/Users/0M SAI RAM/Desktop/project/dataset/archive/derm12345_train_part_2/sk/DERM_778114.jpg,sk,37,37,37,True
/mnt/c/Users/0M SAI RAM/Desktop/project/dataset/archive/derm12345_train_part_2/sk/DERM_630846.jpg,sk,37,37,37,True
/mnt/c/Users/0M SAI RAM/Desktop/project/dataset/archive/derm12345_train_part_2/sk/DERM_882045.jpg,sk,37,37,8,False
/mnt/c/Users/0M SAI RAM/Desktop/project/dataset/archive/derm12345_train_part_2/sk/DERM_634262.jpg,sk,37,37,37,True
/mnt/c/Users/0M SAI RAM/Desktop/project/dataset/archive/derm12345_train_part_2/sk/DERM_967703.jpg,sk,37,37,17,False
/mnt/c/Users/0M SAI RAM/Desktop/project/dataset/archive/derm12345_train_part_2/sk/DERM_595066.jpg,sk,37,37,37,True
/mnt/c/Users/0M SAI RAM/Desktop/project/dataset/archive/derm12345_train_part_2/sk/DERM_672808.jpg,sk,37,37,37,True
/mnt/c/Users/0M SAI RAM/Desktop/project/dataset/archive/derm12345_train_part_2/sk/DERM_818736.jpg,sk,37,37,37,True
/mnt/c/Users/0M SAI RAM/Desktop/project/dataset/archive/derm12345_train_part_2/sk/DERM_583554.jpg,sk,37,37,38,False
/mnt/c/Users/0M SAI RAM/Desktop/project/dataset/archive/derm12345_train_part_2/sk/DERM_849019.jpg,sk,37,37,8,False
/mnt/c/Users/0M SAI RAM/Desktop/project/dataset/archive/derm12345_train_part_2/sk/DERM_147472.jpg,sk,37,37,23,False
/mnt/c/Users/0M SAI RAM/Desktop/project/dataset/archive/derm12345_train_part_2/sk/DERM_275700.jpg,sk,37,37,37,True
/mnt/c/Users/0M SAI RAM/Desktop/project/dataset/archive/derm12345_train_part_2/sk/DERM_485155.jpg,sk,37,37,37,True
/mnt/c/Users/0M SAI RAM/Desktop/project/dataset/archive/derm12345_train_part_2/sk/DERM_340575.jpg,sk,37,37,8,False
/mnt/c/Users/0M SAI RAM/Desktop/project/dataset/archive/derm12345_train_part_2/sk/DERM_629336.jpg,sk,37,37,37,True
/mnt/c/Users/0M SAI RAM/Desktop/project/dataset/archive/derm12345_train_part_2/sk/DERM_381869.jpg,sk,37,37,37,True
/mnt/c/Users/0M SAI RAM/Desktop/project/dataset/archive/derm12345_train_part_2/sk/DERM_425346.jpg,sk,37,37,4,False
/mnt/c/Users/0M SAI RAM/Desktop/project/dataset/archive/derm12345_train_part_2/sk/DERM_531312.jpg,sk,37,37,37,True
/mnt/c/Users/0M SAI RAM/Desktop/project/dataset/archive/derm12345_train_part_2/sk/DERM_909956.jpg,sk,37,37,37,True
/mnt/c/Users/0M SAI RAM/Desktop/project/dataset/archive/derm12345_train_part_2/sk/DERM_934744.jpg,sk,37,37,11,False
/mnt/c/Users/0M SAI RAM/Desktop/project/dataset/archive/derm12345_train_part_2/sk/DERM_516966.jpg,sk,37,37,17,False
/mnt/c/Users/0M SAI RAM/Desktop/project/dataset/archive/derm12345_train_part_2/sk/DERM_647172.jpg,sk,37,37,12,False
/mnt/c/Users/0M SAI RAM/Desktop/project/dataset/archive/derm12345_train_part_2/sk/DERM_723122.jpg,sk,37,37,12,False
/mnt/c/Users/0M SAI RAM/Desktop/project/dataset/archive/derm12345_train_part_2/sk/DERM_482282.jpg,sk,37,37,23,False
/mnt/c/Users/0M SAI RAM/Desktop/project/dataset/archive/derm12345_train_part_2/sk/DERM_215455.jpg,sk,37,37,12,False
/mnt/c/Users/0M SAI RAM/Desktop/project/dataset/archive/derm12345_train_part_2/sk/DERM_703915.jpg,sk,37,37,37,True
/mnt/c/Users/0M SAI RAM/Desktop/project/dataset/archive/derm12345_train_part_2/sk/DERM_387597.jpg,sk,37,37,37,True
/mnt/c/Users/0M SAI RAM/Desktop/project/dataset/archive/derm12345_train_part_2/sk/DERM_263771.jpg,sk,37,37,37,True
/mnt/c/Users/0M SAI RAM/Desktop/project/dataset/archive/derm12345_train_part_2/sk/DERM_534209.jpg,sk,37,37,37,True
/mnt/c/Users/0M SAI RAM/Desktop/project/dataset/archive/derm12345_train_part_2/sk/DERM_650202.jpg,sk,37,37,37,True
/mnt/c/Users/0M SAI RAM/Desktop/project/dataset/archive/derm12345_train_part_2/sk/DERM_878754.jpg,sk,37,37,23,False
/mnt/c/Users/0M SAI RAM/Desktop/project/dataset/archive/derm12345_train_part_2/sk/DERM_784888.jpg,sk,37,37,37,True
/mnt/c/Users/0M SAI RAM/Desktop/project/dataset/archive/derm12345_train_part_2/sk/DERM_271064.jpg,sk,37,37,17,False
/mnt/c/Users/0M SAI RAM/Desktop/project/dataset/archive/derm12345_train_part_2/sk/DERM_308661.jpg,sk,37,37,37,True
/mnt/c/Users/0M SAI RAM/Desktop/project/dataset/archive/derm12345_train_part_2/sk/DERM_298689.jpg,sk,37,37,23,False
/mnt/c/Users/0M SAI RAM/Desktop/project/dataset/archive/derm12345_train_part_2/sk/DERM_917674.jpg,sk,37,37,37,True
/mnt/c/Users/0M SAI RAM/Desktop/project/dataset/archive/derm12345_train_part_2/sk/DERM_360587.jpg,sk,37,37,37,True
/mnt/c/Users/0M SAI RAM/Desktop/project/dataset/archive/derm12345_train_part_2/sk/DERM_682833.jpg,sk,37,37,12,False
/mnt/c/Users/0M SAI RAM/Desktop/project/dataset/archive/derm12345_train_part_2/sk/DERM_220167.jpg,sk,37,37,37,True
/mnt/c/Users/0M SAI RAM/Desktop/project/dataset/archive/derm12345_train_part_2/sk/DERM_441918.jpg,sk,37,37,17,False
/mnt/c/Users/0M SAI RAM/Desktop/project/dataset/archive/derm12345_train_part_2/sk/DERM_685089.jpg,sk,37,37,17,False
/mnt/c/Users/0M SAI RAM/Desktop/project/dataset/archive/derm12345_train_part_2/sk/DERM_563724.jpg,sk,37,37,11,False
/mnt/c/Users/0M SAI RAM/Desktop/project/dataset/archive/derm12345_train_part_2/sk/DERM_103729.jpg,sk,37,37,23,False
/mnt/c/Users/0M SAI RAM/Desktop/project/dataset/archive/derm12345_train_part_2/sk/DERM_759318.jpg,sk,37,37,36,False
/mnt/c/Users/0M SAI RAM/Desktop/project/dataset/archive/derm12345_train_part_2/sk/DERM_660978.jpg,sk,37,37,37,True
/mnt/c/Users/0M SAI RAM/Desktop/project/dataset/archive/derm12345_train_part_2/sk/DERM_508363.jpg,sk,37,37,17,False
/mnt/c/Users/0M SAI RAM/Desktop/project/dataset/archive/derm12345_train_part_2/sk/DERM_689591.jpg,sk,37,37,22,False
/mnt/c/Users/0M SAI RAM/Desktop/project/dataset/archive/derm12345_train_part_2/sk/DERM_996896.jpg,sk,37,37,37,True
/mnt/c/Users/0M SAI RAM/Desktop/project/dataset/archive/derm12345_train_part_2/sk/DERM_507315.jpg,sk,37,37,23,False
/mnt/c/Users/0M SAI RAM/Desktop/project/dataset/archive/derm12345_train_part_2/sk/DERM_626075.jpg,sk,37,37,17,False
/mnt/c/Users/0M SAI RAM/Desktop/project/dataset/archive/derm12345_train_part_2/sk/DERM_254647.jpg,sk,37,37,11,False
/mnt/c/Users/0M SAI RAM/Desktop/project/dataset/archive/derm12345_train_part_2/sk/DERM_587284.jpg,sk,37,37,23,False
/mnt/c/Users/0M SAI RAM/Desktop/project/dataset/archive/derm12345_train_part_2/sk/DERM_406060.jpg,sk,37,37,17,False
/mnt/c/Users/0M SAI RAM/Desktop/project/dataset/archive/derm12345_train_part_2/sk/DERM_578910.jpg,sk,37,37,37,True
/mnt/c/Users/0M SAI RAM/Desktop/project/dataset/archive/derm12345_train_part_2/sk/DERM_677098.jpg,sk,37,37,37,True
/mnt/c/Users/0M SAI RAM/Desktop/project/dataset/archive/derm12345_train_part_2/sk/DERM_367354.jpg,sk,37,37,37,True
/mnt/c/Users/0M SAI RAM/Desktop/project/dataset/archive/derm12345_train_part_2/sk/DERM_433434.jpg,sk,37,37,37,True
/mnt/c/Users/0M SAI RAM/Desktop/project/dataset/archive/derm12345_train_part_2/sk/DERM_322063.jpg,sk,37,37,37,True
/mnt/c/Users/0M SAI RAM/Desktop/project/dataset/archive/derm12345_train_part_2/sk/DERM_832325.jpg,sk,37,37,37,True
/mnt/c/Users/0M SAI RAM/Desktop/project/dataset/archive/derm12345_train_part_2/sk/DERM_314451.jpg,sk,37,37,23,False
/mnt/c/Users/0M SAI RAM/Desktop/project/dataset/archive/derm12345_train_part_2/sk/DERM_540074.jpg,sk,37,37,38,False
/mnt/c/Users/0M SAI RAM/Desktop/project/dataset/archive/derm12345_train_part_2/sk/DERM_979439.jpg,sk,37,37,37,True
/mnt/c/Users/0M SAI RAM/Desktop/project/dataset/archive/derm12345_train_part_2/sk/DERM_375177.jpg,sk,37,37,37,True
/mnt/c/Users/0M SAI RAM/Desktop/project/dataset/archive/derm12345_train_part_2/sk/DERM_485461.jpg,sk,37,37,37,True
/mnt/c/Users/0M SAI RAM/Desktop/project/dataset/archive/derm12345_train_part_2/sk/DERM_285866.jpg,sk,37,37,12,False
/mnt/c/Users/0M SAI RAM/Desktop/project/dataset/archive/derm12345_train_part_2/sk/DERM_629164.jpg,sk,37,37,37,True
/mnt/c/Users/0M SAI RAM/Desktop/project/dataset/archive/derm12345_train_part_2/sk/DERM_631871.jpg,sk,37,37,20,False
/mnt/c/Users/0M SAI RAM/Desktop/project/dataset/archive/derm12345_train_part_2/sk/DERM_683180.jpg,sk,37,37,25,False
/mnt/c/Users/0M SAI RAM/Desktop/project/dataset/archive/derm12345_train_part_2/sk/DERM_985855.jpg,sk,37,37,25,False
/mnt/c/Users/0M SAI RAM/Desktop/project/dataset/archive/derm12345_train_part_2/sk/DERM_209817.jpg,sk,37,37,37,True
/mnt/c/Users/0M SAI RAM/Desktop/project/dataset/archive/derm12345_train_part_2/sk/DERM_473189.jpg,sk,37,37,17,False
/mnt/c/Users/0M SAI RAM/Desktop/project/dataset/archive/derm12345_train_part_2/sk/DERM_509166.jpg,sk,37,37,17,False
/mnt/c/Users/0M SAI RAM/Desktop/project/dataset/archive/derm12345_train_part_2/sk/DERM_444203.jpg,sk,37,37,11,False
/mnt/c/Users/0M SAI RAM/Desktop/project/dataset/archive/derm12345_train_part_2/sk/DERM_331631.jpg,sk,37,37,36,False
/mnt/c/Users/0M SAI RAM/Desktop/project/dataset/archive/derm12345_train_part_2/sk/DERM_810852.jpg,sk,37,37,30,False
/mnt/c/Users/0M SAI RAM/Desktop/project/dataset/archive/derm12345_train_part_2/sk/DERM_251447.jpg,sk,37,37,37,True
/mnt/c/Users/0M SAI RAM/Desktop/project/dataset/archive/derm12345_train_part_2/sk/DERM_889049.jpg,sk,37,37,37,True
/mnt/c/Users/0M SAI RAM/Desktop/project/dataset/archive/derm12345_train_part_2/sk/DERM_153667.jpg,sk,37,37,11,False
/mnt/c/Users/0M SAI RAM/Desktop/project/dataset/archive/derm12345_train_part_2/sk/DERM_514218.jpg,sk,37,37,23,False
/mnt/c/Users/0M SAI RAM/Desktop/project/dataset/archive/derm12345_train_part_2/sk/DERM_385787.jpg,sk,37,37,22,False
/mnt/c/Users/0M SAI RAM/Desktop/project/dataset/archive/derm12345_train_part_2/sk/DERM_997064.jpg,sk,37,37,22,False
/mnt/c/Users/0M SAI RAM/Desktop/project/dataset/archive/derm12345_train_part_2/sk/DERM_992643.jpg,sk,37,37,37,True
/mnt/c/Users/0M SAI RAM/Desktop/project/dataset/archive/derm12345_train_part_2/sk/DERM_127648.jpg,sk,37,37,11,False
/mnt/c/Users/0M SAI RAM/Desktop/project/dataset/archive/derm12345_train_part_2/sk/DERM_826516.jpg,sk,37,37,37,True
/mnt/c/Users/0M SAI RAM/Desktop/project/dataset/archive/derm12345_train_part_2/sk/DERM_623201.jpg,sk,37,37,37,True
/mnt/c/Users/0M SAI RAM/Desktop/project/dataset/archive/derm12345_train_part_2/sk/DERM_536322.jpg,sk,37,37,37,True
/mnt/c/Users/0M SAI RAM/Desktop/project/dataset/archive/derm12345_train_part_2/sk/DERM_774652.jpg,sk,37,37,37,True
/mnt/c/Users/0M SAI RAM/Desktop/project/dataset/archive/derm12345_train_part_2/sk/DERM_103083.jpg,sk,37,37,37,True
/mnt/c/Users/0M SAI RAM/Desktop/project/dataset/archive/derm12345_train_part_2/sk/DERM_541462.jpg,sk,37,37,31,False
/mnt/c/Users/0M SAI RAM/Desktop/project/dataset/archive/derm12345_train_part_2/sk/DERM_817993.jpg,sk,37,37,8,False
/mnt/c/Users/0M SAI RAM/Desktop/project/dataset/archive/derm12345_train_part_2/sk/DERM_852762.jpg,sk,37,37,18,False
/mnt/c/Users/0M SAI RAM/Desktop/project/dataset/archive/derm12345_train_part_2/sk/DERM_969722.jpg,sk,37,37,23,False
/mnt/c/Users/0M SAI RAM/Desktop/project/dataset/archive/derm12345_train_part_2/sk/DERM_953925.jpg,sk,37,37,12,False
/mnt/c/Users/0M SAI RAM/Desktop/project/dataset/archive/derm12345_train_part_2/sk/DERM_275414.jpg,sk,37,37,37,True
/mnt/c/Users/0M SAI RAM/Desktop/project/dataset/archive/derm12345_train_part_2/sk/DERM_556866.jpg,sk,37,37,11,False
/mnt/c/Users/0M SAI RAM/Desktop/project/dataset/archive/derm12345_train_part_2/sk/DERM_598847.jpg,sk,37,37,37,True
/mnt/c/Users/0M SAI RAM/Desktop/project/dataset/archive/derm12345_train_part_2/sk/DERM_166112.jpg,sk,37,37,37,True
/mnt/c/Users/0M SAI RAM/Desktop/project/dataset/archive/derm12345_train_part_2/sk/DERM_102389.jpg,sk,37,37,37,True
/mnt/c/Users/0M SAI RAM/Desktop/project/dataset/archive/derm12345_train_part_2/sk/DERM_265975.jpg,sk,37,37,37,True
/mnt/c/Users/0M SAI RAM/Desktop/project/dataset/archive/derm12345_train_part_2/sk/DERM_516143.jpg,sk,37,37,17,False
/mnt/c/Users/0M SAI RAM/Desktop/project/dataset/archive/derm12345_train_part_2/sk/DERM_626124.jpg,sk,37,37,23,False
/mnt/c/Users/0M SAI RAM/Desktop/project/dataset/archive/derm12345_train_part_2/sk/DERM_639169.jpg,sk,37,37,12,False
/mnt/c/Users/0M SAI RAM/Desktop/project/dataset/archive/derm12345_train_part_2/sk/DERM_932698.jpg,sk,37,37,38,False
/mnt/c/Users/0M SAI RAM/Desktop/project/dataset/archive/derm12345_train_part_2/sk/DERM_375858.jpg,sk,37,37,23,False
/mnt/c/Users/0M SAI RAM/Desktop/project/dataset/archive/derm12345_train_part_2/sk/DERM_214461.jpg,sk,37,37,37,True
/mnt/c/Users/0M SAI RAM/Desktop/project/dataset/archive/derm12345_train_part_2/sk/DERM_807995.jpg,sk,37,37,37,True
/mnt/c/Users/0M SAI RAM/Desktop/project/dataset/archive/derm12345_train_part_2/sk/DERM_778905.jpg,sk,37,37,17,False
/mnt/c/Users/0M SAI RAM/Desktop/project/dataset/archive/derm12345_train_part_2/sk/DERM_725725.jpg,sk,37,37,23,False
/mnt/c/Users/0M SAI RAM/Desktop/project/dataset/archive/derm12345_train_part_2/sk/DERM_641789.jpg,sk,37,37,17,False
/mnt/c/Users/0M SAI RAM/Desktop/project/dataset/archive/derm12345_train_part_2/sk/DERM_341641.jpg,sk,37,37,37,True
/mnt/c/Users/0M SAI RAM/Desktop/project/dataset/archive/derm12345_train_part_2/sk/DERM_761709.jpg,sk,37,37,14,False
/mnt/c/Users/0M SAI RAM/Desktop/project/dataset/archive/derm12345_train_part_2/sk/DERM_258972.jpg,sk,37,37,12,False
/mnt/c/Users/0M SAI RAM/Desktop/project/dataset/archive/derm12345_train_part_2/sk/DERM_791418.jpg,sk,37,37,37,True
/mnt/c/Users/0M SAI RAM/Desktop/project/dataset/archive/derm12345_train_part_2/sk/DERM_665619.jpg,sk,37,37,37,True
/mnt/c/Users/0M SAI RAM/Desktop/project/dataset/archive/derm12345_train_part_2/sk/DERM_546157.jpg,sk,37,37,10,False
/mnt/c/Users/0M SAI RAM/Desktop/project/dataset/archive/derm12345_train_part_2/sk/DERM_582095.jpg,sk,37,37,17,False
/mnt/c/Users/0M SAI RAM/Desktop/project/dataset/archive/derm12345_train_part_2/sk/DERM_169258.jpg,sk,37,37,37,True
/mnt/c/Users/0M SAI RAM/Desktop/project/dataset/archive/derm12345_train_part_2/sk/DERM_310176.jpg,sk,37,37,17,False
/mnt/c/Users/0M SAI RAM/Desktop/project/dataset/archive/derm12345_train_part_2/sk/DERM_263023.jpg,sk,37,37,36,False
/mnt/c/Users/0M SAI RAM/Desktop/project/dataset/archive/derm12345_train_part_2/sk/DERM_300889.jpg,sk,37,37,8,False
/mnt/c/Users/0M SAI RAM/Desktop/project/dataset/archive/derm12345_train_part_2/sk/DERM_614950.jpg,sk,37,37,25,False
/mnt/c/Users/0M SAI RAM/Desktop/project/dataset/archive/derm12345_train_part_2/sk/DERM_360101.jpg,sk,37,37,37,True
/mnt/c/Users/0M SAI RAM/Desktop/project/dataset/archive/derm12345_train_part_2/sk/DERM_986435.jpg,sk,37,37,17,False
/mnt/c/Users/0M SAI RAM/Desktop/project/dataset/archive/derm12345_train_part_2/sk/DERM_706103.jpg,sk,37,37,37,True
/mnt/c/Users/0M SAI RAM/Desktop/project/dataset/archive/derm12345_train_part_2/sk/DERM_615906.jpg,sk,37,37,11,False
/mnt/c/Users/0M SAI RAM/Desktop/project/dataset/archive/derm12345_train_part_2/sk/DERM_146245.jpg,sk,37,37,8,False
/mnt/c/Users/0M SAI RAM/Desktop/project/dataset/archive/derm12345_train_part_2/sk/DERM_955010.jpg,sk,37,37,37,True
/mnt/c/Users/0M SAI RAM/Desktop/project/dataset/archive/derm12345_train_part_2/sk/DERM_889288.jpg,sk,37,37,27,False
/mnt/c/Users/0M SAI RAM/Desktop/project/dataset/archive/derm12345_train_part_2/sk/DERM_944029.jpg,sk,37,37,23,False
/mnt/c/Users/0M SAI RAM/Desktop/project/dataset/archive/derm12345_train_part_2/sk/DERM_261850.jpg,sk,37,37,37,True
/mnt/c/Users/0M SAI RAM/Desktop/project/dataset/archive/derm12345_train_part_2/sk/DERM_776896.jpg,sk,37,37,37,True
/mnt/c/Users/0M SAI RAM/Desktop/project/dataset/archive/derm12345_train_part_2/sk/DERM_515676.jpg,sk,37,37,37,True
/mnt/c/Users/0M SAI RAM/Desktop/project/dataset/archive/derm12345_train_part_2/sk/DERM_106862.jpg,sk,37,37,37,True
/mnt/c/Users/0M SAI RAM/Desktop/project/dataset/archive/derm12345_train_part_2/sk/DERM_991814.jpg,sk,37,37,37,True
/mnt/c/Users/0M SAI RAM/Desktop/project/dataset/archive/derm12345_train_part_2/sk/DERM_475827.jpg,sk,37,37,37,True
/mnt/c/Users/0M SAI RAM/Desktop/project/dataset/archive/derm12345_train_part_2/sk/DERM_634653.jpg,sk,37,37,37,True
/mnt/c/Users/0M SAI RAM/Desktop/project/dataset/archive/derm12345_train_part_2/sk/DERM_233458.jpg,sk,37,37,23,False
/mnt/c/Users/0M SAI RAM/Desktop/project/dataset/archive/derm12345_train_part_2/sk/DERM_511971.jpg,sk,37,37,23,False
/mnt/c/Users/0M SAI RAM/Desktop/project/dataset/archive/derm12345_train_part_2/sk/DERM_934470.jpg,sk,37,37,37,True
/mnt/c/Users/0M SAI RAM/Desktop/project/dataset/archive/derm12345_train_part_2/sk/DERM_115679.jpg,sk,37,37,11,False
/mnt/c/Users/0M SAI RAM/Desktop/project/dataset/archive/derm12345_train_part_2/sk/DERM_662726.jpg,sk,37,37,37,True
/mnt/c/Users/0M SAI RAM/Desktop/project/dataset/archive/derm12345_train_part_2/sk/DERM_941232.jpg,sk,37,37,37,True
/mnt/c/Users/0M SAI RAM/Desktop/project/dataset/archive/derm12345_train_part_2/sk/DERM_134669.jpg,sk,37,37,12,False
/mnt/c/Users/0M SAI RAM/Desktop/project/dataset/archive/derm12345_train_part_2/sk/DERM_187514.jpg,sk,37,37,12,False
/mnt/c/Users/0M SAI RAM/Desktop/project/dataset/archive/derm12345_train_part_2/sk/DERM_851199.jpg,sk,37,37,37,True
/mnt/c/Users/0M SAI RAM/Desktop/project/dataset/archive/derm12345_train_part_2/sk/DERM_783975.jpg,sk,37,37,11,False
/mnt/c/Users/0M SAI RAM/Desktop/project/dataset/archive/derm12345_train_part_2/sl/DERM_400855.jpg,sl,38,38,16,False
/mnt/c/Users/0M SAI RAM/Desktop/project/dataset/archive/derm12345_train_part_2/sl/DERM_863153.jpg,sl,38,38,23,False
/mnt/c/Users/0M SAI RAM/Desktop/project/dataset/archive/derm12345_train_part_2/sl/DERM_665519.jpg,sl,38,38,23,False
/mnt/c/Users/0M SAI RAM/Desktop/project/dataset/archive/derm12345_train_part_2/sl/DERM_675405.jpg,sl,38,38,37,False
/mnt/c/Users/0M SAI RAM/Desktop/project/dataset/archive/derm12345_train_part_2/sl/DERM_514666.jpg,sl,38,38,38,True
/mnt/c/Users/0M SAI RAM/Desktop/project/dataset/archive/derm12345_train_part_2/sl/DERM_223904.jpg,sl,38,38,38,True
/mnt/c/Users/0M SAI RAM/Desktop/project/dataset/archive/derm12345_train_part_2/sl/DERM_272397.jpg,sl,38,38,37,False
/mnt/c/Users/0M SAI RAM/Desktop/project/dataset/archive/derm12345_train_part_2/sl/DERM_104041.jpg,sl,38,38,23,False
/mnt/c/Users/0M SAI RAM/Desktop/project/dataset/archive/derm12345_train_part_2/sl/DERM_924653.jpg,sl,38,38,38,True
/mnt/c/Users/0M SAI RAM/Desktop/project/dataset/archive/derm12345_train_part_2/sl/DERM_522027.jpg,sl,38,38,23,False
/mnt/c/Users/0M SAI RAM/Desktop/project/dataset/archive/derm12345_train_part_2/sl/DERM_854118.jpg,sl,38,38,23,False
/mnt/c/Users/0M SAI RAM/Desktop/project/dataset/archive/derm12345_train_part_2/sl/DERM_921413.jpg,sl,38,38,37,False
/mnt/c/Users/0M SAI RAM/Desktop/project/dataset/archive/derm12345_train_part_2/sl/DERM_927285.jpg,sl,38,38,38,True
/mnt/c/Users/0M SAI RAM/Desktop/project/dataset/archive/derm12345_train_part_2/sl/DERM_634040.jpg,sl,38,38,23,False
/mnt/c/Users/0M SAI RAM/Desktop/project/dataset/archive/derm12345_train_part_2/sl/DERM_538540.jpg,sl,38,38,11,False
/mnt/c/Users/0M SAI RAM/Desktop/project/dataset/archive/derm12345_train_part_2/sl/DERM_594203.jpg,sl,38,38,38,True
/mnt/c/Users/0M SAI RAM/Desktop/project/dataset/archive/derm12345_train_part_2/srjd/DERM_129840.jpg,srjd,39,39,39,True
/mnt/c/Users/0M SAI RAM/Desktop/project/dataset/archive/derm12345_train_part_2/srjd/DERM_996847.jpg,srjd,39,39,39,True
/mnt/c/Users/0M SAI RAM/Desktop/project/dataset/archive/derm12345_train_part_2/srjd/DERM_340483.jpg,srjd,39,39,23,False
/mnt/c/Users/0M SAI RAM/Desktop/project/dataset/archive/derm12345_train_part_2/srjd/DERM_876128.jpg,srjd,39,39,39,True
/mnt/c/Users/0M SAI RAM/Desktop/project/dataset/archive/derm12345_train_part_2/srjd/DERM_194546.jpg,srjd,39,39,39,True
