filepath,label,class_index,true_class_index,predicted_class_index,correct
/mnt/c/Users/0M SAI RAM/Desktop/project/dataset/archive/derm12345_train_part_1/acb/DERM_830572.jpg,acb,0,0,0,True
/mnt/c/Users/0M SAI RAM/Desktop/project/dataset/archive/derm12345_train_part_1/acb/DERM_783499.jpg,acb,0,0,3,False
/mnt/c/Users/0M SAI RAM/Desktop/project/dataset/archive/derm12345_train_part_1/acb/DERM_590657.jpg,acb,0,0,0,True
/mnt/c/Users/0M SAI RAM/Desktop/project/dataset/archive/derm12345_train_part_1/acb/DERM_328318.jpg,acb,0,0,23,False
/mnt/c/Users/0M SAI RAM/Desktop/project/dataset/archive/derm12345_train_part_1/acb/DERM_771195.jpg,acb,0,0,17,False
/mnt/c/Users/0M SAI RAM/Desktop/project/dataset/archive/derm12345_train_part_1/acb/DERM_162768.jpg,acb,0,0,23,False
/mnt/c/Users/0M SAI RAM/Desktop/project/dataset/archive/derm12345_train_part_1/acb/DERM_487693.jpg,acb,0,0,0,True
/mnt/c/Users/0M SAI RAM/Desktop/project/dataset/archive/derm12345_train_part_1/acb/DERM_476245.jpg,acb,0,0,0,True
/mnt/c/Users/0M SAI RAM/Desktop/project/dataset/archive/derm12345_train_part_1/acb/DERM_311229.jpg,acb,0,0,12,False
/mnt/c/Users/0M SAI RAM/Desktop/project/dataset/archive/derm12345_train_part_1/acb/DERM_314592.jpg,acb,0,0,12,False
/mnt/c/Users/0M SAI RAM/Desktop/project/dataset/archive/derm12345_train_part_1/acd/DERM_139981.jpg,acd,1,1,2,False
/mnt/c/Users/0M SAI RAM/Desktop/project/dataset/archive/derm12345_train_part_1/acd/DERM_625058.jpg,acd,1,1,2,False
/mnt/c/Users/0M SAI RAM/Desktop/project/dataset/archive/derm12345_train_part_1/ajb/DERM_599887.jpg,ajb,2,2,2,True
/mnt/c/Users/0M SAI RAM/Desktop/project/dataset/archive/derm12345_train_part_1/ajb/DERM_493210.jpg,ajb,2,2,2,True
/mnt/c/Users/0M SAI RAM/Desktop/project/dataset/archive/derm12345_train_part_1/ajb/DERM_690480.jpg,ajb,2,2,12,False
/mnt/c/Users/0M SAI RAM/Desktop/project/dataset/archive/derm12345_train_part_1/ajb/DERM_965983.jpg,ajb,2,2,2,True
/mnt/c/Users/0M SAI RAM/Desktop/project/dataset/archive/derm12345_train_part_1/ajb/DERM_265094.jpg,ajb,2,2,2,True
/mnt/c/Users/0M SAI RAM/Desktop/project/dataset/archive/derm12345_train_part_1/ajb/DERM_521286.jpg,ajb,2,2,2,True
/mnt/c/Users/0M SAI RAM/Desktop/project/dataset/archive/derm12345_train_part_1/ajb/DERM_311246.jpg,ajb,2,2,2,True
/mnt/c/Users/0M SAI RAM/Desktop/project/dataset/archive/derm12345_train_part_1/ajb/DERM_577062.jpg,ajb,2,2,2,True
/mnt/c/Users/0M SAI RAM/Desktop/project/dataset/archive/derm12345_train_part_1/ajb/DERM_147504.jpg,ajb,2,2,2,True
/mnt/c/Users/0M SAI RAM/Desktop/project/dataset/archive/derm12345_train_part_1/ajb/DERM_176565.jpg,ajb,2,2,5,False
/mnt/c/Users/0M SAI RAM/Desktop/project/dataset/archive/derm12345_train_part_1/ajb/DERM_379371.jpg,ajb,2,2,2,True
/mnt/c/Users/0M SAI RAM/Desktop/project/dataset/archive/derm12345_train_part_1/ajb/DERM_784113.jpg,ajb,2,2,2,True
/mnt/c/Users/0M SAI RAM/Desktop/project/dataset/archive/derm12345_train_part_1/ajb/DERM_751336.jpg,ajb,2,2,2,True
/mnt/c/Users/0M SAI RAM/Desktop/project/dataset/archive/derm12345_train_part_1/ajb/DERM_483962.jpg,ajb,2,2,2,True
/mnt/c/Users/0M SAI RAM/Desktop/project/dataset/archive/derm12345_train_part_1/ajb/DERM_967317.jpg,ajb,2,2,3,False
/mnt/c/Users/0M SAI RAM/Desktop/project/dataset/archive/derm12345_train_part_1/ajb/DERM_250184.jpg,ajb,2,2,2,True
/mnt/c/Users/0M SAI RAM/Desktop/project/dataset/archive/derm12345_train_part_1/ajb/DERM_559940.jpg,ajb,2,2,2,True
/mnt/c/Users/0M SAI RAM/Desktop/project/dataset/archive/derm12345_train_part_1/ajb/DERM_298992.jpg,ajb,2,2,2,True
/mnt/c/Users/0M SAI RAM/Desktop/project/dataset/archive/derm12345_train_part_1/ajb/DERM_604696.jpg,ajb,2,2,2,True
/mnt/c/Users/0M SAI RAM/Desktop/project/dataset/archive/derm12345_train_part_1/ajb/DERM_352982.jpg,ajb,2,2,3,False
/mnt/c/Users/0M SAI RAM/Desktop/project/dataset/archive/derm12345_train_part_1/ajb/DERM_885437.jpg,ajb,2,2,2,True
/mnt/c/Users/0M SAI RAM/Desktop/project/dataset/archive/derm12345_train_part_1/ajb/DERM_544246.jpg,ajb,2,2,2,True
/mnt/c/Users/0M SAI RAM/Desktop/project/dataset/archive/derm12345_train_part_1/ajb/DERM_713716.jpg,ajb,2,2,2,True
/mnt/c/Users/0M SAI RAM/Desktop/project/dataset/archive/derm12345_train_part_1/ajb/DERM_975733.jpg,ajb,2,2,2,True
/mnt/c/Users/0M SAI RAM/Desktop/project/dataset/archive/derm12345_train_part_1/ajb/DERM_163250.jpg,ajb,2,2,16,False
/mnt/c/Users/0M SAI RAM/Desktop/project/dataset/archive/derm12345_train_part_1/ajb/DERM_486912.jpg,ajb,2,2,3,False
/mnt/c/Users/0M SAI RAM/Desktop/project/dataset/archive/derm12345_train_part_1/ajb/DERM_727434.jpg,ajb,2,2,2,True
/mnt/c/Users/0M SAI RAM/Desktop/project/dataset/archive/derm12345_train_part_1/ajb/DERM_751328.jpg,ajb,2,2,2,True
/mnt/c/Users/0M SAI RAM/Desktop/project/dataset/archive/derm12345_train_part_1/ajb/DERM_967839.jpg,ajb,2,2,2,True
/mnt/c/Users/0M SAI RAM/Desktop/project/dataset/archive/derm12345_train_part_1/ajb/DERM_963746.jpg,ajb,2,2,2,True
/mnt/c/Users/0M SAI RAM/Desktop/project/dataset/archive/derm12345_train_part_1/ajb/DERM_869181.jpg,ajb,2,2,3,False
/mnt/c/Users/0M SAI RAM/Desktop/project/dataset/archive/derm12345_train_part_1/ajb/DERM_664369.jpg,ajb,2,2,2,True
/mnt/c/Users/0M SAI RAM/Desktop/project/dataset/archive/derm12345_train_part_1/ajb/DERM_775304.jpg,ajb,2,2,2,True
/mnt/c/Users/0M SAI RAM/Desktop/project/dataset/archive/derm12345_train_part_1/ajb/DERM_688422.jpg,ajb,2,2,2,True
/mnt/c/Users/0M SAI RAM/Desktop/project/dataset/archive/derm12345_train_part_1/ajb/DERM_216250.jpg,ajb,2,2,30,False
/mnt/c/Users/0M SAI RAM/Desktop/project/dataset/archive/derm12345_train_part_1/ajb/DERM_852649.jpg,ajb,2,2,14,False
/mnt/c/Users/0M SAI RAM/Desktop/project/dataset/archive/derm12345_train_part_1/ajb/DERM_785836.jpg,ajb,2,2,2,True
/mnt/c/Users/0M SAI RAM/Desktop/project/dataset/archive/derm12345_train_part_1/ajb/DERM_866750.jpg,ajb,2,2,2,True
/mnt/c/Users/0M SAI RAM/Desktop/project/dataset/archive/derm12345_train_part_1/ajb/DERM_693329.jpg,ajb,2,2,2,True
/mnt/c/Users/0M SAI RAM/Desktop/project/dataset/archive/derm12345_train_part_1/ajb/DERM_538094.jpg,ajb,2,2,2,True
/mnt/c/Users/0M SAI RAM/Desktop/project/dataset/archive/derm12345_train_part_1/ajb/DERM_706397.jpg,ajb,2,2,2,True
/mnt/c/Users/0M SAI RAM/Desktop/project/dataset/archive/derm12345_train_part_1/ajb/DERM_799437.jpg,ajb,2,2,3,False
/mnt/c/Users/0M SAI RAM/Desktop/project/dataset/archive/derm12345_train_part_1/ajb/DERM_266170.jpg,ajb,2,2,2,True
/mnt/c/Users/0M SAI RAM/Desktop/project/dataset/archive/derm12345_train_part_1/ajb/DERM_857346.jpg,ajb,2,2,2,True
/mnt/c/Users/0M SAI RAM/Desktop/project/dataset/archive/derm12345_train_part_1/ajb/DERM_397766.jpg,ajb,2,2,3,False
/mnt/c/Users/0M SAI RAM/Desktop/project/dataset/archive/derm12345_train_part_1/ajb/DERM_552298.jpg,ajb,2,2,2,True
/mnt/c/Users/0M SAI RAM/Desktop/project/dataset/archive/derm12345_train_part_1/ajb/DERM_177170.jpg,ajb,2,2,3,False
/mnt/c/Users/0M SAI RAM/Desktop/project/dataset/archive/derm12345_train_part_1/ajb/DERM_683503.jpg,ajb,2,2,2,True
/mnt/c/Users/0M SAI RAM/Desktop/project/dataset/archive/derm12345_train_part_1/ajb/DERM_976031.jpg,ajb,2,2,2,True
/mnt/c/Users/0M SAI RAM/Desktop/project/dataset/archive/derm12345_train_part_1/ajb/DERM_980054.jpg,ajb,2,2,2,True
/mnt/c/Users/0M SAI RAM/Desktop/project/dataset/archive/derm12345_train_part_1/ajb/DERM_574064.jpg,ajb,2,2,2,True
/mnt/c/Users/0M SAI RAM/Desktop/project/dataset/archive/derm12345_train_part_1/ajb/DERM_639444.jpg,ajb,2,2,3,False
/mnt/c/Users/0M SAI RAM/Desktop/project/dataset/archive/derm12345_train_part_1/ajb/DERM_963306.jpg,ajb,2,2,2,True
/mnt/c/Users/0M SAI RAM/Desktop/project/dataset/archive/derm12345_train_part_1/ajb/DERM_813091.jpg,ajb,2,2,3,False
/mnt/c/Users/0M SAI RAM/Desktop/project/dataset/archive/derm12345_train_part_1/ajb/DERM_937718.jpg,ajb,2,2,2,True
/mnt/c/Users/0M SAI RAM/Desktop/project/dataset/archive/derm12345_train_part_1/ajb/DERM_850133.jpg,ajb,2,2,2,True
/mnt/c/Users/0M SAI RAM/Desktop/project/dataset/archive/derm12345_train_part_1/ajb/DERM_295140.jpg,ajb,2,2,17,False
/mnt/c/Users/0M SAI RAM/Desktop/project/dataset/archive/derm12345_train_part_1/ajb/DERM_362082.jpg,ajb,2,2,2,True
/mnt/c/Users/0M SAI RAM/Desktop/project/dataset/archive/derm12345_train_part_1/ajb/DERM_448865.jpg,ajb,2,2,2,True
/mnt/c/Users/0M SAI RAM/Desktop/project/dataset/archive/derm12345_train_part_1/ajb/DERM_945595.jpg,ajb,2,2,2,True
/mnt/c/Users/0M SAI RAM/Desktop/project/dataset/archive/derm12345_train_part_1/ajb/DERM_119904.jpg,ajb,2,2,3,False
/mnt/c/Users/0M SAI RAM/Desktop/project/dataset/archive/derm12345_train_part_1/ajb/DERM_266496.jpg,ajb,2,2,2,True
/mnt/c/Users/0M SAI RAM/Desktop/project/dataset/archive/derm12345_train_part_1/ajb/DERM_555907.jpg,ajb,2,2,11,False
/mnt/c/Users/0M SAI RAM/Desktop/project/dataset/archive/derm12345_train_part_1/ajb/DERM_656433.jpg,ajb,2,2,23,False
/mnt/c/Users/0M SAI RAM/Desktop/project/dataset/archive/derm12345_train_part_1/ajb/DERM_151677.jpg,ajb,2,2,2,True
/mnt/c/Users/0M SAI RAM/Desktop/project/dataset/archive/derm12345_train_part_1/ajb/DERM_362145.jpg,ajb,2,2,3,False
/mnt/c/Users/0M SAI RAM/Desktop/project/dataset/archive/derm12345_train_part_1/ajb/DERM_577541.jpg,ajb,2,2,22,False
/mnt/c/Users/0M SAI RAM/Desktop/project/dataset/archive/derm12345_train_part_1/ajb/DERM_580373.jpg,ajb,2,2,2,True
/mnt/c/Users/0M SAI RAM/Desktop/project/dataset/archive/derm12345_train_part_1/ajb/DERM_989969.jpg,ajb,2,2,2,True
/mnt/c/Users/0M SAI RAM/Desktop/project/dataset/archive/derm12345_train_part_1/ajb/DERM_242958.jpg,ajb,2,2,3,False
/mnt/c/Users/0M SAI RAM/Desktop/project/dataset/archive/derm12345_train_part_1/ajb/DERM_288047.jpg,ajb,2,2,2,True
/mnt/c/Users/0M SAI RAM/Desktop/project/dataset/archive/derm12345_train_part_1/ajb/DERM_331708.jpg,ajb,2,2,2,True
/mnt/c/Users/0M SAI RAM/Desktop/project/dataset/archive/derm12345_train_part_1/ajb/DERM_705556.jpg,ajb,2,2,2,True
/mnt/c/Users/0M SAI RAM/Desktop/project/dataset/archive/derm12345_train_part_1/ajb/DERM_467034.jpg,ajb,2,2,2,True
/mnt/c/Users/0M SAI RAM/Desktop/project/dataset/archive/derm12345_train_part_1/ajb/DERM_773728.jpg,ajb,2,2,3,False
/mnt/c/Users/0M SAI RAM/Desktop/project/dataset/archive/derm12345_train_part_1/ajb/DERM_764461.jpg,ajb,2,2,3,False
/mnt/c/Users/0M SAI RAM/Desktop/project/dataset/archive/derm12345_train_part_1/ajb/DERM_832635.jpg,ajb,2,2,2,True
/mnt/c/Users/0M SAI RAM/Desktop/project/dataset/archive/derm12345_train_part_1/ajb/DERM_290976.jpg,ajb,2,2,2,True
/mnt/c/Users/0M SAI RAM/Desktop/project/dataset/archive/derm12345_train_part_1/ajb/DERM_748537.jpg,ajb,2,2,2,True
/mnt/c/Users/0M SAI RAM/Desktop/project/dataset/archive/derm12345_train_part_1/ajb/DERM_186899.jpg,ajb,2,2,2,True
/mnt/c/Users/0M SAI RAM/Desktop/project/dataset/archive/derm12345_train_part_1/ajb/DERM_139660.jpg,ajb,2,2,3,False
/mnt/c/Users/0M SAI RAM/Desktop/project/dataset/archive/derm12345_train_part_1/ajb/DERM_906273.jpg,ajb,2,2,2,True
/mnt/c/Users/0M SAI RAM/Desktop/project/dataset/archive/derm12345_train_part_1/ajb/DERM_244040.jpg,ajb,2,2,2,True
/mnt/c/Users/0M SAI RAM/Desktop/project/dataset/archive/derm12345_train_part_1/ajb/DERM_338944.jpg,ajb,2,2,2,True
/mnt/c/Users/0M SAI RAM/Desktop/project/dataset/archive/derm12345_train_part_1/ajb/DERM_888226.jpg,ajb,2,2,2,True
/mnt/c/Users/0M SAI RAM/Desktop/project/dataset/archive/derm12345_train_part_1/ajb/DERM_428873.jpg,ajb,2,2,3,False
/mnt/c/Users/0M SAI RAM/Desktop/project/dataset/archive/derm12345_train_part_1/ajb/DERM_668386.jpg,ajb,2,2,2,True
/mnt/c/Users/0M SAI RAM/Desktop/project/dataset/archive/derm12345_train_part_1/ajb/DERM_261718.jpg,ajb,2,2,2,True
/mnt/c/Users/0M SAI RAM/Desktop/project/dataset/archive/derm12345_train_part_1/ajb/DERM_619535.jpg,ajb,2,2,2,True
/mnt/c/Users/0M SAI RAM/Desktop/project/dataset/archive/derm12345_train_part_1/ajb/DERM_834711.jpg,ajb,2,2,2,True
/mnt/c/Users/0M SAI RAM/Desktop/project/dataset/archive/derm12345_train_part_1/ajb/DERM_731984.jpg,ajb,2,2,2,True
/mnt/c/Users/0M SAI RAM/Desktop/project/dataset/archive/derm12345_train_part_1/ajb/DERM_465699.jpg,ajb,2,2,2,True
/mnt/c/Users/0M SAI RAM/Desktop/project/dataset/archive/derm12345_train_part_1/ajb/DERM_393953.jpg,ajb,2,2,2,True
/mnt/c/Users/0M SAI RAM/Desktop/project/dataset/archive/derm12345_train_part_1/ajb/DERM_794976.jpg,ajb,2,2,2,True
/mnt/c/Users/0M SAI RAM/Desktop/project/dataset/archive/derm12345_train_part_1/ajb/DERM_178664.jpg,ajb,2,2,2,True
/mnt/c/Users/0M SAI RAM/Desktop/project/dataset/archive/derm12345_train_part_1/ajb/DERM_514978.jpg,ajb,2,2,2,True
/mnt/c/Users/0M SAI RAM/Desktop/project/dataset/archive/derm12345_train_part_1/ajb/DERM_360922.jpg,ajb,2,2,22,False
/mnt/c/Users/0M SAI RAM/Desktop/project/dataset/archive/derm12345_train_part_1/ajb/DERM_455849.jpg,ajb,2,2,22,False
/mnt/c/Users/0M SAI RAM/Desktop/project/dataset/archive/derm12345_train_part_1/ajb/DERM_549668.jpg,ajb,2,2,30,False
/mnt/c/Users/0M SAI RAM/Desktop/project/dataset/archive/derm12345_train_part_1/ajb/DERM_828580.jpg,ajb,2,2,2,True
/mnt/c/Users/0M SAI RAM/Desktop/project/dataset/archive/derm12345_train_part_1/ajb/DERM_502512.jpg,ajb,2,2,2,True
/mnt/c/Users/0M SAI RAM/Desktop/project/dataset/archive/derm12345_train_part_1/ajb/DERM_219998.jpg,ajb,2,2,2,True
/mnt/c/Users/0M SAI RAM/Desktop/project/dataset/archive/derm12345_train_part_1/ajb/DERM_325154.jpg,ajb,2,2,2,True
/mnt/c/Users/0M SAI RAM/Desktop/project/dataset/archive/derm12345_train_part_1/ajb/DERM_845776.jpg,ajb,2,2,2,True
/mnt/c/Users/0M SAI RAM/Desktop/project/dataset/archive/derm12345_train_part_1/ajb/DERM_417444.jpg,ajb,2,2,23,False
/mnt/c/Users/0M SAI RAM/Desktop/project/dataset/archive/derm12345_train_part_1/ajb/DERM_134183.jpg,ajb,2,2,2,True
/mnt/c/Users/0M SAI RAM/Desktop/project/dataset/archive/derm12345_train_part_1/ajb/DERM_935248.jpg,ajb,2,2,2,True
/mnt/c/Users/0M SAI RAM/Desktop/project/dataset/archive/derm12345_train_part_1/ajb/DERM_801214.jpg,ajb,2,2,2,True
/mnt/c/Users/0M SAI RAM/Desktop/project/dataset/archive/derm12345_train_part_1/ajb/DERM_892974.jpg,ajb,2,2,2,True
/mnt/c/Users/0M SAI RAM/Desktop/project/dataset/archive/derm12345_train_part_1/ajb/DERM_396416.jpg,ajb,2,2,2,True
/mnt/c/Users/0M SAI RAM/Desktop/project/dataset/archive/derm12345_train_part_1/ajb/DERM_591902.jpg,ajb,2,2,2,True
/mnt/c/Users/0M SAI RAM/Desktop/project/dataset/archive/derm12345_train_part_1/ajb/DERM_262824.jpg,ajb,2,2,2,True
/mnt/c/Users/0M SAI RAM/Desktop/project/dataset/archive/derm12345_train_part_1/ajb/DERM_985552.jpg,ajb,2,2,3,False
/mnt/c/Users/0M SAI RAM/Desktop/project/dataset/archive/derm12345_train_part_1/ajb/DERM_985515.jpg,ajb,2,2,2,True
/mnt/c/Users/0M SAI RAM/Desktop/project/dataset/archive/derm12345_train_part_1/ajd/DERM_890515.jpg,ajd,3,3,0,False
/mnt/c/Users/0M SAI RAM/Desktop/project/dataset/archive/derm12345_train_part_1/ajd/DERM_201365.jpg,ajd,3,3,2,False
/mnt/c/Users/0M SAI RAM/Desktop/project/dataset/archive/derm12345_train_part_1/ajd/DERM_934797.jpg,ajd,3,3,2,False
/mnt/c/Users/0M SAI RAM/Desktop/project/dataset/archive/derm12345_train_part_1/ajd/DERM_323988.jpg,ajd,3,3,3,True
/mnt/c/Users/0M SAI RAM/Desktop/project/dataset/archive/derm12345_train_part_1/ajd/DERM_384712.jpg,ajd,3,3,23,False
/mnt/c/Users/0M SAI RAM/Desktop/project/dataset/archive/derm12345_train_part_1/ajd/DERM_656535.jpg,ajd,3,3,2,False
/mnt/c/Users/0M SAI RAM/Desktop/project/dataset/archive/derm12345_train_part_1/ajd/DERM_415656.jpg,ajd,3,3,3,True
/mnt/c/Users/0M SAI RAM/Desktop/project/dataset/archive/derm12345_train_part_1/ajd/DERM_545286.jpg,ajd,3,3,14,False
/mnt/c/Users/0M SAI RAM/Desktop/project/dataset/archive/derm12345_train_part_1/ajd/DERM_704194.jpg,ajd,3,3,23,False
/mnt/c/Users/0M SAI RAM/Desktop/project/dataset/archive/derm12345_train_part_1/ajd/DERM_345382.jpg,ajd,3,3,2,False
/mnt/c/Users/0M SAI RAM/Desktop/project/dataset/archive/derm12345_train_part_1/ajd/DERM_985572.jpg,ajd,3,3,3,True
/mnt/c/Users/0M SAI RAM/Desktop/project/dataset/archive/derm12345_train_part_1/ajd/DERM_361517.jpg,ajd,3,3,3,True
/mnt/c/Users/0M SAI RAM/Desktop/project/dataset/archive/derm12345_train_part_1/ajd/DERM_273518.jpg,ajd,3,3,20,False
/mnt/c/Users/0M SAI RAM/Desktop/project/dataset/archive/derm12345_train_part_1/ajd/DERM_399618.jpg,ajd,3,3,3,True
/mnt/c/Users/0M SAI RAM/Desktop/project/dataset/archive/derm12345_train_part_1/ajd/DERM_599628.jpg,ajd,3,3,3,True
/mnt/c/Users/0M SAI RAM/Desktop/project/dataset/archive/derm12345_train_part_1/ajd/DERM_568220.jpg,ajd,3,3,2,False
/mnt/c/Users/0M SAI RAM/Desktop/project/dataset/archive/derm12345_train_part_1/ajd/DERM_381415.jpg,ajd,3,3,2,False
/mnt/c/Users/0M SAI RAM/Desktop/project/dataset/archive/derm12345_train_part_1/ajd/DERM_356707.jpg,ajd,3,3,3,True
/mnt/c/Users/0M SAI RAM/Desktop/project/dataset/archive/derm12345_train_part_1/ajd/DERM_445876.jpg,ajd,3,3,3,True
/mnt/c/Users/0M SAI RAM/Desktop/project/dataset/archive/derm12345_train_part_1/ajd/DERM_966217.jpg,ajd,3,3,3,True
/mnt/c/Users/0M SAI RAM/Desktop/project/dataset/archive/derm12345_train_part_1/ajd/DERM_328509.jpg,ajd,3,3,30,False
/mnt/c/Users/0M SAI RAM/Desktop/project/dataset/archive/derm12345_train_part_1/ajd/DERM_755102.jpg,ajd,3,3,3,True
/mnt/c/Users/0M SAI RAM/Desktop/project/dataset/archive/derm12345_train_part_1/ajd/DERM_996419.jpg,ajd,3,3,3,True
/mnt/c/Users/0M SAI RAM/Desktop/project/dataset/archive/derm12345_train_part_1/ajd/DERM_329311.jpg,ajd,3,3,18,False
/mnt/c/Users/0M SAI RAM/Desktop/project/dataset/archive/derm12345_train_part_1/ajd/DERM_823060.jpg,ajd,3,3,3,True
/mnt/c/Users/0M SAI RAM/Desktop/project/dataset/archive/derm12345_train_part_1/ajd/DERM_357794.jpg,ajd,3,3,3,True
/mnt/c/Users/0M SAI RAM/Desktop/project/dataset/archive/derm12345_train_part_1/ajd/DERM_533277.jpg,ajd,3,3,3,True
/mnt/c/Users/0M SAI RAM/Desktop/project/dataset/archive/derm12345_train_part_1/ajd/DERM_721921.jpg,ajd,3,3,3,True
/mnt/c/Users/0M SAI RAM/Desktop/project/dataset/archive/derm12345_train_part_1/ajd/DERM_781835.jpg,ajd,3,3,3,True
/mnt/c/Users/0M SAI RAM/Desktop/project/dataset/archive/derm12345_train_part_1/ajd/DERM_838754.jpg,ajd,3,3,22,False
/mnt/c/Users/0M SAI RAM/Desktop/project/dataset/archive/derm12345_train_part_1/ajd/DERM_745037.jpg,ajd,3,3,2,False
/mnt/c/Users/0M SAI RAM/Desktop/project/dataset/archive/derm12345_train_part_1/ajd/DERM_209832.jpg,ajd,3,3,3,True
/mnt/c/Users/0M SAI RAM/Desktop/project/dataset/archive/derm12345_train_part_1/ajd/DERM_391732.jpg,ajd,3,3,3,True
/mnt/c/Users/0M SAI RAM/Desktop/project/dataset/archive/derm12345_train_part_1/ajd/DERM_381024.jpg,ajd,3,3,3,True
/mnt/c/Users/0M SAI RAM/Desktop/project/dataset/archive/derm12345_train_part_1/ajd/DERM_646999.jpg,ajd,3,3,3,True
/mnt/c/Users/0M SAI RAM/Desktop/project/dataset/archive/derm12345_train_part_1/ajd/DERM_651812.jpg,ajd,3,3,3,True
/mnt/c/Users/0M SAI RAM/Desktop/project/dataset/archive/derm12345_train_part_1/ajd/DERM_652315.jpg,ajd,3,3,3,True
/mnt/c/Users/0M SAI RAM/Desktop/project/dataset/archive/derm12345_train_part_1/ajd/DERM_584848.jpg,ajd,3,3,2,False
/mnt/c/Users/0M SAI RAM/Desktop/project/dataset/archive/derm12345_train_part_1/ajd/DERM_966299.jpg,ajd,3,3,22,False
/mnt/c/Users/0M SAI RAM/Desktop/project/dataset/archive/derm12345_train_part_1/ajd/DERM_496290.jpg,ajd,3,3,3,True
/mnt/c/Users/0M SAI RAM/Desktop/project/dataset/archive/derm12345_train_part_1/ajd/DERM_894390.jpg,ajd,3,3,22,False
/mnt/c/Users/0M SAI RAM/Desktop/project/dataset/archive/derm12345_train_part_1/ajd/DERM_825082.jpg,ajd,3,3,14,False
/mnt/c/Users/0M SAI RAM/Desktop/project/dataset/archive/derm12345_train_part_1/ajd/DERM_381247.jpg,ajd,3,3,2,False
/mnt/c/Users/0M SAI RAM/Desktop/project/dataset/archive/derm12345_train_part_1/ajd/DERM_410788.jpg,ajd,3,3,23,False
/mnt/c/Users/0M SAI RAM/Desktop/project/dataset/archive/derm12345_train_part_1/ajd/DERM_679035.jpg,ajd,3,3,2,False
/mnt/c/Users/0M SAI RAM/Desktop/project/dataset/archive/derm12345_train_part_1/ajd/DERM_938598.jpg,ajd,3,3,2,False
/mnt/c/Users/0M SAI RAM/Desktop/project/dataset/archive/derm12345_train_part_1/ajd/DERM_887491.jpg,ajd,3,3,17,False
/mnt/c/Users/0M SAI RAM/Desktop/project/dataset/archive/derm12345_train_part_1/ajd/DERM_313941.jpg,ajd,3,3,10,False
/mnt/c/Users/0M SAI RAM/Desktop/project/dataset/archive/derm12345_train_part_1/ajd/DERM_693641.jpg,ajd,3,3,10,False
/mnt/c/Users/0M SAI RAM/Desktop/project/dataset/archive/derm12345_train_part_1/ajd/DERM_878162.jpg,ajd,3,3,22,False
/mnt/c/Users/0M SAI RAM/Desktop/project/dataset/archive/derm12345_train_part_1/ajd/DERM_919640.jpg,ajd,3,3,2,False
/mnt/c/Users/0M SAI RAM/Desktop/project/dataset/archive/derm12345_train_part_1/ajd/DERM_911928.jpg,ajd,3,3,2,False
/mnt/c/Users/0M SAI RAM/Desktop/project/dataset/archive/derm12345_train_part_1/ajd/DERM_282527.jpg,ajd,3,3,3,True
/mnt/c/Users/0M SAI RAM/Desktop/project/dataset/archive/derm12345_train_part_1/ajd/DERM_843722.jpg,ajd,3,3,12,False
/mnt/c/Users/0M SAI RAM/Desktop/project/dataset/archive/derm12345_train_part_1/ajd/DERM_617743.jpg,ajd,3,3,2,False
/mnt/c/Users/0M SAI RAM/Desktop/project/dataset/archive/derm12345_train_part_1/ajd/DERM_224293.jpg,ajd,3,3,2,False
/mnt/c/Users/0M SAI RAM/Desktop/project/dataset/archive/derm12345_train_part_1/ajd/DERM_345224.jpg,ajd,3,3,2,False
/mnt/c/Users/0M SAI RAM/Desktop/project/dataset/archive/derm12345_train_part_1/ajd/DERM_985149.jpg,ajd,3,3,11,False
/mnt/c/Users/0M SAI RAM/Desktop/project/dataset/archive/derm12345_train_part_1/ajd/DERM_237614.jpg,ajd,3,3,3,True
/mnt/c/Users/0M SAI RAM/Desktop/project/dataset/archive/derm12345_train_part_1/ajd/DERM_335389.jpg,ajd,3,3,3,True
/mnt/c/Users/0M SAI RAM/Desktop/project/dataset/archive/derm12345_train_part_1/ajd/DERM_368422.jpg,ajd,3,3,3,True
/mnt/c/Users/0M SAI RAM/Desktop/project/dataset/archive/derm12345_train_part_1/ajd/DERM_268709.jpg,ajd,3,3,3,True
/mnt/c/Users/0M SAI RAM/Desktop/project/dataset/archive/derm12345_train_part_1/ajd/DERM_256405.jpg,ajd,3,3,11,False
/mnt/c/Users/0M SAI RAM/Desktop/project/dataset/archive/derm12345_train_part_1/ajd/DERM_594715.jpg,ajd,3,3,22,False
/mnt/c/Users/0M SAI RAM/Desktop/project/dataset/archive/derm12345_train_part_1/ajd/DERM_776611.jpg,ajd,3,3,3,True
/mnt/c/Users/0M SAI RAM/Desktop/project/dataset/archive/derm12345_train_part_1/ajd/DERM_886226.jpg,ajd,3,3,3,True
/mnt/c/Users/0M SAI RAM/Desktop/project/dataset/archive/derm12345_train_part_1/ajd/DERM_705203.jpg,ajd,3,3,3,True
/mnt/c/Users/0M SAI RAM/Desktop/project/dataset/archive/derm12345_train_part_1/ajd/DERM_153702.jpg,ajd,3,3,3,True
/mnt/c/Users/0M SAI RAM/Desktop/project/dataset/archive/derm12345_train_part_1/ajd/DERM_208838.jpg,ajd,3,3,3,True
/mnt/c/Users/0M SAI RAM/Desktop/project/dataset/archive/derm12345_train_part_1/ajd/DERM_534362.jpg,ajd,3,3,3,True
/mnt/c/Users/0M SAI RAM/Desktop/project/dataset/archive/derm12345_train_part_1/ajd/DERM_889166.jpg,ajd,3,3,3,True
/mnt/c/Users/0M SAI RAM/Desktop/project/dataset/archive/derm12345_train_part_1/ajd/DERM_826106.jpg,ajd,3,3,3,True
/mnt/c/Users/0M SAI RAM/Desktop/project/dataset/archive/derm12345_train_part_1/ajd/DERM_299793.jpg,ajd,3,3,22,False
/mnt/c/Users/0M SAI RAM/Desktop/project/dataset/archive/derm12345_train_part_1/ajd/DERM_518751.jpg,ajd,3,3,3,True
/mnt/c/Users/0M SAI RAM/Desktop/project/dataset/archive/derm12345_train_part_1/ajd/DERM_625232.jpg,ajd,3,3,3,True
/mnt/c/Users/0M SAI RAM/Desktop/project/dataset/archive/derm12345_train_part_1/ajd/DERM_148912.jpg,ajd,3,3,17,False
/mnt/c/Users/0M SAI RAM/Desktop/project/dataset/archive/derm12345_train_part_1/ak/DERM_172873.jpg,ak,4,4,12,False
/mnt/c/Users/0M SAI RAM/Desktop/project/dataset/archive/derm12345_train_part_1/ak/DERM_930209.jpg,ak,4,4,37,False
/mnt/c/Users/0M SAI RAM/Desktop/project/dataset/archive/derm12345_train_part_1/ak/DERM_355816.jpg,ak,4,4,4,True
/mnt/c/Users/0M SAI RAM/Desktop/project/dataset/archive/derm12345_train_part_1/ak/DERM_295357.jpg,ak,4,4,27,False
/mnt/c/Users/0M SAI RAM/Desktop/project/dataset/archive/derm12345_train_part_1/ak/DERM_294665.jpg,ak,4,4,4,True
/mnt/c/Users/0M SAI RAM/Desktop/project/dataset/archive/derm12345_train_part_1/ak/DERM_432469.jpg,ak,4,4,4,True
/mnt/c/Users/0M SAI RAM/Desktop/project/dataset/archive/derm12345_train_part_1/ak/DERM_865417.jpg,ak,4,4,4,True
/mnt/c/Users/0M SAI RAM/Desktop/project/dataset/archive/derm12345_train_part_1/ak/DERM_819353.jpg,ak,4,4,4,True
/mnt/c/Users/0M SAI RAM/Desktop/project/dataset/archive/derm12345_train_part_1/ak/DERM_838323.jpg,ak,4,4,4,True
/mnt/c/Users/0M SAI RAM/Desktop/project/dataset/archive/derm12345_train_part_1/ak/DERM_912224.jpg,ak,4,4,4,True
/mnt/c/Users/0M SAI RAM/Desktop/project/dataset/archive/derm12345_train_part_1/ak/DERM_330438.jpg,ak,4,4,37,False
/mnt/c/Users/0M SAI RAM/Desktop/project/dataset/archive/derm12345_train_part_1/ak/DERM_564971.jpg,ak,4,4,37,False
/mnt/c/Users/0M SAI RAM/Desktop/project/dataset/archive/derm12345_train_part_1/ak/DERM_898809.jpg,ak,4,4,20,False
/mnt/c/Users/0M SAI RAM/Desktop/project/dataset/archive/derm12345_train_part_1/ak/DERM_173011.jpg,ak,4,4,22,False
/mnt/c/Users/0M SAI RAM/Desktop/project/dataset/archive/derm12345_train_part_1/ak/DERM_882586.jpg,ak,4,4,37,False
/mnt/c/Users/0M SAI RAM/Desktop/project/dataset/archive/derm12345_train_part_1/ak/DERM_954461.jpg,ak,4,4,14,False
/mnt/c/Users/0M SAI RAM/Desktop/project/dataset/archive/derm12345_train_part_1/alm/DERM_767235.jpg,alm,5,5,5,True
/mnt/c/Users/0M SAI RAM/Desktop/project/dataset/archive/derm12345_train_part_1/alm/DERM_303269.jpg,alm,5,5,5,True
/mnt/c/Users/0M SAI RAM/Desktop/project/dataset/archive/derm12345_train_part_1/alm/DERM_534835.jpg,alm,5,5,5,True
/mnt/c/Users/0M SAI RAM/Desktop/project/dataset/archive/derm12345_train_part_1/alm/DERM_111125.jpg,alm,5,5,5,True
/mnt/c/Users/0M SAI RAM/Desktop/project/dataset/archive/derm12345_train_part_1/alm/DERM_383621.jpg,alm,5,5,5,True
/mnt/c/Users/0M SAI RAM/Desktop/project/dataset/archive/derm12345_train_part_1/alm/DERM_740211.jpg,alm,5,5,5,True
/mnt/c/Users/0M SAI RAM/Desktop/project/dataset/archive/derm12345_train_part_1/alm/DERM_489901.jpg,alm,5,5,5,True
/mnt/c/Users/0M SAI RAM/Desktop/project/dataset/archive/derm12345_train_part_1/alm/DERM_673023.jpg,alm,5,5,5,True
/mnt/c/Users/0M SAI RAM/Desktop/project/dataset/archive/derm12345_train_part_1/alm/DERM_308296.jpg,alm,5,5,5,True
/mnt/c/Users/0M SAI RAM/Desktop/project/dataset/archive/derm12345_train_part_1/alm/DERM_498219.jpg,alm,5,5,5,True
/mnt/c/Users/0M SAI RAM/Desktop/project/dataset/archive/derm12345_train_part_1/alm/DERM_888825.jpg,alm,5,5,2,False
/mnt/c/Users/0M SAI RAM/Desktop/project/dataset/archive/derm12345_train_part_1/alm/DERM_301105.jpg,alm,5,5,5,True
/mnt/c/Users/0M SAI RAM/Desktop/project/dataset/archive/derm12345_train_part_1/alm/DERM_357471.jpg,alm,5,5,5,True
/mnt/c/Users/0M SAI RAM/Desktop/project/dataset/archive/derm12345_train_part_1/alm/DERM_373584.jpg,alm,5,5,5,True
/mnt/c/Users/0M SAI RAM/Desktop/project/dataset/archive/derm12345_train_part_1/alm/DERM_881598.jpg,alm,5,5,5,True
/mnt/c/Users/0M SAI RAM/Desktop/project/dataset/archive/derm12345_train_part_1/alm/DERM_185291.jpg,alm,5,5,5,True
/mnt/c/Users/0M SAI RAM/Desktop/project/dataset/archive/derm12345_train_part_1/angk/DERM_918783.jpg,angk,6,6,6,True
/mnt/c/Users/0M SAI RAM/Desktop/project/dataset/archive/derm12345_train_part_1/angk/DERM_660745.jpg,angk,6,6,6,True
/mnt/c/Users/0M SAI RAM/Desktop/project/dataset/archive/derm12345_train_part_1/angk/DERM_884662.jpg,angk,6,6,6,True
/mnt/c/Users/0M SAI RAM/Desktop/project/dataset/archive/derm12345_train_part_1/angk/DERM_567251.jpg,angk,6,6,6,True
/mnt/c/Users/0M SAI RAM/Desktop/project/dataset/archive/derm12345_train_part_1/angk/DERM_710365.jpg,angk,6,6,6,True
/mnt/c/Users/0M SAI RAM/Desktop/project/dataset/archive/derm12345_train_part_1/angk/DERM_114290.jpg,angk,6,6,6,True
/mnt/c/Users/0M SAI RAM/Desktop/project/dataset/archive/derm12345_train_part_1/angk/DERM_406493.jpg,angk,6,6,6,True
/mnt/c/Users/0M SAI RAM/Desktop/project/dataset/archive/derm12345_train_part_1/angk/DERM_658731.jpg,angk,6,6,6,True
/mnt/c/Users/0M SAI RAM/Desktop/project/dataset/archive/derm12345_train_part_1/angk/DERM_981669.jpg,angk,6,6,6,True
/mnt/c/Users/0M SAI RAM/Desktop/project/dataset/archive/derm12345_train_part_1/angk/DERM_926760.jpg,angk,6,6,36,False
/mnt/c/Users/0M SAI RAM/Desktop/project/dataset/archive/derm12345_train_part_1/anm/DERM_344048.jpg,anm,7,7,12,False
/mnt/c/Users/0M SAI RAM/Desktop/project/dataset/archive/derm12345_train_part_1/anm/DERM_445821.jpg,anm,7,7,12,False
/mnt/c/Users/0M SAI RAM/Desktop/project/dataset/archive/derm12345_train_part_1/anm/DERM_394370.jpg,anm,7,7,7,True
/mnt/c/Users/0M SAI RAM/Desktop/project/dataset/archive/derm12345_train_part_1/anm/DERM_658962.jpg,anm,7,7,7,True
/mnt/c/Users/0M SAI RAM/Desktop/project/dataset/archive/derm12345_train_part_1/anm/DERM_669878.jpg,anm,7,7,7,True
/mnt/c/Users/0M SAI RAM/Desktop/project/dataset/archive/derm12345_train_part_1/anm/DERM_767028.jpg,anm,7,7,7,True
/mnt/c/Users/0M SAI RAM/Desktop/project/dataset/archive/derm12345_train_part_1/anm/DERM_673205.jpg,anm,7,7,36,False
/mnt/c/Users/0M SAI RAM/Desktop/project/dataset/archive/derm12345_train_part_1/anm/DERM_206596.jpg,anm,7,7,7,True
/mnt/c/Users/0M SAI RAM/Desktop/project/dataset/archive/derm12345_train_part_1/anm/DERM_140401.jpg,anm,7,7,7,True
/mnt/c/Users/0M SAI RAM/Desktop/project/dataset/archive/derm12345_train_part_1/anm/DERM_660934.jpg,anm,7,7,7,True
/mnt/c/Users/0M SAI RAM/Desktop/project/dataset/archive/derm12345_train_part_1/anm/DERM_309034.jpg,anm,7,7,12,False
/mnt/c/Users/0M SAI RAM/Desktop/project/dataset/archive/derm12345_train_part_1/anm/DERM_845707.jpg,anm,7,7,14,False
/mnt/c/Users/0M SAI RAM/Desktop/project/dataset/archive/derm12345_train_part_1/anm/DERM_921532.jpg,anm,7,7,7,True
/mnt/c/Users/0M SAI RAM/Desktop/project/dataset/archive/derm12345_train_part_1/anm/DERM_300800.jpg,anm,7,7,36,False
/mnt/c/Users/0M SAI RAM/Desktop/project/dataset/archive/derm12345_train_part_1/anm/DERM_604847.jpg,anm,7,7,7,True
/mnt/c/Users/0M SAI RAM/Desktop/project/dataset/archive/derm12345_train_part_1/anm/DERM_535846.jpg,anm,7,7,7,True
/mnt/c/Users/0M SAI RAM/Desktop/project/dataset/archive/derm12345_train_part_1/anm/DERM_228885.jpg,anm,7,7,7,True
/mnt/c/Users/0M SAI RAM/Desktop/project/dataset/archive/derm12345_train_part_1/anm/DERM_399571.jpg,anm,7,7,7,True
/mnt/c/Users/0M SAI RAM/Desktop/project/dataset/archive/derm12345_train_part_1/anm/DERM_697597.jpg,anm,7,7,28,False
/mnt/c/Users/0M SAI RAM/Desktop/project/dataset/archive/derm12345_train_part_1/anm/DERM_998033.jpg,anm,7,7,7,True
/mnt/c/Users/0M SAI RAM/Desktop/project/dataset/archive/derm12345_train_part_1/bcc/DERM_616194.jpg,bcc,8,8,8,True
/mnt/c/Users/0M SAI RAM/Desktop/project/dataset/archive/derm12345_train_part_1/bcc/DERM_972720.jpg,bcc,8,8,8,True
/mnt/c/Users/0M SAI RAM/Desktop/project/dataset/archive/derm12345_train_part_1/bcc/DERM_484285.jpg,bcc,8,8,8,True
/mnt/c/Users/0M SAI RAM/Desktop/project/dataset/archive/derm12345_train_part_1/bcc/DERM_196765.jpg,bcc,8,8,8,True
/mnt/c/Users/0M SAI RAM/Desktop/project/dataset/archive/derm12345_train_part_1/bcc/DERM_780571.jpg,bcc,8,8,8,True
/mnt/c/Users/0M SAI RAM/Desktop/project/dataset/archive/derm12345_train_part_1/bcc/DERM_128215.jpg,bcc,8,8,8,True
/mnt/c/Users/0M SAI RAM/Desktop/project/dataset/archive/derm12345_train_part_1/bcc/DERM_848611.jpg,bcc,8,8,8,True
/mnt/c/Users/0M SAI RAM/Desktop/project/dataset/archive/derm12345_train_part_1/bcc/DERM_554588.jpg,bcc,8,8,8,True
/mnt/c/Users/0M SAI RAM/Desktop/project/dataset/archive/derm12345_train_part_1/bcc/DERM_678797.jpg,bcc,8,8,7,False
/mnt/c/Users/0M SAI RAM/Desktop/project/dataset/archive/derm12345_train_part_1/bcc/DERM_890614.jpg,bcc,8,8,4,False
/mnt/c/Users/0M SAI RAM/Desktop/project/dataset/archive/derm12345_train_part_1/bcc/DERM_989556.jpg,bcc,8,8,36,False
/mnt/c/Users/0M SAI RAM/Desktop/project/dataset/archive/derm12345_train_part_1/bcc/DERM_721168.jpg,bcc,8,8,8,True
/mnt/c/Users/0M SAI RAM/Desktop/project/dataset/archive/derm12345_train_part_1/bcc/DERM_928291.jpg,bcc,8,8,37,False
/mnt/c/Users/0M SAI RAM/Desktop/project/dataset/archive/derm12345_train_part_1/bcc/DERM_190341.jpg,bcc,8,8,8,True
/mnt/c/Users/0M SAI RAM/Desktop/project/dataset/archive/derm12345_train_part_1/bcc/DERM_575860.jpg,bcc,8,8,8,True
/mnt/c/Users/0M SAI RAM/Desktop/project/dataset/archive/derm12345_train_part_1/bcc/DERM_801474.jpg,bcc,8,8,36,False
/mnt/c/Users/0M SAI RAM/Desktop/project/dataset/archive/derm12345_train_part_1/bcc/DERM_650854.jpg,bcc,8,8,8,True
/mnt/c/Users/0M SAI RAM/Desktop/project/dataset/archive/derm12345_train_part_1/bcc/DERM_702838.jpg,bcc,8,8,36,False
/mnt/c/Users/0M SAI RAM/Desktop/project/dataset/archive/derm12345_train_part_1/bcc/DERM_184319.jpg,bcc,8,8,12,False
/mnt/c/Users/0M SAI RAM/Desktop/project/dataset/archive/derm12345_train_part_1/bcc/DERM_860291.jpg,bcc,8,8,8,True
/mnt/c/Users/0M SAI RAM/Desktop/project/dataset/archive/derm12345_train_part_1/bcc/DERM_165102.jpg,bcc,8,8,8,True
/mnt/c/Users/0M SAI RAM/Desktop/project/dataset/archive/derm12345_train_part_1/bcc/DERM_995239.jpg,bcc,8,8,8,True
/mnt/c/Users/0M SAI RAM/Desktop/project/dataset/archive/derm12345_train_part_1/bcc/DERM_209194.jpg,bcc,8,8,8,True
/mnt/c/Users/0M SAI RAM/Desktop/project/dataset/archive/derm12345_train_part_1/bcc/DERM_408147.jpg,bcc,8,8,8,True
/mnt/c/Users/0M SAI RAM/Desktop/project/dataset/archive/derm12345_train_part_1/bcc/DERM_992877.jpg,bcc,8,8,36,False
/mnt/c/Users/0M SAI RAM/Desktop/project/dataset/archive/derm12345_train_part_1/bcc/DERM_676953.jpg,bcc,8,8,8,True
/mnt/c/Users/0M SAI RAM/Desktop/project/dataset/archive/derm12345_train_part_1/bcc/DERM_828298.jpg,bcc,8,8,36,False
/mnt/c/Users/0M SAI RAM/Desktop/project/dataset/archive/derm12345_train_part_1/bcc/DERM_199288.jpg,bcc,8,8,8,True
/mnt/c/Users/0M SAI RAM/Desktop/project/dataset/archive/derm12345_train_part_1/bcc/DERM_827051.jpg,bcc,8,8,8,True
/mnt/c/Users/0M SAI RAM/Desktop/project/dataset/archive/derm12345_train_part_1/bcc/DERM_948715.jpg,bcc,8,8,8,True
/mnt/c/Users/0M SAI RAM/Desktop/project/dataset/archive/derm12345_train_part_1/bcc/DERM_998105.jpg,bcc,8,8,8,True
/mnt/c/Users/0M SAI RAM/Desktop/project/dataset/archive/derm12345_train_part_1/bcc/DERM_538779.jpg,bcc,8,8,8,True
/mnt/c/Users/0M SAI RAM/Desktop/project/dataset/archive/derm12345_train_part_1/bcc/DERM_437831.jpg,bcc,8,8,22,False
/mnt/c/Users/0M SAI RAM/Desktop/project/dataset/archive/derm12345_train_part_1/bcc/DERM_109623.jpg,bcc,8,8,10,False
/mnt/c/Users/0M SAI RAM/Desktop/project/dataset/archive/derm12345_train_part_1/bcc/DERM_222865.jpg,bcc,8,8,8,True
/mnt/c/Users/0M SAI RAM/Desktop/project/dataset/archive/derm12345_train_part_1/bcc/DERM_582203.jpg,bcc,8,8,8,True
/mnt/c/Users/0M SAI RAM/Desktop/project/dataset/archive/derm12345_train_part_1/bcc/DERM_423936.jpg,bcc,8,8,8,True
/mnt/c/Users/0M SAI RAM/Desktop/project/dataset/archive/derm12345_train_part_1/bcc/DERM_195846.jpg,bcc,8,8,8,True
/mnt/c/Users/0M SAI RAM/Desktop/project/dataset/archive/derm12345_train_part_1/bcc/DERM_331736.jpg,bcc,8,8,17,False
/mnt/c/Users/0M SAI RAM/Desktop/project/dataset/archive/derm12345_train_part_1/bcc/DERM_440693.jpg,bcc,8,8,37,False
/mnt/c/Users/0M SAI RAM/Desktop/project/dataset/archive/derm12345_train_part_1/bcc/DERM_789106.jpg,bcc,8,8,11,False
/mnt/c/Users/0M SAI RAM/Desktop/project/dataset/archive/derm12345_train_part_1/bcc/DERM_568024.jpg,bcc,8,8,20,False
/mnt/c/Users/0M SAI RAM/Desktop/project/dataset/archive/derm12345_train_part_1/bcc/DERM_967878.jpg,bcc,8,8,8,True
/mnt/c/Users/0M SAI RAM/Desktop/project/dataset/archive/derm12345_train_part_1/bcc/DERM_461265.jpg,bcc,8,8,7,False
/mnt/c/Users/0M SAI RAM/Desktop/project/dataset/archive/derm12345_train_part_1/bcc/DERM_952278.jpg,bcc,8,8,8,True
/mnt/c/Users/0M SAI RAM/Desktop/project/dataset/archive/derm12345_train_part_1/bcc/DERM_428456.jpg,bcc,8,8,8,True
/mnt/c/Users/0M SAI RAM/Desktop/project/dataset/archive/derm12345_train_part_1/bcc/DERM_777739.jpg,bcc,8,8,8,True
/mnt/c/Users/0M SAI RAM/Desktop/project/dataset/archive/derm12345_train_part_1/bcc/DERM_442013.jpg,bcc,8,8,37,False
/mnt/c/Users/0M SAI RAM/Desktop/project/dataset/archive/derm12345_train_part_1/bcc/DERM_363332.jpg,bcc,8,8,8,True
/mnt/c/Users/0M SAI RAM/Desktop/project/dataset/archive/derm12345_train_part_1/bcc/DERM_219364.jpg,bcc,8,8,30,False
/mnt/c/Users/0M SAI RAM/Desktop/project/dataset/archive/derm12345_train_part_1/bcc/DERM_247023.jpg,bcc,8,8,36,False
/mnt/c/Users/0M SAI RAM/Desktop/project/dataset/archive/derm12345_train_part_1/bcc/DERM_326833.jpg,bcc,8,8,37,False
/mnt/c/Users/0M SAI RAM/Desktop/project/dataset/archive/derm12345_train_part_1/bcc/DERM_130932.jpg,bcc,8,8,36,False
/mnt/c/Users/0M SAI RAM/Desktop/project/dataset/archive/derm12345_train_part_1/bcc/DERM_836844.jpg,bcc,8,8,8,True
/mnt/c/Users/0M SAI RAM/Desktop/project/dataset/archive/derm12345_train_part_1/bcc/DERM_862298.jpg,bcc,8,8,8,True
/mnt/c/Users/0M SAI RAM/Desktop/project/dataset/archive/derm12345_train_part_1/bcc/DERM_883952.jpg,bcc,8,8,36,False
/mnt/c/Users/0M SAI RAM/Desktop/project/dataset/archive/derm12345_train_part_1/bcc/DERM_210386.jpg,bcc,8,8,36,False
/mnt/c/Users/0M SAI RAM/Desktop/project/dataset/archive/derm12345_train_part_1/bcc/DERM_300982.jpg,bcc,8,8,8,True
/mnt/c/Users/0M SAI RAM/Desktop/project/dataset/archive/derm12345_train_part_1/bcc/DERM_100735.jpg,bcc,8,8,37,False
/mnt/c/Users/0M SAI RAM/Desktop/project/dataset/archive/derm12345_train_part_1/bcc/DERM_552418.jpg,bcc,8,8,8,True
/mnt/c/Users/0M SAI RAM/Desktop/project/dataset/archive/derm12345_train_part_1/bcc/DERM_645874.jpg,bcc,8,8,8,True
/mnt/c/Users/0M SAI RAM/Desktop/project/dataset/archive/derm12345_train_part_1/bcc/DERM_798852.jpg,bcc,8,8,8,True
/mnt/c/Users/0M SAI RAM/Desktop/project/dataset/archive/derm12345_train_part_1/bcc/DERM_950062.jpg,bcc,8,8,8,True
/mnt/c/Users/0M SAI RAM/Desktop/project/dataset/archive/derm12345_train_part_1/bcc/DERM_991697.jpg,bcc,8,8,8,True
/mnt/c/Users/0M SAI RAM/Desktop/project/dataset/archive/derm12345_train_part_1/bcc/DERM_664296.jpg,bcc,8,8,27,False
/mnt/c/Users/0M SAI RAM/Desktop/project/dataset/archive/derm12345_train_part_1/bcc/DERM_660853.jpg,bcc,8,8,30,False
/mnt/c/Users/0M SAI RAM/Desktop/project/dataset/archive/derm12345_train_part_1/bcc/DERM_906700.jpg,bcc,8,8,8,True
/mnt/c/Users/0M SAI RAM/Desktop/project/dataset/archive/derm12345_train_part_1/bcc/DERM_807718.jpg,bcc,8,8,8,True
/mnt/c/Users/0M SAI RAM/Desktop/project/dataset/archive/derm12345_train_part_1/bcc/DERM_866183.jpg,bcc,8,8,37,False
/mnt/c/Users/0M SAI RAM/Desktop/project/dataset/archive/derm12345_train_part_1/bcc/DERM_163911.jpg,bcc,8,8,8,True
/mnt/c/Users/0M SAI RAM/Desktop/project/dataset/archive/derm12345_train_part_1/bcc/DERM_402829.jpg,bcc,8,8,36,False
/mnt/c/Users/0M SAI RAM/Desktop/project/dataset/archive/derm12345_train_part_1/bcc/DERM_134853.jpg,bcc,8,8,8,True
/mnt/c/Users/0M SAI RAM/Desktop/project/dataset/archive/derm12345_train_part_1/bcc/DERM_406367.jpg,bcc,8,8,8,True
/mnt/c/Users/0M SAI RAM/Desktop/project/dataset/archive/derm12345_train_part_1/bcc/DERM_656110.jpg,bcc,8,8,8,True
/mnt/c/Users/0M SAI RAM/Desktop/project/dataset/archive/derm12345_train_part_1/bcc/DERM_230732.jpg,bcc,8,8,8,True
/mnt/c/Users/0M SAI RAM/Desktop/project/dataset/archive/derm12345_train_part_1/bcc/DERM_654298.jpg,bcc,8,8,4,False
/mnt/c/Users/0M SAI RAM/Desktop/project/dataset/archive/derm12345_train_part_1/bcc/DERM_548339.jpg,bcc,8,8,8,True
/mnt/c/Users/0M SAI RAM/Desktop/project/dataset/archive/derm12345_train_part_1/bcc/DERM_710986.jpg,bcc,8,8,8,True
/mnt/c/Users/0M SAI RAM/Desktop/project/dataset/archive/derm12345_train_part_1/bcc/DERM_276486.jpg,bcc,8,8,20,False
/mnt/c/Users/0M SAI RAM/Desktop/project/dataset/archive/derm12345_train_part_1/bcc/DERM_841130.jpg,bcc,8,8,8,True
/mnt/c/Users/0M SAI RAM/Desktop/project/dataset/archive/derm12345_train_part_1/bcc/DERM_742187.jpg,bcc,8,8,37,False
/mnt/c/Users/0M SAI RAM/Desktop/project/dataset/archive/derm12345_train_part_1/bcc/DERM_218348.jpg,bcc,8,8,8,True
/mnt/c/Users/0M SAI RAM/Desktop/project/dataset/archive/derm12345_train_part_1/bcc/DERM_281103.jpg,bcc,8,8,8,True
/mnt/c/Users/0M SAI RAM/Desktop/project/dataset/archive/derm12345_train_part_1/bcc/DERM_257530.jpg,bcc,8,8,8,True
/mnt/c/Users/0M SAI RAM/Desktop/project/dataset/archive/derm12345_train_part_1/bcc/DERM_951716.jpg,bcc,8,8,8,True
/mnt/c/Users/0M SAI RAM/Desktop/project/dataset/archive/derm12345_train_part_1/bcc/DERM_648476.jpg,bcc,8,8,36,False
/mnt/c/Users/0M SAI RAM/Desktop/project/dataset/archive/derm12345_train_part_1/bcc/DERM_407270.jpg,bcc,8,8,8,True
/mnt/c/Users/0M SAI RAM/Desktop/project/dataset/archive/derm12345_train_part_1/bcc/DERM_661509.jpg,bcc,8,8,8,True
/mnt/c/Users/0M SAI RAM/Desktop/project/dataset/archive/derm12345_train_part_1/bcc/DERM_956455.jpg,bcc,8,8,8,True
/mnt/c/Users/0M SAI RAM/Desktop/project/dataset/archive/derm12345_train_part_1/bcc/DERM_883560.jpg,bcc,8,8,22,False
/mnt/c/Users/0M SAI RAM/Desktop/project/dataset/archive/derm12345_train_part_1/bcc/DERM_729194.jpg,bcc,8,8,8,True
/mnt/c/Users/0M SAI RAM/Desktop/project/dataset/archive/derm12345_train_part_1/bcc/DERM_108991.jpg,bcc,8,8,8,True
/mnt/c/Users/0M SAI RAM/Desktop/project/dataset/archive/derm12345_train_part_1/bcc/DERM_879854.jpg,bcc,8,8,17,False
/mnt/c/Users/0M SAI RAM/Desktop/project/dataset/archive/derm12345_train_part_1/bcc/DERM_996993.jpg,bcc,8,8,8,True
/mnt/c/Users/0M SAI RAM/Desktop/project/dataset/archive/derm12345_train_part_1/bcc/DERM_990537.jpg,bcc,8,8,37,False
/mnt/c/Users/0M SAI RAM/Desktop/project/dataset/archive/derm12345_train_part_1/bcc/DERM_709530.jpg,bcc,8,8,8,True
/mnt/c/Users/0M SAI RAM/Desktop/project/dataset/archive/derm12345_train_part_1/bcc/DERM_307527.jpg,bcc,8,8,36,False
/mnt/c/Users/0M SAI RAM/Desktop/project/dataset/archive/derm12345_train_part_1/bcc/DERM_851196.jpg,bcc,8,8,8,True
/mnt/c/Users/0M SAI RAM/Desktop/project/dataset/archive/derm12345_train_part_1/bcc/DERM_297372.jpg,bcc,8,8,36,False
/mnt/c/Users/0M SAI RAM/Desktop/project/dataset/archive/derm12345_train_part_1/bcc/DERM_524310.jpg,bcc,8,8,8,True
/mnt/c/Users/0M SAI RAM/Desktop/project/dataset/archive/derm12345_train_part_1/bcc/DERM_524905.jpg,bcc,8,8,30,False
/mnt/c/Users/0M SAI RAM/Desktop/project/dataset/archive/derm12345_train_part_1/bcc/DERM_578006.jpg,bcc,8,8,8,True
/mnt/c/Users/0M SAI RAM/Desktop/project/dataset/archive/derm12345_train_part_1/bcc/DERM_451855.jpg,bcc,8,8,10,False
/mnt/c/Users/0M SAI RAM/Desktop/project/dataset/archive/derm12345_train_part_1/bcc/DERM_100221.jpg,bcc,8,8,8,True
/mnt/c/Users/0M SAI RAM/Desktop/project/dataset/archive/derm12345_train_part_1/bcc/DERM_824723.jpg,bcc,8,8,8,True
/mnt/c/Users/0M SAI RAM/Desktop/project/dataset/archive/derm12345_train_part_1/bcc/DERM_453246.jpg,bcc,8,8,8,True
/mnt/c/Users/0M SAI RAM/Desktop/project/dataset/archive/derm12345_train_part_1/bcc/DERM_636488.jpg,bcc,8,8,8,True
/mnt/c/Users/0M SAI RAM/Desktop/project/dataset/archive/derm12345_train_part_1/bcc/DERM_398727.jpg,bcc,8,8,8,True
/mnt/c/Users/0M SAI RAM/Desktop/project/dataset/archive/derm12345_train_part_1/bcc/DERM_307321.jpg,bcc,8,8,37,False
/mnt/c/Users/0M SAI RAM/Desktop/project/dataset/archive/derm12345_train_part_1/bcc/DERM_671262.jpg,bcc,8,8,8,True
/mnt/c/Users/0M SAI RAM/Desktop/project/dataset/archive/derm12345_train_part_1/bcc/DERM_799465.jpg,bcc,8,8,8,True
/mnt/c/Users/0M SAI RAM/Desktop/project/dataset/archive/derm12345_train_part_1/bcc/DERM_198189.jpg,bcc,8,8,11,False
/mnt/c/Users/0M SAI RAM/Desktop/project/dataset/archive/derm12345_train_part_1/bcc/DERM_985537.jpg,bcc,8,8,8,True
/mnt/c/Users/0M SAI RAM/Desktop/project/dataset/archive/derm12345_train_part_1/bd/DERM_311492.jpg,bd,9,9,8,False
/mnt/c/Users/0M SAI RAM/Desktop/project/dataset/archive/derm12345_train_part_1/bd/DERM_760777.jpg,bd,9,9,9,True
/mnt/c/Users/0M SAI RAM/Desktop/project/dataset/archive/derm12345_train_part_1/bd/DERM_965565.jpg,bd,9,9,9,True
/mnt/c/Users/0M SAI RAM/Desktop/project/dataset/archive/derm12345_train_part_1/bd/DERM_133736.jpg,bd,9,9,9,True
/mnt/c/Users/0M SAI RAM/Desktop/project/dataset/archive/derm12345_train_part_1/bd/DERM_735184.jpg,bd,9,9,25,False
/mnt/c/Users/0M SAI RAM/Desktop/project/dataset/archive/derm12345_train_part_1/bd/DERM_213376.jpg,bd,9,9,9,True
/mnt/c/Users/0M SAI RAM/Desktop/project/dataset/archive/derm12345_train_part_1/bd/DERM_968718.jpg,bd,9,9,9,True
/mnt/c/Users/0M SAI RAM/Desktop/project/dataset/archive/derm12345_train_part_1/bd/DERM_690911.jpg,bd,9,9,9,True
/mnt/c/Users/0M SAI RAM/Desktop/project/dataset/archive/derm12345_train_part_1/bd/DERM_383376.jpg,bd,9,9,9,True
/mnt/c/Users/0M SAI RAM/Desktop/project/dataset/archive/derm12345_train_part_1/bd/DERM_753515.jpg,bd,9,9,36,False
/mnt/c/Users/0M SAI RAM/Desktop/project/dataset/archive/derm12345_train_part_1/bdb/DERM_953621.jpg,bdb,10,10,10,True
/mnt/c/Users/0M SAI RAM/Desktop/project/dataset/archive/derm12345_train_part_1/bdb/DERM_172948.jpg,bdb,10,10,23,False
/mnt/c/Users/0M SAI RAM/Desktop/project/dataset/archive/derm12345_train_part_1/bdb/DERM_735510.jpg,bdb,10,10,18,False
/mnt/c/Users/0M SAI RAM/Desktop/project/dataset/archive/derm12345_train_part_1/bdb/DERM_724188.jpg,bdb,10,10,10,True
/mnt/c/Users/0M SAI RAM/Desktop/project/dataset/archive/derm12345_train_part_1/bdb/DERM_431899.jpg,bdb,10,10,30,False
/mnt/c/Users/0M SAI RAM/Desktop/project/dataset/archive/derm12345_train_part_1/bdb/DERM_265238.jpg,bdb,10,10,11,False
/mnt/c/Users/0M SAI RAM/Desktop/project/dataset/archive/derm12345_train_part_1/bdb/DERM_950974.jpg,bdb,10,10,10,True
/mnt/c/Users/0M SAI RAM/Desktop/project/dataset/archive/derm12345_train_part_1/bdb/DERM_904352.jpg,bdb,10,10,14,False
/mnt/c/Users/0M SAI RAM/Desktop/project/dataset/archive/derm12345_train_part_1/bdb/DERM_685310.jpg,bdb,10,10,10,True
/mnt/c/Users/0M SAI RAM/Desktop/project/dataset/archive/derm12345_train_part_1/bdb/DERM_199627.jpg,bdb,10,10,10,True
/mnt/c/Users/0M SAI RAM/Desktop/project/dataset/archive/derm12345_train_part_1/bdb/DERM_428097.jpg,bdb,10,10,10,True
/mnt/c/Users/0M SAI RAM/Desktop/project/dataset/archive/derm12345_train_part_1/bdb/DERM_455440.jpg,bdb,10,10,14,False
/mnt/c/Users/0M SAI RAM/Desktop/project/dataset/archive/derm12345_train_part_1/bdb/DERM_735079.jpg,bdb,10,10,10,True
/mnt/c/Users/0M SAI RAM/Desktop/project/dataset/archive/derm12345_train_part_1/bdb/DERM_900931.jpg,bdb,10,10,10,True
/mnt/c/Users/0M SAI RAM/Desktop/project/dataset/archive/derm12345_train_part_1/bdb/DERM_996358.jpg,bdb,10,10,10,True
/mnt/c/Users/0M SAI RAM/Desktop/project/dataset/archive/derm12345_train_part_1/bdb/DERM_180203.jpg,bdb,10,10,14,False
/mnt/c/Users/0M SAI RAM/Desktop/project/dataset/archive/derm12345_train_part_1/bdb/DERM_220749.jpg,bdb,10,10,14,False
/mnt/c/Users/0M SAI RAM/Desktop/project/dataset/archive/derm12345_train_part_1/bdb/DERM_300925.jpg,bdb,10,10,10,True
/mnt/c/Users/0M SAI RAM/Desktop/project/dataset/archive/derm12345_train_part_1/bdb/DERM_441096.jpg,bdb,10,10,11,False
/mnt/c/Users/0M SAI RAM/Desktop/project/dataset/archive/derm12345_train_part_1/bdb/DERM_169093.jpg,bdb,10,10,23,False
/mnt/c/Users/0M SAI RAM/Desktop/project/dataset/archive/derm12345_train_part_1/bdb/DERM_942174.jpg,bdb,10,10,22,False
/mnt/c/Users/0M SAI RAM/Desktop/project/dataset/archive/derm12345_train_part_1/bdb/DERM_407566.jpg,bdb,10,10,10,True
/mnt/c/Users/0M SAI RAM/Desktop/project/dataset/archive/derm12345_train_part_1/bdb/DERM_752637.jpg,bdb,10,10,16,False
/mnt/c/Users/0M SAI RAM/Desktop/project/dataset/archive/derm12345_train_part_1/bdb/DERM_103882.jpg,bdb,10,10,11,False
/mnt/c/Users/0M SAI RAM/Desktop/project/dataset/archive/derm12345_train_part_1/bdb/DERM_784941.jpg,bdb,10,10,10,True
/mnt/c/Users/0M SAI RAM/Desktop/project/dataset/archive/derm12345_train_part_1/bdb/DERM_650726.jpg,bdb,10,10,10,True
/mnt/c/Users/0M SAI RAM/Desktop/project/dataset/archive/derm12345_train_part_1/bdb/DERM_855447.jpg,bdb,10,10,18,False
/mnt/c/Users/0M SAI RAM/Desktop/project/dataset/archive/derm12345_train_part_1/bdb/DERM_132480.jpg,bdb,10,10,17,False
/mnt/c/Users/0M SAI RAM/Desktop/project/dataset/archive/derm12345_train_part_1/bdb/DERM_880589.jpg,bdb,10,10,10,True
/mnt/c/Users/0M SAI RAM/Desktop/project/dataset/archive/derm12345_train_part_1/bdb/DERM_928054.jpg,bdb,10,10,17,False
/mnt/c/Users/0M SAI RAM/Desktop/project/dataset/archive/derm12345_train_part_1/bdb/DERM_725657.jpg,bdb,10,10,10,True
/mnt/c/Users/0M SAI RAM/Desktop/project/dataset/archive/derm12345_train_part_1/bdb/DERM_814348.jpg,bdb,10,10,10,True
/mnt/c/Users/0M SAI RAM/Desktop/project/dataset/archive/derm12345_train_part_1/bdb/DERM_163694.jpg,bdb,10,10,10,True
/mnt/c/Users/0M SAI RAM/Desktop/project/dataset/archive/derm12345_train_part_1/bdb/DERM_496730.jpg,bdb,10,10,10,True
/mnt/c/Users/0M SAI RAM/Desktop/project/dataset/archive/derm12345_train_part_1/bdb/DERM_887734.jpg,bdb,10,10,22,False
/mnt/c/Users/0M SAI RAM/Desktop/project/dataset/archive/derm12345_train_part_1/bdb/DERM_997818.jpg,bdb,10,10,17,False
/mnt/c/Users/0M SAI RAM/Desktop/project/dataset/archive/derm12345_train_part_1/bdb/DERM_362019.jpg,bdb,10,10,10,True
/mnt/c/Users/0M SAI RAM/Desktop/project/dataset/archive/derm12345_train_part_1/bdb/DERM_217831.jpg,bdb,10,10,10,True
/mnt/c/Users/0M SAI RAM/Desktop/project/dataset/archive/derm12345_train_part_1/bdb/DERM_859272.jpg,bdb,10,10,10,True
/mnt/c/Users/0M SAI RAM/Desktop/project/dataset/archive/derm12345_train_part_1/bdb/DERM_849047.jpg,bdb,10,10,18,False
/mnt/c/Users/0M SAI RAM/Desktop/project/dataset/archive/derm12345_train_part_1/bdb/DERM_122985.jpg,bdb,10,10,23,False
/mnt/c/Users/0M SAI RAM/Desktop/project/dataset/archive/derm12345_train_part_1/bdb/DERM_480588.jpg,bdb,10,10,10,True
/mnt/c/Users/0M SAI RAM/Desktop/project/dataset/archive/derm12345_train_part_1/bdb/DERM_164412.jpg,bdb,10,10,10,True
/mnt/c/Users/0M SAI RAM/Desktop/project/dataset/archive/derm12345_train_part_1/cb/DERM_416410.jpg,cb,11,11,11,True
/mnt/c/Users/0M SAI RAM/Desktop/project/dataset/archive/derm12345_train_part_1/cb/DERM_982039.jpg,cb,11,11,11,True
/mnt/c/Users/0M SAI RAM/Desktop/project/dataset/archive/derm12345_train_part_1/cb/DERM_616722.jpg,cb,11,11,17,False
/mnt/c/Users/0M SAI RAM/Desktop/project/dataset/archive/derm12345_train_part_1/cb/DERM_353442.jpg,cb,11,11,23,False
/mnt/c/Users/0M SAI RAM/Desktop/project/dataset/archive/derm12345_train_part_1/cb/DERM_705613.jpg,cb,11,11,17,False
/mnt/c/Users/0M SAI RAM/Desktop/project/dataset/archive/derm12345_train_part_1/cb/DERM_676054.jpg,cb,11,11,11,True
/mnt/c/Users/0M SAI RAM/Desktop/project/dataset/archive/derm12345_train_part_1/cb/DERM_649687.jpg,cb,11,11,11,True
/mnt/c/Users/0M SAI RAM/Desktop/project/dataset/archive/derm12345_train_part_1/cb/DERM_659579.jpg,cb,11,11,11,True
/mnt/c/Users/0M SAI RAM/Desktop/project/dataset/archive/derm12345_train_part_1/cb/DERM_759451.jpg,cb,11,11,14,False
/mnt/c/Users/0M SAI RAM/Desktop/project/dataset/archive/derm12345_train_part_1/cb/DERM_288958.jpg,cb,11,11,11,True
/mnt/c/Users/0M SAI RAM/Desktop/project/dataset/archive/derm12345_train_part_1/cb/DERM_697431.jpg,cb,11,11,11,True
/mnt/c/Users/0M SAI RAM/Desktop/project/dataset/archive/derm12345_train_part_1/cb/DERM_276057.jpg,cb,11,11,22,False
/mnt/c/Users/0M SAI RAM/Desktop/project/dataset/archive/derm12345_train_part_1/cb/DERM_285976.jpg,cb,11,11,23,False
/mnt/c/Users/0M SAI RAM/Desktop/project/dataset/archive/derm12345_train_part_1/cb/DERM_438208.jpg,cb,11,11,12,False
/mnt/c/Users/0M SAI RAM/Desktop/project/dataset/archive/derm12345_train_part_1/cb/DERM_315973.jpg,cb,11,11,14,False
/mnt/c/Users/0M SAI RAM/Desktop/project/dataset/archive/derm12345_train_part_1/cb/DERM_258064.jpg,cb,11,11,17,False
/mnt/c/Users/0M SAI RAM/Desktop/project/dataset/archive/derm12345_train_part_1/cb/DERM_692618.jpg,cb,11,11,22,False
/mnt/c/Users/0M SAI RAM/Desktop/project/dataset/archive/derm12345_train_part_1/cb/DERM_963381.jpg,cb,11,11,22,False
/mnt/c/Users/0M SAI RAM/Desktop/project/dataset/archive/derm12345_train_part_1/cb/DERM_830236.jpg,cb,11,11,30,False
/mnt/c/Users/0M SAI RAM/Desktop/project/dataset/archive/derm12345_train_part_1/cb/DERM_500807.jpg,cb,11,11,11,True
/mnt/c/Users/0M SAI RAM/Desktop/project/dataset/archive/derm12345_train_part_1/cb/DERM_851157.jpg,cb,11,11,23,False
/mnt/c/Users/0M SAI RAM/Desktop/project/dataset/archive/derm12345_train_part_1/cb/DERM_885965.jpg,cb,11,11,22,False
/mnt/c/Users/0M SAI RAM/Desktop/project/dataset/archive/derm12345_train_part_1/cb/DERM_918541.jpg,cb,11,11,3,False
/mnt/c/Users/0M SAI RAM/Desktop/project/dataset/archive/derm12345_train_part_1/cb/DERM_806119.jpg,cb,11,11,11,True
/mnt/c/Users/0M SAI RAM/Desktop/project/dataset/archive/derm12345_train_part_1/cb/DERM_382189.jpg,cb,11,11,11,True
/mnt/c/Users/0M SAI RAM/Desktop/project/dataset/archive/derm12345_train_part_1/cb/DERM_551556.jpg,cb,11,11,30,False
/mnt/c/Users/0M SAI RAM/Desktop/project/dataset/archive/derm12345_train_part_1/cb/DERM_772325.jpg,cb,11,11,12,False
/mnt/c/Users/0M SAI RAM/Desktop/project/dataset/archive/derm12345_train_part_1/cb/DERM_803391.jpg,cb,11,11,12,False
/mnt/c/Users/0M SAI RAM/Desktop/project/dataset/archive/derm12345_train_part_1/cb/DERM_242807.jpg,cb,11,11,23,False
/mnt/c/Users/0M SAI RAM/Desktop/project/dataset/archive/derm12345_train_part_1/cb/DERM_374327.jpg,cb,11,11,11,True
/mnt/c/Users/0M SAI RAM/Desktop/project/dataset/archive/derm12345_train_part_1/cb/DERM_937556.jpg,cb,11,11,37,False
/mnt/c/Users/0M SAI RAM/Desktop/project/dataset/archive/derm12345_train_part_1/cb/DERM_146374.jpg,cb,11,11,11,True
/mnt/c/Users/0M SAI RAM/Desktop/project/dataset/archive/derm12345_train_part_1/cb/DERM_781664.jpg,cb,11,11,30,False
/mnt/c/Users/0M SAI RAM/Desktop/project/dataset/archive/derm12345_train_part_1/cb/DERM_149411.jpg,cb,11,11,11,True
/mnt/c/Users/0M SAI RAM/Desktop/project/dataset/archive/derm12345_train_part_1/cb/DERM_558942.jpg,cb,11,11,11,True
/mnt/c/Users/0M SAI RAM/Desktop/project/dataset/archive/derm12345_train_part_1/cb/DERM_399281.jpg,cb,11,11,11,True
/mnt/c/Users/0M SAI RAM/Desktop/project/dataset/archive/derm12345_train_part_1/cb/DERM_419697.jpg,cb,11,11,14,False
/mnt/c/Users/0M SAI RAM/Desktop/project/dataset/archive/derm12345_train_part_1/cb/DERM_806231.jpg,cb,11,11,22,False
/mnt/c/Users/0M SAI RAM/Desktop/project/dataset/archive/derm12345_train_part_1/cb/DERM_994241.jpg,cb,11,11,37,False
/mnt/c/Users/0M SAI RAM/Desktop/project/dataset/archive/derm12345_train_part_1/cb/DERM_182744.jpg,cb,11,11,22,False
/mnt/c/Users/0M SAI RAM/Desktop/project/dataset/archive/derm12345_train_part_1/cb/DERM_298754.jpg,cb,11,11,11,True
/mnt/c/Users/0M SAI RAM/Desktop/project/dataset/archive/derm12345_train_part_1/cb/DERM_243845.jpg,cb,11,11,23,False
/mnt/c/Users/0M SAI RAM/Desktop/project/dataset/archive/derm12345_train_part_1/cb/DERM_199918.jpg,cb,11,11,11,True
/mnt/c/Users/0M SAI RAM/Desktop/project/dataset/archive/derm12345_train_part_1/cb/DERM_976016.jpg,cb,11,11,14,False
/mnt/c/Users/0M SAI RAM/Desktop/project/dataset/archive/derm12345_train_part_1/cb/DERM_231918.jpg,cb,11,11,11,True
/mnt/c/Users/0M SAI RAM/Desktop/project/dataset/archive/derm12345_train_part_1/cb/DERM_660432.jpg,cb,11,11,23,False
/mnt/c/Users/0M SAI RAM/Desktop/project/dataset/archive/derm12345_train_part_1/cb/DERM_682222.jpg,cb,11,11,11,True
/mnt/c/Users/0M SAI RAM/Desktop/project/dataset/archive/derm12345_train_part_1/cb/DERM_775770.jpg,cb,11,11,17,False
/mnt/c/Users/0M SAI RAM/Desktop/project/dataset/archive/derm12345_train_part_1/cb/DERM_596768.jpg,cb,11,11,30,False
/mnt/c/Users/0M SAI RAM/Desktop/project/dataset/archive/derm12345_train_part_1/cb/DERM_445666.jpg,cb,11,11,11,True
/mnt/c/Users/0M SAI RAM/Desktop/project/dataset/archive/derm12345_train_part_1/cb/DERM_514015.jpg,cb,11,11,30,False
/mnt/c/Users/0M SAI RAM/Desktop/project/dataset/archive/derm12345_train_part_1/cb/DERM_988323.jpg,cb,11,11,11,True
/mnt/c/Users/0M SAI RAM/Desktop/project/dataset/archive/derm12345_train_part_1/cb/DERM_589272.jpg,cb,11,11,14,False
/mnt/c/Users/0M SAI RAM/Desktop/project/dataset/archive/derm12345_train_part_1/cb/DERM_126093.jpg,cb,11,11,11,True
/mnt/c/Users/0M SAI RAM/Desktop/project/dataset/archive/derm12345_train_part_1/cb/DERM_629078.jpg,cb,11,11,11,True
/mnt/c/Users/0M SAI RAM/Desktop/project/dataset/archive/derm12345_train_part_1/cb/DERM_508429.jpg,cb,11,11,23,False
/mnt/c/Users/0M SAI RAM/Desktop/project/dataset/archive/derm12345_train_part_1/cb/DERM_589374.jpg,cb,11,11,22,False
/mnt/c/Users/0M SAI RAM/Desktop/project/dataset/archive/derm12345_train_part_1/cb/DERM_717050.jpg,cb,11,11,3,False
/mnt/c/Users/0M SAI RAM/Desktop/project/dataset/archive/derm12345_train_part_1/cb/DERM_742246.jpg,cb,11,11,14,False
/mnt/c/Users/0M SAI RAM/Desktop/project/dataset/archive/derm12345_train_part_1/cb/DERM_825793.jpg,cb,11,11,11,True
/mnt/c/Users/0M SAI RAM/Desktop/project/dataset/archive/derm12345_train_part_1/cb/DERM_666882.jpg,cb,11,11,23,False
/mnt/c/Users/0M SAI RAM/Desktop/project/dataset/archive/derm12345_train_part_1/cb/DERM_619856.jpg,cb,11,11,11,True
/mnt/c/Users/0M SAI RAM/Desktop/project/dataset/archive/derm12345_train_part_1/cb/DERM_272519.jpg,cb,11,11,14,False
/mnt/c/Users/0M SAI RAM/Desktop/project/dataset/archive/derm12345_train_part_1/cb/DERM_439263.jpg,cb,11,11,23,False
/mnt/c/Users/0M SAI RAM/Desktop/project/dataset/archive/derm12345_train_part_1/cb/DERM_929761.jpg,cb,11,11,11,True
/mnt/c/Users/0M SAI RAM/Desktop/project/dataset/archive/derm12345_train_part_1/cb/DERM_108975.jpg,cb,11,11,23,False
/mnt/c/Users/0M SAI RAM/Desktop/project/dataset/archive/derm12345_train_part_1/cb/DERM_135491.jpg,cb,11,11,11,True
/mnt/c/Users/0M SAI RAM/Desktop/project/dataset/archive/derm12345_train_part_1/cb/DERM_182681.jpg,cb,11,11,11,True
/mnt/c/Users/0M SAI RAM/Desktop/project/dataset/archive/derm12345_train_part_1/cb/DERM_876525.jpg,cb,11,11,17,False
/mnt/c/Users/0M SAI RAM/Desktop/project/dataset/archive/derm12345_train_part_1/cb/DERM_533550.jpg,cb,11,11,11,True
/mnt/c/Users/0M SAI RAM/Desktop/project/dataset/archive/derm12345_train_part_1/cb/DERM_149497.jpg,cb,11,11,11,True
/mnt/c/Users/0M SAI RAM/Desktop/project/dataset/archive/derm12345_train_part_1/cb/DERM_222425.jpg,cb,11,11,18,False
/mnt/c/Users/0M SAI RAM/Desktop/project/dataset/archive/derm12345_train_part_1/cb/DERM_312461.jpg,cb,11,11,11,True
/mnt/c/Users/0M SAI RAM/Desktop/project/dataset/archive/derm12345_train_part_1/cb/DERM_376033.jpg,cb,11,11,23,False
/mnt/c/Users/0M SAI RAM/Desktop/project/dataset/archive/derm12345_train_part_1/cb/DERM_312358.jpg,cb,11,11,14,False
/mnt/c/Users/0M SAI RAM/Desktop/project/dataset/archive/derm12345_train_part_1/cb/DERM_932310.jpg,cb,11,11,17,False
/mnt/c/Users/0M SAI RAM/Desktop/project/dataset/archive/derm12345_train_part_1/cb/DERM_377702.jpg,cb,11,11,38,False
/mnt/c/Users/0M SAI RAM/Desktop/project/dataset/archive/derm12345_train_part_1/cb/DERM_688253.jpg,cb,11,11,23,False
/mnt/c/Users/0M SAI RAM/Desktop/project/dataset/archive/derm12345_train_part_1/cb/DERM_584399.jpg,cb,11,11,23,False
/mnt/c/Users/0M SAI RAM/Desktop/project/dataset/archive/derm12345_train_part_1/cb/DERM_210852.jpg,cb,11,11,11,True
/mnt/c/Users/0M SAI RAM/Desktop/project/dataset/archive/derm12345_train_part_1/cb/DERM_733077.jpg,cb,11,11,22,False
/mnt/c/Users/0M SAI RAM/Desktop/project/dataset/archive/derm12345_train_part_1/cb/DERM_313403.jpg,cb,11,11,11,True
/mnt/c/Users/0M SAI RAM/Desktop/project/dataset/archive/derm12345_train_part_1/cb/DERM_768288.jpg,cb,11,11,17,False
/mnt/c/Users/0M SAI RAM/Desktop/project/dataset/archive/derm12345_train_part_1/cb/DERM_305992.jpg,cb,11,11,11,True
/mnt/c/Users/0M SAI RAM/Desktop/project/dataset/archive/derm12345_train_part_1/cb/DERM_808471.jpg,cb,11,11,22,False
/mnt/c/Users/0M SAI RAM/Desktop/project/dataset/archive/derm12345_train_part_1/cb/DERM_806929.jpg,cb,11,11,22,False
/mnt/c/Users/0M SAI RAM/Desktop/project/dataset/archive/derm12345_train_part_1/cb/DERM_398126.jpg,cb,11,11,11,True
/mnt/c/Users/0M SAI RAM/Desktop/project/dataset/archive/derm12345_train_part_1/cb/DERM_438265.jpg,cb,11,11,14,False
/mnt/c/Users/0M SAI RAM/Desktop/project/dataset/archive/derm12345_train_part_1/cb/DERM_538862.jpg,cb,11,11,23,False
/mnt/c/Users/0M SAI RAM/Desktop/project/dataset/archive/derm12345_train_part_1/cb/DERM_982898.jpg,cb,11,11,2,False
/mnt/c/Users/0M SAI RAM/Desktop/project/dataset/archive/derm12345_train_part_1/cb/DERM_847816.jpg,cb,11,11,14,False
/mnt/c/Users/0M SAI RAM/Desktop/project/dataset/archive/derm12345_train_part_1/cb/DERM_239784.jpg,cb,11,11,22,False
/mnt/c/Users/0M SAI RAM/Desktop/project/dataset/archive/derm12345_train_part_1/cb/DERM_127034.jpg,cb,11,11,11,True
/mnt/c/Users/0M SAI RAM/Desktop/project/dataset/archive/derm12345_train_part_1/cb/DERM_317452.jpg,cb,11,11,2,False
/mnt/c/Users/0M SAI RAM/Desktop/project/dataset/archive/derm12345_train_part_1/cb/DERM_904532.jpg,cb,11,11,12,False
/mnt/c/Users/0M SAI RAM/Desktop/project/dataset/archive/derm12345_train_part_1/cb/DERM_527721.jpg,cb,11,11,11,True
/mnt/c/Users/0M SAI RAM/Desktop/project/dataset/archive/derm12345_train_part_1/cb/DERM_364895.jpg,cb,11,11,23,False
/mnt/c/Users/0M SAI RAM/Desktop/project/dataset/archive/derm12345_train_part_1/cb/DERM_790839.jpg,cb,11,11,11,True
/mnt/c/Users/0M SAI RAM/Desktop/project/dataset/archive/derm12345_train_part_1/cb/DERM_617772.jpg,cb,11,11,23,False
/mnt/c/Users/0M SAI RAM/Desktop/project/dataset/archive/derm12345_train_part_1/cb/DERM_262125.jpg,cb,11,11,23,False
/mnt/c/Users/0M SAI RAM/Desktop/project/dataset/archive/derm12345_train_part_1/cb/DERM_460857.jpg,cb,11,11,22,False
/mnt/c/Users/0M SAI RAM/Desktop/project/dataset/archive/derm12345_train_part_1/cb/DERM_397391.jpg,cb,11,11,11,True
/mnt/c/Users/0M SAI RAM/Desktop/project/dataset/archive/derm12345_train_part_1/cb/DERM_675429.jpg,cb,11,11,11,True
/mnt/c/Users/0M SAI RAM/Desktop/project/dataset/archive/derm12345_train_part_1/cb/DERM_225303.jpg,cb,11,11,30,False
/mnt/c/Users/0M SAI RAM/Desktop/project/dataset/archive/derm12345_train_part_1/cb/DERM_326896.jpg,cb,11,11,22,False
/mnt/c/Users/0M SAI RAM/Desktop/project/dataset/archive/derm12345_train_part_1/cb/DERM_170056.jpg,cb,11,11,11,True
/mnt/c/Users/0M SAI RAM/Desktop/project/dataset/archive/derm12345_train_part_1/cb/DERM_200797.jpg,cb,11,11,23,False
/mnt/c/Users/0M SAI RAM/Desktop/project/dataset/archive/derm12345_train_part_1/cb/DERM_806199.jpg,cb,11,11,11,True
/mnt/c/Users/0M SAI RAM/Desktop/project/dataset/archive/derm12345_train_part_1/cb/DERM_919656.jpg,cb,11,11,11,True
/mnt/c/Users/0M SAI RAM/Desktop/project/dataset/archive/derm12345_train_part_1/cb/DERM_509685.jpg,cb,11,11,37,False
/mnt/c/Users/0M SAI RAM/Desktop/project/dataset/archive/derm12345_train_part_1/cb/DERM_270219.jpg,cb,11,11,11,True
/mnt/c/Users/0M SAI RAM/Desktop/project/dataset/archive/derm12345_train_part_1/cb/DERM_189187.jpg,cb,11,11,23,False
/mnt/c/Users/0M SAI RAM/Desktop/project/dataset/archive/derm12345_train_part_1/cb/DERM_613959.jpg,cb,11,11,23,False
/mnt/c/Users/0M SAI RAM/Desktop/project/dataset/archive/derm12345_train_part_1/cb/DERM_324427.jpg,cb,11,11,23,False
/mnt/c/Users/0M SAI RAM/Desktop/project/dataset/archive/derm12345_train_part_1/cb/DERM_518176.jpg,cb,11,11,23,False
/mnt/c/Users/0M SAI RAM/Desktop/project/dataset/archive/derm12345_train_part_1/cb/DERM_428920.jpg,cb,11,11,37,False
/mnt/c/Users/0M SAI RAM/Desktop/project/dataset/archive/derm12345_train_part_1/cb/DERM_506862.jpg,cb,11,11,11,True
/mnt/c/Users/0M SAI RAM/Desktop/project/dataset/archive/derm12345_train_part_1/cb/DERM_909801.jpg,cb,11,11,14,False
/mnt/c/Users/0M SAI RAM/Desktop/project/dataset/archive/derm12345_train_part_1/cb/DERM_632302.jpg,cb,11,11,37,False
/mnt/c/Users/0M SAI RAM/Desktop/project/dataset/archive/derm12345_train_part_1/cb/DERM_226672.jpg,cb,11,11,11,True
/mnt/c/Users/0M SAI RAM/Desktop/project/dataset/archive/derm12345_train_part_1/cb/DERM_353389.jpg,cb,11,11,23,False
/mnt/c/Users/0M SAI RAM/Desktop/project/dataset/archive/derm12345_train_part_1/cb/DERM_986758.jpg,cb,11,11,17,False
/mnt/c/Users/0M SAI RAM/Desktop/project/dataset/archive/derm12345_train_part_1/cb/DERM_214510.jpg,cb,11,11,11,True
/mnt/c/Users/0M SAI RAM/Desktop/project/dataset/archive/derm12345_train_part_1/cb/DERM_159974.jpg,cb,11,11,18,False
/mnt/c/Users/0M SAI RAM/Desktop/project/dataset/archive/derm12345_train_part_1/cb/DERM_561373.jpg,cb,11,11,23,False
/mnt/c/Users/0M SAI RAM/Desktop/project/dataset/archive/derm12345_train_part_1/cb/DERM_623740.jpg,cb,11,11,11,True
/mnt/c/Users/0M SAI RAM/Desktop/project/dataset/archive/derm12345_train_part_1/cb/DERM_785819.jpg,cb,11,11,11,True
/mnt/c/Users/0M SAI RAM/Desktop/project/dataset/archive/derm12345_train_part_1/cb/DERM_982301.jpg,cb,11,11,22,False
/mnt/c/Users/0M SAI RAM/Desktop/project/dataset/archive/derm12345_train_part_1/cb/DERM_834522.jpg,cb,11,11,11,True
/mnt/c/Users/0M SAI RAM/Desktop/project/dataset/archive/derm12345_train_part_1/cb/DERM_705857.jpg,cb,11,11,11,True
/mnt/c/Users/0M SAI RAM/Desktop/project/dataset/archive/derm12345_train_part_1/cb/DERM_573046.jpg,cb,11,11,23,False
/mnt/c/Users/0M SAI RAM/Desktop/project/dataset/archive/derm12345_train_part_1/cb/DERM_351301.jpg,cb,11,11,23,False
/mnt/c/Users/0M SAI RAM/Desktop/project/dataset/archive/derm12345_train_part_1/cb/DERM_514289.jpg,cb,11,11,17,False
/mnt/c/Users/0M SAI RAM/Desktop/project/dataset/archive/derm12345_train_part_1/cb/DERM_159496.jpg,cb,11,11,16,False
/mnt/c/Users/0M SAI RAM/Desktop/project/dataset/archive/derm12345_train_part_1/cb/DERM_185328.jpg,cb,11,11,23,False
/mnt/c/Users/0M SAI RAM/Desktop/project/dataset/archive/derm12345_train_part_1/cb/DERM_189651.jpg,cb,11,11,23,False
/mnt/c/Users/0M SAI RAM/Desktop/project/dataset/archive/derm12345_train_part_1/cb/DERM_522844.jpg,cb,11,11,11,True
/mnt/c/Users/0M SAI RAM/Desktop/project/dataset/archive/derm12345_train_part_1/cb/DERM_194738.jpg,cb,11,11,14,False
/mnt/c/Users/0M SAI RAM/Desktop/project/dataset/archive/derm12345_train_part_1/cb/DERM_147521.jpg,cb,11,11,11,True
/mnt/c/Users/0M SAI RAM/Desktop/project/dataset/archive/derm12345_train_part_1/cb/DERM_258448.jpg,cb,11,11,22,False
/mnt/c/Users/0M SAI RAM/Desktop/project/dataset/archive/derm12345_train_part_1/cb/DERM_329937.jpg,cb,11,11,22,False
/mnt/c/Users/0M SAI RAM/Desktop/project/dataset/archive/derm12345_train_part_1/cb/DERM_211758.jpg,cb,11,11,27,False
/mnt/c/Users/0M SAI RAM/Desktop/project/dataset/archive/derm12345_train_part_1/cb/DERM_789724.jpg,cb,11,11,14,False
/mnt/c/Users/0M SAI RAM/Desktop/project/dataset/archive/derm12345_train_part_1/cb/DERM_284102.jpg,cb,11,11,22,False
/mnt/c/Users/0M SAI RAM/Desktop/project/dataset/archive/derm12345_train_part_1/cb/DERM_997416.jpg,cb,11,11,22,False
/mnt/c/Users/0M SAI RAM/Desktop/project/dataset/archive/derm12345_train_part_1/cb/DERM_142815.jpg,cb,11,11,11,True
/mnt/c/Users/0M SAI RAM/Desktop/project/dataset/archive/derm12345_train_part_1/cb/DERM_843791.jpg,cb,11,11,37,False
/mnt/c/Users/0M SAI RAM/Desktop/project/dataset/archive/derm12345_train_part_1/cb/DERM_149525.jpg,cb,11,11,37,False
/mnt/c/Users/0M SAI RAM/Desktop/project/dataset/archive/derm12345_train_part_1/cb/DERM_734912.jpg,cb,11,11,14,False
/mnt/c/Users/0M SAI RAM/Desktop/project/dataset/archive/derm12345_train_part_1/cb/DERM_766535.jpg,cb,11,11,23,False
/mnt/c/Users/0M SAI RAM/Desktop/project/dataset/archive/derm12345_train_part_1/cb/DERM_126733.jpg,cb,11,11,11,True
/mnt/c/Users/0M SAI RAM/Desktop/project/dataset/archive/derm12345_train_part_1/cb/DERM_775384.jpg,cb,11,11,11,True
/mnt/c/Users/0M SAI RAM/Desktop/project/dataset/archive/derm12345_train_part_1/cb/DERM_928209.jpg,cb,11,11,17,False
/mnt/c/Users/0M SAI RAM/Desktop/project/dataset/archive/derm12345_train_part_1/cb/DERM_405452.jpg,cb,11,11,11,True
/mnt/c/Users/0M SAI RAM/Desktop/project/dataset/archive/derm12345_train_part_1/cb/DERM_784629.jpg,cb,11,11,11,True
/mnt/c/Users/0M SAI RAM/Desktop/project/dataset/archive/derm12345_train_part_1/cb/DERM_359181.jpg,cb,11,11,6,False
/mnt/c/Users/0M SAI RAM/Desktop/project/dataset/archive/derm12345_train_part_1/cb/DERM_910411.jpg,cb,11,11,22,False
/mnt/c/Users/0M SAI RAM/Desktop/project/dataset/archive/derm12345_train_part_1/cb/DERM_672793.jpg,cb,11,11,11,True
/mnt/c/Users/0M SAI RAM/Desktop/project/dataset/archive/derm12345_train_part_1/cb/DERM_936160.jpg,cb,11,11,37,False
/mnt/c/Users/0M SAI RAM/Desktop/project/dataset/archive/derm12345_train_part_1/cb/DERM_416195.jpg,cb,11,11,23,False
/mnt/c/Users/0M SAI RAM/Desktop/project/dataset/archive/derm12345_train_part_1/cb/DERM_427746.jpg,cb,11,11,17,False
/mnt/c/Users/0M SAI RAM/Desktop/project/dataset/archive/derm12345_train_part_1/cb/DERM_607667.jpg,cb,11,11,11,True
/mnt/c/Users/0M SAI RAM/Desktop/project/dataset/archive/derm12345_train_part_1/cb/DERM_303526.jpg,cb,11,11,30,False
/mnt/c/Users/0M SAI RAM/Desktop/project/dataset/archive/derm12345_train_part_1/cb/DERM_414526.jpg,cb,11,11,17,False
/mnt/c/Users/0M SAI RAM/Desktop/project/dataset/archive/derm12345_train_part_1/cb/DERM_268103.jpg,cb,11,11,14,False
/mnt/c/Users/0M SAI RAM/Desktop/project/dataset/archive/derm12345_train_part_1/cb/DERM_454999.jpg,cb,11,11,11,True
/mnt/c/Users/0M SAI RAM/Desktop/project/dataset/archive/derm12345_train_part_1/cb/DERM_856066.jpg,cb,11,11,11,True
/mnt/c/Users/0M SAI RAM/Desktop/project/dataset/archive/derm12345_train_part_1/cb/DERM_851227.jpg,cb,11,11,3,False
/mnt/c/Users/0M SAI RAM/Desktop/project/dataset/archive/derm12345_train_part_1/cb/DERM_534844.jpg,cb,11,11,14,False
/mnt/c/Users/0M SAI RAM/Desktop/project/dataset/archive/derm12345_train_part_1/cb/DERM_798094.jpg,cb,11,11,17,False
/mnt/c/Users/0M SAI RAM/Desktop/project/dataset/archive/derm12345_train_part_1/cb/DERM_715684.jpg,cb,11,11,11,True
/mnt/c/Users/0M SAI RAM/Desktop/project/dataset/archive/derm12345_train_part_1/cb/DERM_411644.jpg,cb,11,11,11,True
/mnt/c/Users/0M SAI RAM/Desktop/project/dataset/archive/derm12345_train_part_1/cb/DERM_907996.jpg,cb,11,11,23,False
/mnt/c/Users/0M SAI RAM/Desktop/project/dataset/archive/derm12345_train_part_1/cb/DERM_548994.jpg,cb,11,11,14,False
/mnt/c/Users/0M SAI RAM/Desktop/project/dataset/archive/derm12345_train_part_1/cb/DERM_653378.jpg,cb,11,11,11,True
/mnt/c/Users/0M SAI RAM/Desktop/project/dataset/archive/derm12345_train_part_1/cb/DERM_252646.jpg,cb,11,11,11,True
/mnt/c/Users/0M SAI RAM/Desktop/project/dataset/archive/derm12345_train_part_1/cb/DERM_711391.jpg,cb,11,11,14,False
/mnt/c/Users/0M SAI RAM/Desktop/project/dataset/archive/derm12345_train_part_1/cb/DERM_523750.jpg,cb,11,11,14,False
/mnt/c/Users/0M SAI RAM/Desktop/project/dataset/archive/derm12345_train_part_1/cb/DERM_586316.jpg,cb,11,11,11,True
/mnt/c/Users/0M SAI RAM/Desktop/project/dataset/archive/derm12345_train_part_1/cb/DERM_663522.jpg,cb,11,11,11,True
/mnt/c/Users/0M SAI RAM/Desktop/project/dataset/archive/derm12345_train_part_1/cb/DERM_416458.jpg,cb,11,11,11,True
/mnt/c/Users/0M SAI RAM/Desktop/project/dataset/archive/derm12345_train_part_1/cb/DERM_562599.jpg,cb,11,11,22,False
/mnt/c/Users/0M SAI RAM/Desktop/project/dataset/archive/derm12345_train_part_1/cb/DERM_501702.jpg,cb,11,11,23,False
/mnt/c/Users/0M SAI RAM/Desktop/project/dataset/archive/derm12345_train_part_1/cb/DERM_962523.jpg,cb,11,11,23,False
/mnt/c/Users/0M SAI RAM/Desktop/project/dataset/archive/derm12345_train_part_1/cb/DERM_622735.jpg,cb,11,11,23,False
/mnt/c/Users/0M SAI RAM/Desktop/project/dataset/archive/derm12345_train_part_1/cb/DERM_204622.jpg,cb,11,11,23,False
/mnt/c/Users/0M SAI RAM/Desktop/project/dataset/archive/derm12345_train_part_1/cb/DERM_554810.jpg,cb,11,11,11,True
/mnt/c/Users/0M SAI RAM/Desktop/project/dataset/archive/derm12345_train_part_1/cb/DERM_146770.jpg,cb,11,11,14,False
/mnt/c/Users/0M SAI RAM/Desktop/project/dataset/archive/derm12345_train_part_1/cb/DERM_494649.jpg,cb,11,11,37,False
/mnt/c/Users/0M SAI RAM/Desktop/project/dataset/archive/derm12345_train_part_1/cb/DERM_628085.jpg,cb,11,11,37,False
/mnt/c/Users/0M SAI RAM/Desktop/project/dataset/archive/derm12345_train_part_1/cb/DERM_763374.jpg,cb,11,11,37,False
/mnt/c/Users/0M SAI RAM/Desktop/project/dataset/archive/derm12345_train_part_1/cb/DERM_677776.jpg,cb,11,11,11,True
/mnt/c/Users/0M SAI RAM/Desktop/project/dataset/archive/derm12345_train_part_1/cb/DERM_826526.jpg,cb,11,11,17,False
/mnt/c/Users/0M SAI RAM/Desktop/project/dataset/archive/derm12345_train_part_1/ccb/DERM_178066.jpg,ccb,12,12,12,True
/mnt/c/Users/0M SAI RAM/Desktop/project/dataset/archive/derm12345_train_part_1/ccb/DERM_950007.jpg,ccb,12,12,12,True
/mnt/c/Users/0M SAI RAM/Desktop/project/dataset/archive/derm12345_train_part_1/ccb/DERM_826969.jpg,ccb,12,12,12,True
/mnt/c/Users/0M SAI RAM/Desktop/project/dataset/archive/derm12345_train_part_1/ccb/DERM_156811.jpg,ccb,12,12,12,True
/mnt/c/Users/0M SAI RAM/Desktop/project/dataset/archive/derm12345_train_part_1/ccb/DERM_398667.jpg,ccb,12,12,12,True
/mnt/c/Users/0M SAI RAM/Desktop/project/dataset/archive/derm12345_train_part_1/ccb/DERM_302226.jpg,ccb,12,12,12,True
/mnt/c/Users/0M SAI RAM/Desktop/project/dataset/archive/derm12345_train_part_1/ccb/DERM_849494.jpg,ccb,12,12,12,True
/mnt/c/Users/0M SAI RAM/Desktop/project/dataset/archive/derm12345_train_part_1/ccb/DERM_445825.jpg,ccb,12,12,12,True
/mnt/c/Users/0M SAI RAM/Desktop/project/dataset/archive/derm12345_train_part_1/ccb/DERM_693134.jpg,ccb,12,12,12,True
/mnt/c/Users/0M SAI RAM/Desktop/project/dataset/archive/derm12345_train_part_1/ccb/DERM_199361.jpg,ccb,12,12,17,False
/mnt/c/Users/0M SAI RAM/Desktop/project/dataset/archive/derm12345_train_part_1/ccb/DERM_399226.jpg,ccb,12,12,16,False
/mnt/c/Users/0M SAI RAM/Desktop/project/dataset/archive/derm12345_train_part_1/ccb/DERM_426063.jpg,ccb,12,12,37,False
/mnt/c/Users/0M SAI RAM/Desktop/project/dataset/archive/derm12345_train_part_1/ccb/DERM_330993.jpg,ccb,12,12,12,True
/mnt/c/Users/0M SAI RAM/Desktop/project/dataset/archive/derm12345_train_part_1/ccb/DERM_847884.jpg,ccb,12,12,12,True
/mnt/c/Users/0M SAI RAM/Desktop/project/dataset/archive/derm12345_train_part_1/ccb/DERM_666873.jpg,ccb,12,12,37,False
/mnt/c/Users/0M SAI RAM/Desktop/project/dataset/archive/derm12345_train_part_1/ccb/DERM_962242.jpg,ccb,12,12,12,True
/mnt/c/Users/0M SAI RAM/Desktop/project/dataset/archive/derm12345_train_part_1/ccb/DERM_108218.jpg,ccb,12,12,16,False
/mnt/c/Users/0M SAI RAM/Desktop/project/dataset/archive/derm12345_train_part_1/ccb/DERM_184087.jpg,ccb,12,12,12,True
/mnt/c/Users/0M SAI RAM/Desktop/project/dataset/archive/derm12345_train_part_1/ccb/DERM_808286.jpg,ccb,12,12,12,True
/mnt/c/Users/0M SAI RAM/Desktop/project/dataset/archive/derm12345_train_part_1/ccb/DERM_280849.jpg,ccb,12,12,37,False
/mnt/c/Users/0M SAI RAM/Desktop/project/dataset/archive/derm12345_train_part_1/ccb/DERM_303159.jpg,ccb,12,12,23,False
/mnt/c/Users/0M SAI RAM/Desktop/project/dataset/archive/derm12345_train_part_1/ccb/DERM_174269.jpg,ccb,12,12,12,True
/mnt/c/Users/0M SAI RAM/Desktop/project/dataset/archive/derm12345_train_part_1/ccb/DERM_175521.jpg,ccb,12,12,12,True
/mnt/c/Users/0M SAI RAM/Desktop/project/dataset/archive/derm12345_train_part_1/ccb/DERM_871267.jpg,ccb,12,12,12,True
/mnt/c/Users/0M SAI RAM/Desktop/project/dataset/archive/derm12345_train_part_1/ccb/DERM_626108.jpg,ccb,12,12,12,True
/mnt/c/Users/0M SAI RAM/Desktop/project/dataset/archive/derm12345_train_part_1/ccb/DERM_299983.jpg,ccb,12,12,12,True
/mnt/c/Users/0M SAI RAM/Desktop/project/dataset/archive/derm12345_train_part_1/ccb/DERM_904298.jpg,ccb,12,12,27,False
/mnt/c/Users/0M SAI RAM/Desktop/project/dataset/archive/derm12345_train_part_1/ccb/DERM_508564.jpg,ccb,12,12,12,True
/mnt/c/Users/0M SAI RAM/Desktop/project/dataset/archive/derm12345_train_part_1/ccb/DERM_352403.jpg,ccb,12,12,12,True
/mnt/c/Users/0M SAI RAM/Desktop/project/dataset/archive/derm12345_train_part_1/ccb/DERM_408219.jpg,ccb,12,12,23,False
/mnt/c/Users/0M SAI RAM/Desktop/project/dataset/archive/derm12345_train_part_1/ccb/DERM_417687.jpg,ccb,12,12,12,True
/mnt/c/Users/0M SAI RAM/Desktop/project/dataset/archive/derm12345_train_part_1/ccb/DERM_816676.jpg,ccb,12,12,12,True
/mnt/c/Users/0M SAI RAM/Desktop/project/dataset/archive/derm12345_train_part_1/ccb/DERM_710490.jpg,ccb,12,12,8,False
/mnt/c/Users/0M SAI RAM/Desktop/project/dataset/archive/derm12345_train_part_1/ccb/DERM_932033.jpg,ccb,12,12,23,False
/mnt/c/Users/0M SAI RAM/Desktop/project/dataset/archive/derm12345_train_part_1/ccb/DERM_287790.jpg,ccb,12,12,23,False
/mnt/c/Users/0M SAI RAM/Desktop/project/dataset/archive/derm12345_train_part_1/ccb/DERM_997255.jpg,ccb,12,12,12,True
/mnt/c/Users/0M SAI RAM/Desktop/project/dataset/archive/derm12345_train_part_1/ccb/DERM_762130.jpg,ccb,12,12,37,False
/mnt/c/Users/0M SAI RAM/Desktop/project/dataset/archive/derm12345_train_part_1/ccb/DERM_480734.jpg,ccb,12,12,36,False
/mnt/c/Users/0M SAI RAM/Desktop/project/dataset/archive/derm12345_train_part_1/ccb/DERM_952896.jpg,ccb,12,12,23,False
/mnt/c/Users/0M SAI RAM/Desktop/project/dataset/archive/derm12345_train_part_1/ccb/DERM_301953.jpg,ccb,12,12,16,False
/mnt/c/Users/0M SAI RAM/Desktop/project/dataset/archive/derm12345_train_part_1/ccb/DERM_478329.jpg,ccb,12,12,12,True
/mnt/c/Users/0M SAI RAM/Desktop/project/dataset/archive/derm12345_train_part_1/ccb/DERM_880462.jpg,ccb,12,12,12,True
/mnt/c/Users/0M SAI RAM/Desktop/project/dataset/archive/derm12345_train_part_1/ccb/DERM_718269.jpg,ccb,12,12,12,True
/mnt/c/Users/0M SAI RAM/Desktop/project/dataset/archive/derm12345_train_part_1/ccb/DERM_911139.jpg,ccb,12,12,12,True
/mnt/c/Users/0M SAI RAM/Desktop/project/dataset/archive/derm12345_train_part_1/ccb/DERM_141671.jpg,ccb,12,12,12,True
/mnt/c/Users/0M SAI RAM/Desktop/project/dataset/archive/derm12345_train_part_1/ccb/DERM_141518.jpg,ccb,12,12,11,False
/mnt/c/Users/0M SAI RAM/Desktop/project/dataset/archive/derm12345_train_part_1/ccb/DERM_245970.jpg,ccb,12,12,17,False
/mnt/c/Users/0M SAI RAM/Desktop/project/dataset/archive/derm12345_train_part_1/ccb/DERM_362554.jpg,ccb,12,12,12,True
/mnt/c/Users/0M SAI RAM/Desktop/project/dataset/archive/derm12345_train_part_1/ccb/DERM_799661.jpg,ccb,12,12,12,True
/mnt/c/Users/0M SAI RAM/Desktop/project/dataset/archive/derm12345_train_part_1/ccb/DERM_833218.jpg,ccb,12,12,12,True
/mnt/c/Users/0M SAI RAM/Desktop/project/dataset/archive/derm12345_train_part_1/ccb/DERM_380566.jpg,ccb,12,12,12,True
/mnt/c/Users/0M SAI RAM/Desktop/project/dataset/archive/derm12345_train_part_1/ccb/DERM_434000.jpg,ccb,12,12,12,True
/mnt/c/Users/0M SAI RAM/Desktop/project/dataset/archive/derm12345_train_part_1/ccb/DERM_210961.jpg,ccb,12,12,12,True
/mnt/c/Users/0M SAI RAM/Desktop/project/dataset/archive/derm12345_train_part_1/ccb/DERM_330965.jpg,ccb,12,12,12,True
/mnt/c/Users/0M SAI RAM/Desktop/project/dataset/archive/derm12345_train_part_1/ccb/DERM_372025.jpg,ccb,12,12,11,False
/mnt/c/Users/0M SAI RAM/Desktop/project/dataset/archive/derm12345_train_part_1/ccb/DERM_131315.jpg,ccb,12,12,12,True
/mnt/c/Users/0M SAI RAM/Desktop/project/dataset/archive/derm12345_train_part_1/ccb/DERM_757732.jpg,ccb,12,12,12,True
/mnt/c/Users/0M SAI RAM/Desktop/project/dataset/archive/derm12345_train_part_1/ccb/DERM_138010.jpg,ccb,12,12,12,True
/mnt/c/Users/0M SAI RAM/Desktop/project/dataset/archive/derm12345_train_part_1/ccb/DERM_291217.jpg,ccb,12,12,12,True
/mnt/c/Users/0M SAI RAM/Desktop/project/dataset/archive/derm12345_train_part_1/ccb/DERM_299588.jpg,ccb,12,12,12,True
/mnt/c/Users/0M SAI RAM/Desktop/project/dataset/archive/derm12345_train_part_1/ccb/DERM_916737.jpg,ccb,12,12,31,False
/mnt/c/Users/0M SAI RAM/Desktop/project/dataset/archive/derm12345_train_part_1/ccb/DERM_256371.jpg,ccb,12,12,31,False
/mnt/c/Users/0M SAI RAM/Desktop/project/dataset/archive/derm12345_train_part_1/ccb/DERM_163908.jpg,ccb,12,12,37,False
/mnt/c/Users/0M SAI RAM/Desktop/project/dataset/archive/derm12345_train_part_1/ccb/DERM_463990.jpg,ccb,12,12,37,False
/mnt/c/Users/0M SAI RAM/Desktop/project/dataset/archive/derm12345_train_part_1/ccb/DERM_715263.jpg,ccb,12,12,31,False
/mnt/c/Users/0M SAI RAM/Desktop/project/dataset/archive/derm12345_train_part_1/ccb/DERM_926373.jpg,ccb,12,12,37,False
/mnt/c/Users/0M SAI RAM/Desktop/project/dataset/archive/derm12345_train_part_1/ccb/DERM_165000.jpg,ccb,12,12,23,False
/mnt/c/Users/0M SAI RAM/Desktop/project/dataset/archive/derm12345_train_part_1/ccb/DERM_875097.jpg,ccb,12,12,14,False
/mnt/c/Users/0M SAI RAM/Desktop/project/dataset/archive/derm12345_train_part_1/ccb/DERM_493350.jpg,ccb,12,12,23,False
/mnt/c/Users/0M SAI RAM/Desktop/project/dataset/archive/derm12345_train_part_1/ccb/DERM_297200.jpg,ccb,12,12,31,False
/mnt/c/Users/0M SAI RAM/Desktop/project/dataset/archive/derm12345_train_part_1/ccb/DERM_116814.jpg,ccb,12,12,12,True
/mnt/c/Users/0M SAI RAM/Desktop/project/dataset/archive/derm12345_train_part_1/ccb/DERM_549660.jpg,ccb,12,12,12,True
/mnt/c/Users/0M SAI RAM/Desktop/project/dataset/archive/derm12345_train_part_1/ccb/DERM_110390.jpg,ccb,12,12,14,False
/mnt/c/Users/0M SAI RAM/Desktop/project/dataset/archive/derm12345_train_part_1/ccb/DERM_203582.jpg,ccb,12,12,12,True
/mnt/c/Users/0M SAI RAM/Desktop/project/dataset/archive/derm12345_train_part_1/ccb/DERM_738024.jpg,ccb,12,12,12,True
/mnt/c/Users/0M SAI RAM/Desktop/project/dataset/archive/derm12345_train_part_1/ccb/DERM_446699.jpg,ccb,12,12,12,True
/mnt/c/Users/0M SAI RAM/Desktop/project/dataset/archive/derm12345_train_part_1/ccb/DERM_632279.jpg,ccb,12,12,12,True
/mnt/c/Users/0M SAI RAM/Desktop/project/dataset/archive/derm12345_train_part_1/ccb/DERM_511797.jpg,ccb,12,12,12,True
/mnt/c/Users/0M SAI RAM/Desktop/project/dataset/archive/derm12345_train_part_1/ccb/DERM_219666.jpg,ccb,12,12,12,True
/mnt/c/Users/0M SAI RAM/Desktop/project/dataset/archive/derm12345_train_part_1/ccb/DERM_440085.jpg,ccb,12,12,16,False
/mnt/c/Users/0M SAI RAM/Desktop/project/dataset/archive/derm12345_train_part_1/ccb/DERM_114207.jpg,ccb,12,12,16,False
/mnt/c/Users/0M SAI RAM/Desktop/project/dataset/archive/derm12345_train_part_1/ccb/DERM_421582.jpg,ccb,12,12,16,False
/mnt/c/Users/0M SAI RAM/Desktop/project/dataset/archive/derm12345_train_part_1/ccb/DERM_281317.jpg,ccb,12,12,12,True
/mnt/c/Users/0M SAI RAM/Desktop/project/dataset/archive/derm12345_train_part_1/ccb/DERM_124662.jpg,ccb,12,12,22,False
/mnt/c/Users/0M SAI RAM/Desktop/project/dataset/archive/derm12345_train_part_1/ccb/DERM_893295.jpg,ccb,12,12,16,False
/mnt/c/Users/0M SAI RAM/Desktop/project/dataset/archive/derm12345_train_part_1/ccb/DERM_887272.jpg,ccb,12,12,14,False
/mnt/c/Users/0M SAI RAM/Desktop/project/dataset/archive/derm12345_train_part_1/ccb/DERM_393844.jpg,ccb,12,12,12,True
/mnt/c/Users/0M SAI RAM/Desktop/project/dataset/archive/derm12345_train_part_1/ccb/DERM_554878.jpg,ccb,12,12,12,True
/mnt/c/Users/0M SAI RAM/Desktop/project/dataset/archive/derm12345_train_part_1/ccb/DERM_168965.jpg,ccb,12,12,12,True
/mnt/c/Users/0M SAI RAM/Desktop/project/dataset/archive/derm12345_train_part_1/ccb/DERM_455623.jpg,ccb,12,12,16,False
/mnt/c/Users/0M SAI RAM/Desktop/project/dataset/archive/derm12345_train_part_1/ccb/DERM_915773.jpg,ccb,12,12,23,False
/mnt/c/Users/0M SAI RAM/Desktop/project/dataset/archive/derm12345_train_part_1/ccb/DERM_633924.jpg,ccb,12,12,27,False
/mnt/c/Users/0M SAI RAM/Desktop/project/dataset/archive/derm12345_train_part_1/ccb/DERM_638039.jpg,ccb,12,12,12,True
/mnt/c/Users/0M SAI RAM/Desktop/project/dataset/archive/derm12345_train_part_1/ccb/DERM_761912.jpg,ccb,12,12,12,True
/mnt/c/Users/0M SAI RAM/Desktop/project/dataset/archive/derm12345_train_part_1/ccb/DERM_977336.jpg,ccb,12,12,12,True
/mnt/c/Users/0M SAI RAM/Desktop/project/dataset/archive/derm12345_train_part_1/ccb/DERM_495774.jpg,ccb,12,12,12,True
/mnt/c/Users/0M SAI RAM/Desktop/project/dataset/archive/derm12345_train_part_1/ccb/DERM_896335.jpg,ccb,12,12,22,False
/mnt/c/Users/0M SAI RAM/Desktop/project/dataset/archive/derm12345_train_part_1/ccb/DERM_939364.jpg,ccb,12,12,12,True
/mnt/c/Users/0M SAI RAM/Desktop/project/dataset/archive/derm12345_train_part_1/ccb/DERM_537126.jpg,ccb,12,12,12,True
/mnt/c/Users/0M SAI RAM/Desktop/project/dataset/archive/derm12345_train_part_1/ccb/DERM_300343.jpg,ccb,12,12,12,True
/mnt/c/Users/0M SAI RAM/Desktop/project/dataset/archive/derm12345_train_part_1/ccb/DERM_573091.jpg,ccb,12,12,12,True
/mnt/c/Users/0M SAI RAM/Desktop/project/dataset/archive/derm12345_train_part_1/ccb/DERM_954354.jpg,ccb,12,12,12,True
/mnt/c/Users/0M SAI RAM/Desktop/project/dataset/archive/derm12345_train_part_1/ccb/DERM_359774.jpg,ccb,12,12,12,True
/mnt/c/Users/0M SAI RAM/Desktop/project/dataset/archive/derm12345_train_part_1/ccb/DERM_562449.jpg,ccb,12,12,27,False
/mnt/c/Users/0M SAI RAM/Desktop/project/dataset/archive/derm12345_train_part_1/ccb/DERM_638093.jpg,ccb,12,12,11,False
/mnt/c/Users/0M SAI RAM/Desktop/project/dataset/archive/derm12345_train_part_1/ccb/DERM_982280.jpg,ccb,12,12,14,False
/mnt/c/Users/0M SAI RAM/Desktop/project/dataset/archive/derm12345_train_part_1/ccb/DERM_976735.jpg,ccb,12,12,14,False
/mnt/c/Users/0M SAI RAM/Desktop/project/dataset/archive/derm12345_train_part_1/ccb/DERM_771040.jpg,ccb,12,12,14,False
/mnt/c/Users/0M SAI RAM/Desktop/project/dataset/archive/derm12345_train_part_1/ccb/DERM_814400.jpg,ccb,12,12,14,False
/mnt/c/Users/0M SAI RAM/Desktop/project/dataset/archive/derm12345_train_part_1/ccb/DERM_984522.jpg,ccb,12,12,12,True
/mnt/c/Users/0M SAI RAM/Desktop/project/dataset/archive/derm12345_train_part_1/ccb/DERM_391521.jpg,ccb,12,12,12,True
/mnt/c/Users/0M SAI RAM/Desktop/project/dataset/archive/derm12345_train_part_1/ccb/DERM_732913.jpg,ccb,12,12,12,True
/mnt/c/Users/0M SAI RAM/Desktop/project/dataset/archive/derm12345_train_part_1/ccd/DERM_527453.jpg,ccd,13,13,13,True
/mnt/c/Users/0M SAI RAM/Desktop/project/dataset/archive/derm12345_train_part_1/ccd/DERM_566799.jpg,ccd,13,13,13,True
/mnt/c/Users/0M SAI RAM/Desktop/project/dataset/archive/derm12345_train_part_1/ccd/DERM_113493.jpg,ccd,13,13,23,False
/mnt/c/Users/0M SAI RAM/Desktop/project/dataset/archive/derm12345_train_part_1/ccd/DERM_620905.jpg,ccd,13,13,13,True
/mnt/c/Users/0M SAI RAM/Desktop/project/dataset/archive/derm12345_train_part_1/ccd/DERM_887991.jpg,ccd,13,13,37,False
/mnt/c/Users/0M SAI RAM/Desktop/project/dataset/archive/derm12345_train_part_1/ccd/DERM_282774.jpg,ccd,13,13,14,False
/mnt/c/Users/0M SAI RAM/Desktop/project/dataset/archive/derm12345_train_part_1/ccd/DERM_746988.jpg,ccd,13,13,23,False
/mnt/c/Users/0M SAI RAM/Desktop/project/dataset/archive/derm12345_train_part_1/ccd/DERM_890463.jpg,ccd,13,13,23,False
/mnt/c/Users/0M SAI RAM/Desktop/project/dataset/archive/derm12345_train_part_1/cd/DERM_292166.jpg,cd,14,14,2,False
/mnt/c/Users/0M SAI RAM/Desktop/project/dataset/archive/derm12345_train_part_1/cd/DERM_949791.jpg,cd,14,14,11,False
/mnt/c/Users/0M SAI RAM/Desktop/project/dataset/archive/derm12345_train_part_1/cd/DERM_832500.jpg,cd,14,14,23,False
/mnt/c/Users/0M SAI RAM/Desktop/project/dataset/archive/derm12345_train_part_1/cd/DERM_837628.jpg,cd,14,14,31,False
/mnt/c/Users/0M SAI RAM/Desktop/project/dataset/archive/derm12345_train_part_1/cd/DERM_632006.jpg,cd,14,14,20,False
/mnt/c/Users/0M SAI RAM/Desktop/project/dataset/archive/derm12345_train_part_1/cd/DERM_709756.jpg,cd,14,14,23,False
/mnt/c/Users/0M SAI RAM/Desktop/project/dataset/archive/derm12345_train_part_1/cd/DERM_194460.jpg,cd,14,14,23,False
/mnt/c/Users/0M SAI RAM/Desktop/project/dataset/archive/derm12345_train_part_1/cd/DERM_116493.jpg,cd,14,14,12,False
/mnt/c/Users/0M SAI RAM/Desktop/project/dataset/archive/derm12345_train_part_1/cd/DERM_876544.jpg,cd,14,14,14,True
/mnt/c/Users/0M SAI RAM/Desktop/project/dataset/archive/derm12345_train_part_1/cd/DERM_825909.jpg,cd,14,14,14,True
/mnt/c/Users/0M SAI RAM/Desktop/project/dataset/archive/derm12345_train_part_1/cd/DERM_306412.jpg,cd,14,14,11,False
/mnt/c/Users/0M SAI RAM/Desktop/project/dataset/archive/derm12345_train_part_1/cd/DERM_183327.jpg,cd,14,14,37,False
/mnt/c/Users/0M SAI RAM/Desktop/project/dataset/archive/derm12345_train_part_1/cd/DERM_624569.jpg,cd,14,14,11,False
/mnt/c/Users/0M SAI RAM/Desktop/project/dataset/archive/derm12345_train_part_1/cd/DERM_944060.jpg,cd,14,14,14,True
/mnt/c/Users/0M SAI RAM/Desktop/project/dataset/archive/derm12345_train_part_1/cd/DERM_763970.jpg,cd,14,14,13,False
/mnt/c/Users/0M SAI RAM/Desktop/project/dataset/archive/derm12345_train_part_1/cd/DERM_404819.jpg,cd,14,14,23,False
/mnt/c/Users/0M SAI RAM/Desktop/project/dataset/archive/derm12345_train_part_1/cd/DERM_860387.jpg,cd,14,14,14,True
/mnt/c/Users/0M SAI RAM/Desktop/project/dataset/archive/derm12345_train_part_1/cd/DERM_537132.jpg,cd,14,14,12,False
/mnt/c/Users/0M SAI RAM/Desktop/project/dataset/archive/derm12345_train_part_1/cd/DERM_734139.jpg,cd,14,14,23,False
/mnt/c/Users/0M SAI RAM/Desktop/project/dataset/archive/derm12345_train_part_1/cd/DERM_934748.jpg,cd,14,14,11,False
/mnt/c/Users/0M SAI RAM/Desktop/project/dataset/archive/derm12345_train_part_1/cd/DERM_363068.jpg,cd,14,14,14,True
/mnt/c/Users/0M SAI RAM/Desktop/project/dataset/archive/derm12345_train_part_1/cd/DERM_820533.jpg,cd,14,14,12,False
/mnt/c/Users/0M SAI RAM/Desktop/project/dataset/archive/derm12345_train_part_1/cd/DERM_198226.jpg,cd,14,14,22,False
/mnt/c/Users/0M SAI RAM/Desktop/project/dataset/archive/derm12345_train_part_1/cd/DERM_360703.jpg,cd,14,14,11,False
/mnt/c/Users/0M SAI RAM/Desktop/project/dataset/archive/derm12345_train_part_1/cd/DERM_156933.jpg,cd,14,14,23,False
/mnt/c/Users/0M SAI RAM/Desktop/project/dataset/archive/derm12345_train_part_1/cd/DERM_931408.jpg,cd,14,14,17,False
/mnt/c/Users/0M SAI RAM/Desktop/project/dataset/archive/derm12345_train_part_1/cd/DERM_423964.jpg,cd,14,14,14,True
/mnt/c/Users/0M SAI RAM/Desktop/project/dataset/archive/derm12345_train_part_1/cd/DERM_560342.jpg,cd,14,14,23,False
/mnt/c/Users/0M SAI RAM/Desktop/project/dataset/archive/derm12345_train_part_1/cd/DERM_421783.jpg,cd,14,14,23,False
/mnt/c/Users/0M SAI RAM/Desktop/project/dataset/archive/derm12345_train_part_1/cd/DERM_349701.jpg,cd,14,14,14,True
/mnt/c/Users/0M SAI RAM/Desktop/project/dataset/archive/derm12345_train_part_1/cd/DERM_101626.jpg,cd,14,14,12,False
/mnt/c/Users/0M SAI RAM/Desktop/project/dataset/archive/derm12345_train_part_1/cd/DERM_401586.jpg,cd,14,14,37,False
/mnt/c/Users/0M SAI RAM/Desktop/project/dataset/archive/derm12345_train_part_1/cd/DERM_602585.jpg,cd,14,14,14,True
/mnt/c/Users/0M SAI RAM/Desktop/project/dataset/archive/derm12345_train_part_1/cd/DERM_728747.jpg,cd,14,14,14,True
/mnt/c/Users/0M SAI RAM/Desktop/project/dataset/archive/derm12345_train_part_1/cd/DERM_950645.jpg,cd,14,14,37,False
/mnt/c/Users/0M SAI RAM/Desktop/project/dataset/archive/derm12345_train_part_1/cd/DERM_871157.jpg,cd,14,14,11,False
/mnt/c/Users/0M SAI RAM/Desktop/project/dataset/archive/derm12345_train_part_1/cd/DERM_709559.jpg,cd,14,14,23,False
/mnt/c/Users/0M SAI RAM/Desktop/project/dataset/archive/derm12345_train_part_1/cd/DERM_934509.jpg,cd,14,14,31,False
/mnt/c/Users/0M SAI RAM/Desktop/project/dataset/archive/derm12345_train_part_1/cd/DERM_399875.jpg,cd,14,14,14,True
/mnt/c/Users/0M SAI RAM/Desktop/project/dataset/archive/derm12345_train_part_1/cd/DERM_476644.jpg,cd,14,14,16,False
/mnt/c/Users/0M SAI RAM/Desktop/project/dataset/archive/derm12345_train_part_1/cd/DERM_754531.jpg,cd,14,14,23,False
/mnt/c/Users/0M SAI RAM/Desktop/project/dataset/archive/derm12345_train_part_1/cd/DERM_329884.jpg,cd,14,14,11,False
/mnt/c/Users/0M SAI RAM/Desktop/project/dataset/archive/derm12345_train_part_1/cd/DERM_784918.jpg,cd,14,14,23,False
/mnt/c/Users/0M SAI RAM/Desktop/project/dataset/archive/derm12345_train_part_1/cd/DERM_719044.jpg,cd,14,14,11,False
/mnt/c/Users/0M SAI RAM/Desktop/project/dataset/archive/derm12345_train_part_1/cd/DERM_781805.jpg,cd,14,14,17,False
/mnt/c/Users/0M SAI RAM/Desktop/project/dataset/archive/derm12345_train_part_1/cd/DERM_359102.jpg,cd,14,14,11,False
/mnt/c/Users/0M SAI RAM/Desktop/project/dataset/archive/derm12345_train_part_1/cd/DERM_401080.jpg,cd,14,14,23,False
/mnt/c/Users/0M SAI RAM/Desktop/project/dataset/archive/derm12345_train_part_1/cd/DERM_207928.jpg,cd,14,14,11,False
/mnt/c/Users/0M SAI RAM/Desktop/project/dataset/archive/derm12345_train_part_1/cd/DERM_200042.jpg,cd,14,14,14,True
/mnt/c/Users/0M SAI RAM/Desktop/project/dataset/archive/derm12345_train_part_1/cd/DERM_933798.jpg,cd,14,14,23,False
/mnt/c/Users/0M SAI RAM/Desktop/project/dataset/archive/derm12345_train_part_1/cd/DERM_242134.jpg,cd,14,14,23,False
/mnt/c/Users/0M SAI RAM/Desktop/project/dataset/archive/derm12345_train_part_1/cd/DERM_750196.jpg,cd,14,14,23,False
/mnt/c/Users/0M SAI RAM/Desktop/project/dataset/archive/derm12345_train_part_1/cd/DERM_234211.jpg,cd,14,14,23,False
/mnt/c/Users/0M SAI RAM/Desktop/project/dataset/archive/derm12345_train_part_1/cd/DERM_956556.jpg,cd,14,14,14,True
/mnt/c/Users/0M SAI RAM/Desktop/project/dataset/archive/derm12345_train_part_1/cd/DERM_702036.jpg,cd,14,14,23,False
/mnt/c/Users/0M SAI RAM/Desktop/project/dataset/archive/derm12345_train_part_1/cd/DERM_519707.jpg,cd,14,14,11,False
/mnt/c/Users/0M SAI RAM/Desktop/project/dataset/archive/derm12345_train_part_1/cd/DERM_940001.jpg,cd,14,14,17,False
/mnt/c/Users/0M SAI RAM/Desktop/project/dataset/archive/derm12345_train_part_1/cd/DERM_430208.jpg,cd,14,14,14,True
/mnt/c/Users/0M SAI RAM/Desktop/project/dataset/archive/derm12345_train_part_1/cd/DERM_729256.jpg,cd,14,14,23,False
/mnt/c/Users/0M SAI RAM/Desktop/project/dataset/archive/derm12345_train_part_1/cd/DERM_987035.jpg,cd,14,14,23,False
/mnt/c/Users/0M SAI RAM/Desktop/project/dataset/archive/derm12345_train_part_1/cd/DERM_371709.jpg,cd,14,14,23,False
/mnt/c/Users/0M SAI RAM/Desktop/project/dataset/archive/derm12345_train_part_1/cd/DERM_797719.jpg,cd,14,14,23,False
/mnt/c/Users/0M SAI RAM/Desktop/project/dataset/archive/derm12345_train_part_1/cd/DERM_423489.jpg,cd,14,14,14,True
/mnt/c/Users/0M SAI RAM/Desktop/project/dataset/archive/derm12345_train_part_1/cd/DERM_691694.jpg,cd,14,14,23,False
/mnt/c/Users/0M SAI RAM/Desktop/project/dataset/archive/derm12345_train_part_1/cd/DERM_766807.jpg,cd,14,14,23,False
/mnt/c/Users/0M SAI RAM/Desktop/project/dataset/archive/derm12345_train_part_1/cd/DERM_997547.jpg,cd,14,14,11,False
/mnt/c/Users/0M SAI RAM/Desktop/project/dataset/archive/derm12345_train_part_1/cd/DERM_772313.jpg,cd,14,14,14,True
/mnt/c/Users/0M SAI RAM/Desktop/project/dataset/archive/derm12345_train_part_1/cd/DERM_607553.jpg,cd,14,14,14,True
/mnt/c/Users/0M SAI RAM/Desktop/project/dataset/archive/derm12345_train_part_1/cd/DERM_689074.jpg,cd,14,14,23,False
/mnt/c/Users/0M SAI RAM/Desktop/project/dataset/archive/derm12345_train_part_1/cd/DERM_843519.jpg,cd,14,14,23,False
/mnt/c/Users/0M SAI RAM/Desktop/project/dataset/archive/derm12345_train_part_1/cd/DERM_230753.jpg,cd,14,14,14,True
/mnt/c/Users/0M SAI RAM/Desktop/project/dataset/archive/derm12345_train_part_1/cd/DERM_587225.jpg,cd,14,14,23,False
/mnt/c/Users/0M SAI RAM/Desktop/project/dataset/archive/derm12345_train_part_1/cd/DERM_800292.jpg,cd,14,14,23,False
/mnt/c/Users/0M SAI RAM/Desktop/project/dataset/archive/derm12345_train_part_1/cd/DERM_730143.jpg,cd,14,14,11,False
/mnt/c/Users/0M SAI RAM/Desktop/project/dataset/archive/derm12345_train_part_1/cd/DERM_460518.jpg,cd,14,14,37,False
/mnt/c/Users/0M SAI RAM/Desktop/project/dataset/archive/derm12345_train_part_1/cd/DERM_617286.jpg,cd,14,14,23,False
/mnt/c/Users/0M SAI RAM/Desktop/project/dataset/archive/derm12345_train_part_1/cd/DERM_767431.jpg,cd,14,14,23,False
/mnt/c/Users/0M SAI RAM/Desktop/project/dataset/archive/derm12345_train_part_1/cd/DERM_962244.jpg,cd,14,14,11,False
/mnt/c/Users/0M SAI RAM/Desktop/project/dataset/archive/derm12345_train_part_1/cd/DERM_493234.jpg,cd,14,14,14,True
/mnt/c/Users/0M SAI RAM/Desktop/project/dataset/archive/derm12345_train_part_1/cd/DERM_555078.jpg,cd,14,14,16,False
/mnt/c/Users/0M SAI RAM/Desktop/project/dataset/archive/derm12345_train_part_1/cd/DERM_563422.jpg,cd,14,14,3,False
/mnt/c/Users/0M SAI RAM/Desktop/project/dataset/archive/derm12345_train_part_1/cd/DERM_330977.jpg,cd,14,14,23,False
/mnt/c/Users/0M SAI RAM/Desktop/project/dataset/archive/derm12345_train_part_1/cd/DERM_253567.jpg,cd,14,14,11,False
/mnt/c/Users/0M SAI RAM/Desktop/project/dataset/archive/derm12345_train_part_1/cd/DERM_619089.jpg,cd,14,14,14,True
/mnt/c/Users/0M SAI RAM/Desktop/project/dataset/archive/derm12345_train_part_1/cd/DERM_114987.jpg,cd,14,14,14,True
/mnt/c/Users/0M SAI RAM/Desktop/project/dataset/archive/derm12345_train_part_1/cd/DERM_537830.jpg,cd,14,14,14,True
/mnt/c/Users/0M SAI RAM/Desktop/project/dataset/archive/derm12345_train_part_1/cd/DERM_561292.jpg,cd,14,14,11,False
/mnt/c/Users/0M SAI RAM/Desktop/project/dataset/archive/derm12345_train_part_1/cd/DERM_704953.jpg,cd,14,14,23,False
/mnt/c/Users/0M SAI RAM/Desktop/project/dataset/archive/derm12345_train_part_1/cd/DERM_467190.jpg,cd,14,14,11,False
/mnt/c/Users/0M SAI RAM/Desktop/project/dataset/archive/derm12345_train_part_1/cd/DERM_901580.jpg,cd,14,14,14,True
/mnt/c/Users/0M SAI RAM/Desktop/project/dataset/archive/derm12345_train_part_1/cd/DERM_665784.jpg,cd,14,14,14,True
/mnt/c/Users/0M SAI RAM/Desktop/project/dataset/archive/derm12345_train_part_1/cd/DERM_910480.jpg,cd,14,14,11,False
/mnt/c/Users/0M SAI RAM/Desktop/project/dataset/archive/derm12345_train_part_1/cd/DERM_455020.jpg,cd,14,14,22,False
/mnt/c/Users/0M SAI RAM/Desktop/project/dataset/archive/derm12345_train_part_1/cd/DERM_156018.jpg,cd,14,14,14,True
/mnt/c/Users/0M SAI RAM/Desktop/project/dataset/archive/derm12345_train_part_1/cd/DERM_111430.jpg,cd,14,14,8,False
/mnt/c/Users/0M SAI RAM/Desktop/project/dataset/archive/derm12345_train_part_1/cd/DERM_371326.jpg,cd,14,14,14,True
/mnt/c/Users/0M SAI RAM/Desktop/project/dataset/archive/derm12345_train_part_1/cd/DERM_654954.jpg,cd,14,14,12,False
/mnt/c/Users/0M SAI RAM/Desktop/project/dataset/archive/derm12345_train_part_1/cd/DERM_256933.jpg,cd,14,14,14,True
/mnt/c/Users/0M SAI RAM/Desktop/project/dataset/archive/derm12345_train_part_1/cd/DERM_614252.jpg,cd,14,14,14,True
/mnt/c/Users/0M SAI RAM/Desktop/project/dataset/archive/derm12345_train_part_1/cd/DERM_678597.jpg,cd,14,14,23,False
/mnt/c/Users/0M SAI RAM/Desktop/project/dataset/archive/derm12345_train_part_1/cd/DERM_479886.jpg,cd,14,14,14,True
/mnt/c/Users/0M SAI RAM/Desktop/project/dataset/archive/derm12345_train_part_1/cd/DERM_660937.jpg,cd,14,14,26,False
/mnt/c/Users/0M SAI RAM/Desktop/project/dataset/archive/derm12345_train_part_1/cd/DERM_486045.jpg,cd,14,14,23,False
/mnt/c/Users/0M SAI RAM/Desktop/project/dataset/archive/derm12345_train_part_1/cd/DERM_143871.jpg,cd,14,14,23,False
/mnt/c/Users/0M SAI RAM/Desktop/project/dataset/archive/derm12345_train_part_1/cd/DERM_778005.jpg,cd,14,14,23,False
/mnt/c/Users/0M SAI RAM/Desktop/project/dataset/archive/derm12345_train_part_1/cd/DERM_352930.jpg,cd,14,14,23,False
/mnt/c/Users/0M SAI RAM/Desktop/project/dataset/archive/derm12345_train_part_1/cd/DERM_905721.jpg,cd,14,14,11,False
/mnt/c/Users/0M SAI RAM/Desktop/project/dataset/archive/derm12345_train_part_1/cd/DERM_643749.jpg,cd,14,14,23,False
/mnt/c/Users/0M SAI RAM/Desktop/project/dataset/archive/derm12345_train_part_1/cd/DERM_978085.jpg,cd,14,14,22,False
/mnt/c/Users/0M SAI RAM/Desktop/project/dataset/archive/derm12345_train_part_1/cd/DERM_580174.jpg,cd,14,14,14,True
/mnt/c/Users/0M SAI RAM/Desktop/project/dataset/archive/derm12345_train_part_1/cd/DERM_279420.jpg,cd,14,14,22,False
/mnt/c/Users/0M SAI RAM/Desktop/project/dataset/archive/derm12345_train_part_1/cd/DERM_789325.jpg,cd,14,14,23,False
/mnt/c/Users/0M SAI RAM/Desktop/project/dataset/archive/derm12345_train_part_1/cd/DERM_938952.jpg,cd,14,14,11,False
/mnt/c/Users/0M SAI RAM/Desktop/project/dataset/archive/derm12345_train_part_1/cd/DERM_376637.jpg,cd,14,14,11,False
/mnt/c/Users/0M SAI RAM/Desktop/project/dataset/archive/derm12345_train_part_1/cd/DERM_819243.jpg,cd,14,14,23,False
/mnt/c/Users/0M SAI RAM/Desktop/project/dataset/archive/derm12345_train_part_1/cd/DERM_134856.jpg,cd,14,14,22,False
/mnt/c/Users/0M SAI RAM/Desktop/project/dataset/archive/derm12345_train_part_1/cd/DERM_722762.jpg,cd,14,14,14,True
/mnt/c/Users/0M SAI RAM/Desktop/project/dataset/archive/derm12345_train_part_1/cd/DERM_896301.jpg,cd,14,14,14,True
/mnt/c/Users/0M SAI RAM/Desktop/project/dataset/archive/derm12345_train_part_1/cd/DERM_215882.jpg,cd,14,14,11,False
/mnt/c/Users/0M SAI RAM/Desktop/project/dataset/archive/derm12345_train_part_1/cd/DERM_393291.jpg,cd,14,14,23,False
/mnt/c/Users/0M SAI RAM/Desktop/project/dataset/archive/derm12345_train_part_1/cd/DERM_475324.jpg,cd,14,14,23,False
/mnt/c/Users/0M SAI RAM/Desktop/project/dataset/archive/derm12345_train_part_1/cd/DERM_706653.jpg,cd,14,14,11,False
/mnt/c/Users/0M SAI RAM/Desktop/project/dataset/archive/derm12345_train_part_1/cd/DERM_752788.jpg,cd,14,14,23,False
/mnt/c/Users/0M SAI RAM/Desktop/project/dataset/archive/derm12345_train_part_1/cd/DERM_402639.jpg,cd,14,14,23,False
/mnt/c/Users/0M SAI RAM/Desktop/project/dataset/archive/derm12345_train_part_1/cd/DERM_534353.jpg,cd,14,14,11,False
/mnt/c/Users/0M SAI RAM/Desktop/project/dataset/archive/derm12345_train_part_1/cd/DERM_316453.jpg,cd,14,14,14,True
/mnt/c/Users/0M SAI RAM/Desktop/project/dataset/archive/derm12345_train_part_1/cd/DERM_833142.jpg,cd,14,14,23,False
/mnt/c/Users/0M SAI RAM/Desktop/project/dataset/archive/derm12345_train_part_1/cd/DERM_854596.jpg,cd,14,14,11,False
/mnt/c/Users/0M SAI RAM/Desktop/project/dataset/archive/derm12345_train_part_1/cd/DERM_157900.jpg,cd,14,14,14,True
/mnt/c/Users/0M SAI RAM/Desktop/project/dataset/archive/derm12345_train_part_1/cd/DERM_608247.jpg,cd,14,14,14,True
/mnt/c/Users/0M SAI RAM/Desktop/project/dataset/archive/derm12345_train_part_1/cd/DERM_374754.jpg,cd,14,14,14,True
/mnt/c/Users/0M SAI RAM/Desktop/project/dataset/archive/derm12345_train_part_1/cd/DERM_251480.jpg,cd,14,14,23,False
/mnt/c/Users/0M SAI RAM/Desktop/project/dataset/archive/derm12345_train_part_1/ch/DERM_580441.jpg,ch,15,15,31,False
/mnt/c/Users/0M SAI RAM/Desktop/project/dataset/archive/derm12345_train_part_1/ch/DERM_786221.jpg,ch,15,15,15,True
/mnt/c/Users/0M SAI RAM/Desktop/project/dataset/archive/derm12345_train_part_1/ch/DERM_277556.jpg,ch,15,15,17,False
/mnt/c/Users/0M SAI RAM/Desktop/project/dataset/archive/derm12345_train_part_1/cjb/DERM_730626.jpg,cjb,16,16,23,False
/mnt/c/Users/0M SAI RAM/Desktop/project/dataset/archive/derm12345_train_part_1/cjb/DERM_907508.jpg,cjb,16,16,23,False
/mnt/c/Users/0M SAI RAM/Desktop/project/dataset/archive/derm12345_train_part_1/cjb/DERM_618336.jpg,cjb,16,16,22,False
/mnt/c/Users/0M SAI RAM/Desktop/project/dataset/archive/derm12345_train_part_1/cjb/DERM_697055.jpg,cjb,16,16,23,False
/mnt/c/Users/0M SAI RAM/Desktop/project/dataset/archive/derm12345_train_part_1/cjb/DERM_891868.jpg,cjb,16,16,14,False
/mnt/c/Users/0M SAI RAM/Desktop/project/dataset/archive/derm12345_train_part_1/cjb/DERM_382654.jpg,cjb,16,16,23,False
/mnt/c/Users/0M SAI RAM/Desktop/project/dataset/archive/derm12345_train_part_1/cjb/DERM_631769.jpg,cjb,16,16,23,False
/mnt/c/Users/0M SAI RAM/Desktop/project/dataset/archive/derm12345_train_part_1/cjb/DERM_506961.jpg,cjb,16,16,16,True
/mnt/c/Users/0M SAI RAM/Desktop/project/dataset/archive/derm12345_train_part_1/cjb/DERM_666213.jpg,cjb,16,16,16,True
/mnt/c/Users/0M SAI RAM/Desktop/project/dataset/archive/derm12345_train_part_1/cjb/DERM_948063.jpg,cjb,16,16,3,False
/mnt/c/Users/0M SAI RAM/Desktop/project/dataset/archive/derm12345_train_part_1/cjb/DERM_651300.jpg,cjb,16,16,16,True
/mnt/c/Users/0M SAI RAM/Desktop/project/dataset/archive/derm12345_train_part_1/cjb/DERM_974272.jpg,cjb,16,16,30,False
/mnt/c/Users/0M SAI RAM/Desktop/project/dataset/archive/derm12345_train_part_1/cjb/DERM_744699.jpg,cjb,16,16,16,True
/mnt/c/Users/0M SAI RAM/Desktop/project/dataset/archive/derm12345_train_part_1/cjb/DERM_782848.jpg,cjb,16,16,16,True
/mnt/c/Users/0M SAI RAM/Desktop/project/dataset/archive/derm12345_train_part_1/cjb/DERM_564548.jpg,cjb,16,16,16,True
/mnt/c/Users/0M SAI RAM/Desktop/project/dataset/archive/derm12345_train_part_1/cjb/DERM_939865.jpg,cjb,16,16,16,True
/mnt/c/Users/0M SAI RAM/Desktop/project/dataset/archive/derm12345_train_part_1/cjb/DERM_391841.jpg,cjb,16,16,16,True
/mnt/c/Users/0M SAI RAM/Desktop/project/dataset/archive/derm12345_train_part_1/cjb/DERM_122600.jpg,cjb,16,16,23,False
/mnt/c/Users/0M SAI RAM/Desktop/project/dataset/archive/derm12345_train_part_1/cjb/DERM_853090.jpg,cjb,16,16,22,False
/mnt/c/Users/0M SAI RAM/Desktop/project/dataset/archive/derm12345_train_part_1/cjb/DERM_450433.jpg,cjb,16,16,16,True
/mnt/c/Users/0M SAI RAM/Desktop/project/dataset/archive/derm12345_train_part_1/cjb/DERM_655353.jpg,cjb,16,16,12,False
/mnt/c/Users/0M SAI RAM/Desktop/project/dataset/archive/derm12345_train_part_1/cjb/DERM_838605.jpg,cjb,16,16,16,True
/mnt/c/Users/0M SAI RAM/Desktop/project/dataset/archive/derm12345_train_part_1/cjb/DERM_883757.jpg,cjb,16,16,22,False
/mnt/c/Users/0M SAI RAM/Desktop/project/dataset/archive/derm12345_train_part_1/cjb/DERM_685450.jpg,cjb,16,16,23,False
/mnt/c/Users/0M SAI RAM/Desktop/project/dataset/archive/derm12345_train_part_1/cjb/DERM_453422.jpg,cjb,16,16,23,False
/mnt/c/Users/0M SAI RAM/Desktop/project/dataset/archive/derm12345_train_part_1/cjb/DERM_239025.jpg,cjb,16,16,12,False
/mnt/c/Users/0M SAI RAM/Desktop/project/dataset/archive/derm12345_train_part_1/cjb/DERM_229823.jpg,cjb,16,16,16,True
/mnt/c/Users/0M SAI RAM/Desktop/project/dataset/archive/derm12345_train_part_1/cjb/DERM_464420.jpg,cjb,16,16,37,False
/mnt/c/Users/0M SAI RAM/Desktop/project/dataset/archive/derm12345_train_part_1/cjb/DERM_939086.jpg,cjb,16,16,22,False
/mnt/c/Users/0M SAI RAM/Desktop/project/dataset/archive/derm12345_train_part_1/cjb/DERM_105303.jpg,cjb,16,16,16,True
/mnt/c/Users/0M SAI RAM/Desktop/project/dataset/archive/derm12345_train_part_1/cjb/DERM_112722.jpg,cjb,16,16,12,False
/mnt/c/Users/0M SAI RAM/Desktop/project/dataset/archive/derm12345_train_part_1/cjb/DERM_126765.jpg,cjb,16,16,16,True
/mnt/c/Users/0M SAI RAM/Desktop/project/dataset/archive/derm12345_train_part_1/cjb/DERM_154109.jpg,cjb,16,16,16,True
/mnt/c/Users/0M SAI RAM/Desktop/project/dataset/archive/derm12345_train_part_1/cjb/DERM_287142.jpg,cjb,16,16,16,True
/mnt/c/Users/0M SAI RAM/Desktop/project/dataset/archive/derm12345_train_part_1/cjb/DERM_365251.jpg,cjb,16,16,16,True
/mnt/c/Users/0M SAI RAM/Desktop/project/dataset/archive/derm12345_train_part_1/cjb/DERM_764215.jpg,cjb,16,16,23,False
/mnt/c/Users/0M SAI RAM/Desktop/project/dataset/archive/derm12345_train_part_1/cjb/DERM_832387.jpg,cjb,16,16,16,True
/mnt/c/Users/0M SAI RAM/Desktop/project/dataset/archive/derm12345_train_part_1/cjb/DERM_857171.jpg,cjb,16,16,12,False
/mnt/c/Users/0M SAI RAM/Desktop/project/dataset/archive/derm12345_train_part_1/db/DERM_160789.jpg,db,17,17,17,True
/mnt/c/Users/0M SAI RAM/Desktop/project/dataset/archive/derm12345_train_part_1/db/DERM_687892.jpg,db,17,17,17,True
/mnt/c/Users/0M SAI RAM/Desktop/project/dataset/archive/derm12345_train_part_1/db/DERM_986767.jpg,db,17,17,17,True
/mnt/c/Users/0M SAI RAM/Desktop/project/dataset/archive/derm12345_train_part_1/db/DERM_865817.jpg,db,17,17,17,True
/mnt/c/Users/0M SAI RAM/Desktop/project/dataset/archive/derm12345_train_part_1/db/DERM_645234.jpg,db,17,17,17,True
/mnt/c/Users/0M SAI RAM/Desktop/project/dataset/archive/derm12345_train_part_1/db/DERM_811919.jpg,db,17,17,37,False
/mnt/c/Users/0M SAI RAM/Desktop/project/dataset/archive/derm12345_train_part_1/db/DERM_408316.jpg,db,17,17,10,False
/mnt/c/Users/0M SAI RAM/Desktop/project/dataset/archive/derm12345_train_part_1/db/DERM_706075.jpg,db,17,17,17,True
/mnt/c/Users/0M SAI RAM/Desktop/project/dataset/archive/derm12345_train_part_1/db/DERM_675835.jpg,db,17,17,8,False
/mnt/c/Users/0M SAI RAM/Desktop/project/dataset/archive/derm12345_train_part_1/db/DERM_661266.jpg,db,17,17,17,True
/mnt/c/Users/0M SAI RAM/Desktop/project/dataset/archive/derm12345_train_part_1/db/DERM_447153.jpg,db,17,17,17,True
/mnt/c/Users/0M SAI RAM/Desktop/project/dataset/archive/derm12345_train_part_1/db/DERM_217772.jpg,db,17,17,23,False
/mnt/c/Users/0M SAI RAM/Desktop/project/dataset/archive/derm12345_train_part_1/db/DERM_461737.jpg,db,17,17,14,False
/mnt/c/Users/0M SAI RAM/Desktop/project/dataset/archive/derm12345_train_part_1/db/DERM_205843.jpg,db,17,17,17,True
/mnt/c/Users/0M SAI RAM/Desktop/project/dataset/archive/derm12345_train_part_1/db/DERM_866337.jpg,db,17,17,23,False
/mnt/c/Users/0M SAI RAM/Desktop/project/dataset/archive/derm12345_train_part_1/db/DERM_153525.jpg,db,17,17,17,True
/mnt/c/Users/0M SAI RAM/Desktop/project/dataset/archive/derm12345_train_part_1/db/DERM_168529.jpg,db,17,17,18,False
/mnt/c/Users/0M SAI RAM/Desktop/project/dataset/archive/derm12345_train_part_1/db/DERM_633143.jpg,db,17,17,17,True
/mnt/c/Users/0M SAI RAM/Desktop/project/dataset/archive/derm12345_train_part_1/db/DERM_711778.jpg,db,17,17,17,True
/mnt/c/Users/0M SAI RAM/Desktop/project/dataset/archive/derm12345_train_part_1/db/DERM_328936.jpg,db,17,17,17,True
/mnt/c/Users/0M SAI RAM/Desktop/project/dataset/archive/derm12345_train_part_1/db/DERM_267248.jpg,db,17,17,11,False
/mnt/c/Users/0M SAI RAM/Desktop/project/dataset/archive/derm12345_train_part_1/db/DERM_587607.jpg,db,17,17,22,False
/mnt/c/Users/0M SAI RAM/Desktop/project/dataset/archive/derm12345_train_part_1/db/DERM_182709.jpg,db,17,17,37,False
/mnt/c/Users/0M SAI RAM/Desktop/project/dataset/archive/derm12345_train_part_1/db/DERM_162177.jpg,db,17,17,22,False
/mnt/c/Users/0M SAI RAM/Desktop/project/dataset/archive/derm12345_train_part_1/db/DERM_592650.jpg,db,17,17,17,True
/mnt/c/Users/0M SAI RAM/Desktop/project/dataset/archive/derm12345_train_part_1/db/DERM_606427.jpg,db,17,17,37,False
/mnt/c/Users/0M SAI RAM/Desktop/project/dataset/archive/derm12345_train_part_1/db/DERM_969351.jpg,db,17,17,17,True
/mnt/c/Users/0M SAI RAM/Desktop/project/dataset/archive/derm12345_train_part_1/db/DERM_541098.jpg,db,17,17,17,True
/mnt/c/Users/0M SAI RAM/Desktop/project/dataset/archive/derm12345_train_part_1/db/DERM_567941.jpg,db,17,17,11,False
/mnt/c/Users/0M SAI RAM/Desktop/project/dataset/archive/derm12345_train_part_1/db/DERM_473594.jpg,db,17,17,11,False
/mnt/c/Users/0M SAI RAM/Desktop/project/dataset/archive/derm12345_train_part_1/db/DERM_625540.jpg,db,17,17,18,False
/mnt/c/Users/0M SAI RAM/Desktop/project/dataset/archive/derm12345_train_part_1/db/DERM_938479.jpg,db,17,17,17,True
/mnt/c/Users/0M SAI RAM/Desktop/project/dataset/archive/derm12345_train_part_1/db/DERM_559431.jpg,db,17,17,17,True
/mnt/c/Users/0M SAI RAM/Desktop/project/dataset/archive/derm12345_train_part_1/db/DERM_413975.jpg,db,17,17,23,False
/mnt/c/Users/0M SAI RAM/Desktop/project/dataset/archive/derm12345_train_part_1/db/DERM_895254.jpg,db,17,17,17,True
/mnt/c/Users/0M SAI RAM/Desktop/project/dataset/archive/derm12345_train_part_1/db/DERM_405523.jpg,db,17,17,11,False
/mnt/c/Users/0M SAI RAM/Desktop/project/dataset/archive/derm12345_train_part_1/db/DERM_690311.jpg,db,17,17,17,True
/mnt/c/Users/0M SAI RAM/Desktop/project/dataset/archive/derm12345_train_part_1/db/DERM_309791.jpg,db,17,17,17,True
/mnt/c/Users/0M SAI RAM/Desktop/project/dataset/archive/derm12345_train_part_1/db/DERM_971590.jpg,db,17,17,11,False
/mnt/c/Users/0M SAI RAM/Desktop/project/dataset/archive/derm12345_train_part_1/db/DERM_593266.jpg,db,17,17,37,False
/mnt/c/Users/0M SAI RAM/Desktop/project/dataset/archive/derm12345_train_part_1/db/DERM_759942.jpg,db,17,17,17,True
/mnt/c/Users/0M SAI RAM/Desktop/project/dataset/archive/derm12345_train_part_1/db/DERM_638028.jpg,db,17,17,8,False
/mnt/c/Users/0M SAI RAM/Desktop/project/dataset/archive/derm12345_train_part_1/db/DERM_282629.jpg,db,17,17,17,True
/mnt/c/Users/0M SAI RAM/Desktop/project/dataset/archive/derm12345_train_part_1/db/DERM_250995.jpg,db,17,17,11,False
/mnt/c/Users/0M SAI RAM/Desktop/project/dataset/archive/derm12345_train_part_1/db/DERM_705804.jpg,db,17,17,23,False
/mnt/c/Users/0M SAI RAM/Desktop/project/dataset/archive/derm12345_train_part_1/db/DERM_681280.jpg,db,17,17,11,False
/mnt/c/Users/0M SAI RAM/Desktop/project/dataset/archive/derm12345_train_part_1/db/DERM_704991.jpg,db,17,17,17,True
/mnt/c/Users/0M SAI RAM/Desktop/project/dataset/archive/derm12345_train_part_1/db/DERM_260780.jpg,db,17,17,17,True
/mnt/c/Users/0M SAI RAM/Desktop/project/dataset/archive/derm12345_train_part_1/db/DERM_162756.jpg,db,17,17,11,False
/mnt/c/Users/0M SAI RAM/Desktop/project/dataset/archive/derm12345_train_part_1/db/DERM_382400.jpg,db,17,17,11,False
/mnt/c/Users/0M SAI RAM/Desktop/project/dataset/archive/derm12345_train_part_1/db/DERM_667422.jpg,db,17,17,17,True
/mnt/c/Users/0M SAI RAM/Desktop/project/dataset/archive/derm12345_train_part_1/db/DERM_673775.jpg,db,17,17,17,True
/mnt/c/Users/0M SAI RAM/Desktop/project/dataset/archive/derm12345_train_part_1/db/DERM_211830.jpg,db,17,17,17,True
/mnt/c/Users/0M SAI RAM/Desktop/project/dataset/archive/derm12345_train_part_1/db/DERM_410674.jpg,db,17,17,11,False
/mnt/c/Users/0M SAI RAM/Desktop/project/dataset/archive/derm12345_train_part_1/db/DERM_446867.jpg,db,17,17,11,False
/mnt/c/Users/0M SAI RAM/Desktop/project/dataset/archive/derm12345_train_part_1/db/DERM_984489.jpg,db,17,17,17,True
/mnt/c/Users/0M SAI RAM/Desktop/project/dataset/archive/derm12345_train_part_1/db/DERM_720805.jpg,db,17,17,23,False
/mnt/c/Users/0M SAI RAM/Desktop/project/dataset/archive/derm12345_train_part_1/db/DERM_850584.jpg,db,17,17,17,True
/mnt/c/Users/0M SAI RAM/Desktop/project/dataset/archive/derm12345_train_part_1/db/DERM_799823.jpg,db,17,17,24,False
/mnt/c/Users/0M SAI RAM/Desktop/project/dataset/archive/derm12345_train_part_1/db/DERM_296180.jpg,db,17,17,17,True
/mnt/c/Users/0M SAI RAM/Desktop/project/dataset/archive/derm12345_train_part_1/db/DERM_420291.jpg,db,17,17,37,False
/mnt/c/Users/0M SAI RAM/Desktop/project/dataset/archive/derm12345_train_part_1/db/DERM_131800.jpg,db,17,17,17,True
/mnt/c/Users/0M SAI RAM/Desktop/project/dataset/archive/derm12345_train_part_1/db/DERM_693409.jpg,db,17,17,17,True
/mnt/c/Users/0M SAI RAM/Desktop/project/dataset/archive/derm12345_train_part_1/db/DERM_112911.jpg,db,17,17,17,True
/mnt/c/Users/0M SAI RAM/Desktop/project/dataset/archive/derm12345_train_part_1/db/DERM_666330.jpg,db,17,17,17,True
/mnt/c/Users/0M SAI RAM/Desktop/project/dataset/archive/derm12345_train_part_1/db/DERM_127493.jpg,db,17,17,10,False
/mnt/c/Users/0M SAI RAM/Desktop/project/dataset/archive/derm12345_train_part_1/db/DERM_917746.jpg,db,17,17,37,False
/mnt/c/Users/0M SAI RAM/Desktop/project/dataset/archive/derm12345_train_part_1/db/DERM_444540.jpg,db,17,17,11,False
/mnt/c/Users/0M SAI RAM/Desktop/project/dataset/archive/derm12345_train_part_1/db/DERM_822516.jpg,db,17,17,17,True
/mnt/c/Users/0M SAI RAM/Desktop/project/dataset/archive/derm12345_train_part_1/db/DERM_190166.jpg,db,17,17,11,False
/mnt/c/Users/0M SAI RAM/Desktop/project/dataset/archive/derm12345_train_part_1/db/DERM_922354.jpg,db,17,17,14,False
/mnt/c/Users/0M SAI RAM/Desktop/project/dataset/archive/derm12345_train_part_1/db/DERM_737196.jpg,db,17,17,14,False
/mnt/c/Users/0M SAI RAM/Desktop/project/dataset/archive/derm12345_train_part_1/db/DERM_748701.jpg,db,17,17,11,False
/mnt/c/Users/0M SAI RAM/Desktop/project/dataset/archive/derm12345_train_part_1/db/DERM_177759.jpg,db,17,17,17,True
/mnt/c/Users/0M SAI RAM/Desktop/project/dataset/archive/derm12345_train_part_1/db/DERM_317328.jpg,db,17,17,11,False
/mnt/c/Users/0M SAI RAM/Desktop/project/dataset/archive/derm12345_train_part_1/db/DERM_789556.jpg,db,17,17,17,True
/mnt/c/Users/0M SAI RAM/Desktop/project/dataset/archive/derm12345_train_part_1/db/DERM_481799.jpg,db,17,17,17,True
/mnt/c/Users/0M SAI RAM/Desktop/project/dataset/archive/derm12345_train_part_1/db/DERM_967188.jpg,db,17,17,36,False
/mnt/c/Users/0M SAI RAM/Desktop/project/dataset/archive/derm12345_train_part_1/db/DERM_983035.jpg,db,17,17,20,False
/mnt/c/Users/0M SAI RAM/Desktop/project/dataset/archive/derm12345_train_part_1/db/DERM_125425.jpg,db,17,17,17,True
/mnt/c/Users/0M SAI RAM/Desktop/project/dataset/archive/derm12345_train_part_1/db/DERM_147686.jpg,db,17,17,17,True
/mnt/c/Users/0M SAI RAM/Desktop/project/dataset/archive/derm12345_train_part_1/db/DERM_483609.jpg,db,17,17,17,True
/mnt/c/Users/0M SAI RAM/Desktop/project/dataset/archive/derm12345_train_part_1/db/DERM_586145.jpg,db,17,17,11,False
/mnt/c/Users/0M SAI RAM/Desktop/project/dataset/archive/derm12345_train_part_1/db/DERM_426524.jpg,db,17,17,17,True
/mnt/c/Users/0M SAI RAM/Desktop/project/dataset/archive/derm12345_train_part_1/db/DERM_157507.jpg,db,17,17,23,False
/mnt/c/Users/0M SAI RAM/Desktop/project/dataset/archive/derm12345_train_part_1/db/DERM_822096.jpg,db,17,17,17,True
/mnt/c/Users/0M SAI RAM/Desktop/project/dataset/archive/derm12345_train_part_1/db/DERM_472402.jpg,db,17,17,37,False
/mnt/c/Users/0M SAI RAM/Desktop/project/dataset/archive/derm12345_train_part_1/db/DERM_168936.jpg,db,17,17,37,False
/mnt/c/Users/0M SAI RAM/Desktop/project/dataset/archive/derm12345_train_part_1/db/DERM_202652.jpg,db,17,17,37,False
/mnt/c/Users/0M SAI RAM/Desktop/project/dataset/archive/derm12345_train_part_1/db/DERM_330719.jpg,db,17,17,23,False
/mnt/c/Users/0M SAI RAM/Desktop/project/dataset/archive/derm12345_train_part_1/db/DERM_319277.jpg,db,17,17,17,True
/mnt/c/Users/0M SAI RAM/Desktop/project/dataset/archive/derm12345_train_part_1/db/DERM_900834.jpg,db,17,17,17,True
/mnt/c/Users/0M SAI RAM/Desktop/project/dataset/archive/derm12345_train_part_1/db/DERM_305385.jpg,db,17,17,17,True
/mnt/c/Users/0M SAI RAM/Desktop/project/dataset/archive/derm12345_train_part_1/db/DERM_451067.jpg,db,17,17,17,True
/mnt/c/Users/0M SAI RAM/Desktop/project/dataset/archive/derm12345_train_part_1/db/DERM_187402.jpg,db,17,17,8,False
/mnt/c/Users/0M SAI RAM/Desktop/project/dataset/archive/derm12345_train_part_1/db/DERM_273076.jpg,db,17,17,12,False
/mnt/c/Users/0M SAI RAM/Desktop/project/dataset/archive/derm12345_train_part_1/db/DERM_670810.jpg,db,17,17,37,False
/mnt/c/Users/0M SAI RAM/Desktop/project/dataset/archive/derm12345_train_part_1/db/DERM_403267.jpg,db,17,17,23,False
/mnt/c/Users/0M SAI RAM/Desktop/project/dataset/archive/derm12345_train_part_1/db/DERM_837425.jpg,db,17,17,37,False
/mnt/c/Users/0M SAI RAM/Desktop/project/dataset/archive/derm12345_train_part_1/db/DERM_386330.jpg,db,17,17,18,False
/mnt/c/Users/0M SAI RAM/Desktop/project/dataset/archive/derm12345_train_part_1/db/DERM_111850.jpg,db,17,17,17,True
/mnt/c/Users/0M SAI RAM/Desktop/project/dataset/archive/derm12345_train_part_1/db/DERM_488768.jpg,db,17,17,17,True
/mnt/c/Users/0M SAI RAM/Desktop/project/dataset/archive/derm12345_train_part_1/db/DERM_108433.jpg,db,17,17,17,True
/mnt/c/Users/0M SAI RAM/Desktop/project/dataset/archive/derm12345_train_part_1/db/DERM_835000.jpg,db,17,17,17,True
/mnt/c/Users/0M SAI RAM/Desktop/project/dataset/archive/derm12345_train_part_1/db/DERM_886117.jpg,db,17,17,17,True
/mnt/c/Users/0M SAI RAM/Desktop/project/dataset/archive/derm12345_train_part_1/db/DERM_486453.jpg,db,17,17,17,True
/mnt/c/Users/0M SAI RAM/Desktop/project/dataset/archive/derm12345_train_part_1/db/DERM_137387.jpg,db,17,17,17,True
/mnt/c/Users/0M SAI RAM/Desktop/project/dataset/archive/derm12345_train_part_1/db/DERM_578979.jpg,db,17,17,17,True
/mnt/c/Users/0M SAI RAM/Desktop/project/dataset/archive/derm12345_train_part_1/db/DERM_297922.jpg,db,17,17,31,False
/mnt/c/Users/0M SAI RAM/Desktop/project/dataset/archive/derm12345_train_part_1/db/DERM_167370.jpg,db,17,17,11,False
/mnt/c/Users/0M SAI RAM/Desktop/project/dataset/archive/derm12345_train_part_1/db/DERM_192646.jpg,db,17,17,37,False
/mnt/c/Users/0M SAI RAM/Desktop/project/dataset/archive/derm12345_train_part_1/db/DERM_411743.jpg,db,17,17,22,False
/mnt/c/Users/0M SAI RAM/Desktop/project/dataset/archive/derm12345_train_part_1/db/DERM_909738.jpg,db,17,17,23,False
/mnt/c/Users/0M SAI RAM/Desktop/project/dataset/archive/derm12345_train_part_1/db/DERM_997869.jpg,db,17,17,22,False
/mnt/c/Users/0M SAI RAM/Desktop/project/dataset/archive/derm12345_train_part_1/db/DERM_924286.jpg,db,17,17,37,False
/mnt/c/Users/0M SAI RAM/Desktop/project/dataset/archive/derm12345_train_part_1/db/DERM_128887.jpg,db,17,17,17,True
/mnt/c/Users/0M SAI RAM/Desktop/project/dataset/archive/derm12345_train_part_1/db/DERM_265883.jpg,db,17,17,11,False
/mnt/c/Users/0M SAI RAM/Desktop/project/dataset/archive/derm12345_train_part_1/db/DERM_138551.jpg,db,17,17,17,True
/mnt/c/Users/0M SAI RAM/Desktop/project/dataset/archive/derm12345_train_part_1/db/DERM_159744.jpg,db,17,17,17,True
/mnt/c/Users/0M SAI RAM/Desktop/project/dataset/archive/derm12345_train_part_1/db/DERM_425265.jpg,db,17,17,11,False
/mnt/c/Users/0M SAI RAM/Desktop/project/dataset/archive/derm12345_train_part_1/db/DERM_273472.jpg,db,17,17,23,False
/mnt/c/Users/0M SAI RAM/Desktop/project/dataset/archive/derm12345_train_part_1/db/DERM_289088.jpg,db,17,17,17,True
/mnt/c/Users/0M SAI RAM/Desktop/project/dataset/archive/derm12345_train_part_1/db/DERM_366087.jpg,db,17,17,17,True
/mnt/c/Users/0M SAI RAM/Desktop/project/dataset/archive/derm12345_train_part_1/db/DERM_637548.jpg,db,17,17,17,True
/mnt/c/Users/0M SAI RAM/Desktop/project/dataset/archive/derm12345_train_part_1/db/DERM_335650.jpg,db,17,17,11,False
/mnt/c/Users/0M SAI RAM/Desktop/project/dataset/archive/derm12345_train_part_1/db/DERM_595591.jpg,db,17,17,17,True
/mnt/c/Users/0M SAI RAM/Desktop/project/dataset/archive/derm12345_train_part_1/db/DERM_269427.jpg,db,17,17,17,True
/mnt/c/Users/0M SAI RAM/Desktop/project/dataset/archive/derm12345_train_part_1/db/DERM_350666.jpg,db,17,17,17,True
/mnt/c/Users/0M SAI RAM/Desktop/project/dataset/archive/derm12345_train_part_1/db/DERM_952531.jpg,db,17,17,11,False
/mnt/c/Users/0M SAI RAM/Desktop/project/dataset/archive/derm12345_train_part_1/db/DERM_666580.jpg,db,17,17,11,False
/mnt/c/Users/0M SAI RAM/Desktop/project/dataset/archive/derm12345_train_part_1/db/DERM_655229.jpg,db,17,17,17,True
/mnt/c/Users/0M SAI RAM/Desktop/project/dataset/archive/derm12345_train_part_1/db/DERM_831580.jpg,db,17,17,17,True
/mnt/c/Users/0M SAI RAM/Desktop/project/dataset/archive/derm12345_train_part_1/db/DERM_550341.jpg,db,17,17,17,True
/mnt/c/Users/0M SAI RAM/Desktop/project/dataset/archive/derm12345_train_part_1/db/DERM_853013.jpg,db,17,17,22,False
/mnt/c/Users/0M SAI RAM/Desktop/project/dataset/archive/derm12345_train_part_1/db/DERM_474270.jpg,db,17,17,11,False
/mnt/c/Users/0M SAI RAM/Desktop/project/dataset/archive/derm12345_train_part_1/db/DERM_576522.jpg,db,17,17,17,True
/mnt/c/Users/0M SAI RAM/Desktop/project/dataset/archive/derm12345_train_part_1/db/DERM_178526.jpg,db,17,17,23,False
/mnt/c/Users/0M SAI RAM/Desktop/project/dataset/archive/derm12345_train_part_1/db/DERM_704645.jpg,db,17,17,11,False
/mnt/c/Users/0M SAI RAM/Desktop/project/dataset/archive/derm12345_train_part_1/db/DERM_990896.jpg,db,17,17,17,True
/mnt/c/Users/0M SAI RAM/Desktop/project/dataset/archive/derm12345_train_part_1/db/DERM_296874.jpg,db,17,17,22,False
/mnt/c/Users/0M SAI RAM/Desktop/project/dataset/archive/derm12345_train_part_1/db/DERM_789456.jpg,db,17,17,11,False
/mnt/c/Users/0M SAI RAM/Desktop/project/dataset/archive/derm12345_train_part_1/db/DERM_421306.jpg,db,17,17,8,False
/mnt/c/Users/0M SAI RAM/Desktop/project/dataset/archive/derm12345_train_part_1/db/DERM_979696.jpg,db,17,17,17,True
/mnt/c/Users/0M SAI RAM/Desktop/project/dataset/archive/derm12345_train_part_1/db/DERM_205414.jpg,db,17,17,23,False
/mnt/c/Users/0M SAI RAM/Desktop/project/dataset/archive/derm12345_train_part_1/db/DERM_550237.jpg,db,17,17,17,True
/mnt/c/Users/0M SAI RAM/Desktop/project/dataset/archive/derm12345_train_part_1/db/DERM_536562.jpg,db,17,17,17,True
/mnt/c/Users/0M SAI RAM/Desktop/project/dataset/archive/derm12345_train_part_1/db/DERM_409297.jpg,db,17,17,17,True
/mnt/c/Users/0M SAI RAM/Desktop/project/dataset/archive/derm12345_train_part_1/db/DERM_643663.jpg,db,17,17,23,False
/mnt/c/Users/0M SAI RAM/Desktop/project/dataset/archive/derm12345_train_part_1/db/DERM_464916.jpg,db,17,17,10,False
/mnt/c/Users/0M SAI RAM/Desktop/project/dataset/archive/derm12345_train_part_1/df/DERM_441628.jpg,df,18,18,18,True
/mnt/c/Users/0M SAI RAM/Desktop/project/dataset/archive/derm12345_train_part_1/df/DERM_448862.jpg,df,18,18,18,True
/mnt/c/Users/0M SAI RAM/Desktop/project/dataset/archive/derm12345_train_part_1/df/DERM_444631.jpg,df,18,18,18,True
/mnt/c/Users/0M SAI RAM/Desktop/project/dataset/archive/derm12345_train_part_1/df/DERM_761667.jpg,df,18,18,22,False
/mnt/c/Users/0M SAI RAM/Desktop/project/dataset/archive/derm12345_train_part_1/df/DERM_535563.jpg,df,18,18,31,False
/mnt/c/Users/0M SAI RAM/Desktop/project/dataset/archive/derm12345_train_part_1/df/DERM_792924.jpg,df,18,18,6,False
/mnt/c/Users/0M SAI RAM/Desktop/project/dataset/archive/derm12345_train_part_1/df/DERM_329197.jpg,df,18,18,18,True
/mnt/c/Users/0M SAI RAM/Desktop/project/dataset/archive/derm12345_train_part_1/df/DERM_644398.jpg,df,18,18,18,True
/mnt/c/Users/0M SAI RAM/Desktop/project/dataset/archive/derm12345_train_part_1/df/DERM_621661.jpg,df,18,18,14,False
/mnt/c/Users/0M SAI RAM/Desktop/project/dataset/archive/derm12345_train_part_1/df/DERM_800361.jpg,df,18,18,18,True
/mnt/c/Users/0M SAI RAM/Desktop/project/dataset/archive/derm12345_train_part_1/df/DERM_637180.jpg,df,18,18,18,True
/mnt/c/Users/0M SAI RAM/Desktop/project/dataset/archive/derm12345_train_part_1/df/DERM_863730.jpg,df,18,18,8,False
/mnt/c/Users/0M SAI RAM/Desktop/project/dataset/archive/derm12345_train_part_1/df/DERM_895070.jpg,df,18,18,18,True
/mnt/c/Users/0M SAI RAM/Desktop/project/dataset/archive/derm12345_train_part_1/df/DERM_908489.jpg,df,18,18,8,False
/mnt/c/Users/0M SAI RAM/Desktop/project/dataset/archive/derm12345_train_part_1/df/DERM_798824.jpg,df,18,18,18,True
/mnt/c/Users/0M SAI RAM/Desktop/project/dataset/archive/derm12345_train_part_1/df/DERM_582013.jpg,df,18,18,17,False
/mnt/c/Users/0M SAI RAM/Desktop/project/dataset/archive/derm12345_train_part_1/df/DERM_200595.jpg,df,18,18,18,True
/mnt/c/Users/0M SAI RAM/Desktop/project/dataset/archive/derm12345_train_part_1/df/DERM_942642.jpg,df,18,18,18,True
/mnt/c/Users/0M SAI RAM/Desktop/project/dataset/archive/derm12345_train_part_1/df/DERM_719863.jpg,df,18,18,18,True
/mnt/c/Users/0M SAI RAM/Desktop/project/dataset/archive/derm12345_train_part_1/df/DERM_679168.jpg,df,18,18,18,True
/mnt/c/Users/0M SAI RAM/Desktop/project/dataset/archive/derm12345_train_part_1/df/DERM_393028.jpg,df,18,18,18,True
/mnt/c/Users/0M SAI RAM/Desktop/project/dataset/archive/derm12345_train_part_1/df/DERM_149116.jpg,df,18,18,23,False
/mnt/c/Users/0M SAI RAM/Desktop/project/dataset/archive/derm12345_train_part_1/df/DERM_537881.jpg,df,18,18,18,True
/mnt/c/Users/0M SAI RAM/Desktop/project/dataset/archive/derm12345_train_part_1/df/DERM_976940.jpg,df,18,18,18,True
/mnt/c/Users/0M SAI RAM/Desktop/project/dataset/archive/derm12345_train_part_1/df/DERM_730909.jpg,df,18,18,18,True
/mnt/c/Users/0M SAI RAM/Desktop/project/dataset/archive/derm12345_train_part_1/df/DERM_964707.jpg,df,18,18,4,False
/mnt/c/Users/0M SAI RAM/Desktop/project/dataset/archive/derm12345_train_part_1/df/DERM_396683.jpg,df,18,18,18,True
/mnt/c/Users/0M SAI RAM/Desktop/project/dataset/archive/derm12345_train_part_1/df/DERM_464848.jpg,df,18,18,18,True
/mnt/c/Users/0M SAI RAM/Desktop/project/dataset/archive/derm12345_train_part_1/df/DERM_627359.jpg,df,18,18,22,False
/mnt/c/Users/0M SAI RAM/Desktop/project/dataset/archive/derm12345_train_part_1/df/DERM_104670.jpg,df,18,18,18,True
/mnt/c/Users/0M SAI RAM/Desktop/project/dataset/archive/derm12345_train_part_1/df/DERM_167884.jpg,df,18,18,18,True
/mnt/c/Users/0M SAI RAM/Desktop/project/dataset/archive/derm12345_train_part_1/df/DERM_954208.jpg,df,18,18,18,True
/mnt/c/Users/0M SAI RAM/Desktop/project/dataset/archive/derm12345_train_part_1/df/DERM_968924.jpg,df,18,18,18,True
/mnt/c/Users/0M SAI RAM/Desktop/project/dataset/archive/derm12345_train_part_1/df/DERM_618428.jpg,df,18,18,17,False
/mnt/c/Users/0M SAI RAM/Desktop/project/dataset/archive/derm12345_train_part_1/df/DERM_852647.jpg,df,18,18,18,True
/mnt/c/Users/0M SAI RAM/Desktop/project/dataset/archive/derm12345_train_part_1/df/DERM_197216.jpg,df,18,18,18,True
/mnt/c/Users/0M SAI RAM/Desktop/project/dataset/archive/derm12345_train_part_1/df/DERM_134056.jpg,df,18,18,18,True
/mnt/c/Users/0M SAI RAM/Desktop/project/dataset/archive/derm12345_train_part_1/df/DERM_339750.jpg,df,18,18,22,False
/mnt/c/Users/0M SAI RAM/Desktop/project/dataset/archive/derm12345_train_part_1/df/DERM_791171.jpg,df,18,18,18,True
/mnt/c/Users/0M SAI RAM/Desktop/project/dataset/archive/derm12345_train_part_1/df/DERM_825232.jpg,df,18,18,18,True
/mnt/c/Users/0M SAI RAM/Desktop/project/dataset/archive/derm12345_train_part_1/df/DERM_586580.jpg,df,18,18,18,True
/mnt/c/Users/0M SAI RAM/Desktop/project/dataset/archive/derm12345_train_part_1/df/DERM_633663.jpg,df,18,18,0,False
/mnt/c/Users/0M SAI RAM/Desktop/project/dataset/archive/derm12345_train_part_1/df/DERM_231527.jpg,df,18,18,18,True
/mnt/c/Users/0M SAI RAM/Desktop/project/dataset/archive/derm12345_train_part_1/df/DERM_714797.jpg,df,18,18,18,True
/mnt/c/Users/0M SAI RAM/Desktop/project/dataset/archive/derm12345_train_part_1/df/DERM_868169.jpg,df,18,18,18,True
/mnt/c/Users/0M SAI RAM/Desktop/project/dataset/archive/derm12345_train_part_1/df/DERM_970866.jpg,df,18,18,18,True
/mnt/c/Users/0M SAI RAM/Desktop/project/dataset/archive/derm12345_train_part_1/df/DERM_566112.jpg,df,18,18,37,False
/mnt/c/Users/0M SAI RAM/Desktop/project/dataset/archive/derm12345_train_part_1/df/DERM_488929.jpg,df,18,18,8,False
/mnt/c/Users/0M SAI RAM/Desktop/project/dataset/archive/derm12345_train_part_1/dfsp/DERM_689047.jpg,dfsp,19,19,36,False
/mnt/c/Users/0M SAI RAM/Desktop/project/dataset/archive/derm12345_train_part_1/ha/DERM_485606.jpg,ha,20,20,3,False
/mnt/c/Users/0M SAI RAM/Desktop/project/dataset/archive/derm12345_train_part_1/ha/DERM_341467.jpg,ha,20,20,20,True
/mnt/c/Users/0M SAI RAM/Desktop/project/dataset/archive/derm12345_train_part_1/ha/DERM_720986.jpg,ha,20,20,14,False
/mnt/c/Users/0M SAI RAM/Desktop/project/dataset/archive/derm12345_train_part_1/ha/DERM_380959.jpg,ha,20,20,20,True
/mnt/c/Users/0M SAI RAM/Desktop/project/dataset/archive/derm12345_train_part_1/ha/DERM_142327.jpg,ha,20,20,22,False
/mnt/c/Users/0M SAI RAM/Desktop/project/dataset/archive/derm12345_train_part_1/ha/DERM_635920.jpg,ha,20,20,20,True
/mnt/c/Users/0M SAI RAM/Desktop/project/dataset/archive/derm12345_train_part_1/ha/DERM_242842.jpg,ha,20,20,20,True
/mnt/c/Users/0M SAI RAM/Desktop/project/dataset/archive/derm12345_train_part_1/ha/DERM_137354.jpg,ha,20,20,20,True
/mnt/c/Users/0M SAI RAM/Desktop/project/dataset/archive/derm12345_train_part_1/ha/DERM_583526.jpg,ha,20,20,20,True
/mnt/c/Users/0M SAI RAM/Desktop/project/dataset/archive/derm12345_train_part_1/ha/DERM_352211.jpg,ha,20,20,36,False
/mnt/c/Users/0M SAI RAM/Desktop/project/dataset/archive/derm12345_train_part_1/ha/DERM_387248.jpg,ha,20,20,36,False
/mnt/c/Users/0M SAI RAM/Desktop/project/dataset/archive/derm12345_train_part_1/ha/DERM_425363.jpg,ha,20,20,36,False
/mnt/c/Users/0M SAI RAM/Desktop/project/dataset/archive/derm12345_train_part_1/ha/DERM_592240.jpg,ha,20,20,36,False
/mnt/c/Users/0M SAI RAM/Desktop/project/dataset/archive/derm12345_train_part_1/ha/DERM_679821.jpg,ha,20,20,37,False
/mnt/c/Users/0M SAI RAM/Desktop/project/dataset/archive/derm12345_train_part_1/ha/DERM_305978.jpg,ha,20,20,17,False
/mnt/c/Users/0M SAI RAM/Desktop/project/dataset/archive/derm12345_train_part_1/ha/DERM_311801.jpg,ha,20,20,10,False
/mnt/c/Users/0M SAI RAM/Desktop/project/dataset/archive/derm12345_train_part_1/ha/DERM_446521.jpg,ha,20,20,17,False
/mnt/c/Users/0M SAI RAM/Desktop/project/dataset/archive/derm12345_train_part_1/ha/DERM_925709.jpg,ha,20,20,20,True
/mnt/c/Users/0M SAI RAM/Desktop/project/dataset/archive/derm12345_train_part_1/ha/DERM_547250.jpg,ha,20,20,20,True
/mnt/c/Users/0M SAI RAM/Desktop/project/dataset/archive/derm12345_train_part_1/ha/DERM_851600.jpg,ha,20,20,9,False
/mnt/c/Users/0M SAI RAM/Desktop/project/dataset/archive/derm12345_train_part_1/ha/DERM_235269.jpg,ha,20,20,20,True
/mnt/c/Users/0M SAI RAM/Desktop/project/dataset/archive/derm12345_train_part_1/ha/DERM_256891.jpg,ha,20,20,23,False
/mnt/c/Users/0M SAI RAM/Desktop/project/dataset/archive/derm12345_train_part_1/ha/DERM_408167.jpg,ha,20,20,20,True
/mnt/c/Users/0M SAI RAM/Desktop/project/dataset/archive/derm12345_train_part_1/ha/DERM_571870.jpg,ha,20,20,20,True
/mnt/c/Users/0M SAI RAM/Desktop/project/dataset/archive/derm12345_train_part_1/ha/DERM_899367.jpg,ha,20,20,20,True
/mnt/c/Users/0M SAI RAM/Desktop/project/dataset/archive/derm12345_train_part_1/ha/DERM_445689.jpg,ha,20,20,20,True
/mnt/c/Users/0M SAI RAM/Desktop/project/dataset/archive/derm12345_train_part_1/ha/DERM_520489.jpg,ha,20,20,10,False
/mnt/c/Users/0M SAI RAM/Desktop/project/dataset/archive/derm12345_train_part_1/ha/DERM_144112.jpg,ha,20,20,20,True
/mnt/c/Users/0M SAI RAM/Desktop/project/dataset/archive/derm12345_train_part_1/ha/DERM_441488.jpg,ha,20,20,20,True
/mnt/c/Users/0M SAI RAM/Desktop/project/dataset/archive/derm12345_train_part_1/ha/DERM_436598.jpg,ha,20,20,20,True
/mnt/c/Users/0M SAI RAM/Desktop/project/dataset/archive/derm12345_train_part_1/ha/DERM_336522.jpg,ha,20,20,20,True
/mnt/c/Users/0M SAI RAM/Desktop/project/dataset/archive/derm12345_train_part_1/ha/DERM_795726.jpg,ha,20,20,20,True
/mnt/c/Users/0M SAI RAM/Desktop/project/dataset/archive/derm12345_train_part_1/ha/DERM_946499.jpg,ha,20,20,20,True
/mnt/c/Users/0M SAI RAM/Desktop/project/dataset/archive/derm12345_train_part_1/ha/DERM_653954.jpg,ha,20,20,20,True
/mnt/c/Users/0M SAI RAM/Desktop/project/dataset/archive/derm12345_train_part_1/ha/DERM_540532.jpg,ha,20,20,20,True
/mnt/c/Users/0M SAI RAM/Desktop/project/dataset/archive/derm12345_train_part_1/ha/DERM_354229.jpg,ha,20,20,20,True
/mnt/c/Users/0M SAI RAM/Desktop/project/dataset/archive/derm12345_train_part_1/ha/DERM_672368.jpg,ha,20,20,8,False
/mnt/c/Users/0M SAI RAM/Desktop/project/dataset/archive/derm12345_train_part_1/ha/DERM_314935.jpg,ha,20,20,20,True
/mnt/c/Users/0M SAI RAM/Desktop/project/dataset/archive/derm12345_train_part_1/ha/DERM_249433.jpg,ha,20,20,20,True
/mnt/c/Users/0M SAI RAM/Desktop/project/dataset/archive/derm12345_train_part_1/ha/DERM_312380.jpg,ha,20,20,22,False
/mnt/c/Users/0M SAI RAM/Desktop/project/dataset/archive/derm12345_train_part_1/ha/DERM_948139.jpg,ha,20,20,20,True
/mnt/c/Users/0M SAI RAM/Desktop/project/dataset/archive/derm12345_train_part_1/ha/DERM_889060.jpg,ha,20,20,20,True
/mnt/c/Users/0M SAI RAM/Desktop/project/dataset/archive/derm12345_train_part_1/ha/DERM_171875.jpg,ha,20,20,9,False
/mnt/c/Users/0M SAI RAM/Desktop/project/dataset/archive/derm12345_train_part_1/ha/DERM_292169.jpg,ha,20,20,20,True
/mnt/c/Users/0M SAI RAM/Desktop/project/dataset/archive/derm12345_train_part_1/isl/DERM_915911.jpg,isl,21,21,21,True
/mnt/c/Users/0M SAI RAM/Desktop/project/dataset/archive/derm12345_train_part_1/jb/DERM_769603.jpg,jb,22,22,14,False
/mnt/c/Users/0M SAI RAM/Desktop/project/dataset/archive/derm12345_train_part_1/jb/DERM_614920.jpg,jb,22,22,23,False
/mnt/c/Users/0M SAI RAM/Desktop/project/dataset/archive/derm12345_train_part_1/jb/DERM_384366.jpg,jb,22,22,22,True
/mnt/c/Users/0M SAI RAM/Desktop/project/dataset/archive/derm12345_train_part_1/jb/DERM_974013.jpg,jb,22,22,37,False
/mnt/c/Users/0M SAI RAM/Desktop/project/dataset/archive/derm12345_train_part_1/jb/DERM_165545.jpg,jb,22,22,23,False
/mnt/c/Users/0M SAI RAM/Desktop/project/dataset/archive/derm12345_train_part_1/jb/DERM_170469.jpg,jb,22,22,22,True
/mnt/c/Users/0M SAI RAM/Desktop/project/dataset/archive/derm12345_train_part_1/jb/DERM_274879.jpg,jb,22,22,22,True
/mnt/c/Users/0M SAI RAM/Desktop/project/dataset/archive/derm12345_train_part_1/jb/DERM_109379.jpg,jb,22,22,23,False
/mnt/c/Users/0M SAI RAM/Desktop/project/dataset/archive/derm12345_train_part_1/jb/DERM_863802.jpg,jb,22,22,18,False
/mnt/c/Users/0M SAI RAM/Desktop/project/dataset/archive/derm12345_train_part_1/jb/DERM_480150.jpg,jb,22,22,23,False
/mnt/c/Users/0M SAI RAM/Desktop/project/dataset/archive/derm12345_train_part_1/jb/DERM_130315.jpg,jb,22,22,22,True
/mnt/c/Users/0M SAI RAM/Desktop/project/dataset/archive/derm12345_train_part_1/jb/DERM_161646.jpg,jb,22,22,22,True
/mnt/c/Users/0M SAI RAM/Desktop/project/dataset/archive/derm12345_train_part_1/jb/DERM_599789.jpg,jb,22,22,22,True
/mnt/c/Users/0M SAI RAM/Desktop/project/dataset/archive/derm12345_train_part_1/jb/DERM_945669.jpg,jb,22,22,22,True
/mnt/c/Users/0M SAI RAM/Desktop/project/dataset/archive/derm12345_train_part_1/jb/DERM_218901.jpg,jb,22,22,18,False
/mnt/c/Users/0M SAI RAM/Desktop/project/dataset/archive/derm12345_train_part_1/jb/DERM_347546.jpg,jb,22,22,22,True
/mnt/c/Users/0M SAI RAM/Desktop/project/dataset/archive/derm12345_train_part_1/jb/DERM_233614.jpg,jb,22,22,22,True
/mnt/c/Users/0M SAI RAM/Desktop/project/dataset/archive/derm12345_train_part_1/jb/DERM_291427.jpg,jb,22,22,22,True
/mnt/c/Users/0M SAI RAM/Desktop/project/dataset/archive/derm12345_train_part_1/jb/DERM_407662.jpg,jb,22,22,22,True
/mnt/c/Users/0M SAI RAM/Desktop/project/dataset/archive/derm12345_train_part_1/jb/DERM_602450.jpg,jb,22,22,22,True
/mnt/c/Users/0M SAI RAM/Desktop/project/dataset/archive/derm12345_train_part_1/jb/DERM_507964.jpg,jb,22,22,23,False
/mnt/c/Users/0M SAI RAM/Desktop/project/dataset/archive/derm12345_train_part_1/jb/DERM_649767.jpg,jb,22,22,23,False
/mnt/c/Users/0M SAI RAM/Desktop/project/dataset/archive/derm12345_train_part_1/jb/DERM_621300.jpg,jb,22,22,23,False
/mnt/c/Users/0M SAI RAM/Desktop/project/dataset/archive/derm12345_train_part_1/jb/DERM_480539.jpg,jb,22,22,23,False
/mnt/c/Users/0M SAI RAM/Desktop/project/dataset/archive/derm12345_train_part_1/jb/DERM_493526.jpg,jb,22,22,11,False
/mnt/c/Users/0M SAI RAM/Desktop/project/dataset/archive/derm12345_train_part_1/jb/DERM_358029.jpg,jb,22,22,14,False
/mnt/c/Users/0M SAI RAM/Desktop/project/dataset/archive/derm12345_train_part_1/jb/DERM_330701.jpg,jb,22,22,11,False
/mnt/c/Users/0M SAI RAM/Desktop/project/dataset/archive/derm12345_train_part_1/jb/DERM_561717.jpg,jb,22,22,11,False
/mnt/c/Users/0M SAI RAM/Desktop/project/dataset/archive/derm12345_train_part_1/jb/DERM_753096.jpg,jb,22,22,23,False
/mnt/c/Users/0M SAI RAM/Desktop/project/dataset/archive/derm12345_train_part_1/jb/DERM_900314.jpg,jb,22,22,23,False
/mnt/c/Users/0M SAI RAM/Desktop/project/dataset/archive/derm12345_train_part_1/jb/DERM_220288.jpg,jb,22,22,22,True
/mnt/c/Users/0M SAI RAM/Desktop/project/dataset/archive/derm12345_train_part_1/jb/DERM_544500.jpg,jb,22,22,23,False
/mnt/c/Users/0M SAI RAM/Desktop/project/dataset/archive/derm12345_train_part_1/jb/DERM_833171.jpg,jb,22,22,17,False
/mnt/c/Users/0M SAI RAM/Desktop/project/dataset/archive/derm12345_train_part_1/jb/DERM_854716.jpg,jb,22,22,23,False
/mnt/c/Users/0M SAI RAM/Desktop/project/dataset/archive/derm12345_train_part_1/jb/DERM_378807.jpg,jb,22,22,23,False
/mnt/c/Users/0M SAI RAM/Desktop/project/dataset/archive/derm12345_train_part_1/jb/DERM_952359.jpg,jb,22,22,2,False
/mnt/c/Users/0M SAI RAM/Desktop/project/dataset/archive/derm12345_train_part_1/jb/DERM_376732.jpg,jb,22,22,22,True
/mnt/c/Users/0M SAI RAM/Desktop/project/dataset/archive/derm12345_train_part_1/jb/DERM_391321.jpg,jb,22,22,11,False
/mnt/c/Users/0M SAI RAM/Desktop/project/dataset/archive/derm12345_train_part_1/jb/DERM_467759.jpg,jb,22,22,22,True
/mnt/c/Users/0M SAI RAM/Desktop/project/dataset/archive/derm12345_train_part_1/jb/DERM_160747.jpg,jb,22,22,23,False
/mnt/c/Users/0M SAI RAM/Desktop/project/dataset/archive/derm12345_train_part_1/jb/DERM_962486.jpg,jb,22,22,22,True
/mnt/c/Users/0M SAI RAM/Desktop/project/dataset/archive/derm12345_train_part_1/jb/DERM_418836.jpg,jb,22,22,2,False
/mnt/c/Users/0M SAI RAM/Desktop/project/dataset/archive/derm12345_train_part_1/jb/DERM_930499.jpg,jb,22,22,23,False
/mnt/c/Users/0M SAI RAM/Desktop/project/dataset/archive/derm12345_train_part_1/jb/DERM_438222.jpg,jb,22,22,23,False
/mnt/c/Users/0M SAI RAM/Desktop/project/dataset/archive/derm12345_train_part_1/jb/DERM_884342.jpg,jb,22,22,14,False
/mnt/c/Users/0M SAI RAM/Desktop/project/dataset/archive/derm12345_train_part_1/jb/DERM_486952.jpg,jb,22,22,23,False
/mnt/c/Users/0M SAI RAM/Desktop/project/dataset/archive/derm12345_train_part_1/jb/DERM_477771.jpg,jb,22,22,23,False
/mnt/c/Users/0M SAI RAM/Desktop/project/dataset/archive/derm12345_train_part_1/jb/DERM_329372.jpg,jb,22,22,22,True
/mnt/c/Users/0M SAI RAM/Desktop/project/dataset/archive/derm12345_train_part_1/jb/DERM_943935.jpg,jb,22,22,23,False
/mnt/c/Users/0M SAI RAM/Desktop/project/dataset/archive/derm12345_train_part_1/jb/DERM_809723.jpg,jb,22,22,11,False
/mnt/c/Users/0M SAI RAM/Desktop/project/dataset/archive/derm12345_train_part_1/jb/DERM_603014.jpg,jb,22,22,23,False
/mnt/c/Users/0M SAI RAM/Desktop/project/dataset/archive/derm12345_train_part_1/jb/DERM_906506.jpg,jb,22,22,23,False
/mnt/c/Users/0M SAI RAM/Desktop/project/dataset/archive/derm12345_train_part_1/jb/DERM_725946.jpg,jb,22,22,23,False
/mnt/c/Users/0M SAI RAM/Desktop/project/dataset/archive/derm12345_train_part_1/jb/DERM_107774.jpg,jb,22,22,23,False
/mnt/c/Users/0M SAI RAM/Desktop/project/dataset/archive/derm12345_train_part_1/jb/DERM_144204.jpg,jb,22,22,23,False
/mnt/c/Users/0M SAI RAM/Desktop/project/dataset/archive/derm12345_train_part_1/jb/DERM_184236.jpg,jb,22,22,14,False
/mnt/c/Users/0M SAI RAM/Desktop/project/dataset/archive/derm12345_train_part_1/jb/DERM_786323.jpg,jb,22,22,11,False
/mnt/c/Users/0M SAI RAM/Desktop/project/dataset/archive/derm12345_train_part_1/jb/DERM_906799.jpg,jb,22,22,11,False
/mnt/c/Users/0M SAI RAM/Desktop/project/dataset/archive/derm12345_train_part_1/jb/DERM_406216.jpg,jb,22,22,22,True
/mnt/c/Users/0M SAI RAM/Desktop/project/dataset/archive/derm12345_train_part_1/jb/DERM_165028.jpg,jb,22,22,23,False
/mnt/c/Users/0M SAI RAM/Desktop/project/dataset/archive/derm12345_train_part_1/jb/DERM_645703.jpg,jb,22,22,22,True
/mnt/c/Users/0M SAI RAM/Desktop/project/dataset/archive/derm12345_train_part_1/jb/DERM_677765.jpg,jb,22,22,22,True
/mnt/c/Users/0M SAI RAM/Desktop/project/dataset/archive/derm12345_train_part_1/jb/DERM_402249.jpg,jb,22,22,22,True
/mnt/c/Users/0M SAI RAM/Desktop/project/dataset/archive/derm12345_train_part_1/jb/DERM_142763.jpg,jb,22,22,23,False
/mnt/c/Users/0M SAI RAM/Desktop/project/dataset/archive/derm12345_train_part_1/jb/DERM_111381.jpg,jb,22,22,22,True
/mnt/c/Users/0M SAI RAM/Desktop/project/dataset/archive/derm12345_train_part_1/jb/DERM_292605.jpg,jb,22,22,23,False
/mnt/c/Users/0M SAI RAM/Desktop/project/dataset/archive/derm12345_train_part_1/jb/DERM_780419.jpg,jb,22,22,23,False
/mnt/c/Users/0M SAI RAM/Desktop/project/dataset/archive/derm12345_train_part_1/jb/DERM_559467.jpg,jb,22,22,22,True
/mnt/c/Users/0M SAI RAM/Desktop/project/dataset/archive/derm12345_train_part_1/jb/DERM_698696.jpg,jb,22,22,17,False
/mnt/c/Users/0M SAI RAM/Desktop/project/dataset/archive/derm12345_train_part_1/jb/DERM_309929.jpg,jb,22,22,22,True
/mnt/c/Users/0M SAI RAM/Desktop/project/dataset/archive/derm12345_train_part_1/jb/DERM_887583.jpg,jb,22,22,22,True
/mnt/c/Users/0M SAI RAM/Desktop/project/dataset/archive/derm12345_train_part_1/jb/DERM_132237.jpg,jb,22,22,22,True
/mnt/c/Users/0M SAI RAM/Desktop/project/dataset/archive/derm12345_train_part_1/jb/DERM_898970.jpg,jb,22,22,11,False
/mnt/c/Users/0M SAI RAM/Desktop/project/dataset/archive/derm12345_train_part_1/jb/DERM_200543.jpg,jb,22,22,23,False
/mnt/c/Users/0M SAI RAM/Desktop/project/dataset/archive/derm12345_train_part_1/jb/DERM_574995.jpg,jb,22,22,22,True
/mnt/c/Users/0M SAI RAM/Desktop/project/dataset/archive/derm12345_train_part_1/jb/DERM_557300.jpg,jb,22,22,17,False
/mnt/c/Users/0M SAI RAM/Desktop/project/dataset/archive/derm12345_train_part_1/jb/DERM_934738.jpg,jb,22,22,11,False
/mnt/c/Users/0M SAI RAM/Desktop/project/dataset/archive/derm12345_train_part_1/jb/DERM_386420.jpg,jb,22,22,23,False
/mnt/c/Users/0M SAI RAM/Desktop/project/dataset/archive/derm12345_train_part_1/jb/DERM_550585.jpg,jb,22,22,23,False
/mnt/c/Users/0M SAI RAM/Desktop/project/dataset/archive/derm12345_train_part_1/jb/DERM_410669.jpg,jb,22,22,22,True
/mnt/c/Users/0M SAI RAM/Desktop/project/dataset/archive/derm12345_train_part_1/jb/DERM_486974.jpg,jb,22,22,22,True
/mnt/c/Users/0M SAI RAM/Desktop/project/dataset/archive/derm12345_train_part_1/jb/DERM_471981.jpg,jb,22,22,22,True
/mnt/c/Users/0M SAI RAM/Desktop/project/dataset/archive/derm12345_train_part_1/jb/DERM_824581.jpg,jb,22,22,23,False
/mnt/c/Users/0M SAI RAM/Desktop/project/dataset/archive/derm12345_train_part_1/jb/DERM_362327.jpg,jb,22,22,11,False
/mnt/c/Users/0M SAI RAM/Desktop/project/dataset/archive/derm12345_train_part_1/jb/DERM_447959.jpg,jb,22,22,22,True
/mnt/c/Users/0M SAI RAM/Desktop/project/dataset/archive/derm12345_train_part_1/jb/DERM_183263.jpg,jb,22,22,11,False
/mnt/c/Users/0M SAI RAM/Desktop/project/dataset/archive/derm12345_train_part_1/jb/DERM_699067.jpg,jb,22,22,11,False
/mnt/c/Users/0M SAI RAM/Desktop/project/dataset/archive/derm12345_train_part_1/jb/DERM_423219.jpg,jb,22,22,23,False
/mnt/c/Users/0M SAI RAM/Desktop/project/dataset/archive/derm12345_train_part_1/jb/DERM_987802.jpg,jb,22,22,22,True
/mnt/c/Users/0M SAI RAM/Desktop/project/dataset/archive/derm12345_train_part_1/jb/DERM_330290.jpg,jb,22,22,22,True
/mnt/c/Users/0M SAI RAM/Desktop/project/dataset/archive/derm12345_train_part_1/jb/DERM_503708.jpg,jb,22,22,3,False
/mnt/c/Users/0M SAI RAM/Desktop/project/dataset/archive/derm12345_train_part_1/jb/DERM_278449.jpg,jb,22,22,23,False
/mnt/c/Users/0M SAI RAM/Desktop/project/dataset/archive/derm12345_train_part_1/jb/DERM_414398.jpg,jb,22,22,22,True
/mnt/c/Users/0M SAI RAM/Desktop/project/dataset/archive/derm12345_train_part_1/jb/DERM_159500.jpg,jb,22,22,22,True
/mnt/c/Users/0M SAI RAM/Desktop/project/dataset/archive/derm12345_train_part_1/jb/DERM_919694.jpg,jb,22,22,23,False
/mnt/c/Users/0M SAI RAM/Desktop/project/dataset/archive/derm12345_train_part_1/jb/DERM_964344.jpg,jb,22,22,23,False
/mnt/c/Users/0M SAI RAM/Desktop/project/dataset/archive/derm12345_train_part_1/jb/DERM_277537.jpg,jb,22,22,23,False
/mnt/c/Users/0M SAI RAM/Desktop/project/dataset/archive/derm12345_train_part_1/jb/DERM_340636.jpg,jb,22,22,22,True
/mnt/c/Users/0M SAI RAM/Desktop/project/dataset/archive/derm12345_train_part_1/jb/DERM_942289.jpg,jb,22,22,23,False
/mnt/c/Users/0M SAI RAM/Desktop/project/dataset/archive/derm12345_train_part_1/jb/DERM_961401.jpg,jb,22,22,22,True
/mnt/c/Users/0M SAI RAM/Desktop/project/dataset/archive/derm12345_train_part_1/jb/DERM_190520.jpg,jb,22,22,37,False
/mnt/c/Users/0M SAI RAM/Desktop/project/dataset/archive/derm12345_train_part_1/jb/DERM_667323.jpg,jb,22,22,22,True
/mnt/c/Users/0M SAI RAM/Desktop/project/dataset/archive/derm12345_train_part_1/jb/DERM_181015.jpg,jb,22,22,22,True
/mnt/c/Users/0M SAI RAM/Desktop/project/dataset/archive/derm12345_train_part_1/jb/DERM_407560.jpg,jb,22,22,22,True
/mnt/c/Users/0M SAI RAM/Desktop/project/dataset/archive/derm12345_train_part_1/jb/DERM_175581.jpg,jb,22,22,23,False
/mnt/c/Users/0M SAI RAM/Desktop/project/dataset/archive/derm12345_train_part_1/jb/DERM_449898.jpg,jb,22,22,22,True
/mnt/c/Users/0M SAI RAM/Desktop/project/dataset/archive/derm12345_train_part_1/jb/DERM_201892.jpg,jb,22,22,22,True
/mnt/c/Users/0M SAI RAM/Desktop/project/dataset/archive/derm12345_train_part_1/jb/DERM_220629.jpg,jb,22,22,22,True
/mnt/c/Users/0M SAI RAM/Desktop/project/dataset/archive/derm12345_train_part_1/jb/DERM_216683.jpg,jb,22,22,23,False
/mnt/c/Users/0M SAI RAM/Desktop/project/dataset/archive/derm12345_train_part_1/jb/DERM_377405.jpg,jb,22,22,23,False
/mnt/c/Users/0M SAI RAM/Desktop/project/dataset/archive/derm12345_train_part_1/jb/DERM_319925.jpg,jb,22,22,3,False
/mnt/c/Users/0M SAI RAM/Desktop/project/dataset/archive/derm12345_train_part_1/jb/DERM_216923.jpg,jb,22,22,23,False
/mnt/c/Users/0M SAI RAM/Desktop/project/dataset/archive/derm12345_train_part_1/jb/DERM_751507.jpg,jb,22,22,14,False
/mnt/c/Users/0M SAI RAM/Desktop/project/dataset/archive/derm12345_train_part_1/jb/DERM_569420.jpg,jb,22,22,23,False
/mnt/c/Users/0M SAI RAM/Desktop/project/dataset/archive/derm12345_train_part_1/jb/DERM_999994.jpg,jb,22,22,22,True
/mnt/c/Users/0M SAI RAM/Desktop/project/dataset/archive/derm12345_train_part_1/jb/DERM_825569.jpg,jb,22,22,23,False
/mnt/c/Users/0M SAI RAM/Desktop/project/dataset/archive/derm12345_train_part_1/jb/DERM_614549.jpg,jb,22,22,23,False
/mnt/c/Users/0M SAI RAM/Desktop/project/dataset/archive/derm12345_train_part_1/jb/DERM_544259.jpg,jb,22,22,22,True
/mnt/c/Users/0M SAI RAM/Desktop/project/dataset/archive/derm12345_train_part_1/jb/DERM_633493.jpg,jb,22,22,22,True
/mnt/c/Users/0M SAI RAM/Desktop/project/dataset/archive/derm12345_train_part_1/jb/DERM_933190.jpg,jb,22,22,22,True
/mnt/c/Users/0M SAI RAM/Desktop/project/dataset/archive/derm12345_train_part_1/jb/DERM_645688.jpg,jb,22,22,23,False
/mnt/c/Users/0M SAI RAM/Desktop/project/dataset/archive/derm12345_train_part_1/jb/DERM_504830.jpg,jb,22,22,23,False
/mnt/c/Users/0M SAI RAM/Desktop/project/dataset/archive/derm12345_train_part_1/jb/DERM_797904.jpg,jb,22,22,23,False
/mnt/c/Users/0M SAI RAM/Desktop/project/dataset/archive/derm12345_train_part_1/jb/DERM_762602.jpg,jb,22,22,23,False
/mnt/c/Users/0M SAI RAM/Desktop/project/dataset/archive/derm12345_train_part_1/jb/DERM_654252.jpg,jb,22,22,22,True
/mnt/c/Users/0M SAI RAM/Desktop/project/dataset/archive/derm12345_train_part_1/jb/DERM_227516.jpg,jb,22,22,23,False
/mnt/c/Users/0M SAI RAM/Desktop/project/dataset/archive/derm12345_train_part_1/jb/DERM_483733.jpg,jb,22,22,22,True
/mnt/c/Users/0M SAI RAM/Desktop/project/dataset/archive/derm12345_train_part_1/jb/DERM_573366.jpg,jb,22,22,22,True
/mnt/c/Users/0M SAI RAM/Desktop/project/dataset/archive/derm12345_train_part_1/jb/DERM_170465.jpg,jb,22,22,22,True
/mnt/c/Users/0M SAI RAM/Desktop/project/dataset/archive/derm12345_train_part_1/jb/DERM_101787.jpg,jb,22,22,23,False
/mnt/c/Users/0M SAI RAM/Desktop/project/dataset/archive/derm12345_train_part_1/jb/DERM_792897.jpg,jb,22,22,23,False
/mnt/c/Users/0M SAI RAM/Desktop/project/dataset/archive/derm12345_train_part_1/jb/DERM_766257.jpg,jb,22,22,22,True
/mnt/c/Users/0M SAI RAM/Desktop/project/dataset/archive/derm12345_train_part_1/jb/DERM_147677.jpg,jb,22,22,22,True
/mnt/c/Users/0M SAI RAM/Desktop/project/dataset/archive/derm12345_train_part_1/jb/DERM_585627.jpg,jb,22,22,22,True
/mnt/c/Users/0M SAI RAM/Desktop/project/dataset/archive/derm12345_train_part_1/jb/DERM_965372.jpg,jb,22,22,23,False
/mnt/c/Users/0M SAI RAM/Desktop/project/dataset/archive/derm12345_train_part_1/jb/DERM_775590.jpg,jb,22,22,22,True
/mnt/c/Users/0M SAI RAM/Desktop/project/dataset/archive/derm12345_train_part_1/jb/DERM_633480.jpg,jb,22,22,17,False
/mnt/c/Users/0M SAI RAM/Desktop/project/dataset/archive/derm12345_train_part_1/jb/DERM_142300.jpg,jb,22,22,23,False
/mnt/c/Users/0M SAI RAM/Desktop/project/dataset/archive/derm12345_train_part_1/jb/DERM_343160.jpg,jb,22,22,22,True
/mnt/c/Users/0M SAI RAM/Desktop/project/dataset/archive/derm12345_train_part_1/jb/DERM_622748.jpg,jb,22,22,11,False
/mnt/c/Users/0M SAI RAM/Desktop/project/dataset/archive/derm12345_train_part_1/jb/DERM_665266.jpg,jb,22,22,23,False
/mnt/c/Users/0M SAI RAM/Desktop/project/dataset/archive/derm12345_train_part_1/jb/DERM_446609.jpg,jb,22,22,23,False
/mnt/c/Users/0M SAI RAM/Desktop/project/dataset/archive/derm12345_train_part_1/jb/DERM_322804.jpg,jb,22,22,23,False
/mnt/c/Users/0M SAI RAM/Desktop/project/dataset/archive/derm12345_train_part_1/jb/DERM_431146.jpg,jb,22,22,22,True
/mnt/c/Users/0M SAI RAM/Desktop/project/dataset/archive/derm12345_train_part_1/jb/DERM_573999.jpg,jb,22,22,23,False
/mnt/c/Users/0M SAI RAM/Desktop/project/dataset/archive/derm12345_train_part_1/jb/DERM_887457.jpg,jb,22,22,22,True
/mnt/c/Users/0M SAI RAM/Desktop/project/dataset/archive/derm12345_train_part_1/jb/DERM_342013.jpg,jb,22,22,14,False
/mnt/c/Users/0M SAI RAM/Desktop/project/dataset/archive/derm12345_train_part_1/jb/DERM_838186.jpg,jb,22,22,22,True
/mnt/c/Users/0M SAI RAM/Desktop/project/dataset/archive/derm12345_train_part_1/jb/DERM_683354.jpg,jb,22,22,23,False
/mnt/c/Users/0M SAI RAM/Desktop/project/dataset/archive/derm12345_train_part_1/jb/DERM_129995.jpg,jb,22,22,22,True
/mnt/c/Users/0M SAI RAM/Desktop/project/dataset/archive/derm12345_train_part_1/jb/DERM_992245.jpg,jb,22,22,22,True
/mnt/c/Users/0M SAI RAM/Desktop/project/dataset/archive/derm12345_train_part_1/jb/DERM_177606.jpg,jb,22,22,23,False
/mnt/c/Users/0M SAI RAM/Desktop/project/dataset/archive/derm12345_train_part_1/jb/DERM_767606.jpg,jb,22,22,22,True
/mnt/c/Users/0M SAI RAM/Desktop/project/dataset/archive/derm12345_train_part_1/jb/DERM_599157.jpg,jb,22,22,23,False
/mnt/c/Users/0M SAI RAM/Desktop/project/dataset/archive/derm12345_train_part_1/jb/DERM_842179.jpg,jb,22,22,22,True
/mnt/c/Users/0M SAI RAM/Desktop/project/dataset/archive/derm12345_train_part_1/jb/DERM_133111.jpg,jb,22,22,22,True
/mnt/c/Users/0M SAI RAM/Desktop/project/dataset/archive/derm12345_train_part_1/jb/DERM_831924.jpg,jb,22,22,22,True
/mnt/c/Users/0M SAI RAM/Desktop/project/dataset/archive/derm12345_train_part_1/jb/DERM_865008.jpg,jb,22,22,22,True
/mnt/c/Users/0M SAI RAM/Desktop/project/dataset/archive/derm12345_train_part_1/jb/DERM_651188.jpg,jb,22,22,37,False
/mnt/c/Users/0M SAI RAM/Desktop/project/dataset/archive/derm12345_train_part_1/jb/DERM_379428.jpg,jb,22,22,22,True
/mnt/c/Users/0M SAI RAM/Desktop/project/dataset/archive/derm12345_train_part_1/jb/DERM_612634.jpg,jb,22,22,23,False
/mnt/c/Users/0M SAI RAM/Desktop/project/dataset/archive/derm12345_train_part_1/jb/DERM_104944.jpg,jb,22,22,20,False
/mnt/c/Users/0M SAI RAM/Desktop/project/dataset/archive/derm12345_train_part_1/jb/DERM_396693.jpg,jb,22,22,22,True
/mnt/c/Users/0M SAI RAM/Desktop/project/dataset/archive/derm12345_train_part_1/jb/DERM_712421.jpg,jb,22,22,22,True
/mnt/c/Users/0M SAI RAM/Desktop/project/dataset/archive/derm12345_train_part_1/jb/DERM_442205.jpg,jb,22,22,3,False
/mnt/c/Users/0M SAI RAM/Desktop/project/dataset/archive/derm12345_train_part_1/jb/DERM_656991.jpg,jb,22,22,2,False
/mnt/c/Users/0M SAI RAM/Desktop/project/dataset/archive/derm12345_train_part_1/jb/DERM_881123.jpg,jb,22,22,2,False
/mnt/c/Users/0M SAI RAM/Desktop/project/dataset/archive/derm12345_train_part_1/jb/DERM_423420.jpg,jb,22,22,22,True
/mnt/c/Users/0M SAI RAM/Desktop/project/dataset/archive/derm12345_train_part_1/jb/DERM_190781.jpg,jb,22,22,10,False
/mnt/c/Users/0M SAI RAM/Desktop/project/dataset/archive/derm12345_train_part_1/jb/DERM_800564.jpg,jb,22,22,23,False
/mnt/c/Users/0M SAI RAM/Desktop/project/dataset/archive/derm12345_train_part_1/jb/DERM_818333.jpg,jb,22,22,10,False
/mnt/c/Users/0M SAI RAM/Desktop/project/dataset/archive/derm12345_train_part_1/jb/DERM_294256.jpg,jb,22,22,11,False
/mnt/c/Users/0M SAI RAM/Desktop/project/dataset/archive/derm12345_train_part_1/jb/DERM_458900.jpg,jb,22,22,23,False
/mnt/c/Users/0M SAI RAM/Desktop/project/dataset/archive/derm12345_train_part_1/jb/DERM_672722.jpg,jb,22,22,22,True
/mnt/c/Users/0M SAI RAM/Desktop/project/dataset/archive/derm12345_train_part_1/jb/DERM_880083.jpg,jb,22,22,22,True
/mnt/c/Users/0M SAI RAM/Desktop/project/dataset/archive/derm12345_train_part_1/jb/DERM_778313.jpg,jb,22,22,23,False
/mnt/c/Users/0M SAI RAM/Desktop/project/dataset/archive/derm12345_train_part_1/jb/DERM_825526.jpg,jb,22,22,23,False
/mnt/c/Users/0M SAI RAM/Desktop/project/dataset/archive/derm12345_train_part_1/jb/DERM_163543.jpg,jb,22,22,23,False
/mnt/c/Users/0M SAI RAM/Desktop/project/dataset/archive/derm12345_train_part_1/jb/DERM_206209.jpg,jb,22,22,22,True
/mnt/c/Users/0M SAI RAM/Desktop/project/dataset/archive/derm12345_train_part_1/jb/DERM_271761.jpg,jb,22,22,23,False
/mnt/c/Users/0M SAI RAM/Desktop/project/dataset/archive/derm12345_train_part_1/jb/DERM_308759.jpg,jb,22,22,23,False
/mnt/c/Users/0M SAI RAM/Desktop/project/dataset/archive/derm12345_train_part_1/jb/DERM_449077.jpg,jb,22,22,23,False
/mnt/c/Users/0M SAI RAM/Desktop/project/dataset/archive/derm12345_train_part_1/jb/DERM_890754.jpg,jb,22,22,2,False
/mnt/c/Users/0M SAI RAM/Desktop/project/dataset/archive/derm12345_train_part_1/jb/DERM_794388.jpg,jb,22,22,11,False
/mnt/c/Users/0M SAI RAM/Desktop/project/dataset/archive/derm12345_train_part_1/jb/DERM_315217.jpg,jb,22,22,11,False
/mnt/c/Users/0M SAI RAM/Desktop/project/dataset/archive/derm12345_train_part_1/jb/DERM_343533.jpg,jb,22,22,23,False
/mnt/c/Users/0M SAI RAM/Desktop/project/dataset/archive/derm12345_train_part_1/jb/DERM_824815.jpg,jb,22,22,23,False
/mnt/c/Users/0M SAI RAM/Desktop/project/dataset/archive/derm12345_train_part_1/jb/DERM_999592.jpg,jb,22,22,23,False
/mnt/c/Users/0M SAI RAM/Desktop/project/dataset/archive/derm12345_train_part_1/jb/DERM_729983.jpg,jb,22,22,22,True
/mnt/c/Users/0M SAI RAM/Desktop/project/dataset/archive/derm12345_train_part_1/jb/DERM_765880.jpg,jb,22,22,23,False
/mnt/c/Users/0M SAI RAM/Desktop/project/dataset/archive/derm12345_train_part_1/jb/DERM_591346.jpg,jb,22,22,22,True
/mnt/c/Users/0M SAI RAM/Desktop/project/dataset/archive/derm12345_train_part_1/jb/DERM_271204.jpg,jb,22,22,23,False
/mnt/c/Users/0M SAI RAM/Desktop/project/dataset/archive/derm12345_train_part_1/jb/DERM_895444.jpg,jb,22,22,23,False
/mnt/c/Users/0M SAI RAM/Desktop/project/dataset/archive/derm12345_train_part_1/jb/DERM_248986.jpg,jb,22,22,22,True
/mnt/c/Users/0M SAI RAM/Desktop/project/dataset/archive/derm12345_train_part_1/jb/DERM_644770.jpg,jb,22,22,37,False
/mnt/c/Users/0M SAI RAM/Desktop/project/dataset/archive/derm12345_train_part_1/jb/DERM_444909.jpg,jb,22,22,10,False
/mnt/c/Users/0M SAI RAM/Desktop/project/dataset/archive/derm12345_train_part_1/jb/DERM_886216.jpg,jb,22,22,23,False
/mnt/c/Users/0M SAI RAM/Desktop/project/dataset/archive/derm12345_train_part_1/jb/DERM_574164.jpg,jb,22,22,22,True
/mnt/c/Users/0M SAI RAM/Desktop/project/dataset/archive/derm12345_train_part_1/jb/DERM_325574.jpg,jb,22,22,23,False
/mnt/c/Users/0M SAI RAM/Desktop/project/dataset/archive/derm12345_train_part_1/jb/DERM_150255.jpg,jb,22,22,39,False
/mnt/c/Users/0M SAI RAM/Desktop/project/dataset/archive/derm12345_train_part_1/jb/DERM_722306.jpg,jb,22,22,23,False
/mnt/c/Users/0M SAI RAM/Desktop/project/dataset/archive/derm12345_train_part_1/jb/DERM_330452.jpg,jb,22,22,23,False
/mnt/c/Users/0M SAI RAM/Desktop/project/dataset/archive/derm12345_train_part_1/jb/DERM_417074.jpg,jb,22,22,22,True
/mnt/c/Users/0M SAI RAM/Desktop/project/dataset/archive/derm12345_train_part_1/jb/DERM_581250.jpg,jb,22,22,11,False
/mnt/c/Users/0M SAI RAM/Desktop/project/dataset/archive/derm12345_train_part_1/jb/DERM_910092.jpg,jb,22,22,23,False
/mnt/c/Users/0M SAI RAM/Desktop/project/dataset/archive/derm12345_train_part_1/jb/DERM_642506.jpg,jb,22,22,37,False
/mnt/c/Users/0M SAI RAM/Desktop/project/dataset/archive/derm12345_train_part_1/jb/DERM_279943.jpg,jb,22,22,23,False
/mnt/c/Users/0M SAI RAM/Desktop/project/dataset/archive/derm12345_train_part_1/jb/DERM_440503.jpg,jb,22,22,22,True
/mnt/c/Users/0M SAI RAM/Desktop/project/dataset/archive/derm12345_train_part_1/jb/DERM_247822.jpg,jb,22,22,22,True
/mnt/c/Users/0M SAI RAM/Desktop/project/dataset/archive/derm12345_train_part_1/jb/DERM_419024.jpg,jb,22,22,23,False
/mnt/c/Users/0M SAI RAM/Desktop/project/dataset/archive/derm12345_train_part_1/jb/DERM_499609.jpg,jb,22,22,30,False
/mnt/c/Users/0M SAI RAM/Desktop/project/dataset/archive/derm12345_train_part_1/jb/DERM_405061.jpg,jb,22,22,11,False
/mnt/c/Users/0M SAI RAM/Desktop/project/dataset/archive/derm12345_train_part_1/jb/DERM_875916.jpg,jb,22,22,23,False
/mnt/c/Users/0M SAI RAM/Desktop/project/dataset/archive/derm12345_train_part_1/jb/DERM_437638.jpg,jb,22,22,23,False
/mnt/c/Users/0M SAI RAM/Desktop/project/dataset/archive/derm12345_train_part_1/jb/DERM_992042.jpg,jb,22,22,22,True
/mnt/c/Users/0M SAI RAM/Desktop/project/dataset/archive/derm12345_train_part_1/jb/DERM_496834.jpg,jb,22,22,23,False
/mnt/c/Users/0M SAI RAM/Desktop/project/dataset/archive/derm12345_train_part_1/jb/DERM_149421.jpg,jb,22,22,22,True
/mnt/c/Users/0M SAI RAM/Desktop/project/dataset/archive/derm12345_train_part_1/jb/DERM_960186.jpg,jb,22,22,22,True
/mnt/c/Users/0M SAI RAM/Desktop/project/dataset/archive/derm12345_train_part_1/jb/DERM_282864.jpg,jb,22,22,22,True
/mnt/c/Users/0M SAI RAM/Desktop/project/dataset/archive/derm12345_train_part_1/jb/DERM_686275.jpg,jb,22,22,22,True
/mnt/c/Users/0M SAI RAM/Desktop/project/dataset/archive/derm12345_train_part_1/jb/DERM_483570.jpg,jb,22,22,23,False
/mnt/c/Users/0M SAI RAM/Desktop/project/dataset/archive/derm12345_train_part_1/jb/DERM_510337.jpg,jb,22,22,11,False
/mnt/c/Users/0M SAI RAM/Desktop/project/dataset/archive/derm12345_train_part_1/jb/DERM_780420.jpg,jb,22,22,23,False
/mnt/c/Users/0M SAI RAM/Desktop/project/dataset/archive/derm12345_train_part_1/jb/DERM_265551.jpg,jb,22,22,22,True
/mnt/c/Users/0M SAI RAM/Desktop/project/dataset/archive/derm12345_train_part_1/jb/DERM_215993.jpg,jb,22,22,22,True
/mnt/c/Users/0M SAI RAM/Desktop/project/dataset/archive/derm12345_train_part_1/jb/DERM_185811.jpg,jb,22,22,22,True
/mnt/c/Users/0M SAI RAM/Desktop/project/dataset/archive/derm12345_train_part_1/jb/DERM_370122.jpg,jb,22,22,23,False
/mnt/c/Users/0M SAI RAM/Desktop/project/dataset/archive/derm12345_train_part_1/jb/DERM_193032.jpg,jb,22,22,23,False
/mnt/c/Users/0M SAI RAM/Desktop/project/dataset/archive/derm12345_train_part_1/jb/DERM_376469.jpg,jb,22,22,23,False
/mnt/c/Users/0M SAI RAM/Desktop/project/dataset/archive/derm12345_train_part_1/jb/DERM_156926.jpg,jb,22,22,11,False
/mnt/c/Users/0M SAI RAM/Desktop/project/dataset/archive/derm12345_train_part_1/jb/DERM_925166.jpg,jb,22,22,22,True
/mnt/c/Users/0M SAI RAM/Desktop/project/dataset/archive/derm12345_train_part_1/jb/DERM_407292.jpg,jb,22,22,22,True
/mnt/c/Users/0M SAI RAM/Desktop/project/dataset/archive/derm12345_train_part_1/jb/DERM_653391.jpg,jb,22,22,22,True
/mnt/c/Users/0M SAI RAM/Desktop/project/dataset/archive/derm12345_train_part_1/jb/DERM_594003.jpg,jb,22,22,22,True
/mnt/c/Users/0M SAI RAM/Desktop/project/dataset/archive/derm12345_train_part_1/jb/DERM_420981.jpg,jb,22,22,22,True
/mnt/c/Users/0M SAI RAM/Desktop/project/dataset/archive/derm12345_train_part_1/jb/DERM_958868.jpg,jb,22,22,23,False
/mnt/c/Users/0M SAI RAM/Desktop/project/dataset/archive/derm12345_train_part_1/jb/DERM_650930.jpg,jb,22,22,22,True
/mnt/c/Users/0M SAI RAM/Desktop/project/dataset/archive/derm12345_train_part_1/jb/DERM_838290.jpg,jb,22,22,22,True
/mnt/c/Users/0M SAI RAM/Desktop/project/dataset/archive/derm12345_train_part_1/jb/DERM_872114.jpg,jb,22,22,23,False
/mnt/c/Users/0M SAI RAM/Desktop/project/dataset/archive/derm12345_train_part_1/jb/DERM_663785.jpg,jb,22,22,22,True
/mnt/c/Users/0M SAI RAM/Desktop/project/dataset/archive/derm12345_train_part_1/jb/DERM_742176.jpg,jb,22,22,22,True
/mnt/c/Users/0M SAI RAM/Desktop/project/dataset/archive/derm12345_train_part_1/jb/DERM_329835.jpg,jb,22,22,22,True
/mnt/c/Users/0M SAI RAM/Desktop/project/dataset/archive/derm12345_train_part_1/jb/DERM_337173.jpg,jb,22,22,22,True
/mnt/c/Users/0M SAI RAM/Desktop/project/dataset/archive/derm12345_train_part_1/jb/DERM_813124.jpg,jb,22,22,23,False
/mnt/c/Users/0M SAI RAM/Desktop/project/dataset/archive/derm12345_train_part_1/jb/DERM_743853.jpg,jb,22,22,23,False
/mnt/c/Users/0M SAI RAM/Desktop/project/dataset/archive/derm12345_train_part_1/jb/DERM_124832.jpg,jb,22,22,23,False
/mnt/c/Users/0M SAI RAM/Desktop/project/dataset/archive/derm12345_train_part_1/jb/DERM_685129.jpg,jb,22,22,23,False
/mnt/c/Users/0M SAI RAM/Desktop/project/dataset/archive/derm12345_train_part_1/jb/DERM_782221.jpg,jb,22,22,23,False
/mnt/c/Users/0M SAI RAM/Desktop/project/dataset/archive/derm12345_train_part_1/jb/DERM_106342.jpg,jb,22,22,23,False
/mnt/c/Users/0M SAI RAM/Desktop/project/dataset/archive/derm12345_train_part_1/jb/DERM_370205.jpg,jb,22,22,23,False
/mnt/c/Users/0M SAI RAM/Desktop/project/dataset/archive/derm12345_train_part_1/jb/DERM_296578.jpg,jb,22,22,22,True
/mnt/c/Users/0M SAI RAM/Desktop/project/dataset/archive/derm12345_train_part_1/jb/DERM_250631.jpg,jb,22,22,23,False
/mnt/c/Users/0M SAI RAM/Desktop/project/dataset/archive/derm12345_train_part_1/jb/DERM_683131.jpg,jb,22,22,18,False
/mnt/c/Users/0M SAI RAM/Desktop/project/dataset/archive/derm12345_train_part_1/jb/DERM_720673.jpg,jb,22,22,23,False
/mnt/c/Users/0M SAI RAM/Desktop/project/dataset/archive/derm12345_train_part_1/jb/DERM_788353.jpg,jb,22,22,23,False
/mnt/c/Users/0M SAI RAM/Desktop/project/dataset/archive/derm12345_train_part_1/jb/DERM_622515.jpg,jb,22,22,23,False
/mnt/c/Users/0M SAI RAM/Desktop/project/dataset/archive/derm12345_train_part_1/jb/DERM_516517.jpg,jb,22,22,20,False
/mnt/c/Users/0M SAI RAM/Desktop/project/dataset/archive/derm12345_train_part_1/jb/DERM_299921.jpg,jb,22,22,22,True
/mnt/c/Users/0M SAI RAM/Desktop/project/dataset/archive/derm12345_train_part_1/jb/DERM_549958.jpg,jb,22,22,37,False
/mnt/c/Users/0M SAI RAM/Desktop/project/dataset/archive/derm12345_train_part_1/jb/DERM_456902.jpg,jb,22,22,38,False
/mnt/c/Users/0M SAI RAM/Desktop/project/dataset/archive/derm12345_train_part_1/jb/DERM_177867.jpg,jb,22,22,20,False
/mnt/c/Users/0M SAI RAM/Desktop/project/dataset/archive/derm12345_train_part_1/jb/DERM_607568.jpg,jb,22,22,23,False
/mnt/c/Users/0M SAI RAM/Desktop/project/dataset/archive/derm12345_train_part_1/jb/DERM_503172.jpg,jb,22,22,22,True
/mnt/c/Users/0M SAI RAM/Desktop/project/dataset/archive/derm12345_train_part_1/jb/DERM_386334.jpg,jb,22,22,18,False
/mnt/c/Users/0M SAI RAM/Desktop/project/dataset/archive/derm12345_train_part_1/jb/DERM_856541.jpg,jb,22,22,23,False
/mnt/c/Users/0M SAI RAM/Desktop/project/dataset/archive/derm12345_train_part_1/jb/DERM_858290.jpg,jb,22,22,23,False
/mnt/c/Users/0M SAI RAM/Desktop/project/dataset/archive/derm12345_train_part_1/jb/DERM_676506.jpg,jb,22,22,22,True
/mnt/c/Users/0M SAI RAM/Desktop/project/dataset/archive/derm12345_train_part_1/jb/DERM_685381.jpg,jb,22,22,11,False
/mnt/c/Users/0M SAI RAM/Desktop/project/dataset/archive/derm12345_train_part_1/jb/DERM_713006.jpg,jb,22,22,22,True
/mnt/c/Users/0M SAI RAM/Desktop/project/dataset/archive/derm12345_train_part_1/jb/DERM_740136.jpg,jb,22,22,30,False
/mnt/c/Users/0M SAI RAM/Desktop/project/dataset/archive/derm12345_train_part_1/jb/DERM_870230.jpg,jb,22,22,22,True
/mnt/c/Users/0M SAI RAM/Desktop/project/dataset/archive/derm12345_train_part_1/jb/DERM_450399.jpg,jb,22,22,22,True
/mnt/c/Users/0M SAI RAM/Desktop/project/dataset/archive/derm12345_train_part_1/jb/DERM_911877.jpg,jb,22,22,23,False
/mnt/c/Users/0M SAI RAM/Desktop/project/dataset/archive/derm12345_train_part_1/jb/DERM_236613.jpg,jb,22,22,30,False
/mnt/c/Users/0M SAI RAM/Desktop/project/dataset/archive/derm12345_train_part_1/jb/DERM_585007.jpg,jb,22,22,23,False
/mnt/c/Users/0M SAI RAM/Desktop/project/dataset/archive/derm12345_train_part_1/jb/DERM_288802.jpg,jb,22,22,14,False
/mnt/c/Users/0M SAI RAM/Desktop/project/dataset/archive/derm12345_train_part_1/jb/DERM_618660.jpg,jb,22,22,2,False
/mnt/c/Users/0M SAI RAM/Desktop/project/dataset/archive/derm12345_train_part_1/jb/DERM_211844.jpg,jb,22,22,23,False
/mnt/c/Users/0M SAI RAM/Desktop/project/dataset/archive/derm12345_train_part_1/jb/DERM_926454.jpg,jb,22,22,14,False
/mnt/c/Users/0M SAI RAM/Desktop/project/dataset/archive/derm12345_train_part_1/jb/DERM_769569.jpg,jb,22,22,23,False
/mnt/c/Users/0M SAI RAM/Desktop/project/dataset/archive/derm12345_train_part_1/jb/DERM_786632.jpg,jb,22,22,22,True
/mnt/c/Users/0M SAI RAM/Desktop/project/dataset/archive/derm12345_train_part_1/jb/DERM_368784.jpg,jb,22,22,22,True
/mnt/c/Users/0M SAI RAM/Desktop/project/dataset/archive/derm12345_train_part_1/jb/DERM_271006.jpg,jb,22,22,3,False
/mnt/c/Users/0M SAI RAM/Desktop/project/dataset/archive/derm12345_train_part_1/jb/DERM_262715.jpg,jb,22,22,3,False
/mnt/c/Users/0M SAI RAM/Desktop/project/dataset/archive/derm12345_train_part_1/jb/DERM_101182.jpg,jb,22,22,23,False
/mnt/c/Users/0M SAI RAM/Desktop/project/dataset/archive/derm12345_train_part_1/jb/DERM_319552.jpg,jb,22,22,22,True
/mnt/c/Users/0M SAI RAM/Desktop/project/dataset/archive/derm12345_train_part_1/jb/DERM_312359.jpg,jb,22,22,14,False
/mnt/c/Users/0M SAI RAM/Desktop/project/dataset/archive/derm12345_train_part_1/jb/DERM_862117.jpg,jb,22,22,23,False
/mnt/c/Users/0M SAI RAM/Desktop/project/dataset/archive/derm12345_train_part_1/jb/DERM_911444.jpg,jb,22,22,23,False
/mnt/c/Users/0M SAI RAM/Desktop/project/dataset/archive/derm12345_train_part_1/jb/DERM_707548.jpg,jb,22,22,23,False
/mnt/c/Users/0M SAI RAM/Desktop/project/dataset/archive/derm12345_train_part_1/jb/DERM_676868.jpg,jb,22,22,23,False
/mnt/c/Users/0M SAI RAM/Desktop/project/dataset/archive/derm12345_train_part_1/jb/DERM_499506.jpg,jb,22,22,23,False
/mnt/c/Users/0M SAI RAM/Desktop/project/dataset/archive/derm12345_train_part_1/jb/DERM_257131.jpg,jb,22,22,23,False
/mnt/c/Users/0M SAI RAM/Desktop/project/dataset/archive/derm12345_train_part_1/jb/DERM_446269.jpg,jb,22,22,22,True
/mnt/c/Users/0M SAI RAM/Desktop/project/dataset/archive/derm12345_train_part_1/jb/DERM_436157.jpg,jb,22,22,23,False
/mnt/c/Users/0M SAI RAM/Desktop/project/dataset/archive/derm12345_train_part_1/jb/DERM_148278.jpg,jb,22,22,23,False
/mnt/c/Users/0M SAI RAM/Desktop/project/dataset/archive/derm12345_train_part_1/jb/DERM_884120.jpg,jb,22,22,22,True
/mnt/c/Users/0M SAI RAM/Desktop/project/dataset/archive/derm12345_train_part_1/jb/DERM_371708.jpg,jb,22,22,22,True
/mnt/c/Users/0M SAI RAM/Desktop/project/dataset/archive/derm12345_train_part_1/jb/DERM_557487.jpg,jb,22,22,23,False
/mnt/c/Users/0M SAI RAM/Desktop/project/dataset/archive/derm12345_train_part_1/jb/DERM_315614.jpg,jb,22,22,23,False
/mnt/c/Users/0M SAI RAM/Desktop/project/dataset/archive/derm12345_train_part_1/jb/DERM_166922.jpg,jb,22,22,22,True
/mnt/c/Users/0M SAI RAM/Desktop/project/dataset/archive/derm12345_train_part_1/jb/DERM_284513.jpg,jb,22,22,23,False
/mnt/c/Users/0M SAI RAM/Desktop/project/dataset/archive/derm12345_train_part_1/jb/DERM_446737.jpg,jb,22,22,23,False
/mnt/c/Users/0M SAI RAM/Desktop/project/dataset/archive/derm12345_train_part_1/jb/DERM_258004.jpg,jb,22,22,22,True
/mnt/c/Users/0M SAI RAM/Desktop/project/dataset/archive/derm12345_train_part_1/jb/DERM_951648.jpg,jb,22,22,17,False
/mnt/c/Users/0M SAI RAM/Desktop/project/dataset/archive/derm12345_train_part_1/jb/DERM_155308.jpg,jb,22,22,14,False
/mnt/c/Users/0M SAI RAM/Desktop/project/dataset/archive/derm12345_train_part_1/jb/DERM_288477.jpg,jb,22,22,11,False
/mnt/c/Users/0M SAI RAM/Desktop/project/dataset/archive/derm12345_train_part_1/jb/DERM_415173.jpg,jb,22,22,22,True
/mnt/c/Users/0M SAI RAM/Desktop/project/dataset/archive/derm12345_train_part_1/jb/DERM_613271.jpg,jb,22,22,22,True
/mnt/c/Users/0M SAI RAM/Desktop/project/dataset/archive/derm12345_train_part_1/jb/DERM_905349.jpg,jb,22,22,14,False
/mnt/c/Users/0M SAI RAM/Desktop/project/dataset/archive/derm12345_train_part_1/jb/DERM_411140.jpg,jb,22,22,22,True
/mnt/c/Users/0M SAI RAM/Desktop/project/dataset/archive/derm12345_train_part_1/jb/DERM_646951.jpg,jb,22,22,22,True
/mnt/c/Users/0M SAI RAM/Desktop/project/dataset/archive/derm12345_train_part_1/jb/DERM_491957.jpg,jb,22,22,22,True
/mnt/c/Users/0M SAI RAM/Desktop/project/dataset/archive/derm12345_train_part_1/jb/DERM_155587.jpg,jb,22,22,14,False
/mnt/c/Users/0M SAI RAM/Desktop/project/dataset/archive/derm12345_train_part_1/jb/DERM_296593.jpg,jb,22,22,11,False
/mnt/c/Users/0M SAI RAM/Desktop/project/dataset/archive/derm12345_train_part_1/jb/DERM_165346.jpg,jb,22,22,22,True
/mnt/c/Users/0M SAI RAM/Desktop/project/dataset/archive/derm12345_train_part_1/jb/DERM_410260.jpg,jb,22,22,23,False
/mnt/c/Users/0M SAI RAM/Desktop/project/dataset/archive/derm12345_train_part_1/jb/DERM_413372.jpg,jb,22,22,23,False
/mnt/c/Users/0M SAI RAM/Desktop/project/dataset/archive/derm12345_train_part_1/jb/DERM_494522.jpg,jb,22,22,14,False
/mnt/c/Users/0M SAI RAM/Desktop/project/dataset/archive/derm12345_train_part_1/jb/DERM_740704.jpg,jb,22,22,22,True
/mnt/c/Users/0M SAI RAM/Desktop/project/dataset/archive/derm12345_train_part_1/jb/DERM_712225.jpg,jb,22,22,14,False
/mnt/c/Users/0M SAI RAM/Desktop/project/dataset/archive/derm12345_train_part_1/jb/DERM_830321.jpg,jb,22,22,22,True
/mnt/c/Users/0M SAI RAM/Desktop/project/dataset/archive/derm12345_train_part_1/jb/DERM_834983.jpg,jb,22,22,23,False
/mnt/c/Users/0M SAI RAM/Desktop/project/dataset/archive/derm12345_train_part_1/jb/DERM_985562.jpg,jb,22,22,23,False
/mnt/c/Users/0M SAI RAM/Desktop/project/dataset/archive/derm12345_train_part_1/jb/DERM_592748.jpg,jb,22,22,22,True
/mnt/c/Users/0M SAI RAM/Desktop/project/dataset/archive/derm12345_train_part_1/jb/DERM_985524.jpg,jb,22,22,23,False
/mnt/c/Users/0M SAI RAM/Desktop/project/dataset/archive/derm12345_train_part_1/jb/DERM_985525.jpg,jb,22,22,22,True
/mnt/c/Users/0M SAI RAM/Desktop/project/dataset/archive/derm12345_train_part_2/jd/DERM_743799.jpg,jd,23,23,23,True
/mnt/c/Users/0M SAI RAM/Desktop/project/dataset/archive/derm12345_train_part_2/jd/DERM_309495.jpg,jd,23,23,11,False
/mnt/c/Users/0M SAI RAM/Desktop/project/dataset/archive/derm12345_train_part_2/jd/DERM_801446.jpg,jd,23,23,23,True
/mnt/c/Users/0M SAI RAM/Desktop/project/dataset/archive/derm12345_train_part_2/jd/DERM_310998.jpg,jd,23,23,23,True
/mnt/c/Users/0M SAI RAM/Desktop/project/dataset/archive/derm12345_train_part_2/jd/DERM_526305.jpg,jd,23,23,23,True
/mnt/c/Users/0M SAI RAM/Desktop/project/dataset/archive/derm12345_train_part_2/jd/DERM_348697.jpg,jd,23,23,23,True
/mnt/c/Users/0M SAI RAM/Desktop/project/dataset/archive/derm12345_train_part_2/jd/DERM_320051.jpg,jd,23,23,22,False
/mnt/c/Users/0M SAI RAM/Desktop/project/dataset/archive/derm12345_train_part_2/jd/DERM_699573.jpg,jd,23,23,23,True
/mnt/c/Users/0M SAI RAM/Desktop/project/dataset/archive/derm12345_train_part_2/jd/DERM_315544.jpg,jd,23,23,22,False
/mnt/c/Users/0M SAI RAM/Desktop/project/dataset/archive/derm12345_train_part_2/jd/DERM_970529.jpg,jd,23,23,22,False
/mnt/c/Users/0M SAI RAM/Desktop/project/dataset/archive/derm12345_train_part_2/jd/DERM_691351.jpg,jd,23,23,23,True
/mnt/c/Users/0M SAI RAM/Desktop/project/dataset/archive/derm12345_train_part_2/jd/DERM_780948.jpg,jd,23,23,23,True
/mnt/c/Users/0M SAI RAM/Desktop/project/dataset/archive/derm12345_train_part_2/jd/DERM_710722.jpg,jd,23,23,23,True
/mnt/c/Users/0M SAI RAM/Desktop/project/dataset/archive/derm12345_train_part_2/jd/DERM_693240.jpg,jd,23,23,23,True
/mnt/c/Users/0M SAI RAM/Desktop/project/dataset/archive/derm12345_train_part_2/jd/DERM_749173.jpg,jd,23,23,23,True
/mnt/c/Users/0M SAI RAM/Desktop/project/dataset/archive/derm12345_train_part_2/jd/DERM_439874.jpg,jd,23,23,22,False
/mnt/c/Users/0M SAI RAM/Desktop/project/dataset/archive/derm12345_train_part_2/jd/DERM_581434.jpg,jd,23,23,23,True
/mnt/c/Users/0M SAI RAM/Desktop/project/dataset/archive/derm12345_train_part_2/jd/DERM_140981.jpg,jd,23,23,22,False
/mnt/c/Users/0M SAI RAM/Desktop/project/dataset/archive/derm12345_train_part_2/jd/DERM_524939.jpg,jd,23,23,22,False
/mnt/c/Users/0M SAI RAM/Desktop/project/dataset/archive/derm12345_train_part_2/jd/DERM_912457.jpg,jd,23,23,23,True
/mnt/c/Users/0M SAI RAM/Desktop/project/dataset/archive/derm12345_train_part_2/jd/DERM_675333.jpg,jd,23,23,22,False
/mnt/c/Users/0M SAI RAM/Desktop/project/dataset/archive/derm12345_train_part_2/jd/DERM_278327.jpg,jd,23,23,23,True
/mnt/c/Users/0M SAI RAM/Desktop/project/dataset/archive/derm12345_train_part_2/jd/DERM_310268.jpg,jd,23,23,22,False
/mnt/c/Users/0M SAI RAM/Desktop/project/dataset/archive/derm12345_train_part_2/jd/DERM_381961.jpg,jd,23,23,22,False
/mnt/c/Users/0M SAI RAM/Desktop/project/dataset/archive/derm12345_train_part_2/jd/DERM_548116.jpg,jd,23,23,23,True
/mnt/c/Users/0M SAI RAM/Desktop/project/dataset/archive/derm12345_train_part_2/jd/DERM_537814.jpg,jd,23,23,11,False
/mnt/c/Users/0M SAI RAM/Desktop/project/dataset/archive/derm12345_train_part_2/jd/DERM_941890.jpg,jd,23,23,22,False
/mnt/c/Users/0M SAI RAM/Desktop/project/dataset/archive/derm12345_train_part_2/jd/DERM_578947.jpg,jd,23,23,23,True
/mnt/c/Users/0M SAI RAM/Desktop/project/dataset/archive/derm12345_train_part_2/jd/DERM_125272.jpg,jd,23,23,22,False
/mnt/c/Users/0M SAI RAM/Desktop/project/dataset/archive/derm12345_train_part_2/jd/DERM_362652.jpg,jd,23,23,23,True
/mnt/c/Users/0M SAI RAM/Desktop/project/dataset/archive/derm12345_train_part_2/jd/DERM_229976.jpg,jd,23,23,14,False
/mnt/c/Users/0M SAI RAM/Desktop/project/dataset/archive/derm12345_train_part_2/jd/DERM_638859.jpg,jd,23,23,3,False
/mnt/c/Users/0M SAI RAM/Desktop/project/dataset/archive/derm12345_train_part_2/jd/DERM_200221.jpg,jd,23,23,11,False
/mnt/c/Users/0M SAI RAM/Desktop/project/dataset/archive/derm12345_train_part_2/jd/DERM_504140.jpg,jd,23,23,22,False
/mnt/c/Users/0M SAI RAM/Desktop/project/dataset/archive/derm12345_train_part_2/jd/DERM_818354.jpg,jd,23,23,23,True
/mnt/c/Users/0M SAI RAM/Desktop/project/dataset/archive/derm12345_train_part_2/jd/DERM_415744.jpg,jd,23,23,22,False
/mnt/c/Users/0M SAI RAM/Desktop/project/dataset/archive/derm12345_train_part_2/jd/DERM_350853.jpg,jd,23,23,10,False
/mnt/c/Users/0M SAI RAM/Desktop/project/dataset/archive/derm12345_train_part_2/jd/DERM_163407.jpg,jd,23,23,37,False
/mnt/c/Users/0M SAI RAM/Desktop/project/dataset/archive/derm12345_train_part_2/jd/DERM_342499.jpg,jd,23,23,23,True
/mnt/c/Users/0M SAI RAM/Desktop/project/dataset/archive/derm12345_train_part_2/jd/DERM_946884.jpg,jd,23,23,23,True
/mnt/c/Users/0M SAI RAM/Desktop/project/dataset/archive/derm12345_train_part_2/jd/DERM_853398.jpg,jd,23,23,14,False
/mnt/c/Users/0M SAI RAM/Desktop/project/dataset/archive/derm12345_train_part_2/jd/DERM_354254.jpg,jd,23,23,23,True
/mnt/c/Users/0M SAI RAM/Desktop/project/dataset/archive/derm12345_train_part_2/jd/DERM_783729.jpg,jd,23,23,23,True
/mnt/c/Users/0M SAI RAM/Desktop/project/dataset/archive/derm12345_train_part_2/jd/DERM_939077.jpg,jd,23,23,23,True
/mnt/c/Users/0M SAI RAM/Desktop/project/dataset/archive/derm12345_train_part_2/jd/DERM_329422.jpg,jd,23,23,3,False
/mnt/c/Users/0M SAI RAM/Desktop/project/dataset/archive/derm12345_train_part_2/jd/DERM_230350.jpg,jd,23,23,23,True
/mnt/c/Users/0M SAI RAM/Desktop/project/dataset/archive/derm12345_train_part_2/jd/DERM_295762.jpg,jd,23,23,23,True
/mnt/c/Users/0M SAI RAM/Desktop/project/dataset/archive/derm12345_train_part_2/jd/DERM_368266.jpg,jd,23,23,23,True
/mnt/c/Users/0M SAI RAM/Desktop/project/dataset/archive/derm12345_train_part_2/jd/DERM_994204.jpg,jd,23,23,23,True
/mnt/c/Users/0M SAI RAM/Desktop/project/dataset/archive/derm12345_train_part_2/jd/DERM_417273.jpg,jd,23,23,14,False
/mnt/c/Users/0M SAI RAM/Desktop/project/dataset/archive/derm12345_train_part_2/jd/DERM_874312.jpg,jd,23,23,23,True
/mnt/c/Users/0M SAI RAM/Desktop/project/dataset/archive/derm12345_train_part_2/jd/DERM_795021.jpg,jd,23,23,20,False
/mnt/c/Users/0M SAI RAM/Desktop/project/dataset/archive/derm12345_train_part_2/jd/DERM_335217.jpg,jd,23,23,23,True
/mnt/c/Users/0M SAI RAM/Desktop/project/dataset/archive/derm12345_train_part_2/jd/DERM_916029.jpg,jd,23,23,23,True
/mnt/c/Users/0M SAI RAM/Desktop/project/dataset/archive/derm12345_train_part_2/jd/DERM_513893.jpg,jd,23,23,22,False
/mnt/c/Users/0M SAI RAM/Desktop/project/dataset/archive/derm12345_train_part_2/jd/DERM_657597.jpg,jd,23,23,23,True
/mnt/c/Users/0M SAI RAM/Desktop/project/dataset/archive/derm12345_train_part_2/jd/DERM_469720.jpg,jd,23,23,23,True
/mnt/c/Users/0M SAI RAM/Desktop/project/dataset/archive/derm12345_train_part_2/jd/DERM_914743.jpg,jd,23,23,22,False
/mnt/c/Users/0M SAI RAM/Desktop/project/dataset/archive/derm12345_train_part_2/jd/DERM_270717.jpg,jd,23,23,22,False
/mnt/c/Users/0M SAI RAM/Desktop/project/dataset/archive/derm12345_train_part_2/jd/DERM_260888.jpg,jd,23,23,22,False
/mnt/c/Users/0M SAI RAM/Desktop/project/dataset/archive/derm12345_train_part_2/jd/DERM_592702.jpg,jd,23,23,14,False
/mnt/c/Users/0M SAI RAM/Desktop/project/dataset/archive/derm12345_train_part_2/jd/DERM_165172.jpg,jd,23,23,22,False
/mnt/c/Users/0M SAI RAM/Desktop/project/dataset/archive/derm12345_train_part_2/jd/DERM_591366.jpg,jd,23,23,22,False
/mnt/c/Users/0M SAI RAM/Desktop/project/dataset/archive/derm12345_train_part_2/jd/DERM_734079.jpg,jd,23,23,14,False
/mnt/c/Users/0M SAI RAM/Desktop/project/dataset/archive/derm12345_train_part_2/jd/DERM_937278.jpg,jd,23,23,23,True
/mnt/c/Users/0M SAI RAM/Desktop/project/dataset/archive/derm12345_train_part_2/jd/DERM_157156.jpg,jd,23,23,23,True
/mnt/c/Users/0M SAI RAM/Desktop/project/dataset/archive/derm12345_train_part_2/jd/DERM_722858.jpg,jd,23,23,23,True
/mnt/c/Users/0M SAI RAM/Desktop/project/dataset/archive/derm12345_train_part_2/jd/DERM_192139.jpg,jd,23,23,23,True
/mnt/c/Users/0M SAI RAM/Desktop/project/dataset/archive/derm12345_train_part_2/jd/DERM_593530.jpg,jd,23,23,23,True
/mnt/c/Users/0M SAI RAM/Desktop/project/dataset/archive/derm12345_train_part_2/jd/DERM_146417.jpg,jd,23,23,22,False
/mnt/c/Users/0M SAI RAM/Desktop/project/dataset/archive/derm12345_train_part_2/jd/DERM_689232.jpg,jd,23,23,11,False
/mnt/c/Users/0M SAI RAM/Desktop/project/dataset/archive/derm12345_train_part_2/jd/DERM_981437.jpg,jd,23,23,23,True
/mnt/c/Users/0M SAI RAM/Desktop/project/dataset/archive/derm12345_train_part_2/jd/DERM_557943.jpg,jd,23,23,11,False
/mnt/c/Users/0M SAI RAM/Desktop/project/dataset/archive/derm12345_train_part_2/jd/DERM_753389.jpg,jd,23,23,23,True
/mnt/c/Users/0M SAI RAM/Desktop/project/dataset/archive/derm12345_train_part_2/jd/DERM_306481.jpg,jd,23,23,23,True
/mnt/c/Users/0M SAI RAM/Desktop/project/dataset/archive/derm12345_train_part_2/jd/DERM_329363.jpg,jd,23,23,23,True
/mnt/c/Users/0M SAI RAM/Desktop/project/dataset/archive/derm12345_train_part_2/jd/DERM_355171.jpg,jd,23,23,23,True
/mnt/c/Users/0M SAI RAM/Desktop/project/dataset/archive/derm12345_train_part_2/jd/DERM_752661.jpg,jd,23,23,23,True
/mnt/c/Users/0M SAI RAM/Desktop/project/dataset/archive/derm12345_train_part_2/jd/DERM_712270.jpg,jd,23,23,23,True
/mnt/c/Users/0M SAI RAM/Desktop/project/dataset/archive/derm12345_train_part_2/jd/DERM_253571.jpg,jd,23,23,23,True
/mnt/c/Users/0M SAI RAM/Desktop/project/dataset/archive/derm12345_train_part_2/jd/DERM_459060.jpg,jd,23,23,22,False
/mnt/c/Users/0M SAI RAM/Desktop/project/dataset/archive/derm12345_train_part_2/jd/DERM_806007.jpg,jd,23,23,23,True
/mnt/c/Users/0M SAI RAM/Desktop/project/dataset/archive/derm12345_train_part_2/jd/DERM_186741.jpg,jd,23,23,23,True
/mnt/c/Users/0M SAI RAM/Desktop/project/dataset/archive/derm12345_train_part_2/jd/DERM_778463.jpg,jd,23,23,23,True
/mnt/c/Users/0M SAI RAM/Desktop/project/dataset/archive/derm12345_train_part_2/jd/DERM_233670.jpg,jd,23,23,14,False
/mnt/c/Users/0M SAI RAM/Desktop/project/dataset/archive/derm12345_train_part_2/jd/DERM_155216.jpg,jd,23,23,23,True
/mnt/c/Users/0M SAI RAM/Desktop/project/dataset/archive/derm12345_train_part_2/jd/DERM_623617.jpg,jd,23,23,23,True
/mnt/c/Users/0M SAI RAM/Desktop/project/dataset/archive/derm12345_train_part_2/jd/DERM_704925.jpg,jd,23,23,23,True
/mnt/c/Users/0M SAI RAM/Desktop/project/dataset/archive/derm12345_train_part_2/jd/DERM_816410.jpg,jd,23,23,23,True
/mnt/c/Users/0M SAI RAM/Desktop/project/dataset/archive/derm12345_train_part_2/jd/DERM_235014.jpg,jd,23,23,23,True
/mnt/c/Users/0M SAI RAM/Desktop/project/dataset/archive/derm12345_train_part_2/jd/DERM_100935.jpg,jd,23,23,23,True
/mnt/c/Users/0M SAI RAM/Desktop/project/dataset/archive/derm12345_train_part_2/jd/DERM_547349.jpg,jd,23,23,23,True
/mnt/c/Users/0M SAI RAM/Desktop/project/dataset/archive/derm12345_train_part_2/jd/DERM_375599.jpg,jd,23,23,23,True
/mnt/c/Users/0M SAI RAM/Desktop/project/dataset/archive/derm12345_train_part_2/jd/DERM_244094.jpg,jd,23,23,23,True
/mnt/c/Users/0M SAI RAM/Desktop/project/dataset/archive/derm12345_train_part_2/jd/DERM_920608.jpg,jd,23,23,23,True
/mnt/c/Users/0M SAI RAM/Desktop/project/dataset/archive/derm12345_train_part_2/jd/DERM_178610.jpg,jd,23,23,22,False
/mnt/c/Users/0M SAI RAM/Desktop/project/dataset/archive/derm12345_train_part_2/jd/DERM_843017.jpg,jd,23,23,11,False
/mnt/c/Users/0M SAI RAM/Desktop/project/dataset/archive/derm12345_train_part_2/jd/DERM_420278.jpg,jd,23,23,23,True
/mnt/c/Users/0M SAI RAM/Desktop/project/dataset/archive/derm12345_train_part_2/jd/DERM_356364.jpg,jd,23,23,23,True
/mnt/c/Users/0M SAI RAM/Desktop/project/dataset/archive/derm12345_train_part_2/jd/DERM_372096.jpg,jd,23,23,23,True
/mnt/c/Users/0M SAI RAM/Desktop/project/dataset/archive/derm12345_train_part_2/jd/DERM_967332.jpg,jd,23,23,22,False
/mnt/c/Users/0M SAI RAM/Desktop/project/dataset/archive/derm12345_train_part_2/jd/DERM_557793.jpg,jd,23,23,23,True
/mnt/c/Users/0M SAI RAM/Desktop/project/dataset/archive/derm12345_train_part_2/jd/DERM_178178.jpg,jd,23,23,23,True
/mnt/c/Users/0M SAI RAM/Desktop/project/dataset/archive/derm12345_train_part_2/jd/DERM_612639.jpg,jd,23,23,23,True
/mnt/c/Users/0M SAI RAM/Desktop/project/dataset/archive/derm12345_train_part_2/jd/DERM_919194.jpg,jd,23,23,22,False
/mnt/c/Users/0M SAI RAM/Desktop/project/dataset/archive/derm12345_train_part_2/jd/DERM_118783.jpg,jd,23,23,2,False
/mnt/c/Users/0M SAI RAM/Desktop/project/dataset/archive/derm12345_train_part_2/jd/DERM_126118.jpg,jd,23,23,23,True
/mnt/c/Users/0M SAI RAM/Desktop/project/dataset/archive/derm12345_train_part_2/jd/DERM_303194.jpg,jd,23,23,23,True
/mnt/c/Users/0M SAI RAM/Desktop/project/dataset/archive/derm12345_train_part_2/jd/DERM_657091.jpg,jd,23,23,14,False
/mnt/c/Users/0M SAI RAM/Desktop/project/dataset/archive/derm12345_train_part_2/jd/DERM_263995.jpg,jd,23,23,22,False
/mnt/c/Users/0M SAI RAM/Desktop/project/dataset/archive/derm12345_train_part_2/jd/DERM_318740.jpg,jd,23,23,23,True
/mnt/c/Users/0M SAI RAM/Desktop/project/dataset/archive/derm12345_train_part_2/jd/DERM_462121.jpg,jd,23,23,23,True
/mnt/c/Users/0M SAI RAM/Desktop/project/dataset/archive/derm12345_train_part_2/jd/DERM_815452.jpg,jd,23,23,11,False
/mnt/c/Users/0M SAI RAM/Desktop/project/dataset/archive/derm12345_train_part_2/jd/DERM_576249.jpg,jd,23,23,11,False
/mnt/c/Users/0M SAI RAM/Desktop/project/dataset/archive/derm12345_train_part_2/jd/DERM_978973.jpg,jd,23,23,11,False
/mnt/c/Users/0M SAI RAM/Desktop/project/dataset/archive/derm12345_train_part_2/jd/DERM_553655.jpg,jd,23,23,14,False
/mnt/c/Users/0M SAI RAM/Desktop/project/dataset/archive/derm12345_train_part_2/jd/DERM_901728.jpg,jd,23,23,23,True
/mnt/c/Users/0M SAI RAM/Desktop/project/dataset/archive/derm12345_train_part_2/jd/DERM_440713.jpg,jd,23,23,11,False
/mnt/c/Users/0M SAI RAM/Desktop/project/dataset/archive/derm12345_train_part_2/jd/DERM_122682.jpg,jd,23,23,14,False
/mnt/c/Users/0M SAI RAM/Desktop/project/dataset/archive/derm12345_train_part_2/jd/DERM_652200.jpg,jd,23,23,22,False
/mnt/c/Users/0M SAI RAM/Desktop/project/dataset/archive/derm12345_train_part_2/jd/DERM_789752.jpg,jd,23,23,23,True
/mnt/c/Users/0M SAI RAM/Desktop/project/dataset/archive/derm12345_train_part_2/jd/DERM_221462.jpg,jd,23,23,23,True
/mnt/c/Users/0M SAI RAM/Desktop/project/dataset/archive/derm12345_train_part_2/jd/DERM_461330.jpg,jd,23,23,23,True
/mnt/c/Users/0M SAI RAM/Desktop/project/dataset/archive/derm12345_train_part_2/jd/DERM_270146.jpg,jd,23,23,23,True
/mnt/c/Users/0M SAI RAM/Desktop/project/dataset/archive/derm12345_train_part_2/jd/DERM_304564.jpg,jd,23,23,23,True
/mnt/c/Users/0M SAI RAM/Desktop/project/dataset/archive/derm12345_train_part_2/jd/DERM_428150.jpg,jd,23,23,10,False
/mnt/c/Users/0M SAI RAM/Desktop/project/dataset/archive/derm12345_train_part_2/jd/DERM_437062.jpg,jd,23,23,23,True
/mnt/c/Users/0M SAI RAM/Desktop/project/dataset/archive/derm12345_train_part_2/jd/DERM_442464.jpg,jd,23,23,22,False
/mnt/c/Users/0M SAI RAM/Desktop/project/dataset/archive/derm12345_train_part_2/jd/DERM_506560.jpg,jd,23,23,22,False
/mnt/c/Users/0M SAI RAM/Desktop/project/dataset/archive/derm12345_train_part_2/jd/DERM_593812.jpg,jd,23,23,23,True
/mnt/c/Users/0M SAI RAM/Desktop/project/dataset/archive/derm12345_train_part_2/jd/DERM_605903.jpg,jd,23,23,23,True
/mnt/c/Users/0M SAI RAM/Desktop/project/dataset/archive/derm12345_train_part_2/jd/DERM_817756.jpg,jd,23,23,23,True
/mnt/c/Users/0M SAI RAM/Desktop/project/dataset/archive/derm12345_train_part_2/jd/DERM_573080.jpg,jd,23,23,11,False
/mnt/c/Users/0M SAI RAM/Desktop/project/dataset/archive/derm12345_train_part_2/jd/DERM_328052.jpg,jd,23,23,23,True
/mnt/c/Users/0M SAI RAM/Desktop/project/dataset/archive/derm12345_train_part_2/jd/DERM_875640.jpg,jd,23,23,23,True
/mnt/c/Users/0M SAI RAM/Desktop/project/dataset/archive/derm12345_train_part_2/jd/DERM_429286.jpg,jd,23,23,23,True
/mnt/c/Users/0M SAI RAM/Desktop/project/dataset/archive/derm12345_train_part_2/jd/DERM_844016.jpg,jd,23,23,23,True
/mnt/c/Users/0M SAI RAM/Desktop/project/dataset/archive/derm12345_train_part_2/jd/DERM_659492.jpg,jd,23,23,23,True
/mnt/c/Users/0M SAI RAM/Desktop/project/dataset/archive/derm12345_train_part_2/jd/DERM_163878.jpg,jd,23,23,11,False
/mnt/c/Users/0M SAI RAM/Desktop/project/dataset/archive/derm12345_train_part_2/jd/DERM_400510.jpg,jd,23,23,11,False
/mnt/c/Users/0M SAI RAM/Desktop/project/dataset/archive/derm12345_train_part_2/jd/DERM_730054.jpg,jd,23,23,23,True
/mnt/c/Users/0M SAI RAM/Desktop/project/dataset/archive/derm12345_train_part_2/jd/DERM_756785.jpg,jd,23,23,23,True
/mnt/c/Users/0M SAI RAM/Desktop/project/dataset/archive/derm12345_train_part_2/jd/DERM_938760.jpg,jd,23,23,11,False
/mnt/c/Users/0M SAI RAM/Desktop/project/dataset/archive/derm12345_train_part_2/jd/DERM_505392.jpg,jd,23,23,23,True
/mnt/c/Users/0M SAI RAM/Desktop/project/dataset/archive/derm12345_train_part_2/jd/DERM_908138.jpg,jd,23,23,23,True
/mnt/c/Users/0M SAI RAM/Desktop/project/dataset/archive/derm12345_train_part_2/jd/DERM_792726.jpg,jd,23,23,23,True
/mnt/c/Users/0M SAI RAM/Desktop/project/dataset/archive/derm12345_train_part_2/jd/DERM_847579.jpg,jd,23,23,11,False
/mnt/c/Users/0M SAI RAM/Desktop/project/dataset/archive/derm12345_train_part_2/jd/DERM_783469.jpg,jd,23,23,23,True
/mnt/c/Users/0M SAI RAM/Desktop/project/dataset/archive/derm12345_train_part_2/jd/DERM_513127.jpg,jd,23,23,23,True
/mnt/c/Users/0M SAI RAM/Desktop/project/dataset/archive/derm12345_train_part_2/jd/DERM_778720.jpg,jd,23,23,11,False
/mnt/c/Users/0M SAI RAM/Desktop/project/dataset/archive/derm12345_train_part_2/jd/DERM_861467.jpg,jd,23,23,23,True
/mnt/c/Users/0M SAI RAM/Desktop/project/dataset/archive/derm12345_train_part_2/jd/DERM_743435.jpg,jd,23,23,23,True
/mnt/c/Users/0M SAI RAM/Desktop/project/dataset/archive/derm12345_train_part_2/jd/DERM_225445.jpg,jd,23,23,23,True
/mnt/c/Users/0M SAI RAM/Desktop/project/dataset/archive/derm12345_train_part_2/jd/DERM_608443.jpg,jd,23,23,23,True
/mnt/c/Users/0M SAI RAM/Desktop/project/dataset/archive/derm12345_train_part_2/jd/DERM_673410.jpg,jd,23,23,14,False
/mnt/c/Users/0M SAI RAM/Desktop/project/dataset/archive/derm12345_train_part_2/jd/DERM_904453.jpg,jd,23,23,17,False
/mnt/c/Users/0M SAI RAM/Desktop/project/dataset/archive/derm12345_train_part_2/jd/DERM_946347.jpg,jd,23,23,23,True
/mnt/c/Users/0M SAI RAM/Desktop/project/dataset/archive/derm12345_train_part_2/jd/DERM_192565.jpg,jd,23,23,14,False
/mnt/c/Users/0M SAI RAM/Desktop/project/dataset/archive/derm12345_train_part_2/jd/DERM_109012.jpg,jd,23,23,23,True
/mnt/c/Users/0M SAI RAM/Desktop/project/dataset/archive/derm12345_train_part_2/jd/DERM_980059.jpg,jd,23,23,23,True
/mnt/c/Users/0M SAI RAM/Desktop/project/dataset/archive/derm12345_train_part_2/jd/DERM_100533.jpg,jd,23,23,22,False
/mnt/c/Users/0M SAI RAM/Desktop/project/dataset/archive/derm12345_train_part_2/jd/DERM_253115.jpg,jd,23,23,23,True
/mnt/c/Users/0M SAI RAM/Desktop/project/dataset/archive/derm12345_train_part_2/jd/DERM_268569.jpg,jd,23,23,23,True
/mnt/c/Users/0M SAI RAM/Desktop/project/dataset/archive/derm12345_train_part_2/jd/DERM_309300.jpg,jd,23,23,23,True
/mnt/c/Users/0M SAI RAM/Desktop/project/dataset/archive/derm12345_train_part_2/jd/DERM_317834.jpg,jd,23,23,14,False
/mnt/c/Users/0M SAI RAM/Desktop/project/dataset/archive/derm12345_train_part_2/jd/DERM_456885.jpg,jd,23,23,17,False
/mnt/c/Users/0M SAI RAM/Desktop/project/dataset/archive/derm12345_train_part_2/jd/DERM_533282.jpg,jd,23,23,23,True
/mnt/c/Users/0M SAI RAM/Desktop/project/dataset/archive/derm12345_train_part_2/jd/DERM_254981.jpg,jd,23,23,22,False
/mnt/c/Users/0M SAI RAM/Desktop/project/dataset/archive/derm12345_train_part_2/jd/DERM_100737.jpg,jd,23,23,23,True
/mnt/c/Users/0M SAI RAM/Desktop/project/dataset/archive/derm12345_train_part_2/jd/DERM_296089.jpg,jd,23,23,14,False
/mnt/c/Users/0M SAI RAM/Desktop/project/dataset/archive/derm12345_train_part_2/jd/DERM_394298.jpg,jd,23,23,22,False
/mnt/c/Users/0M SAI RAM/Desktop/project/dataset/archive/derm12345_train_part_2/jd/DERM_341518.jpg,jd,23,23,23,True
/mnt/c/Users/0M SAI RAM/Desktop/project/dataset/archive/derm12345_train_part_2/jd/DERM_469113.jpg,jd,23,23,23,True
/mnt/c/Users/0M SAI RAM/Desktop/project/dataset/archive/derm12345_train_part_2/jd/DERM_655808.jpg,jd,23,23,23,True
/mnt/c/Users/0M SAI RAM/Desktop/project/dataset/archive/derm12345_train_part_2/jd/DERM_924179.jpg,jd,23,23,23,True
/mnt/c/Users/0M SAI RAM/Desktop/project/dataset/archive/derm12345_train_part_2/jd/DERM_285713.jpg,jd,23,23,23,True
/mnt/c/Users/0M SAI RAM/Desktop/project/dataset/archive/derm12345_train_part_2/jd/DERM_793055.jpg,jd,23,23,22,False
/mnt/c/Users/0M SAI RAM/Desktop/project/dataset/archive/derm12345_train_part_2/jd/DERM_762093.jpg,jd,23,23,23,True
/mnt/c/Users/0M SAI RAM/Desktop/project/dataset/archive/derm12345_train_part_2/jd/DERM_434077.jpg,jd,23,23,23,True
/mnt/c/Users/0M SAI RAM/Desktop/project/dataset/archive/derm12345_train_part_2/jd/DERM_476038.jpg,jd,23,23,14,False
/mnt/c/Users/0M SAI RAM/Desktop/project/dataset/archive/derm12345_train_part_2/jd/DERM_833879.jpg,jd,23,23,22,False
/mnt/c/Users/0M SAI RAM/Desktop/project/dataset/archive/derm12345_train_part_2/jd/DERM_961121.jpg,jd,23,23,22,False
/mnt/c/Users/0M SAI RAM/Desktop/project/dataset/archive/derm12345_train_part_2/jd/DERM_700793.jpg,jd,23,23,11,False
/mnt/c/Users/0M SAI RAM/Desktop/project/dataset/archive/derm12345_train_part_2/jd/DERM_584542.jpg,jd,23,23,22,False
/mnt/c/Users/0M SAI RAM/Desktop/project/dataset/archive/derm12345_train_part_2/jd/DERM_826733.jpg,jd,23,23,23,True
/mnt/c/Users/0M SAI RAM/Desktop/project/dataset/archive/derm12345_train_part_2/jd/DERM_692089.jpg,jd,23,23,37,False
/mnt/c/Users/0M SAI RAM/Desktop/project/dataset/archive/derm12345_train_part_2/jd/DERM_825383.jpg,jd,23,23,23,True
/mnt/c/Users/0M SAI RAM/Desktop/project/dataset/archive/derm12345_train_part_2/jd/DERM_292694.jpg,jd,23,23,14,False
/mnt/c/Users/0M SAI RAM/Desktop/project/dataset/archive/derm12345_train_part_2/jd/DERM_221488.jpg,jd,23,23,23,True
/mnt/c/Users/0M SAI RAM/Desktop/project/dataset/archive/derm12345_train_part_2/jd/DERM_863521.jpg,jd,23,23,22,False
/mnt/c/Users/0M SAI RAM/Desktop/project/dataset/archive/derm12345_train_part_2/jd/DERM_233299.jpg,jd,23,23,23,True
/mnt/c/Users/0M SAI RAM/Desktop/project/dataset/archive/derm12345_train_part_2/jd/DERM_982813.jpg,jd,23,23,23,True
/mnt/c/Users/0M SAI RAM/Desktop/project/dataset/archive/derm12345_train_part_2/jd/DERM_330824.jpg,jd,23,23,23,True
/mnt/c/Users/0M SAI RAM/Desktop/project/dataset/archive/derm12345_train_part_2/jd/DERM_699254.jpg,jd,23,23,14,False
/mnt/c/Users/0M SAI RAM/Desktop/project/dataset/archive/derm12345_train_part_2/jd/DERM_993310.jpg,jd,23,23,22,False
/mnt/c/Users/0M SAI RAM/Desktop/project/dataset/archive/derm12345_train_part_2/jd/DERM_788257.jpg,jd,23,23,23,True
/mnt/c/Users/0M SAI RAM/Desktop/project/dataset/archive/derm12345_train_part_2/jd/DERM_408892.jpg,jd,23,23,22,False
/mnt/c/Users/0M SAI RAM/Desktop/project/dataset/archive/derm12345_train_part_2/jd/DERM_865105.jpg,jd,23,23,23,True
/mnt/c/Users/0M SAI RAM/Desktop/project/dataset/archive/derm12345_train_part_2/jd/DERM_534541.jpg,jd,23,23,23,True
/mnt/c/Users/0M SAI RAM/Desktop/project/dataset/archive/derm12345_train_part_2/jd/DERM_825818.jpg,jd,23,23,23,True
/mnt/c/Users/0M SAI RAM/Desktop/project/dataset/archive/derm12345_train_part_2/jd/DERM_686078.jpg,jd,23,23,23,True
/mnt/c/Users/0M SAI RAM/Desktop/project/dataset/archive/derm12345_train_part_2/jd/DERM_325260.jpg,jd,23,23,23,True
/mnt/c/Users/0M SAI RAM/Desktop/project/dataset/archive/derm12345_train_part_2/jd/DERM_850955.jpg,jd,23,23,23,True
/mnt/c/Users/0M SAI RAM/Desktop/project/dataset/archive/derm12345_train_part_2/jd/DERM_528800.jpg,jd,23,23,3,False
/mnt/c/Users/0M SAI RAM/Desktop/project/dataset/archive/derm12345_train_part_2/jd/DERM_742417.jpg,jd,23,23,23,True
/mnt/c/Users/0M SAI RAM/Desktop/project/dataset/archive/derm12345_train_part_2/jd/DERM_254513.jpg,jd,23,23,22,False
/mnt/c/Users/0M SAI RAM/Desktop/project/dataset/archive/derm12345_train_part_2/jd/DERM_533390.jpg,jd,23,23,11,False
/mnt/c/Users/0M SAI RAM/Desktop/project/dataset/archive/derm12345_train_part_2/jd/DERM_858609.jpg,jd,23,23,23,True
/mnt/c/Users/0M SAI RAM/Desktop/project/dataset/archive/derm12345_train_part_2/jd/DERM_737533.jpg,jd,23,23,22,False
/mnt/c/Users/0M SAI RAM/Desktop/project/dataset/archive/derm12345_train_part_2/jd/DERM_290920.jpg,jd,23,23,23,True
/mnt/c/Users/0M SAI RAM/Desktop/project/dataset/archive/derm12345_train_part_2/jd/DERM_399524.jpg,jd,23,23,23,True
/mnt/c/Users/0M SAI RAM/Desktop/project/dataset/archive/derm12345_train_part_2/jd/DERM_600663.jpg,jd,23,23,23,True
/mnt/c/Users/0M SAI RAM/Desktop/project/dataset/archive/derm12345_train_part_2/jd/DERM_518402.jpg,jd,23,23,3,False
/mnt/c/Users/0M SAI RAM/Desktop/project/dataset/archive/derm12345_train_part_2/jd/DERM_779373.jpg,jd,23,23,23,True
/mnt/c/Users/0M SAI RAM/Desktop/project/dataset/archive/derm12345_train_part_2/jd/DERM_115282.jpg,jd,23,23,23,True
/mnt/c/Users/0M SAI RAM/Desktop/project/dataset/archive/derm12345_train_part_2/jd/DERM_143007.jpg,jd,23,23,14,False
/mnt/c/Users/0M SAI RAM/Desktop/project/dataset/archive/derm12345_train_part_2/jd/DERM_178170.jpg,jd,23,23,23,True
/mnt/c/Users/0M SAI RAM/Desktop/project/dataset/archive/derm12345_train_part_2/jd/DERM_883203.jpg,jd,23,23,23,True
/mnt/c/Users/0M SAI RAM/Desktop/project/dataset/archive/derm12345_train_part_2/jd/DERM_408641.jpg,jd,23,23,14,False
/mnt/c/Users/0M SAI RAM/Desktop/project/dataset/archive/derm12345_train_part_2/jd/DERM_232550.jpg,jd,23,23,23,True
/mnt/c/Users/0M SAI RAM/Desktop/project/dataset/archive/derm12345_train_part_2/jd/DERM_735601.jpg,jd,23,23,23,True
/mnt/c/Users/0M SAI RAM/Desktop/project/dataset/archive/derm12345_train_part_2/jd/DERM_339706.jpg,jd,23,23,23,True
/mnt/c/Users/0M SAI RAM/Desktop/project/dataset/archive/derm12345_train_part_2/jd/DERM_399619.jpg,jd,23,23,23,True
/mnt/c/Users/0M SAI RAM/Desktop/project/dataset/archive/derm12345_train_part_2/jd/DERM_878897.jpg,jd,23,23,22,False
/mnt/c/Users/0M SAI RAM/Desktop/project/dataset/archive/derm12345_train_part_2/jd/DERM_328735.jpg,jd,23,23,11,False
/mnt/c/Users/0M SAI RAM/Desktop/project/dataset/archive/derm12345_train_part_2/jd/DERM_432463.jpg,jd,23,23,23,True
/mnt/c/Users/0M SAI RAM/Desktop/project/dataset/archive/derm12345_train_part_2/jd/DERM_694862.jpg,jd,23,23,23,True
/mnt/c/Users/0M SAI RAM/Desktop/project/dataset/archive/derm12345_train_part_2/jd/DERM_848448.jpg,jd,23,23,23,True
/mnt/c/Users/0M SAI RAM/Desktop/project/dataset/archive/derm12345_train_part_2/jd/DERM_290373.jpg,jd,23,23,23,True
/mnt/c/Users/0M SAI RAM/Desktop/project/dataset/archive/derm12345_train_part_2/jd/DERM_958347.jpg,jd,23,23,23,True
/mnt/c/Users/0M SAI RAM/Desktop/project/dataset/archive/derm12345_train_part_2/jd/DERM_895989.jpg,jd,23,23,17,False
/mnt/c/Users/0M SAI RAM/Desktop/project/dataset/archive/derm12345_train_part_2/jd/DERM_956312.jpg,jd,23,23,23,True
/mnt/c/Users/0M SAI RAM/Desktop/project/dataset/archive/derm12345_train_part_2/jd/DERM_890449.jpg,jd,23,23,23,True
/mnt/c/Users/0M SAI RAM/Desktop/project/dataset/archive/derm12345_train_part_2/jd/DERM_944147.jpg,jd,23,23,22,False
/mnt/c/Users/0M SAI RAM/Desktop/project/dataset/archive/derm12345_train_part_2/jd/DERM_572900.jpg,jd,23,23,23,True
/mnt/c/Users/0M SAI RAM/Desktop/project/dataset/archive/derm12345_train_part_2/jd/DERM_672720.jpg,jd,23,23,23,True
/mnt/c/Users/0M SAI RAM/Desktop/project/dataset/archive/derm12345_train_part_2/jd/DERM_566437.jpg,jd,23,23,11,False
/mnt/c/Users/0M SAI RAM/Desktop/project/dataset/archive/derm12345_train_part_2/jd/DERM_676212.jpg,jd,23,23,23,True
/mnt/c/Users/0M SAI RAM/Desktop/project/dataset/archive/derm12345_train_part_2/jd/DERM_361519.jpg,jd,23,23,23,True
/mnt/c/Users/0M SAI RAM/Desktop/project/dataset/archive/derm12345_train_part_2/jd/DERM_866870.jpg,jd,23,23,22,False
/mnt/c/Users/0M SAI RAM/Desktop/project/dataset/archive/derm12345_train_part_2/jd/DERM_231579.jpg,jd,23,23,23,True
/mnt/c/Users/0M SAI RAM/Desktop/project/dataset/archive/derm12345_train_part_2/jd/DERM_315245.jpg,jd,23,23,23,True
/mnt/c/Users/0M SAI RAM/Desktop/project/dataset/archive/derm12345_train_part_2/jd/DERM_428654.jpg,jd,23,23,22,False
/mnt/c/Users/0M SAI RAM/Desktop/project/dataset/archive/derm12345_train_part_2/jd/DERM_481172.jpg,jd,23,23,23,True
/mnt/c/Users/0M SAI RAM/Desktop/project/dataset/archive/derm12345_train_part_2/jd/DERM_525134.jpg,jd,23,23,30,False
/mnt/c/Users/0M SAI RAM/Desktop/project/dataset/archive/derm12345_train_part_2/jd/DERM_751203.jpg,jd,23,23,11,False
/mnt/c/Users/0M SAI RAM/Desktop/project/dataset/archive/derm12345_train_part_2/jd/DERM_384419.jpg,jd,23,23,14,False
/mnt/c/Users/0M SAI RAM/Desktop/project/dataset/archive/derm12345_train_part_2/jd/DERM_428342.jpg,jd,23,23,23,True
/mnt/c/Users/0M SAI RAM/Desktop/project/dataset/archive/derm12345_train_part_2/jd/DERM_439172.jpg,jd,23,23,22,False
/mnt/c/Users/0M SAI RAM/Desktop/project/dataset/archive/derm12345_train_part_2/jd/DERM_326395.jpg,jd,23,23,23,True
/mnt/c/Users/0M SAI RAM/Desktop/project/dataset/archive/derm12345_train_part_2/jd/DERM_334044.jpg,jd,23,23,23,True
/mnt/c/Users/0M SAI RAM/Desktop/project/dataset/archive/derm12345_train_part_2/jd/DERM_632044.jpg,jd,23,23,23,True
/mnt/c/Users/0M SAI RAM/Desktop/project/dataset/archive/derm12345_train_part_2/jd/DERM_745507.jpg,jd,23,23,22,False
/mnt/c/Users/0M SAI RAM/Desktop/project/dataset/archive/derm12345_train_part_2/jd/DERM_665038.jpg,jd,23,23,14,False
/mnt/c/Users/0M SAI RAM/Desktop/project/dataset/archive/derm12345_train_part_2/jd/DERM_954702.jpg,jd,23,23,12,False
/mnt/c/Users/0M SAI RAM/Desktop/project/dataset/archive/derm12345_train_part_2/jd/DERM_350821.jpg,jd,23,23,23,True
/mnt/c/Users/0M SAI RAM/Desktop/project/dataset/archive/derm12345_train_part_2/jd/DERM_471019.jpg,jd,23,23,22,False
/mnt/c/Users/0M SAI RAM/Desktop/project/dataset/archive/derm12345_train_part_2/jd/DERM_387903.jpg,jd,23,23,22,False
/mnt/c/Users/0M SAI RAM/Desktop/project/dataset/archive/derm12345_train_part_2/jd/DERM_420634.jpg,jd,23,23,23,True
/mnt/c/Users/0M SAI RAM/Desktop/project/dataset/archive/derm12345_train_part_2/jd/DERM_610912.jpg,jd,23,23,23,True
/mnt/c/Users/0M SAI RAM/Desktop/project/dataset/archive/derm12345_train_part_2/jd/DERM_618251.jpg,jd,23,23,23,True
/mnt/c/Users/0M SAI RAM/Desktop/project/dataset/archive/derm12345_train_part_2/jd/DERM_814393.jpg,jd,23,23,23,True
/mnt/c/Users/0M SAI RAM/Desktop/project/dataset/archive/derm12345_train_part_2/jd/DERM_953616.jpg,jd,23,23,23,True
/mnt/c/Users/0M SAI RAM/Desktop/project/dataset/archive/derm12345_train_part_2/jd/DERM_155703.jpg,jd,23,23,23,True
/mnt/c/Users/0M SAI RAM/Desktop/project/dataset/archive/derm12345_train_part_2/jd/DERM_519262.jpg,jd,23,23,22,False
/mnt/c/Users/0M SAI RAM/Desktop/project/dataset/archive/derm12345_train_part_2/jd/DERM_304963.jpg,jd,23,23,23,True
/mnt/c/Users/0M SAI RAM/Desktop/project/dataset/archive/derm12345_train_part_2/jd/DERM_679836.jpg,jd,23,23,23,True
/mnt/c/Users/0M SAI RAM/Desktop/project/dataset/archive/derm12345_train_part_2/jd/DERM_661063.jpg,jd,23,23,38,False
/mnt/c/Users/0M SAI RAM/Desktop/project/dataset/archive/derm12345_train_part_2/jd/DERM_161401.jpg,jd,23,23,22,False
/mnt/c/Users/0M SAI RAM/Desktop/project/dataset/archive/derm12345_train_part_2/jd/DERM_869472.jpg,jd,23,23,23,True
/mnt/c/Users/0M SAI RAM/Desktop/project/dataset/archive/derm12345_train_part_2/jd/DERM_794965.jpg,jd,23,23,23,True
/mnt/c/Users/0M SAI RAM/Desktop/project/dataset/archive/derm12345_train_part_2/jd/DERM_846874.jpg,jd,23,23,22,False
/mnt/c/Users/0M SAI RAM/Desktop/project/dataset/archive/derm12345_train_part_2/jd/DERM_744295.jpg,jd,23,23,23,True
/mnt/c/Users/0M SAI RAM/Desktop/project/dataset/archive/derm12345_train_part_2/jd/DERM_498476.jpg,jd,23,23,23,True
/mnt/c/Users/0M SAI RAM/Desktop/project/dataset/archive/derm12345_train_part_2/jd/DERM_817114.jpg,jd,23,23,38,False
/mnt/c/Users/0M SAI RAM/Desktop/project/dataset/archive/derm12345_train_part_2/jd/DERM_407163.jpg,jd,23,23,23,True
/mnt/c/Users/0M SAI RAM/Desktop/project/dataset/archive/derm12345_train_part_2/jd/DERM_943998.jpg,jd,23,23,23,True
/mnt/c/Users/0M SAI RAM/Desktop/project/dataset/archive/derm12345_train_part_2/jd/DERM_296925.jpg,jd,23,23,23,True
/mnt/c/Users/0M SAI RAM/Desktop/project/dataset/archive/derm12345_train_part_2/jd/DERM_440200.jpg,jd,23,23,37,False
/mnt/c/Users/0M SAI RAM/Desktop/project/dataset/archive/derm12345_train_part_2/jd/DERM_334238.jpg,jd,23,23,23,True
/mnt/c/Users/0M SAI RAM/Desktop/project/dataset/archive/derm12345_train_part_2/jd/DERM_513273.jpg,jd,23,23,23,True
/mnt/c/Users/0M SAI RAM/Desktop/project/dataset/archive/derm12345_train_part_2/jd/DERM_708314.jpg,jd,23,23,23,True
/mnt/c/Users/0M SAI RAM/Desktop/project/dataset/archive/derm12345_train_part_2/jd/DERM_745894.jpg,jd,23,23,23,True
/mnt/c/Users/0M SAI RAM/Desktop/project/dataset/archive/derm12345_train_part_2/jd/DERM_277751.jpg,jd,23,23,23,True
/mnt/c/Users/0M SAI RAM/Desktop/project/dataset/archive/derm12345_train_part_2/jd/DERM_689202.jpg,jd,23,23,23,True
/mnt/c/Users/0M SAI RAM/Desktop/project/dataset/archive/derm12345_train_part_2/jd/DERM_666767.jpg,jd,23,23,22,False
/mnt/c/Users/0M SAI RAM/Desktop/project/dataset/archive/derm12345_train_part_2/jd/DERM_696906.jpg,jd,23,23,11,False
/mnt/c/Users/0M SAI RAM/Desktop/project/dataset/archive/derm12345_train_part_2/jd/DERM_649713.jpg,jd,23,23,23,True
/mnt/c/Users/0M SAI RAM/Desktop/project/dataset/archive/derm12345_train_part_2/jd/DERM_913554.jpg,jd,23,23,23,True
/mnt/c/Users/0M SAI RAM/Desktop/project/dataset/archive/derm12345_train_part_2/jd/DERM_344154.jpg,jd,23,23,23,True
/mnt/c/Users/0M SAI RAM/Desktop/project/dataset/archive/derm12345_train_part_2/jd/DERM_952761.jpg,jd,23,23,23,True
/mnt/c/Users/0M SAI RAM/Desktop/project/dataset/archive/derm12345_train_part_2/jd/DERM_535849.jpg,jd,23,23,23,True
/mnt/c/Users/0M SAI RAM/Desktop/project/dataset/archive/derm12345_train_part_2/jd/DERM_572916.jpg,jd,23,23,23,True
/mnt/c/Users/0M SAI RAM/Desktop/project/dataset/archive/derm12345_train_part_2/jd/DERM_712130.jpg,jd,23,23,22,False
/mnt/c/Users/0M SAI RAM/Desktop/project/dataset/archive/derm12345_train_part_2/jd/DERM_568341.jpg,jd,23,23,23,True
/mnt/c/Users/0M SAI RAM/Desktop/project/dataset/archive/derm12345_train_part_2/jd/DERM_779278.jpg,jd,23,23,22,False
/mnt/c/Users/0M SAI RAM/Desktop/project/dataset/archive/derm12345_train_part_2/jd/DERM_197210.jpg,jd,23,23,23,True
/mnt/c/Users/0M SAI RAM/Desktop/project/dataset/archive/derm12345_train_part_2/jd/DERM_389741.jpg,jd,23,23,11,False
/mnt/c/Users/0M SAI RAM/Desktop/project/dataset/archive/derm12345_train_part_2/jd/DERM_498198.jpg,jd,23,23,23,True
/mnt/c/Users/0M SAI RAM/Desktop/project/dataset/archive/derm12345_train_part_2/jd/DERM_225658.jpg,jd,23,23,23,True
/mnt/c/Users/0M SAI RAM/Desktop/project/dataset/archive/derm12345_train_part_2/jd/DERM_130589.jpg,jd,23,23,23,True
/mnt/c/Users/0M SAI RAM/Desktop/project/dataset/archive/derm12345_train_part_2/jd/DERM_856773.jpg,jd,23,23,23,True
/mnt/c/Users/0M SAI RAM/Desktop/project/dataset/archive/derm12345_train_part_2/jd/DERM_194592.jpg,jd,23,23,22,False
/mnt/c/Users/0M SAI RAM/Desktop/project/dataset/archive/derm12345_train_part_2/jd/DERM_761195.jpg,jd,23,23,23,True
/mnt/c/Users/0M SAI RAM/Desktop/project/dataset/archive/derm12345_train_part_2/jd/DERM_536541.jpg,jd,23,23,22,False
/mnt/c/Users/0M SAI RAM/Desktop/project/dataset/archive/derm12345_train_part_2/jd/DERM_662324.jpg,jd,23,23,23,True
/mnt/c/Users/0M SAI RAM/Desktop/project/dataset/archive/derm12345_train_part_2/jd/DERM_504806.jpg,jd,23,23,14,False
/mnt/c/Users/0M SAI RAM/Desktop/project/dataset/archive/derm12345_train_part_2/jd/DERM_714432.jpg,jd,23,23,23,True
/mnt/c/Users/0M SAI RAM/Desktop/project/dataset/archive/derm12345_train_part_2/jd/DERM_176927.jpg,jd,23,23,14,False
/mnt/c/Users/0M SAI RAM/Desktop/project/dataset/archive/derm12345_train_part_2/jd/DERM_270837.jpg,jd,23,23,23,True
/mnt/c/Users/0M SAI RAM/Desktop/project/dataset/archive/derm12345_train_part_2/jd/DERM_795020.jpg,jd,23,23,23,True
/mnt/c/Users/0M SAI RAM/Desktop/project/dataset/archive/derm12345_train_part_2/jd/DERM_265292.jpg,jd,23,23,23,True
/mnt/c/Users/0M SAI RAM/Desktop/project/dataset/archive/derm12345_train_part_2/jd/DERM_708625.jpg,jd,23,23,14,False
/mnt/c/Users/0M SAI RAM/Desktop/project/dataset/archive/derm12345_train_part_2/jd/DERM_159729.jpg,jd,23,23,22,False
/mnt/c/Users/0M SAI RAM/Desktop/project/dataset/archive/derm12345_train_part_2/jd/DERM_345789.jpg,jd,23,23,30,False
/mnt/c/Users/0M SAI RAM/Desktop/project/dataset/archive/derm12345_train_part_2/jd/DERM_570690.jpg,jd,23,23,23,True
/mnt/c/Users/0M SAI RAM/Desktop/project/dataset/archive/derm12345_train_part_2/jd/DERM_916817.jpg,jd,23,23,22,False
/mnt/c/Users/0M SAI RAM/Desktop/project/dataset/archive/derm12345_train_part_2/jd/DERM_547554.jpg,jd,23,23,14,False
/mnt/c/Users/0M SAI RAM/Desktop/project/dataset/archive/derm12345_train_part_2/jd/DERM_170671.jpg,jd,23,23,14,False
/mnt/c/Users/0M SAI RAM/Desktop/project/dataset/archive/derm12345_train_part_2/jd/DERM_393907.jpg,jd,23,23,14,False
/mnt/c/Users/0M SAI RAM/Desktop/project/dataset/archive/derm12345_train_part_2/jd/DERM_280809.jpg,jd,23,23,10,False
/mnt/c/Users/0M SAI RAM/Desktop/project/dataset/archive/derm12345_train_part_2/jd/DERM_482329.jpg,jd,23,23,14,False
/mnt/c/Users/0M SAI RAM/Desktop/project/dataset/archive/derm12345_train_part_2/jd/DERM_525326.jpg,jd,23,23,23,True
/mnt/c/Users/0M SAI RAM/Desktop/project/dataset/archive/derm12345_train_part_2/jd/DERM_935469.jpg,jd,23,23,23,True
/mnt/c/Users/0M SAI RAM/Desktop/project/dataset/archive/derm12345_train_part_2/jd/DERM_641006.jpg,jd,23,23,22,False
/mnt/c/Users/0M SAI RAM/Desktop/project/dataset/archive/derm12345_train_part_2/jd/DERM_746422.jpg,jd,23,23,18,False
/mnt/c/Users/0M SAI RAM/Desktop/project/dataset/archive/derm12345_train_part_2/jd/DERM_839276.jpg,jd,23,23,23,True
/mnt/c/Users/0M SAI RAM/Desktop/project/dataset/archive/derm12345_train_part_2/jd/DERM_876256.jpg,jd,23,23,23,True
/mnt/c/Users/0M SAI RAM/Desktop/project/dataset/archive/derm12345_train_part_2/jd/DERM_646497.jpg,jd,23,23,23,True
/mnt/c/Users/0M SAI RAM/Desktop/project/dataset/archive/derm12345_train_part_2/jd/DERM_593442.jpg,jd,23,23,3,False
/mnt/c/Users/0M SAI RAM/Desktop/project/dataset/archive/derm12345_train_part_2/jd/DERM_467795.jpg,jd,23,23,37,False
/mnt/c/Users/0M SAI RAM/Desktop/project/dataset/archive/derm12345_train_part_2/jd/DERM_520884.jpg,jd,23,23,20,False
/mnt/c/Users/0M SAI RAM/Desktop/project/dataset/archive/derm12345_train_part_2/jd/DERM_186415.jpg,jd,23,23,23,True
/mnt/c/Users/0M SAI RAM/Desktop/project/dataset/archive/derm12345_train_part_2/jd/DERM_908193.jpg,jd,23,23,11,False
/mnt/c/Users/0M SAI RAM/Desktop/project/dataset/archive/derm12345_train_part_2/jd/DERM_936652.jpg,jd,23,23,23,True
/mnt/c/Users/0M SAI RAM/Desktop/project/dataset/archive/derm12345_train_part_2/jd/DERM_972169.jpg,jd,23,23,11,False
/mnt/c/Users/0M SAI RAM/Desktop/project/dataset/archive/derm12345_train_part_2/jd/DERM_381182.jpg,jd,23,23,22,False
/mnt/c/Users/0M SAI RAM/Desktop/project/dataset/archive/derm12345_train_part_2/jd/DERM_165852.jpg,jd,23,23,22,False
/mnt/c/Users/0M SAI RAM/Desktop/project/dataset/archive/derm12345_train_part_2/jd/DERM_454476.jpg,jd,23,23,23,True
/mnt/c/Users/0M SAI RAM/Desktop/project/dataset/archive/derm12345_train_part_2/jd/DERM_367122.jpg,jd,23,23,37,False
/mnt/c/Users/0M SAI RAM/Desktop/project/dataset/archive/derm12345_train_part_2/jd/DERM_615509.jpg,jd,23,23,23,True
/mnt/c/Users/0M SAI RAM/Desktop/project/dataset/archive/derm12345_train_part_2/jd/DERM_614479.jpg,jd,23,23,23,True
/mnt/c/Users/0M SAI RAM/Desktop/project/dataset/archive/derm12345_train_part_2/jd/DERM_616740.jpg,jd,23,23,22,False
/mnt/c/Users/0M SAI RAM/Desktop/project/dataset/archive/derm12345_train_part_2/jd/DERM_630381.jpg,jd,23,23,23,True
/mnt/c/Users/0M SAI RAM/Desktop/project/dataset/archive/derm12345_train_part_2/jd/DERM_956613.jpg,jd,23,23,37,False
/mnt/c/Users/0M SAI RAM/Desktop/project/dataset/archive/derm12345_train_part_2/jd/DERM_403688.jpg,jd,23,23,22,False
/mnt/c/Users/0M SAI RAM/Desktop/project/dataset/archive/derm12345_train_part_2/jd/DERM_737646.jpg,jd,23,23,23,True
/mnt/c/Users/0M SAI RAM/Desktop/project/dataset/archive/derm12345_train_part_2/jd/DERM_839771.jpg,jd,23,23,22,False
/mnt/c/Users/0M SAI RAM/Desktop/project/dataset/archive/derm12345_train_part_2/jd/DERM_437608.jpg,jd,23,23,23,True
/mnt/c/Users/0M SAI RAM/Desktop/project/dataset/archive/derm12345_train_part_2/jd/DERM_594042.jpg,jd,23,23,23,True
/mnt/c/Users/0M SAI RAM/Desktop/project/dataset/archive/derm12345_train_part_2/jd/DERM_130764.jpg,jd,23,23,11,False
/mnt/c/Users/0M SAI RAM/Desktop/project/dataset/archive/derm12345_train_part_2/jd/DERM_460152.jpg,jd,23,23,23,True
/mnt/c/Users/0M SAI RAM/Desktop/project/dataset/archive/derm12345_train_part_2/jd/DERM_464179.jpg,jd,23,23,23,True
/mnt/c/Users/0M SAI RAM/Desktop/project/dataset/archive/derm12345_train_part_2/jd/DERM_908417.jpg,jd,23,23,23,True
/mnt/c/Users/0M SAI RAM/Desktop/project/dataset/archive/derm12345_train_part_2/jd/DERM_823984.jpg,jd,23,23,14,False
/mnt/c/Users/0M SAI RAM/Desktop/project/dataset/archive/derm12345_train_part_2/jd/DERM_295408.jpg,jd,23,23,23,True
/mnt/c/Users/0M SAI RAM/Desktop/project/dataset/archive/derm12345_train_part_2/jd/DERM_223587.jpg,jd,23,23,3,False
/mnt/c/Users/0M SAI RAM/Desktop/project/dataset/archive/derm12345_train_part_2/jd/DERM_657437.jpg,jd,23,23,22,False
/mnt/c/Users/0M SAI RAM/Desktop/project/dataset/archive/derm12345_train_part_2/jd/DERM_801419.jpg,jd,23,23,23,True
/mnt/c/Users/0M SAI RAM/Desktop/project/dataset/archive/derm12345_train_part_2/jd/DERM_359494.jpg,jd,23,23,23,True
/mnt/c/Users/0M SAI RAM/Desktop/project/dataset/archive/derm12345_train_part_2/jd/DERM_651769.jpg,jd,23,23,23,True
/mnt/c/Users/0M SAI RAM/Desktop/project/dataset/archive/derm12345_train_part_2/jd/DERM_694573.jpg,jd,23,23,14,False
/mnt/c/Users/0M SAI RAM/Desktop/project/dataset/archive/derm12345_train_part_2/jd/DERM_721523.jpg,jd,23,23,22,False
/mnt/c/Users/0M SAI RAM/Desktop/project/dataset/archive/derm12345_train_part_2/jd/DERM_989171.jpg,jd,23,23,23,True
/mnt/c/Users/0M SAI RAM/Desktop/project/dataset/archive/derm12345_train_part_2/jd/DERM_159273.jpg,jd,23,23,23,True
/mnt/c/Users/0M SAI RAM/Desktop/project/dataset/archive/derm12345_train_part_2/jd/DERM_370686.jpg,jd,23,23,29,False
/mnt/c/Users/0M SAI RAM/Desktop/project/dataset/archive/derm12345_train_part_2/jd/DERM_651127.jpg,jd,23,23,23,True
/mnt/c/Users/0M SAI RAM/Desktop/project/dataset/archive/derm12345_train_part_2/jd/DERM_833468.jpg,jd,23,23,23,True
/mnt/c/Users/0M SAI RAM/Desktop/project/dataset/archive/derm12345_train_part_2/jd/DERM_983347.jpg,jd,23,23,23,True
/mnt/c/Users/0M SAI RAM/Desktop/project/dataset/archive/derm12345_train_part_2/jd/DERM_799799.jpg,jd,23,23,23,True
/mnt/c/Users/0M SAI RAM/Desktop/project/dataset/archive/derm12345_train_part_2/jd/DERM_802038.jpg,jd,23,23,14,False
/mnt/c/Users/0M SAI RAM/Desktop/project/dataset/archive/derm12345_train_part_2/jd/DERM_941535.jpg,jd,23,23,23,True
/mnt/c/Users/0M SAI RAM/Desktop/project/dataset/archive/derm12345_train_part_2/jd/DERM_144079.jpg,jd,23,23,23,True
/mnt/c/Users/0M SAI RAM/Desktop/project/dataset/archive/derm12345_train_part_2/jd/DERM_926035.jpg,jd,23,23,23,True
/mnt/c/Users/0M SAI RAM/Desktop/project/dataset/archive/derm12345_train_part_2/jd/DERM_303197.jpg,jd,23,23,23,True
/mnt/c/Users/0M SAI RAM/Desktop/project/dataset/archive/derm12345_train_part_2/jd/DERM_524786.jpg,jd,23,23,23,True
/mnt/c/Users/0M SAI RAM/Desktop/project/dataset/archive/derm12345_train_part_2/jd/DERM_392347.jpg,jd,23,23,23,True
/mnt/c/Users/0M SAI RAM/Desktop/project/dataset/archive/derm12345_train_part_2/jd/DERM_462452.jpg,jd,23,23,23,True
/mnt/c/Users/0M SAI RAM/Desktop/project/dataset/archive/derm12345_train_part_2/jd/DERM_544537.jpg,jd,23,23,11,False
/mnt/c/Users/0M SAI RAM/Desktop/project/dataset/archive/derm12345_train_part_2/jd/DERM_660929.jpg,jd,23,23,23,True
/mnt/c/Users/0M SAI RAM/Desktop/project/dataset/archive/derm12345_train_part_2/jd/DERM_847979.jpg,jd,23,23,14,False
/mnt/c/Users/0M SAI RAM/Desktop/project/dataset/archive/derm12345_train_part_2/jd/DERM_502376.jpg,jd,23,23,23,True
/mnt/c/Users/0M SAI RAM/Desktop/project/dataset/archive/derm12345_train_part_2/jd/DERM_667850.jpg,jd,23,23,23,True
/mnt/c/Users/0M SAI RAM/Desktop/project/dataset/archive/derm12345_train_part_2/jd/DERM_102421.jpg,jd,23,23,29,False
/mnt/c/Users/0M SAI RAM/Desktop/project/dataset/archive/derm12345_train_part_2/jd/DERM_961118.jpg,jd,23,23,23,True
/mnt/c/Users/0M SAI RAM/Desktop/project/dataset/archive/derm12345_train_part_2/jd/DERM_502246.jpg,jd,23,23,23,True
/mnt/c/Users/0M SAI RAM/Desktop/project/dataset/archive/derm12345_train_part_2/jd/DERM_910250.jpg,jd,23,23,22,False
/mnt/c/Users/0M SAI RAM/Desktop/project/dataset/archive/derm12345_train_part_2/jd/DERM_593254.jpg,jd,23,23,22,False
/mnt/c/Users/0M SAI RAM/Desktop/project/dataset/archive/derm12345_train_part_2/jd/DERM_635887.jpg,jd,23,23,23,True
/mnt/c/Users/0M SAI RAM/Desktop/project/dataset/archive/derm12345_train_part_2/jd/DERM_130369.jpg,jd,23,23,23,True
/mnt/c/Users/0M SAI RAM/Desktop/project/dataset/archive/derm12345_train_part_2/jd/DERM_508851.jpg,jd,23,23,23,True
/mnt/c/Users/0M SAI RAM/Desktop/project/dataset/archive/derm12345_train_part_2/jd/DERM_643226.jpg,jd,23,23,23,True
/mnt/c/Users/0M SAI RAM/Desktop/project/dataset/archive/derm12345_train_part_2/jd/DERM_968754.jpg,jd,23,23,23,True
/mnt/c/Users/0M SAI RAM/Desktop/project/dataset/archive/derm12345_train_part_2/jd/DERM_294928.jpg,jd,23,23,31,False
/mnt/c/Users/0M SAI RAM/Desktop/project/dataset/archive/derm12345_train_part_2/jd/DERM_708698.jpg,jd,23,23,23,True
/mnt/c/Users/0M SAI RAM/Desktop/project/dataset/archive/derm12345_train_part_2/jd/DERM_177791.jpg,jd,23,23,23,True
/mnt/c/Users/0M SAI RAM/Desktop/project/dataset/archive/derm12345_train_part_2/jd/DERM_373056.jpg,jd,23,23,23,True
/mnt/c/Users/0M SAI RAM/Desktop/project/dataset/archive/derm12345_train_part_2/jd/DERM_291389.jpg,jd,23,23,22,False
/mnt/c/Users/0M SAI RAM/Desktop/project/dataset/archive/derm12345_train_part_2/jd/DERM_687029.jpg,jd,23,23,11,False
/mnt/c/Users/0M SAI RAM/Desktop/project/dataset/archive/derm12345_train_part_2/jd/DERM_413414.jpg,jd,23,23,22,False
/mnt/c/Users/0M SAI RAM/Desktop/project/dataset/archive/derm12345_train_part_2/jd/DERM_465037.jpg,jd,23,23,23,True
/mnt/c/Users/0M SAI RAM/Desktop/project/dataset/archive/derm12345_train_part_2/jd/DERM_938915.jpg,jd,23,23,23,True
/mnt/c/Users/0M SAI RAM/Desktop/project/dataset/archive/derm12345_train_part_2/jd/DERM_267315.jpg,jd,23,23,22,False
/mnt/c/Users/0M SAI RAM/Desktop/project/dataset/archive/derm12345_train_part_2/jd/DERM_475708.jpg,jd,23,23,23,True
/mnt/c/Users/0M SAI RAM/Desktop/project/dataset/archive/derm12345_train_part_2/jd/DERM_131574.jpg,jd,23,23,23,True
/mnt/c/Users/0M SAI RAM/Desktop/project/dataset/archive/derm12345_train_part_2/jd/DERM_313194.jpg,jd,23,23,23,True
/mnt/c/Users/0M SAI RAM/Desktop/project/dataset/archive/derm12345_train_part_2/jd/DERM_917561.jpg,jd,23,23,37,False
/mnt/c/Users/0M SAI RAM/Desktop/project/dataset/archive/derm12345_train_part_2/jd/DERM_444392.jpg,jd,23,23,23,True
/mnt/c/Users/0M SAI RAM/Desktop/project/dataset/archive/derm12345_train_part_2/jd/DERM_801515.jpg,jd,23,23,23,True
/mnt/c/Users/0M SAI RAM/Desktop/project/dataset/archive/derm12345_train_part_2/jd/DERM_971268.jpg,jd,23,23,22,False
/mnt/c/Users/0M SAI RAM/Desktop/project/dataset/archive/derm12345_train_part_2/jd/DERM_410984.jpg,jd,23,23,22,False
/mnt/c/Users/0M SAI RAM/Desktop/project/dataset/archive/derm12345_train_part_2/jd/DERM_612083.jpg,jd,23,23,14,False
/mnt/c/Users/0M SAI RAM/Desktop/project/dataset/archive/derm12345_train_part_2/jd/DERM_712566.jpg,jd,23,23,23,True
/mnt/c/Users/0M SAI RAM/Desktop/project/dataset/archive/derm12345_train_part_2/jd/DERM_913594.jpg,jd,23,23,14,False
/mnt/c/Users/0M SAI RAM/Desktop/project/dataset/archive/derm12345_train_part_2/jd/DERM_778605.jpg,jd,23,23,14,False
/mnt/c/Users/0M SAI RAM/Desktop/project/dataset/archive/derm12345_train_part_2/jd/DERM_201815.jpg,jd,23,23,23,True
/mnt/c/Users/0M SAI RAM/Desktop/project/dataset/archive/derm12345_train_part_2/jd/DERM_734798.jpg,jd,23,23,22,False
/mnt/c/Users/0M SAI RAM/Desktop/project/dataset/archive/derm12345_train_part_2/jd/DERM_702895.jpg,jd,23,23,14,False
/mnt/c/Users/0M SAI RAM/Desktop/project/dataset/archive/derm12345_train_part_2/jd/DERM_660781.jpg,jd,23,23,23,True
/mnt/c/Users/0M SAI RAM/Desktop/project/dataset/archive/derm12345_train_part_2/jd/DERM_871068.jpg,jd,23,23,11,False
/mnt/c/Users/0M SAI RAM/Desktop/project/dataset/archive/derm12345_train_part_2/jd/DERM_177690.jpg,jd,23,23,23,True
/mnt/c/Users/0M SAI RAM/Desktop/project/dataset/archive/derm12345_train_part_2/jd/DERM_176012.jpg,jd,23,23,23,True
/mnt/c/Users/0M SAI RAM/Desktop/project/dataset/archive/derm12345_train_part_2/jd/DERM_742895.jpg,jd,23,23,23,True
/mnt/c/Users/0M SAI RAM/Desktop/project/dataset/archive/derm12345_train_part_2/jd/DERM_171043.jpg,jd,23,23,23,True
/mnt/c/Users/0M SAI RAM/Desktop/project/dataset/archive/derm12345_train_part_2/jd/DERM_853351.jpg,jd,23,23,11,False
/mnt/c/Users/0M SAI RAM/Desktop/project/dataset/archive/derm12345_train_part_2/jd/DERM_256498.jpg,jd,23,23,23,True
/mnt/c/Users/0M SAI RAM/Desktop/project/dataset/archive/derm12345_train_part_2/jd/DERM_289044.jpg,jd,23,23,22,False
/mnt/c/Users/0M SAI RAM/Desktop/project/dataset/archive/derm12345_train_part_2/jd/DERM_727813.jpg,jd,23,23,23,True
/mnt/c/Users/0M SAI RAM/Desktop/project/dataset/archive/derm12345_train_part_2/jd/DERM_502828.jpg,jd,23,23,22,False
/mnt/c/Users/0M SAI RAM/Desktop/project/dataset/archive/derm12345_train_part_2/jd/DERM_455486.jpg,jd,23,23,22,False
/mnt/c/Users/0M SAI RAM/Desktop/project/dataset/archive/derm12345_train_part_2/jd/DERM_420945.jpg,jd,23,23,23,True
/mnt/c/Users/0M SAI RAM/Desktop/project/dataset/archive/derm12345_train_part_2/jd/DERM_165499.jpg,jd,23,23,23,True
/mnt/c/Users/0M SAI RAM/Desktop/project/dataset/archive/derm12345_train_part_2/jd/DERM_275717.jpg,jd,23,23,23,True
/mnt/c/Users/0M SAI RAM/Desktop/project/dataset/archive/derm12345_train_part_2/jd/DERM_371116.jpg,jd,23,23,23,True
/mnt/c/Users/0M SAI RAM/Desktop/project/dataset/archive/derm12345_train_part_2/jd/DERM_686616.jpg,jd,23,23,23,True
/mnt/c/Users/0M SAI RAM/Desktop/project/dataset/archive/derm12345_train_part_2/jd/DERM_609141.jpg,jd,23,23,11,False
/mnt/c/Users/0M SAI RAM/Desktop/project/dataset/archive/derm12345_train_part_2/jd/DERM_495355.jpg,jd,23,23,22,False
/mnt/c/Users/0M SAI RAM/Desktop/project/dataset/archive/derm12345_train_part_2/jd/DERM_752960.jpg,jd,23,23,22,False
/mnt/c/Users/0M SAI RAM/Desktop/project/dataset/archive/derm12345_train_part_2/jd/DERM_381447.jpg,jd,23,23,22,False
/mnt/c/Users/0M SAI RAM/Desktop/project/dataset/archive/derm12345_train_part_2/jd/DERM_449961.jpg,jd,23,23,22,False
/mnt/c/Users/0M SAI RAM/Desktop/project/dataset/archive/derm12345_train_part_2/jd/DERM_572509.jpg,jd,23,23,23,True
/mnt/c/Users/0M SAI RAM/Desktop/project/dataset/archive/derm12345_train_part_2/jd/DERM_657691.jpg,jd,23,23,22,False
/mnt/c/Users/0M SAI RAM/Desktop/project/dataset/archive/derm12345_train_part_2/jd/DERM_702315.jpg,jd,23,23,23,True
/mnt/c/Users/0M SAI RAM/Desktop/project/dataset/archive/derm12345_train_part_2/jd/DERM_727854.jpg,jd,23,23,23,True
/mnt/c/Users/0M SAI RAM/Desktop/project/dataset/archive/derm12345_train_part_2/jd/DERM_768769.jpg,jd,23,23,23,True
/mnt/c/Users/0M SAI RAM/Desktop/project/dataset/archive/derm12345_train_part_2/jd/DERM_322711.jpg,jd,23,23,22,False
/mnt/c/Users/0M SAI RAM/Desktop/project/dataset/archive/derm12345_train_part_2/jd/DERM_934080.jpg,jd,23,23,23,True
/mnt/c/Users/0M SAI RAM/Desktop/project/dataset/archive/derm12345_train_part_2/jd/DERM_590186.jpg,jd,23,23,3,False
/mnt/c/Users/0M SAI RAM/Desktop/project/dataset/archive/derm12345_train_part_2/jd/DERM_839399.jpg,jd,23,23,23,True
/mnt/c/Users/0M SAI RAM/Desktop/project/dataset/archive/derm12345_train_part_2/jd/DERM_124560.jpg,jd,23,23,22,False
/mnt/c/Users/0M SAI RAM/Desktop/project/dataset/archive/derm12345_train_part_2/jd/DERM_175595.jpg,jd,23,23,23,True
/mnt/c/Users/0M SAI RAM/Desktop/project/dataset/archive/derm12345_train_part_2/jd/DERM_243462.jpg,jd,23,23,23,True
/mnt/c/Users/0M SAI RAM/Desktop/project/dataset/archive/derm12345_train_part_2/jd/DERM_521266.jpg,jd,23,23,23,True
/mnt/c/Users/0M SAI RAM/Desktop/project/dataset/archive/derm12345_train_part_2/jd/DERM_613519.jpg,jd,23,23,22,False
/mnt/c/Users/0M SAI RAM/Desktop/project/dataset/archive/derm12345_train_part_2/jd/DERM_617664.jpg,jd,23,23,23,True
/mnt/c/Users/0M SAI RAM/Desktop/project/dataset/archive/derm12345_train_part_2/jd/DERM_954692.jpg,jd,23,23,22,False
/mnt/c/Users/0M SAI RAM/Desktop/project/dataset/archive/derm12345_train_part_2/jd/DERM_240566.jpg,jd,23,23,23,True
/mnt/c/Users/0M SAI RAM/Desktop/project/dataset/archive/derm12345_train_part_2/jd/DERM_350456.jpg,jd,23,23,23,True
/mnt/c/Users/0M SAI RAM/Desktop/project/dataset/archive/derm12345_train_part_2/jd/DERM_459240.jpg,jd,23,23,23,True
/mnt/c/Users/0M SAI RAM/Desktop/project/dataset/archive/derm12345_train_part_2/jd/DERM_509578.jpg,jd,23,23,23,True
/mnt/c/Users/0M SAI RAM/Desktop/project/dataset/archive/derm12345_train_part_2/jd/DERM_641382.jpg,jd,23,23,23,True
/mnt/c/Users/0M SAI RAM/Desktop/project/dataset/archive/derm12345_train_part_2/jd/DERM_399795.jpg,jd,23,23,23,True
/mnt/c/Users/0M SAI RAM/Desktop/project/dataset/archive/derm12345_train_part_2/jd/DERM_136807.jpg,jd,23,23,22,False
/mnt/c/Users/0M SAI RAM/Desktop/project/dataset/archive/derm12345_train_part_2/jd/DERM_982628.jpg,jd,23,23,23,True
/mnt/c/Users/0M SAI RAM/Desktop/project/dataset/archive/derm12345_train_part_2/jd/DERM_238043.jpg,jd,23,23,11,False
/mnt/c/Users/0M SAI RAM/Desktop/project/dataset/archive/derm12345_train_part_2/jd/DERM_951413.jpg,jd,23,23,11,False
/mnt/c/Users/0M SAI RAM/Desktop/project/dataset/archive/derm12345_train_part_2/jd/DERM_200044.jpg,jd,23,23,23,True
/mnt/c/Users/0M SAI RAM/Desktop/project/dataset/archive/derm12345_train_part_2/jd/DERM_470354.jpg,jd,23,23,11,False
/mnt/c/Users/0M SAI RAM/Desktop/project/dataset/archive/derm12345_train_part_2/jd/DERM_126038.jpg,jd,23,23,23,True
/mnt/c/Users/0M SAI RAM/Desktop/project/dataset/archive/derm12345_train_part_2/jd/DERM_925811.jpg,jd,23,23,30,False
/mnt/c/Users/0M SAI RAM/Desktop/project/dataset/archive/derm12345_train_part_2/jd/DERM_894945.jpg,jd,23,23,23,True
/mnt/c/Users/0M SAI RAM/Desktop/project/dataset/archive/derm12345_train_part_2/jd/DERM_942428.jpg,jd,23,23,3,False
/mnt/c/Users/0M SAI RAM/Desktop/project/dataset/archive/derm12345_train_part_2/jd/DERM_888538.jpg,jd,23,23,14,False
/mnt/c/Users/0M SAI RAM/Desktop/project/dataset/archive/derm12345_train_part_2/jd/DERM_773435.jpg,jd,23,23,22,False
/mnt/c/Users/0M SAI RAM/Desktop/project/dataset/archive/derm12345_train_part_2/jd/DERM_335007.jpg,jd,23,23,23,True
/mnt/c/Users/0M SAI RAM/Desktop/project/dataset/archive/derm12345_train_part_2/jd/DERM_477404.jpg,jd,23,23,30,False
/mnt/c/Users/0M SAI RAM/Desktop/project/dataset/archive/derm12345_train_part_2/jd/DERM_259933.jpg,jd,23,23,22,False
/mnt/c/Users/0M SAI RAM/Desktop/project/dataset/archive/derm12345_train_part_2/jd/DERM_768387.jpg,jd,23,23,23,True
/mnt/c/Users/0M SAI RAM/Desktop/project/dataset/archive/derm12345_train_part_2/jd/DERM_986539.jpg,jd,23,23,22,False
/mnt/c/Users/0M SAI RAM/Desktop/project/dataset/archive/derm12345_train_part_2/jd/DERM_959003.jpg,jd,23,23,22,False
/mnt/c/Users/0M SAI RAM/Desktop/project/dataset/archive/derm12345_train_part_2/jd/DERM_884389.jpg,jd,23,23,14,False
/mnt/c/Users/0M SAI RAM/Desktop/project/dataset/archive/derm12345_train_part_2/jd/DERM_943175.jpg,jd,23,23,22,False
/mnt/c/Users/0M SAI RAM/Desktop/project/dataset/archive/derm12345_train_part_2/jd/DERM_724115.jpg,jd,23,23,11,False
/mnt/c/Users/0M SAI RAM/Desktop/project/dataset/archive/derm12345_train_part_2/jd/DERM_848044.jpg,jd,23,23,23,True
/mnt/c/Users/0M SAI RAM/Desktop/project/dataset/archive/derm12345_train_part_2/jd/DERM_117514.jpg,jd,23,23,23,True
/mnt/c/Users/0M SAI RAM/Desktop/project/dataset/archive/derm12345_train_part_2/jd/DERM_621722.jpg,jd,23,23,23,True
/mnt/c/Users/0M SAI RAM/Desktop/project/dataset/archive/derm12345_train_part_2/jd/DERM_752963.jpg,jd,23,23,23,True
/mnt/c/Users/0M SAI RAM/Desktop/project/dataset/archive/derm12345_train_part_2/jd/DERM_538205.jpg,jd,23,23,23,True
/mnt/c/Users/0M SAI RAM/Desktop/project/dataset/archive/derm12345_train_part_2/jd/DERM_372440.jpg,jd,23,23,23,True
/mnt/c/Users/0M SAI RAM/Desktop/project/dataset/archive/derm12345_train_part_2/jd/DERM_970569.jpg,jd,23,23,23,True
/mnt/c/Users/0M SAI RAM/Desktop/project/dataset/archive/derm12345_train_part_2/jd/DERM_426988.jpg,jd,23,23,14,False
/mnt/c/Users/0M SAI RAM/Desktop/project/dataset/archive/derm12345_train_part_2/jd/DERM_678572.jpg,jd,23,23,23,True
/mnt/c/Users/0M SAI RAM/Desktop/project/dataset/archive/derm12345_train_part_2/jd/DERM_375854.jpg,jd,23,23,22,False
/mnt/c/Users/0M SAI RAM/Desktop/project/dataset/archive/derm12345_train_part_2/jd/DERM_364351.jpg,jd,23,23,23,True
/mnt/c/Users/0M SAI RAM/Desktop/project/dataset/archive/derm12345_train_part_2/jd/DERM_506191.jpg,jd,23,23,23,True
/mnt/c/Users/0M SAI RAM/Desktop/project/dataset/archive/derm12345_train_part_2/jd/DERM_671740.jpg,jd,23,23,22,False
/mnt/c/Users/0M SAI RAM/Desktop/project/dataset/archive/derm12345_train_part_2/jd/DERM_276165.jpg,jd,23,23,23,True
/mnt/c/Users/0M SAI RAM/Desktop/project/dataset/archive/derm12345_train_part_2/jd/DERM_981404.jpg,jd,23,23,23,True
/mnt/c/Users/0M SAI RAM/Desktop/project/dataset/archive/derm12345_train_part_2/jd/DERM_318837.jpg,jd,23,23,11,False
/mnt/c/Users/0M SAI RAM/Desktop/project/dataset/archive/derm12345_train_part_2/jd/DERM_504663.jpg,jd,23,23,11,False
/mnt/c/Users/0M SAI RAM/Desktop/project/dataset/archive/derm12345_train_part_2/jd/DERM_926932.jpg,jd,23,23,23,True
/mnt/c/Users/0M SAI RAM/Desktop/project/dataset/archive/derm12345_train_part_2/jd/DERM_992035.jpg,jd,23,23,23,True
/mnt/c/Users/0M SAI RAM/Desktop/project/dataset/archive/derm12345_train_part_2/jd/DERM_607093.jpg,jd,23,23,23,True
/mnt/c/Users/0M SAI RAM/Desktop/project/dataset/archive/derm12345_train_part_2/jd/DERM_774218.jpg,jd,23,23,23,True
/mnt/c/Users/0M SAI RAM/Desktop/project/dataset/archive/derm12345_train_part_2/jd/DERM_257589.jpg,jd,23,23,3,False
/mnt/c/Users/0M SAI RAM/Desktop/project/dataset/archive/derm12345_train_part_2/jd/DERM_782306.jpg,jd,23,23,23,True
/mnt/c/Users/0M SAI RAM/Desktop/project/dataset/archive/derm12345_train_part_2/jd/DERM_869253.jpg,jd,23,23,14,False
/mnt/c/Users/0M SAI RAM/Desktop/project/dataset/archive/derm12345_train_part_2/jd/DERM_883239.jpg,jd,23,23,23,True
/mnt/c/Users/0M SAI RAM/Desktop/project/dataset/archive/derm12345_train_part_2/jd/DERM_953232.jpg,jd,23,23,23,True
/mnt/c/Users/0M SAI RAM/Desktop/project/dataset/archive/derm12345_train_part_2/jd/DERM_315233.jpg,jd,23,23,14,False
/mnt/c/Users/0M SAI RAM/Desktop/project/dataset/archive/derm12345_train_part_2/jd/DERM_471313.jpg,jd,23,23,23,True
/mnt/c/Users/0M SAI RAM/Desktop/project/dataset/archive/derm12345_train_part_2/jd/DERM_508872.jpg,jd,23,23,23,True
/mnt/c/Users/0M SAI RAM/Desktop/project/dataset/archive/derm12345_train_part_2/jd/DERM_665862.jpg,jd,23,23,23,True
/mnt/c/Users/0M SAI RAM/Desktop/project/dataset/archive/derm12345_train_part_2/jd/DERM_486710.jpg,jd,23,23,23,True
/mnt/c/Users/0M SAI RAM/Desktop/project/dataset/archive/derm12345_train_part_2/jd/DERM_250654.jpg,jd,23,23,22,False
/mnt/c/Users/0M SAI RAM/Desktop/project/dataset/archive/derm12345_train_part_2/jd/DERM_751741.jpg,jd,23,23,14,False
/mnt/c/Users/0M SAI RAM/Desktop/project/dataset/archive/derm12345_train_part_2/jd/DERM_839660.jpg,jd,23,23,23,True
/mnt/c/Users/0M SAI RAM/Desktop/project/dataset/archive/derm12345_train_part_2/jd/DERM_959136.jpg,jd,23,23,23,True
/mnt/c/Users/0M SAI RAM/Desktop/project/dataset/archive/derm12345_train_part_2/jd/DERM_866814.jpg,jd,23,23,11,False
/mnt/c/Users/0M SAI RAM/Desktop/project/dataset/archive/derm12345_train_part_2/jd/DERM_990435.jpg,jd,23,23,23,True
/mnt/c/Users/0M SAI RAM/Desktop/project/dataset/archive/derm12345_train_part_2/jd/DERM_879219.jpg,jd,23,23,20,False
/mnt/c/Users/0M SAI RAM/Desktop/project/dataset/archive/derm12345_train_part_2/jd/DERM_106341.jpg,jd,23,23,23,True
/mnt/c/Users/0M SAI RAM/Desktop/project/dataset/archive/derm12345_train_part_2/jd/DERM_255667.jpg,jd,23,23,23,True
/mnt/c/Users/0M SAI RAM/Desktop/project/dataset/archive/derm12345_train_part_2/jd/DERM_381737.jpg,jd,23,23,23,True
/mnt/c/Users/0M SAI RAM/Desktop/project/dataset/archive/derm12345_train_part_2/jd/DERM_101227.jpg,jd,23,23,22,False
/mnt/c/Users/0M SAI RAM/Desktop/project/dataset/archive/derm12345_train_part_2/jd/DERM_272268.jpg,jd,23,23,17,False
/mnt/c/Users/0M SAI RAM/Desktop/project/dataset/archive/derm12345_train_part_2/jd/DERM_482288.jpg,jd,23,23,23,True
/mnt/c/Users/0M SAI RAM/Desktop/project/dataset/archive/derm12345_train_part_2/jd/DERM_491829.jpg,jd,23,23,3,False
/mnt/c/Users/0M SAI RAM/Desktop/project/dataset/archive/derm12345_train_part_2/jd/DERM_560964.jpg,jd,23,23,23,True
/mnt/c/Users/0M SAI RAM/Desktop/project/dataset/archive/derm12345_train_part_2/jd/DERM_728338.jpg,jd,23,23,11,False
/mnt/c/Users/0M SAI RAM/Desktop/project/dataset/archive/derm12345_train_part_2/jd/DERM_907447.jpg,jd,23,23,23,True
/mnt/c/Users/0M SAI RAM/Desktop/project/dataset/archive/derm12345_train_part_2/jd/DERM_127869.jpg,jd,23,23,22,False
/mnt/c/Users/0M SAI RAM/Desktop/project/dataset/archive/derm12345_train_part_2/jd/DERM_180715.jpg,jd,23,23,31,False
/mnt/c/Users/0M SAI RAM/Desktop/project/dataset/archive/derm12345_train_part_2/jd/DERM_655988.jpg,jd,23,23,12,False
/mnt/c/Users/0M SAI RAM/Desktop/project/dataset/archive/derm12345_train_part_2/jd/DERM_109202.jpg,jd,23,23,11,False
/mnt/c/Users/0M SAI RAM/Desktop/project/dataset/archive/derm12345_train_part_2/jd/DERM_310596.jpg,jd,23,23,11,False
/mnt/c/Users/0M SAI RAM/Desktop/project/dataset/archive/derm12345_train_part_2/jd/DERM_198443.jpg,jd,23,23,23,True
/mnt/c/Users/0M SAI RAM/Desktop/project/dataset/archive/derm12345_train_part_2/jd/DERM_580222.jpg,jd,23,23,23,True
/mnt/c/Users/0M SAI RAM/Desktop/project/dataset/archive/derm12345_train_part_2/jd/DERM_918299.jpg,jd,23,23,11,False
/mnt/c/Users/0M SAI RAM/Desktop/project/dataset/archive/derm12345_train_part_2/jd/DERM_452289.jpg,jd,23,23,23,True
/mnt/c/Users/0M SAI RAM/Desktop/project/dataset/archive/derm12345_train_part_2/jd/DERM_833298.jpg,jd,23,23,22,False
/mnt/c/Users/0M SAI RAM/Desktop/project/dataset/archive/derm12345_train_part_2/jd/DERM_477181.jpg,jd,23,23,22,False
/mnt/c/Users/0M SAI RAM/Desktop/project/dataset/archive/derm12345_train_part_2/jd/DERM_361538.jpg,jd,23,23,22,False
/mnt/c/Users/0M SAI RAM/Desktop/project/dataset/archive/derm12345_train_part_2/jd/DERM_137714.jpg,jd,23,23,30,False
/mnt/c/Users/0M SAI RAM/Desktop/project/dataset/archive/derm12345_train_part_2/jd/DERM_944039.jpg,jd,23,23,8,False
/mnt/c/Users/0M SAI RAM/Desktop/project/dataset/archive/derm12345_train_part_2/jd/DERM_587598.jpg,jd,23,23,23,True
/mnt/c/Users/0M SAI RAM/Desktop/project/dataset/archive/derm12345_train_part_2/jd/DERM_290948.jpg,jd,23,23,22,False
/mnt/c/Users/0M SAI RAM/Desktop/project/dataset/archive/derm12345_train_part_2/jd/DERM_958684.jpg,jd,23,23,22,False
/mnt/c/Users/0M SAI RAM/Desktop/project/dataset/archive/derm12345_train_part_2/jd/DERM_320862.jpg,jd,23,23,23,True
/mnt/c/Users/0M SAI RAM/Desktop/project/dataset/archive/derm12345_train_part_2/jd/DERM_218719.jpg,jd,23,23,11,False
/mnt/c/Users/0M SAI RAM/Desktop/project/dataset/archive/derm12345_train_part_2/jd/DERM_550244.jpg,jd,23,23,23,True
/mnt/c/Users/0M SAI RAM/Desktop/project/dataset/archive/derm12345_train_part_2/jd/DERM_603531.jpg,jd,23,23,23,True
/mnt/c/Users/0M SAI RAM/Desktop/project/dataset/archive/derm12345_train_part_2/jd/DERM_744349.jpg,jd,23,23,20,False
/mnt/c/Users/0M SAI RAM/Desktop/project/dataset/archive/derm12345_train_part_2/jd/DERM_711558.jpg,jd,23,23,23,True
/mnt/c/Users/0M SAI RAM/Desktop/project/dataset/archive/derm12345_train_part_2/jd/DERM_383792.jpg,jd,23,23,23,True
/mnt/c/Users/0M SAI RAM/Desktop/project/dataset/archive/derm12345_train_part_2/jd/DERM_469302.jpg,jd,23,23,23,True
/mnt/c/Users/0M SAI RAM/Desktop/project/dataset/archive/derm12345_train_part_2/jd/DERM_615734.jpg,jd,23,23,23,True
/mnt/c/Users/0M SAI RAM/Desktop/project/dataset/archive/derm12345_train_part_2/jd/DERM_369674.jpg,jd,23,23,22,False
/mnt/c/Users/0M SAI RAM/Desktop/project/dataset/archive/derm12345_train_part_2/jd/DERM_899491.jpg,jd,23,23,23,True
/mnt/c/Users/0M SAI RAM/Desktop/project/dataset/archive/derm12345_train_part_2/jd/DERM_121030.jpg,jd,23,23,17,False
/mnt/c/Users/0M SAI RAM/Desktop/project/dataset/archive/derm12345_train_part_2/jd/DERM_560702.jpg,jd,23,23,11,False
/mnt/c/Users/0M SAI RAM/Desktop/project/dataset/archive/derm12345_train_part_2/jd/DERM_133286.jpg,jd,23,23,23,True
/mnt/c/Users/0M SAI RAM/Desktop/project/dataset/archive/derm12345_train_part_2/jd/DERM_850413.jpg,jd,23,23,23,True
/mnt/c/Users/0M SAI RAM/Desktop/project/dataset/archive/derm12345_train_part_2/jd/DERM_192935.jpg,jd,23,23,12,False
/mnt/c/Users/0M SAI RAM/Desktop/project/dataset/archive/derm12345_train_part_2/jd/DERM_294733.jpg,jd,23,23,22,False
/mnt/c/Users/0M SAI RAM/Desktop/project/dataset/archive/derm12345_train_part_2/jd/DERM_624754.jpg,jd,23,23,23,True
/mnt/c/Users/0M SAI RAM/Desktop/project/dataset/archive/derm12345_train_part_2/jd/DERM_791005.jpg,jd,23,23,23,True
/mnt/c/Users/0M SAI RAM/Desktop/project/dataset/archive/derm12345_train_part_2/jd/DERM_879566.jpg,jd,23,23,23,True
/mnt/c/Users/0M SAI RAM/Desktop/project/dataset/archive/derm12345_train_part_2/jd/DERM_217885.jpg,jd,23,23,22,False
/mnt/c/Users/0M SAI RAM/Desktop/project/dataset/archive/derm12345_train_part_2/jd/DERM_701928.jpg,jd,23,23,22,False
/mnt/c/Users/0M SAI RAM/Desktop/project/dataset/archive/derm12345_train_part_2/jd/DERM_963953.jpg,jd,23,23,22,False
/mnt/c/Users/0M SAI RAM/Desktop/project/dataset/archive/derm12345_train_part_2/jd/DERM_867374.jpg,jd,23,23,11,False
/mnt/c/Users/0M SAI RAM/Desktop/project/dataset/archive/derm12345_train_part_2/jd/DERM_886115.jpg,jd,23,23,11,False
/mnt/c/Users/0M SAI RAM/Desktop/project/dataset/archive/derm12345_train_part_2/jd/DERM_263848.jpg,jd,23,23,22,False
/mnt/c/Users/0M SAI RAM/Desktop/project/dataset/archive/derm12345_train_part_2/jd/DERM_611820.jpg,jd,23,23,23,True
/mnt/c/Users/0M SAI RAM/Desktop/project/dataset/archive/derm12345_train_part_2/jd/DERM_993579.jpg,jd,23,23,23,True
/mnt/c/Users/0M SAI RAM/Desktop/project/dataset/archive/derm12345_train_part_2/jd/DERM_650072.jpg,jd,23,23,23,True
/mnt/c/Users/0M SAI RAM/Desktop/project/dataset/archive/derm12345_train_part_2/jd/DERM_272318.jpg,jd,23,23,23,True
/mnt/c/Users/0M SAI RAM/Desktop/project/dataset/archive/derm12345_train_part_2/jd/DERM_951554.jpg,jd,23,23,23,True
/mnt/c/Users/0M SAI RAM/Desktop/project/dataset/archive/derm12345_train_part_2/jd/DERM_884520.jpg,jd,23,23,23,True
/mnt/c/Users/0M SAI RAM/Desktop/project/dataset/archive/derm12345_train_part_2/jd/DERM_433735.jpg,jd,23,23,23,True
/mnt/c/Users/0M SAI RAM/Desktop/project/dataset/archive/derm12345_train_part_2/jd/DERM_562733.jpg,jd,23,23,3,False
/mnt/c/Users/0M SAI RAM/Desktop/project/dataset/archive/derm12345_train_part_2/jd/DERM_683622.jpg,jd,23,23,23,True
/mnt/c/Users/0M SAI RAM/Desktop/project/dataset/archive/derm12345_train_part_2/jd/DERM_888470.jpg,jd,23,23,20,False
/mnt/c/Users/0M SAI RAM/Desktop/project/dataset/archive/derm12345_train_part_2/jd/DERM_196474.jpg,jd,23,23,22,False
/mnt/c/Users/0M SAI RAM/Desktop/project/dataset/archive/derm12345_train_part_2/jd/DERM_673717.jpg,jd,23,23,22,False
/mnt/c/Users/0M SAI RAM/Desktop/project/dataset/archive/derm12345_train_part_2/jd/DERM_183572.jpg,jd,23,23,22,False
/mnt/c/Users/0M SAI RAM/Desktop/project/dataset/archive/derm12345_train_part_2/jd/DERM_541703.jpg,jd,23,23,11,False
/mnt/c/Users/0M SAI RAM/Desktop/project/dataset/archive/derm12345_train_part_2/jd/DERM_674030.jpg,jd,23,23,11,False
/mnt/c/Users/0M SAI RAM/Desktop/project/dataset/archive/derm12345_train_part_2/jd/DERM_799242.jpg,jd,23,23,23,True
/mnt/c/Users/0M SAI RAM/Desktop/project/dataset/archive/derm12345_train_part_2/jd/DERM_201424.jpg,jd,23,23,11,False
/mnt/c/Users/0M SAI RAM/Desktop/project/dataset/archive/derm12345_train_part_2/jd/DERM_973563.jpg,jd,23,23,22,False
/mnt/c/Users/0M SAI RAM/Desktop/project/dataset/archive/derm12345_train_part_2/jd/DERM_283883.jpg,jd,23,23,23,True
/mnt/c/Users/0M SAI RAM/Desktop/project/dataset/archive/derm12345_train_part_2/jd/DERM_640798.jpg,jd,23,23,22,False
/mnt/c/Users/0M SAI RAM/Desktop/project/dataset/archive/derm12345_train_part_2/jd/DERM_422500.jpg,jd,23,23,22,False
/mnt/c/Users/0M SAI RAM/Desktop/project/dataset/archive/derm12345_train_part_2/jd/DERM_196690.jpg,jd,23,23,23,True
/mnt/c/Users/0M SAI RAM/Desktop/project/dataset/archive/derm12345_train_part_2/jd/DERM_381161.jpg,jd,23,23,23,True
/mnt/c/Users/0M SAI RAM/Desktop/project/dataset/archive/derm12345_train_part_2/jd/DERM_606637.jpg,jd,23,23,23,True
/mnt/c/Users/0M SAI RAM/Desktop/project/dataset/archive/derm12345_train_part_2/jd/DERM_189342.jpg,jd,23,23,23,True
/mnt/c/Users/0M SAI RAM/Desktop/project/dataset/archive/derm12345_train_part_2/jd/DERM_404014.jpg,jd,23,23,23,True
/mnt/c/Users/0M SAI RAM/Desktop/project/dataset/archive/derm12345_train_part_2/jd/DERM_968613.jpg,jd,23,23,22,False
/mnt/c/Users/0M SAI RAM/Desktop/project/dataset/archive/derm12345_train_part_2/jd/DERM_432292.jpg,jd,23,23,23,True
/mnt/c/Users/0M SAI RAM/Desktop/project/dataset/archive/derm12345_train_part_2/jd/DERM_808340.jpg,jd,23,23,23,True
/mnt/c/Users/0M SAI RAM/Desktop/project/dataset/archive/derm12345_train_part_2/jd/DERM_770347.jpg,jd,23,23,11,False
/mnt/c/Users/0M SAI RAM/Desktop/project/dataset/archive/derm12345_train_part_2/jd/DERM_531477.jpg,jd,23,23,23,True
/mnt/c/Users/0M SAI RAM/Desktop/project/dataset/archive/derm12345_train_part_2/jd/DERM_512800.jpg,jd,23,23,23,True
/mnt/c/Users/0M SAI RAM/Desktop/project/dataset/archive/derm12345_train_part_2/jd/DERM_548661.jpg,jd,23,23,23,True
/mnt/c/Users/0M SAI RAM/Desktop/project/dataset/archive/derm12345_train_part_2/jd/DERM_570160.jpg,jd,23,23,23,True
/mnt/c/Users/0M SAI RAM/Desktop/project/dataset/archive/derm12345_train_part_2/jd/DERM_468761.jpg,jd,23,23,23,True
/mnt/c/Users/0M SAI RAM/Desktop/project/dataset/archive/derm12345_train_part_2/jd/DERM_441423.jpg,jd,23,23,23,True
/mnt/c/Users/0M SAI RAM/Desktop/project/dataset/archive/derm12345_train_part_2/jd/DERM_709047.jpg,jd,23,23,23,True
/mnt/c/Users/0M SAI RAM/Desktop/project/dataset/archive/derm12345_train_part_2/jd/DERM_109946.jpg,jd,23,23,23,True
/mnt/c/Users/0M SAI RAM/Desktop/project/dataset/archive/derm12345_train_part_2/jd/DERM_788985.jpg,jd,23,23,14,False
/mnt/c/Users/0M SAI RAM/Desktop/project/dataset/archive/derm12345_train_part_2/jd/DERM_320898.jpg,jd,23,23,23,True
/mnt/c/Users/0M SAI RAM/Desktop/project/dataset/archive/derm12345_train_part_2/jd/DERM_780205.jpg,jd,23,23,22,False
/mnt/c/Users/0M SAI RAM/Desktop/project/dataset/archive/derm12345_train_part_2/jd/DERM_765816.jpg,jd,23,23,23,True
/mnt/c/Users/0M SAI RAM/Desktop/project/dataset/archive/derm12345_train_part_2/jd/DERM_882865.jpg,jd,23,23,23,True
/mnt/c/Users/0M SAI RAM/Desktop/project/dataset/archive/derm12345_train_part_2/jd/DERM_195347.jpg,jd,23,23,23,True
/mnt/c/Users/0M SAI RAM/Desktop/project/dataset/archive/derm12345_train_part_2/jd/DERM_337650.jpg,jd,23,23,23,True
/mnt/c/Users/0M SAI RAM/Desktop/project/dataset/archive/derm12345_train_part_2/jd/DERM_900465.jpg,jd,23,23,12,False
/mnt/c/Users/0M SAI RAM/Desktop/project/dataset/archive/derm12345_train_part_2/jd/DERM_101755.jpg,jd,23,23,23,True
/mnt/c/Users/0M SAI RAM/Desktop/project/dataset/archive/derm12345_train_part_2/jd/DERM_431292.jpg,jd,23,23,23,True
/mnt/c/Users/0M SAI RAM/Desktop/project/dataset/archive/derm12345_train_part_2/jd/DERM_444230.jpg,jd,23,23,23,True
/mnt/c/Users/0M SAI RAM/Desktop/project/dataset/archive/derm12345_train_part_2/jd/DERM_225766.jpg,jd,23,23,11,False
/mnt/c/Users/0M SAI RAM/Desktop/project/dataset/archive/derm12345_train_part_2/jd/DERM_291398.jpg,jd,23,23,23,True
/mnt/c/Users/0M SAI RAM/Desktop/project/dataset/archive/derm12345_train_part_2/jd/DERM_111728.jpg,jd,23,23,23,True
/mnt/c/Users/0M SAI RAM/Desktop/project/dataset/archive/derm12345_train_part_2/jd/DERM_604600.jpg,jd,23,23,23,True
/mnt/c/Users/0M SAI RAM/Desktop/project/dataset/archive/derm12345_train_part_2/jd/DERM_725735.jpg,jd,23,23,23,True
/mnt/c/Users/0M SAI RAM/Desktop/project/dataset/archive/derm12345_train_part_2/jd/DERM_550009.jpg,jd,23,23,22,False
/mnt/c/Users/0M SAI RAM/Desktop/project/dataset/archive/derm12345_train_part_2/jd/DERM_811055.jpg,jd,23,23,23,True
/mnt/c/Users/0M SAI RAM/Desktop/project/dataset/archive/derm12345_train_part_2/jd/DERM_939718.jpg,jd,23,23,23,True
/mnt/c/Users/0M SAI RAM/Desktop/project/dataset/archive/derm12345_train_part_2/jd/DERM_605294.jpg,jd,23,23,23,True
/mnt/c/Users/0M SAI RAM/Desktop/project/dataset/archive/derm12345_train_part_2/jd/DERM_983903.jpg,jd,23,23,22,False
/mnt/c/Users/0M SAI RAM/Desktop/project/dataset/archive/derm12345_train_part_2/jd/DERM_925720.jpg,jd,23,23,23,True
/mnt/c/Users/0M SAI RAM/Desktop/project/dataset/archive/derm12345_train_part_2/jd/DERM_864980.jpg,jd,23,23,11,False
/mnt/c/Users/0M SAI RAM/Desktop/project/dataset/archive/derm12345_train_part_2/jd/DERM_331039.jpg,jd,23,23,23,True
/mnt/c/Users/0M SAI RAM/Desktop/project/dataset/archive/derm12345_train_part_2/jd/DERM_307298.jpg,jd,23,23,14,False
/mnt/c/Users/0M SAI RAM/Desktop/project/dataset/archive/derm12345_train_part_2/jd/DERM_832217.jpg,jd,23,23,23,True
/mnt/c/Users/0M SAI RAM/Desktop/project/dataset/archive/derm12345_train_part_2/jd/DERM_788468.jpg,jd,23,23,23,True
/mnt/c/Users/0M SAI RAM/Desktop/project/dataset/archive/derm12345_train_part_2/jd/DERM_536083.jpg,jd,23,23,23,True
/mnt/c/Users/0M SAI RAM/Desktop/project/dataset/archive/derm12345_train_part_2/jd/DERM_363896.jpg,jd,23,23,23,True
/mnt/c/Users/0M SAI RAM/Desktop/project/dataset/archive/derm12345_train_part_2/jd/DERM_555064.jpg,jd,23,23,20,False
/mnt/c/Users/0M SAI RAM/Desktop/project/dataset/archive/derm12345_train_part_2/jd/DERM_591796.jpg,jd,23,23,23,True
/mnt/c/Users/0M SAI RAM/Desktop/project/dataset/archive/derm12345_train_part_2/jd/DERM_309217.jpg,jd,23,23,23,True
/mnt/c/Users/0M SAI RAM/Desktop/project/dataset/archive/derm12345_train_part_2/jd/DERM_970492.jpg,jd,23,23,23,True
/mnt/c/Users/0M SAI RAM/Desktop/project/dataset/archive/derm12345_train_part_2/jd/DERM_343621.jpg,jd,23,23,23,True
/mnt/c/Users/0M SAI RAM/Desktop/project/dataset/archive/derm12345_train_part_2/jd/DERM_740910.jpg,jd,23,23,23,True
/mnt/c/Users/0M SAI RAM/Desktop/project/dataset/archive/derm12345_train_part_2/jd/DERM_884796.jpg,jd,23,23,23,True
/mnt/c/Users/0M SAI RAM/Desktop/project/dataset/archive/derm12345_train_part_2/jd/DERM_157449.jpg,jd,23,23,23,True
/mnt/c/Users/0M SAI RAM/Desktop/project/dataset/archive/derm12345_train_part_2/jd/DERM_918767.jpg,jd,23,23,23,True
/mnt/c/Users/0M SAI RAM/Desktop/project/dataset/archive/derm12345_train_part_2/jd/DERM_626705.jpg,jd,23,23,23,True
/mnt/c/Users/0M SAI RAM/Desktop/project/dataset/archive/derm12345_train_part_2/jd/DERM_812236.jpg,jd,23,23,20,False
/mnt/c/Users/0M SAI RAM/Desktop/project/dataset/archive/derm12345_train_part_2/jd/DERM_350266.jpg,jd,23,23,23,True
/mnt/c/Users/0M SAI RAM/Desktop/project/dataset/archive/derm12345_train_part_2/jd/DERM_718320.jpg,jd,23,23,23,True
/mnt/c/Users/0M SAI RAM/Desktop/project/dataset/archive/derm12345_train_part_2/jd/DERM_646792.jpg,jd,23,23,23,True
/mnt/c/Users/0M SAI RAM/Desktop/project/dataset/archive/derm12345_train_part_2/jd/DERM_437765.jpg,jd,23,23,22,False
/mnt/c/Users/0M SAI RAM/Desktop/project/dataset/archive/derm12345_train_part_2/jd/DERM_785093.jpg,jd,23,23,3,False
/mnt/c/Users/0M SAI RAM/Desktop/project/dataset/archive/derm12345_train_part_2/jd/DERM_494591.jpg,jd,23,23,23,True
/mnt/c/Users/0M SAI RAM/Desktop/project/dataset/archive/derm12345_train_part_2/jd/DERM_419790.jpg,jd,23,23,23,True
/mnt/c/Users/0M SAI RAM/Desktop/project/dataset/archive/derm12345_train_part_2/jd/DERM_495042.jpg,jd,23,23,22,False
/mnt/c/Users/0M SAI RAM/Desktop/project/dataset/archive/derm12345_train_part_2/jd/DERM_236740.jpg,jd,23,23,2,False
/mnt/c/Users/0M SAI RAM/Desktop/project/dataset/archive/derm12345_train_part_2/jd/DERM_364497.jpg,jd,23,23,22,False
/mnt/c/Users/0M SAI RAM/Desktop/project/dataset/archive/derm12345_train_part_2/jd/DERM_321465.jpg,jd,23,23,22,False
/mnt/c/Users/0M SAI RAM/Desktop/project/dataset/archive/derm12345_train_part_2/jd/DERM_936657.jpg,jd,23,23,22,False
/mnt/c/Users/0M SAI RAM/Desktop/project/dataset/archive/derm12345_train_part_2/jd/DERM_610702.jpg,jd,23,23,22,False
/mnt/c/Users/0M SAI RAM/Desktop/project/dataset/archive/derm12345_train_part_2/jd/DERM_345139.jpg,jd,23,23,14,False
/mnt/c/Users/0M SAI RAM/Desktop/project/dataset/archive/derm12345_train_part_2/jd/DERM_756662.jpg,jd,23,23,23,True
/mnt/c/Users/0M SAI RAM/Desktop/project/dataset/archive/derm12345_train_part_2/jd/DERM_287082.jpg,jd,23,23,23,True
/mnt/c/Users/0M SAI RAM/Desktop/project/dataset/archive/derm12345_train_part_2/jd/DERM_592661.jpg,jd,23,23,22,False
/mnt/c/Users/0M SAI RAM/Desktop/project/dataset/archive/derm12345_train_part_2/jd/DERM_264303.jpg,jd,23,23,14,False
/mnt/c/Users/0M SAI RAM/Desktop/project/dataset/archive/derm12345_train_part_2/jd/DERM_277071.jpg,jd,23,23,23,True
/mnt/c/Users/0M SAI RAM/Desktop/project/dataset/archive/derm12345_train_part_2/jd/DERM_542802.jpg,jd,23,23,22,False
/mnt/c/Users/0M SAI RAM/Desktop/project/dataset/archive/derm12345_train_part_2/jd/DERM_516564.jpg,jd,23,23,23,True
/mnt/c/Users/0M SAI RAM/Desktop/project/dataset/archive/derm12345_train_part_2/jd/DERM_716885.jpg,jd,23,23,22,False
/mnt/c/Users/0M SAI RAM/Desktop/project/dataset/archive/derm12345_train_part_2/jd/DERM_160006.jpg,jd,23,23,23,True
/mnt/c/Users/0M SAI RAM/Desktop/project/dataset/archive/derm12345_train_part_2/jd/DERM_779407.jpg,jd,23,23,23,True
/mnt/c/Users/0M SAI RAM/Desktop/project/dataset/archive/derm12345_train_part_2/jd/DERM_222807.jpg,jd,23,23,37,False
/mnt/c/Users/0M SAI RAM/Desktop/project/dataset/archive/derm12345_train_part_2/jd/DERM_287429.jpg,jd,23,23,23,True
/mnt/c/Users/0M SAI RAM/Desktop/project/dataset/archive/derm12345_train_part_2/jd/DERM_722717.jpg,jd,23,23,23,True
/mnt/c/Users/0M SAI RAM/Desktop/project/dataset/archive/derm12345_train_part_2/jd/DERM_197982.jpg,jd,23,23,23,True
/mnt/c/Users/0M SAI RAM/Desktop/project/dataset/archive/derm12345_train_part_2/jd/DERM_563298.jpg,jd,23,23,22,False
/mnt/c/Users/0M SAI RAM/Desktop/project/dataset/archive/derm12345_train_part_2/jd/DERM_407381.jpg,jd,23,23,22,False
/mnt/c/Users/0M SAI RAM/Desktop/project/dataset/archive/derm12345_train_part_2/jd/DERM_953997.jpg,jd,23,23,22,False
/mnt/c/Users/0M SAI RAM/Desktop/project/dataset/archive/derm12345_train_part_2/jd/DERM_462802.jpg,jd,23,23,23,True
/mnt/c/Users/0M SAI RAM/Desktop/project/dataset/archive/derm12345_train_part_2/jd/DERM_326550.jpg,jd,23,23,14,False
/mnt/c/Users/0M SAI RAM/Desktop/project/dataset/archive/derm12345_train_part_2/jd/DERM_920725.jpg,jd,23,23,22,False
/mnt/c/Users/0M SAI RAM/Desktop/project/dataset/archive/derm12345_train_part_2/jd/DERM_933952.jpg,jd,23,23,23,True
/mnt/c/Users/0M SAI RAM/Desktop/project/dataset/archive/derm12345_train_part_2/jd/DERM_123505.jpg,jd,23,23,23,True
/mnt/c/Users/0M SAI RAM/Desktop/project/dataset/archive/derm12345_train_part_2/jd/DERM_321595.jpg,jd,23,23,23,True
/mnt/c/Users/0M SAI RAM/Desktop/project/dataset/archive/derm12345_train_part_2/jd/DERM_354444.jpg,jd,23,23,11,False
/mnt/c/Users/0M SAI RAM/Desktop/project/dataset/archive/derm12345_train_part_2/jd/DERM_119151.jpg,jd,23,23,3,False
/mnt/c/Users/0M SAI RAM/Desktop/project/dataset/archive/derm12345_train_part_2/jd/DERM_676565.jpg,jd,23,23,22,False
/mnt/c/Users/0M SAI RAM/Desktop/project/dataset/archive/derm12345_train_part_2/jd/DERM_788872.jpg,jd,23,23,23,True
/mnt/c/Users/0M SAI RAM/Desktop/project/dataset/archive/derm12345_train_part_2/jd/DERM_742910.jpg,jd,23,23,23,True
/mnt/c/Users/0M SAI RAM/Desktop/project/dataset/archive/derm12345_train_part_2/jd/DERM_834769.jpg,jd,23,23,23,True
/mnt/c/Users/0M SAI RAM/Desktop/project/dataset/archive/derm12345_train_part_2/jd/DERM_190002.jpg,jd,23,23,17,False
/mnt/c/Users/0M SAI RAM/Desktop/project/dataset/archive/derm12345_train_part_2/jd/DERM_197254.jpg,jd,23,23,23,True
/mnt/c/Users/0M SAI RAM/Desktop/project/dataset/archive/derm12345_train_part_2/jd/DERM_291163.jpg,jd,23,23,8,False
/mnt/c/Users/0M SAI RAM/Desktop/project/dataset/archive/derm12345_train_part_2/jd/DERM_307350.jpg,jd,23,23,23,True
/mnt/c/Users/0M SAI RAM/Desktop/project/dataset/archive/derm12345_train_part_2/jd/DERM_468254.jpg,jd,23,23,23,True
/mnt/c/Users/0M SAI RAM/Desktop/project/dataset/archive/derm12345_train_part_2/jd/DERM_528310.jpg,jd,23,23,23,True
/mnt/c/Users/0M SAI RAM/Desktop/project/dataset/archive/derm12345_train_part_2/jd/DERM_759112.jpg,jd,23,23,23,True
/mnt/c/Users/0M SAI RAM/Desktop/project/dataset/archive/derm12345_train_part_2/jd/DERM_926307.jpg,jd,23,23,23,True
/mnt/c/Users/0M SAI RAM/Desktop/project/dataset/archive/derm12345_train_part_2/jd/DERM_825788.jpg,jd,23,23,23,True
/mnt/c/Users/0M SAI RAM/Desktop/project/dataset/archive/derm12345_train_part_2/jd/DERM_874762.jpg,jd,23,23,14,False
/mnt/c/Users/0M SAI RAM/Desktop/project/dataset/archive/derm12345_train_part_2/jd/DERM_780465.jpg,jd,23,23,23,True
/mnt/c/Users/0M SAI RAM/Desktop/project/dataset/archive/derm12345_train_part_2/jd/DERM_894728.jpg,jd,23,23,23,True
/mnt/c/Users/0M SAI RAM/Desktop/project/dataset/archive/derm12345_train_part_2/jd/DERM_834972.jpg,jd,23,23,23,True
/mnt/c/Users/0M SAI RAM/Desktop/project/dataset/archive/derm12345_train_part_2/jd/DERM_161520.jpg,jd,23,23,8,False
/mnt/c/Users/0M SAI RAM/Desktop/project/dataset/archive/derm12345_train_part_2/jd/DERM_428121.jpg,jd,23,23,23,True
/mnt/c/Users/0M SAI RAM/Desktop/project/dataset/archive/derm12345_train_part_2/jd/DERM_873995.jpg,jd,23,23,23,True
/mnt/c/Users/0M SAI RAM/Desktop/project/dataset/archive/derm12345_train_part_2/jd/DERM_595078.jpg,jd,23,23,11,False
/mnt/c/Users/0M SAI RAM/Desktop/project/dataset/archive/derm12345_train_part_2/jd/DERM_559487.jpg,jd,23,23,22,False
/mnt/c/Users/0M SAI RAM/Desktop/project/dataset/archive/derm12345_train_part_2/jd/DERM_461455.jpg,jd,23,23,38,False
/mnt/c/Users/0M SAI RAM/Desktop/project/dataset/archive/derm12345_train_part_2/jd/DERM_220723.jpg,jd,23,23,23,True
/mnt/c/Users/0M SAI RAM/Desktop/project/dataset/archive/derm12345_train_part_2/jd/DERM_267780.jpg,jd,23,23,23,True
/mnt/c/Users/0M SAI RAM/Desktop/project/dataset/archive/derm12345_train_part_2/jd/DERM_315996.jpg,jd,23,23,22,False
/mnt/c/Users/0M SAI RAM/Desktop/project/dataset/archive/derm12345_train_part_2/jd/DERM_326664.jpg,jd,23,23,23,True
/mnt/c/Users/0M SAI RAM/Desktop/project/dataset/archive/derm12345_train_part_2/jd/DERM_499902.jpg,jd,23,23,11,False
/mnt/c/Users/0M SAI RAM/Desktop/project/dataset/archive/derm12345_train_part_2/jd/DERM_565612.jpg,jd,23,23,23,True
/mnt/c/Users/0M SAI RAM/Desktop/project/dataset/archive/derm12345_train_part_2/jd/DERM_621438.jpg,jd,23,23,23,True
/mnt/c/Users/0M SAI RAM/Desktop/project/dataset/archive/derm12345_train_part_2/jd/DERM_843616.jpg,jd,23,23,22,False
/mnt/c/Users/0M SAI RAM/Desktop/project/dataset/archive/derm12345_train_part_2/jd/DERM_938140.jpg,jd,23,23,31,False
/mnt/c/Users/0M SAI RAM/Desktop/project/dataset/archive/derm12345_train_part_2/jd/DERM_948639.jpg,jd,23,23,23,True
/mnt/c/Users/0M SAI RAM/Desktop/project/dataset/archive/derm12345_train_part_2/jd/DERM_960940.jpg,jd,23,23,23,True
/mnt/c/Users/0M SAI RAM/Desktop/project/dataset/archive/derm12345_train_part_2/jd/DERM_624790.jpg,jd,23,23,23,True
/mnt/c/Users/0M SAI RAM/Desktop/project/dataset/archive/derm12345_train_part_2/jd/DERM_858744.jpg,jd,23,23,22,False
/mnt/c/Users/0M SAI RAM/Desktop/project/dataset/archive/derm12345_train_part_2/jd/DERM_265210.jpg,jd,23,23,16,False
/mnt/c/Users/0M SAI RAM/Desktop/project/dataset/archive/derm12345_train_part_2/jd/DERM_158205.jpg,jd,23,23,22,False
/mnt/c/Users/0M SAI RAM/Desktop/project/dataset/archive/derm12345_train_part_2/jd/DERM_476625.jpg,jd,23,23,23,True
/mnt/c/Users/0M SAI RAM/Desktop/project/dataset/archive/derm12345_train_part_2/jd/DERM_454421.jpg,jd,23,23,23,True
/mnt/c/Users/0M SAI RAM/Desktop/project/dataset/archive/derm12345_train_part_2/jd/DERM_470174.jpg,jd,23,23,23,True
/mnt/c/Users/0M SAI RAM/Desktop/project/dataset/archive/derm12345_train_part_2/jd/DERM_934253.jpg,jd,23,23,14,False
/mnt/c/Users/0M SAI RAM/Desktop/project/dataset/archive/derm12345_train_part_2/jd/DERM_424543.jpg,jd,23,23,3,False
/mnt/c/Users/0M SAI RAM/Desktop/project/dataset/archive/derm12345_train_part_2/jd/DERM_874873.jpg,jd,23,23,23,True
/mnt/c/Users/0M SAI RAM/Desktop/project/dataset/archive/derm12345_train_part_2/jd/DERM_123106.jpg,jd,23,23,14,False
/mnt/c/Users/0M SAI RAM/Desktop/project/dataset/archive/derm12345_train_part_2/jd/DERM_860806.jpg,jd,23,23,14,False
/mnt/c/Users/0M SAI RAM/Desktop/project/dataset/archive/derm12345_train_part_2/jd/DERM_704828.jpg,jd,23,23,23,True
/mnt/c/Users/0M SAI RAM/Desktop/project/dataset/archive/derm12345_train_part_2/jd/DERM_395820.jpg,jd,23,23,23,True
/mnt/c/Users/0M SAI RAM/Desktop/project/dataset/archive/derm12345_train_part_2/jd/DERM_668601.jpg,jd,23,23,23,True
/mnt/c/Users/0M SAI RAM/Desktop/project/dataset/archive/derm12345_train_part_2/jd/DERM_576852.jpg,jd,23,23,23,True
/mnt/c/Users/0M SAI RAM/Desktop/project/dataset/archive/derm12345_train_part_2/jd/DERM_666234.jpg,jd,23,23,23,True
/mnt/c/Users/0M SAI RAM/Desktop/project/dataset/archive/derm12345_train_part_2/jd/DERM_282652.jpg,jd,23,23,23,True
/mnt/c/Users/0M SAI RAM/Desktop/project/dataset/archive/derm12345_train_part_2/jd/DERM_333479.jpg,jd,23,23,23,True
/mnt/c/Users/0M SAI RAM/Desktop/project/dataset/archive/derm12345_train_part_2/jd/DERM_575943.jpg,jd,23,23,23,True
/mnt/c/Users/0M SAI RAM/Desktop/project/dataset/archive/derm12345_train_part_2/jd/DERM_326804.jpg,jd,23,23,31,False
/mnt/c/Users/0M SAI RAM/Desktop/project/dataset/archive/derm12345_train_part_2/jd/DERM_925663.jpg,jd,23,23,23,True
/mnt/c/Users/0M SAI RAM/Desktop/project/dataset/archive/derm12345_train_part_2/jd/DERM_842318.jpg,jd,23,23,23,True
/mnt/c/Users/0M SAI RAM/Desktop/project/dataset/archive/derm12345_train_part_2/jd/DERM_878495.jpg,jd,23,23,23,True
/mnt/c/Users/0M SAI RAM/Desktop/project/dataset/archive/derm12345_train_part_2/jd/DERM_288633.jpg,jd,23,23,23,True
/mnt/c/Users/0M SAI RAM/Desktop/project/dataset/archive/derm12345_train_part_2/jd/DERM_559524.jpg,jd,23,23,23,True
/mnt/c/Users/0M SAI RAM/Desktop/project/dataset/archive/derm12345_train_part_2/jd/DERM_720209.jpg,jd,23,23,22,False
/mnt/c/Users/0M SAI RAM/Desktop/project/dataset/archive/derm12345_train_part_2/jd/DERM_120431.jpg,jd,23,23,3,False
/mnt/c/Users/0M SAI RAM/Desktop/project/dataset/archive/derm12345_train_part_2/jd/DERM_319914.jpg,jd,23,23,2,False
/mnt/c/Users/0M SAI RAM/Desktop/project/dataset/archive/derm12345_train_part_2/jd/DERM_321032.jpg,jd,23,23,23,True
/mnt/c/Users/0M SAI RAM/Desktop/project/dataset/archive/derm12345_train_part_2/jd/DERM_339726.jpg,jd,23,23,23,True
/mnt/c/Users/0M SAI RAM/Desktop/project/dataset/archive/derm12345_train_part_2/jd/DERM_382628.jpg,jd,23,23,37,False
/mnt/c/Users/0M SAI RAM/Desktop/project/dataset/archive/derm12345_train_part_2/jd/DERM_355242.jpg,jd,23,23,22,False
/mnt/c/Users/0M SAI RAM/Desktop/project/dataset/archive/derm12345_train_part_2/jd/DERM_369475.jpg,jd,23,23,22,False
/mnt/c/Users/0M SAI RAM/Desktop/project/dataset/archive/derm12345_train_part_2/jd/DERM_557530.jpg,jd,23,23,22,False
/mnt/c/Users/0M SAI RAM/Desktop/project/dataset/archive/derm12345_train_part_2/jd/DERM_222870.jpg,jd,23,23,23,True
/mnt/c/Users/0M SAI RAM/Desktop/project/dataset/archive/derm12345_train_part_2/jd/DERM_555652.jpg,jd,23,23,23,True
/mnt/c/Users/0M SAI RAM/Desktop/project/dataset/archive/derm12345_train_part_2/jd/DERM_392936.jpg,jd,23,23,10,False
/mnt/c/Users/0M SAI RAM/Desktop/project/dataset/archive/derm12345_train_part_2/jd/DERM_654091.jpg,jd,23,23,23,True
/mnt/c/Users/0M SAI RAM/Desktop/project/dataset/archive/derm12345_train_part_2/jd/DERM_363685.jpg,jd,23,23,23,True
/mnt/c/Users/0M SAI RAM/Desktop/project/dataset/archive/derm12345_train_part_2/jd/DERM_525878.jpg,jd,23,23,38,False
/mnt/c/Users/0M SAI RAM/Desktop/project/dataset/archive/derm12345_train_part_2/jd/DERM_713986.jpg,jd,23,23,23,True
/mnt/c/Users/0M SAI RAM/Desktop/project/dataset/archive/derm12345_train_part_2/jd/DERM_211285.jpg,jd,23,23,23,True
/mnt/c/Users/0M SAI RAM/Desktop/project/dataset/archive/derm12345_train_part_2/jd/DERM_337013.jpg,jd,23,23,23,True
/mnt/c/Users/0M SAI RAM/Desktop/project/dataset/archive/derm12345_train_part_2/jd/DERM_147438.jpg,jd,23,23,23,True
/mnt/c/Users/0M SAI RAM/Desktop/project/dataset/archive/derm12345_train_part_2/jd/DERM_590221.jpg,jd,23,23,23,True
/mnt/c/Users/0M SAI RAM/Desktop/project/dataset/archive/derm12345_train_part_2/jd/DERM_554503.jpg,jd,23,23,2,False
/mnt/c/Users/0M SAI RAM/Desktop/project/dataset/archive/derm12345_train_part_2/jd/DERM_690370.jpg,jd,23,23,23,True
/mnt/c/Users/0M SAI RAM/Desktop/project/dataset/archive/derm12345_train_part_2/jd/DERM_555816.jpg,jd,23,23,23,True
/mnt/c/Users/0M SAI RAM/Desktop/project/dataset/archive/derm12345_train_part_2/jd/DERM_837685.jpg,jd,23,23,3,False
/mnt/c/Users/0M SAI RAM/Desktop/project/dataset/archive/derm12345_train_part_2/jd/DERM_878122.jpg,jd,23,23,10,False
/mnt/c/Users/0M SAI RAM/Desktop/project/dataset/archive/derm12345_train_part_2/jd/DERM_788502.jpg,jd,23,23,23,True
/mnt/c/Users/0M SAI RAM/Desktop/project/dataset/archive/derm12345_train_part_2/jd/DERM_776313.jpg,jd,23,23,23,True
/mnt/c/Users/0M SAI RAM/Desktop/project/dataset/archive/derm12345_train_part_2/jd/DERM_964394.jpg,jd,23,23,11,False
/mnt/c/Users/0M SAI RAM/Desktop/project/dataset/archive/derm12345_train_part_2/jd/DERM_545870.jpg,jd,23,23,23,True
/mnt/c/Users/0M SAI RAM/Desktop/project/dataset/archive/derm12345_train_part_2/jd/DERM_140865.jpg,jd,23,23,10,False
/mnt/c/Users/0M SAI RAM/Desktop/project/dataset/archive/derm12345_train_part_2/jd/DERM_161706.jpg,jd,23,23,23,True
/mnt/c/Users/0M SAI RAM/Desktop/project/dataset/archive/derm12345_train_part_2/jd/DERM_248386.jpg,jd,23,23,23,True
/mnt/c/Users/0M SAI RAM/Desktop/project/dataset/archive/derm12345_train_part_2/jd/DERM_257068.jpg,jd,23,23,23,True
/mnt/c/Users/0M SAI RAM/Desktop/project/dataset/archive/derm12345_train_part_2/jd/DERM_430250.jpg,jd,23,23,23,True
/mnt/c/Users/0M SAI RAM/Desktop/project/dataset/archive/derm12345_train_part_2/jd/DERM_433377.jpg,jd,23,23,23,True
/mnt/c/Users/0M SAI RAM/Desktop/project/dataset/archive/derm12345_train_part_2/jd/DERM_459044.jpg,jd,23,23,23,True
/mnt/c/Users/0M SAI RAM/Desktop/project/dataset/archive/derm12345_train_part_2/jd/DERM_449338.jpg,jd,23,23,23,True
/mnt/c/Users/0M SAI RAM/Desktop/project/dataset/archive/derm12345_train_part_2/jd/DERM_467363.jpg,jd,23,23,23,True
/mnt/c/Users/0M SAI RAM/Desktop/project/dataset/archive/derm12345_train_part_2/jd/DERM_506449.jpg,jd,23,23,23,True
/mnt/c/Users/0M SAI RAM/Desktop/project/dataset/archive/derm12345_train_part_2/jd/DERM_560979.jpg,jd,23,23,23,True
/mnt/c/Users/0M SAI RAM/Desktop/project/dataset/archive/derm12345_train_part_2/jd/DERM_609532.jpg,jd,23,23,23,True
/mnt/c/Users/0M SAI RAM/Desktop/project/dataset/archive/derm12345_train_part_2/jd/DERM_631674.jpg,jd,23,23,23,True
/mnt/c/Users/0M SAI RAM/Desktop/project/dataset/archive/derm12345_train_part_2/jd/DERM_854674.jpg,jd,23,23,37,False
/mnt/c/Users/0M SAI RAM/Desktop/project/dataset/archive/derm12345_train_part_2/jd/DERM_555190.jpg,jd,23,23,23,True
/mnt/c/Users/0M SAI RAM/Desktop/project/dataset/archive/derm12345_train_part_2/jd/DERM_507161.jpg,jd,23,23,22,False
/mnt/c/Users/0M SAI RAM/Desktop/project/dataset/archive/derm12345_train_part_2/jd/DERM_932015.jpg,jd,23,23,22,False
/mnt/c/Users/0M SAI RAM/Desktop/project/dataset/archive/derm12345_train_part_2/jd/DERM_237228.jpg,jd,23,23,22,False
/mnt/c/Users/0M SAI RAM/Desktop/project/dataset/archive/derm12345_train_part_2/jd/DERM_728087.jpg,jd,23,23,23,True
/mnt/c/Users/0M SAI RAM/Desktop/project/dataset/archive/derm12345_train_part_2/jd/DERM_859087.jpg,jd,23,23,23,True
/mnt/c/Users/0M SAI RAM/Desktop/project/dataset/archive/derm12345_train_part_2/jd/DERM_447841.jpg,jd,23,23,23,True
/mnt/c/Users/0M SAI RAM/Desktop/project/dataset/archive/derm12345_train_part_2/jd/DERM_926328.jpg,jd,23,23,22,False
/mnt/c/Users/0M SAI RAM/Desktop/project/dataset/archive/derm12345_train_part_2/jd/DERM_617410.jpg,jd,23,23,11,False
/mnt/c/Users/0M SAI RAM/Desktop/project/dataset/archive/derm12345_train_part_2/jd/DERM_842776.jpg,jd,23,23,23,True
/mnt/c/Users/0M SAI RAM/Desktop/project/dataset/archive/derm12345_train_part_2/jd/DERM_372488.jpg,jd,23,23,10,False
/mnt/c/Users/0M SAI RAM/Desktop/project/dataset/archive/derm12345_train_part_2/jd/DERM_438345.jpg,jd,23,23,2,False
/mnt/c/Users/0M SAI RAM/Desktop/project/dataset/archive/derm12345_train_part_2/jd/DERM_447530.jpg,jd,23,23,30,False
/mnt/c/Users/0M SAI RAM/Desktop/project/dataset/archive/derm12345_train_part_2/jd/DERM_724058.jpg,jd,23,23,23,True
/mnt/c/Users/0M SAI RAM/Desktop/project/dataset/archive/derm12345_train_part_2/jd/DERM_687574.jpg,jd,23,23,10,False
/mnt/c/Users/0M SAI RAM/Desktop/project/dataset/archive/derm12345_train_part_2/jd/DERM_213684.jpg,jd,23,23,14,False
/mnt/c/Users/0M SAI RAM/Desktop/project/dataset/archive/derm12345_train_part_2/jd/DERM_918769.jpg,jd,23,23,23,True
/mnt/c/Users/0M SAI RAM/Desktop/project/dataset/archive/derm12345_train_part_2/jd/DERM_317329.jpg,jd,23,23,22,False
/mnt/c/Users/0M SAI RAM/Desktop/project/dataset/archive/derm12345_train_part_2/jd/DERM_792973.jpg,jd,23,23,23,True
/mnt/c/Users/0M SAI RAM/Desktop/project/dataset/archive/derm12345_train_part_2/jd/DERM_628521.jpg,jd,23,23,23,True
/mnt/c/Users/0M SAI RAM/Desktop/project/dataset/archive/derm12345_train_part_2/jd/DERM_578866.jpg,jd,23,23,22,False
/mnt/c/Users/0M SAI RAM/Desktop/project/dataset/archive/derm12345_train_part_2/jd/DERM_566993.jpg,jd,23,23,29,False
/mnt/c/Users/0M SAI RAM/Desktop/project/dataset/archive/derm12345_train_part_2/jd/DERM_946003.jpg,jd,23,23,23,True
/mnt/c/Users/0M SAI RAM/Desktop/project/dataset/archive/derm12345_train_part_2/jd/DERM_537718.jpg,jd,23,23,22,False
/mnt/c/Users/0M SAI RAM/Desktop/project/dataset/archive/derm12345_train_part_2/jd/DERM_152510.jpg,jd,23,23,23,True
/mnt/c/Users/0M SAI RAM/Desktop/project/dataset/archive/derm12345_train_part_2/jd/DERM_754302.jpg,jd,23,23,23,True
/mnt/c/Users/0M SAI RAM/Desktop/project/dataset/archive/derm12345_train_part_2/jd/DERM_564521.jpg,jd,23,23,23,True
/mnt/c/Users/0M SAI RAM/Desktop/project/dataset/archive/derm12345_train_part_2/jd/DERM_742192.jpg,jd,23,23,23,True
/mnt/c/Users/0M SAI RAM/Desktop/project/dataset/archive/derm12345_train_part_2/jd/DERM_304029.jpg,jd,23,23,23,True
/mnt/c/Users/0M SAI RAM/Desktop/project/dataset/archive/derm12345_train_part_2/jd/DERM_226879.jpg,jd,23,23,37,False
/mnt/c/Users/0M SAI RAM/Desktop/project/dataset/archive/derm12345_train_part_2/jd/DERM_852451.jpg,jd,23,23,23,True
/mnt/c/Users/0M SAI RAM/Desktop/project/dataset/archive/derm12345_train_part_2/jd/DERM_853002.jpg,jd,23,23,22,False
/mnt/c/Users/0M SAI RAM/Desktop/project/dataset/archive/derm12345_train_part_2/jd/DERM_420526.jpg,jd,23,23,22,False
/mnt/c/Users/0M SAI RAM/Desktop/project/dataset/archive/derm12345_train_part_2/jd/DERM_750973.jpg,jd,23,23,23,True
/mnt/c/Users/0M SAI RAM/Desktop/project/dataset/archive/derm12345_train_part_2/jd/DERM_474732.jpg,jd,23,23,23,True
/mnt/c/Users/0M SAI RAM/Desktop/project/dataset/archive/derm12345_train_part_2/jd/DERM_731069.jpg,jd,23,23,23,True
/mnt/c/Users/0M SAI RAM/Desktop/project/dataset/archive/derm12345_train_part_2/jd/DERM_321060.jpg,jd,23,23,23,True
/mnt/c/Users/0M SAI RAM/Desktop/project/dataset/archive/derm12345_train_part_2/jd/DERM_728924.jpg,jd,23,23,22,False
/mnt/c/Users/0M SAI RAM/Desktop/project/dataset/archive/derm12345_train_part_2/jd/DERM_706667.jpg,jd,23,23,22,False
/mnt/c/Users/0M SAI RAM/Desktop/project/dataset/archive/derm12345_train_part_2/jd/DERM_306318.jpg,jd,23,23,22,False
/mnt/c/Users/0M SAI RAM/Desktop/project/dataset/archive/derm12345_train_part_2/jd/DERM_340049.jpg,jd,23,23,17,False
/mnt/c/Users/0M SAI RAM/Desktop/project/dataset/archive/derm12345_train_part_2/jd/DERM_648451.jpg,jd,23,23,22,False
/mnt/c/Users/0M SAI RAM/Desktop/project/dataset/archive/derm12345_train_part_2/jd/DERM_199385.jpg,jd,23,23,23,True
/mnt/c/Users/0M SAI RAM/Desktop/project/dataset/archive/derm12345_train_part_2/jd/DERM_411219.jpg,jd,23,23,23,True
/mnt/c/Users/0M SAI RAM/Desktop/project/dataset/archive/derm12345_train_part_2/jd/DERM_316238.jpg,jd,23,23,22,False
/mnt/c/Users/0M SAI RAM/Desktop/project/dataset/archive/derm12345_train_part_2/jd/DERM_968943.jpg,jd,23,23,22,False
/mnt/c/Users/0M SAI RAM/Desktop/project/dataset/archive/derm12345_train_part_2/jd/DERM_622363.jpg,jd,23,23,11,False
/mnt/c/Users/0M SAI RAM/Desktop/project/dataset/archive/derm12345_train_part_2/jd/DERM_835976.jpg,jd,23,23,14,False
/mnt/c/Users/0M SAI RAM/Desktop/project/dataset/archive/derm12345_train_part_2/jd/DERM_890535.jpg,jd,23,23,23,True
/mnt/c/Users/0M SAI RAM/Desktop/project/dataset/archive/derm12345_train_part_2/jd/DERM_872002.jpg,jd,23,23,23,True
/mnt/c/Users/0M SAI RAM/Desktop/project/dataset/archive/derm12345_train_part_2/jd/DERM_797669.jpg,jd,23,23,22,False
/mnt/c/Users/0M SAI RAM/Desktop/project/dataset/archive/derm12345_train_part_2/jd/DERM_132883.jpg,jd,23,23,22,False
/mnt/c/Users/0M SAI RAM/Desktop/project/dataset/archive/derm12345_train_part_2/jd/DERM_365488.jpg,jd,23,23,30,False
/mnt/c/Users/0M SAI RAM/Desktop/project/dataset/archive/derm12345_train_part_2/jd/DERM_751325.jpg,jd,23,23,23,True
/mnt/c/Users/0M SAI RAM/Desktop/project/dataset/archive/derm12345_train_part_2/jd/DERM_975042.jpg,jd,23,23,23,True
/mnt/c/Users/0M SAI RAM/Desktop/project/dataset/archive/derm12345_train_part_2/jd/DERM_880078.jpg,jd,23,23,17,False
/mnt/c/Users/0M SAI RAM/Desktop/project/dataset/archive/derm12345_train_part_2/jd/DERM_664800.jpg,jd,23,23,22,False
/mnt/c/Users/0M SAI RAM/Desktop/project/dataset/archive/derm12345_train_part_2/jd/DERM_385161.jpg,jd,23,23,22,False
/mnt/c/Users/0M SAI RAM/Desktop/project/dataset/archive/derm12345_train_part_2/jd/DERM_413876.jpg,jd,23,23,23,True
/mnt/c/Users/0M SAI RAM/Desktop/project/dataset/archive/derm12345_train_part_2/jd/DERM_931568.jpg,jd,23,23,22,False
/mnt/c/Users/0M SAI RAM/Desktop/project/dataset/archive/derm12345_train_part_2/jd/DERM_385822.jpg,jd,23,23,23,True
/mnt/c/Users/0M SAI RAM/Desktop/project/dataset/archive/derm12345_train_part_2/jd/DERM_936997.jpg,jd,23,23,23,True
/mnt/c/Users/0M SAI RAM/Desktop/project/dataset/archive/derm12345_train_part_2/jd/DERM_646322.jpg,jd,23,23,23,True
/mnt/c/Users/0M SAI RAM/Desktop/project/dataset/archive/derm12345_train_part_2/jd/DERM_986896.jpg,jd,23,23,11,False
/mnt/c/Users/0M SAI RAM/Desktop/project/dataset/archive/derm12345_train_part_2/jd/DERM_732398.jpg,jd,23,23,23,True
/mnt/c/Users/0M SAI RAM/Desktop/project/dataset/archive/derm12345_train_part_2/jd/DERM_915215.jpg,jd,23,23,14,False
/mnt/c/Users/0M SAI RAM/Desktop/project/dataset/archive/derm12345_train_part_2/jd/DERM_686159.jpg,jd,23,23,23,True
/mnt/c/Users/0M SAI RAM/Desktop/project/dataset/archive/derm12345_train_part_2/jd/DERM_563440.jpg,jd,23,23,23,True
/mnt/c/Users/0M SAI RAM/Desktop/project/dataset/archive/derm12345_train_part_2/jd/DERM_102747.jpg,jd,23,23,23,True
/mnt/c/Users/0M SAI RAM/Desktop/project/dataset/archive/derm12345_train_part_2/jd/DERM_135096.jpg,jd,23,23,23,True
/mnt/c/Users/0M SAI RAM/Desktop/project/dataset/archive/derm12345_train_part_2/jd/DERM_435320.jpg,jd,23,23,23,True
/mnt/c/Users/0M SAI RAM/Desktop/project/dataset/archive/derm12345_train_part_2/jd/DERM_751213.jpg,jd,23,23,22,False
/mnt/c/Users/0M SAI RAM/Desktop/project/dataset/archive/derm12345_train_part_2/jd/DERM_898714.jpg,jd,23,23,23,True
/mnt/c/Users/0M SAI RAM/Desktop/project/dataset/archive/derm12345_train_part_2/jd/DERM_694654.jpg,jd,23,23,23,True
/mnt/c/Users/0M SAI RAM/Desktop/project/dataset/archive/derm12345_train_part_2/jd/DERM_373441.jpg,jd,23,23,22,False
/mnt/c/Users/0M SAI RAM/Desktop/project/dataset/archive/derm12345_train_part_2/jd/DERM_186954.jpg,jd,23,23,23,True
/mnt/c/Users/0M SAI RAM/Desktop/project/dataset/archive/derm12345_train_part_2/jd/DERM_749163.jpg,jd,23,23,11,False
/mnt/c/Users/0M SAI RAM/Desktop/project/dataset/archive/derm12345_train_part_2/jd/DERM_927679.jpg,jd,23,23,23,True
/mnt/c/Users/0M SAI RAM/Desktop/project/dataset/archive/derm12345_train_part_2/jd/DERM_634430.jpg,jd,23,23,23,True
/mnt/c/Users/0M SAI RAM/Desktop/project/dataset/archive/derm12345_train_part_2/jd/DERM_742262.jpg,jd,23,23,11,False
/mnt/c/Users/0M SAI RAM/Desktop/project/dataset/archive/derm12345_train_part_2/jd/DERM_552525.jpg,jd,23,23,14,False
/mnt/c/Users/0M SAI RAM/Desktop/project/dataset/archive/derm12345_train_part_2/jd/DERM_951634.jpg,jd,23,23,23,True
/mnt/c/Users/0M SAI RAM/Desktop/project/dataset/archive/derm12345_train_part_2/jd/DERM_179463.jpg,jd,23,23,22,False
/mnt/c/Users/0M SAI RAM/Desktop/project/dataset/archive/derm12345_train_part_2/jd/DERM_590476.jpg,jd,23,23,23,True
/mnt/c/Users/0M SAI RAM/Desktop/project/dataset/archive/derm12345_train_part_2/jd/DERM_533435.jpg,jd,23,23,23,True
/mnt/c/Users/0M SAI RAM/Desktop/project/dataset/archive/derm12345_train_part_2/jd/DERM_567953.jpg,jd,23,23,22,False
/mnt/c/Users/0M SAI RAM/Desktop/project/dataset/archive/derm12345_train_part_2/jd/DERM_499477.jpg,jd,23,23,23,True
/mnt/c/Users/0M SAI RAM/Desktop/project/dataset/archive/derm12345_train_part_2/jd/DERM_212055.jpg,jd,23,23,23,True
/mnt/c/Users/0M SAI RAM/Desktop/project/dataset/archive/derm12345_train_part_2/jd/DERM_942046.jpg,jd,23,23,14,False
/mnt/c/Users/0M SAI RAM/Desktop/project/dataset/archive/derm12345_train_part_2/jd/DERM_634168.jpg,jd,23,23,22,False
/mnt/c/Users/0M SAI RAM/Desktop/project/dataset/archive/derm12345_train_part_2/jd/DERM_217798.jpg,jd,23,23,14,False
/mnt/c/Users/0M SAI RAM/Desktop/project/dataset/archive/derm12345_train_part_2/jd/DERM_908613.jpg,jd,23,23,23,True
/mnt/c/Users/0M SAI RAM/Desktop/project/dataset/archive/derm12345_train_part_2/jd/DERM_746761.jpg,jd,23,23,22,False
/mnt/c/Users/0M SAI RAM/Desktop/project/dataset/archive/derm12345_train_part_2/jd/DERM_715796.jpg,jd,23,23,22,False
/mnt/c/Users/0M SAI RAM/Desktop/project/dataset/archive/derm12345_train_part_2/jd/DERM_304119.jpg,jd,23,23,22,False
/mnt/c/Users/0M SAI RAM/Desktop/project/dataset/archive/derm12345_train_part_2/jd/DERM_172987.jpg,jd,23,23,17,False
/mnt/c/Users/0M SAI RAM/Desktop/project/dataset/archive/derm12345_train_part_2/jd/DERM_604024.jpg,jd,23,23,23,True
/mnt/c/Users/0M SAI RAM/Desktop/project/dataset/archive/derm12345_train_part_2/jd/DERM_382565.jpg,jd,23,23,23,True
/mnt/c/Users/0M SAI RAM/Desktop/project/dataset/archive/derm12345_train_part_2/jd/DERM_733103.jpg,jd,23,23,22,False
/mnt/c/Users/0M SAI RAM/Desktop/project/dataset/archive/derm12345_train_part_2/jd/DERM_295073.jpg,jd,23,23,23,True
/mnt/c/Users/0M SAI RAM/Desktop/project/dataset/archive/derm12345_train_part_2/jd/DERM_521432.jpg,jd,23,23,23,True
/mnt/c/Users/0M SAI RAM/Desktop/project/dataset/archive/derm12345_train_part_2/jd/DERM_793380.jpg,jd,23,23,23,True
/mnt/c/Users/0M SAI RAM/Desktop/project/dataset/archive/derm12345_train_part_2/jd/DERM_423979.jpg,jd,23,23,23,True
/mnt/c/Users/0M SAI RAM/Desktop/project/dataset/archive/derm12345_train_part_2/jd/DERM_245337.jpg,jd,23,23,23,True
/mnt/c/Users/0M SAI RAM/Desktop/project/dataset/archive/derm12345_train_part_2/jd/DERM_783306.jpg,jd,23,23,23,True
/mnt/c/Users/0M SAI RAM/Desktop/project/dataset/archive/derm12345_train_part_2/jd/DERM_929037.jpg,jd,23,23,23,True
/mnt/c/Users/0M SAI RAM/Desktop/project/dataset/archive/derm12345_train_part_2/jd/DERM_360016.jpg,jd,23,23,23,True
/mnt/c/Users/0M SAI RAM/Desktop/project/dataset/archive/derm12345_train_part_2/jd/DERM_543602.jpg,jd,23,23,14,False
/mnt/c/Users/0M SAI RAM/Desktop/project/dataset/archive/derm12345_train_part_2/jd/DERM_524026.jpg,jd,23,23,23,True
/mnt/c/Users/0M SAI RAM/Desktop/project/dataset/archive/derm12345_train_part_2/jd/DERM_948868.jpg,jd,23,23,22,False
/mnt/c/Users/0M SAI RAM/Desktop/project/dataset/archive/derm12345_train_part_2/jd/DERM_277835.jpg,jd,23,23,23,True
/mnt/c/Users/0M SAI RAM/Desktop/project/dataset/archive/derm12345_train_part_2/jd/DERM_459086.jpg,jd,23,23,23,True
/mnt/c/Users/0M SAI RAM/Desktop/project/dataset/archive/derm12345_train_part_2/jd/DERM_750605.jpg,jd,23,23,23,True
/mnt/c/Users/0M SAI RAM/Desktop/project/dataset/archive/derm12345_train_part_2/jd/DERM_992340.jpg,jd,23,23,37,False
/mnt/c/Users/0M SAI RAM/Desktop/project/dataset/archive/derm12345_train_part_2/jd/DERM_318853.jpg,jd,23,23,11,False
/mnt/c/Users/0M SAI RAM/Desktop/project/dataset/archive/derm12345_train_part_2/jd/DERM_970183.jpg,jd,23,23,23,True
/mnt/c/Users/0M SAI RAM/Desktop/project/dataset/archive/derm12345_train_part_2/jd/DERM_594945.jpg,jd,23,23,23,True
/mnt/c/Users/0M SAI RAM/Desktop/project/dataset/archive/derm12345_train_part_2/jd/DERM_493098.jpg,jd,23,23,23,True
/mnt/c/Users/0M SAI RAM/Desktop/project/dataset/archive/derm12345_train_part_2/jd/DERM_601397.jpg,jd,23,23,14,False
/mnt/c/Users/0M SAI RAM/Desktop/project/dataset/archive/derm12345_train_part_2/jd/DERM_400756.jpg,jd,23,23,22,False
/mnt/c/Users/0M SAI RAM/Desktop/project/dataset/archive/derm12345_train_part_2/jd/DERM_400869.jpg,jd,23,23,23,True
/mnt/c/Users/0M SAI RAM/Desktop/project/dataset/archive/derm12345_train_part_2/jd/DERM_216704.jpg,jd,23,23,22,False
/mnt/c/Users/0M SAI RAM/Desktop/project/dataset/archive/derm12345_train_part_2/jd/DERM_590294.jpg,jd,23,23,22,False
/mnt/c/Users/0M SAI RAM/Desktop/project/dataset/archive/derm12345_train_part_2/jd/DERM_697179.jpg,jd,23,23,22,False
/mnt/c/Users/0M SAI RAM/Desktop/project/dataset/archive/derm12345_train_part_2/jd/DERM_333903.jpg,jd,23,23,23,True
/mnt/c/Users/0M SAI RAM/Desktop/project/dataset/archive/derm12345_train_part_2/jd/DERM_182264.jpg,jd,23,23,23,True
/mnt/c/Users/0M SAI RAM/Desktop/project/dataset/archive/derm12345_train_part_2/jd/DERM_839626.jpg,jd,23,23,23,True
/mnt/c/Users/0M SAI RAM/Desktop/project/dataset/archive/derm12345_train_part_2/jd/DERM_459445.jpg,jd,23,23,14,False
/mnt/c/Users/0M SAI RAM/Desktop/project/dataset/archive/derm12345_train_part_2/jd/DERM_202274.jpg,jd,23,23,23,True
/mnt/c/Users/0M SAI RAM/Desktop/project/dataset/archive/derm12345_train_part_2/jd/DERM_576919.jpg,jd,23,23,23,True
/mnt/c/Users/0M SAI RAM/Desktop/project/dataset/archive/derm12345_train_part_2/jd/DERM_890849.jpg,jd,23,23,23,True
/mnt/c/Users/0M SAI RAM/Desktop/project/dataset/archive/derm12345_train_part_2/jd/DERM_690873.jpg,jd,23,23,22,False
/mnt/c/Users/0M SAI RAM/Desktop/project/dataset/archive/derm12345_train_part_2/jd/DERM_477428.jpg,jd,23,23,23,True
/mnt/c/Users/0M SAI RAM/Desktop/project/dataset/archive/derm12345_train_part_2/jd/DERM_438051.jpg,jd,23,23,22,False
/mnt/c/Users/0M SAI RAM/Desktop/project/dataset/archive/derm12345_train_part_2/jd/DERM_519594.jpg,jd,23,23,14,False
/mnt/c/Users/0M SAI RAM/Desktop/project/dataset/archive/derm12345_train_part_2/jd/DERM_838807.jpg,jd,23,23,23,True
/mnt/c/Users/0M SAI RAM/Desktop/project/dataset/archive/derm12345_train_part_2/jd/DERM_499715.jpg,jd,23,23,14,False
/mnt/c/Users/0M SAI RAM/Desktop/project/dataset/archive/derm12345_train_part_2/jd/DERM_431040.jpg,jd,23,23,23,True
/mnt/c/Users/0M SAI RAM/Desktop/project/dataset/archive/derm12345_train_part_2/jd/DERM_953122.jpg,jd,23,23,23,True
/mnt/c/Users/0M SAI RAM/Desktop/project/dataset/archive/derm12345_train_part_2/jd/DERM_119510.jpg,jd,23,23,23,True
/mnt/c/Users/0M SAI RAM/Desktop/project/dataset/archive/derm12345_train_part_2/jd/DERM_234776.jpg,jd,23,23,23,True
/mnt/c/Users/0M SAI RAM/Desktop/project/dataset/archive/derm12345_train_part_2/jd/DERM_589678.jpg,jd,23,23,23,True
/mnt/c/Users/0M SAI RAM/Desktop/project/dataset/archive/derm12345_train_part_2/jd/DERM_603739.jpg,jd,23,23,23,True
/mnt/c/Users/0M SAI RAM/Desktop/project/dataset/archive/derm12345_train_part_2/jd/DERM_567577.jpg,jd,23,23,14,False
/mnt/c/Users/0M SAI RAM/Desktop/project/dataset/archive/derm12345_train_part_2/jd/DERM_705550.jpg,jd,23,23,23,True
/mnt/c/Users/0M SAI RAM/Desktop/project/dataset/archive/derm12345_train_part_2/jd/DERM_824017.jpg,jd,23,23,23,True
/mnt/c/Users/0M SAI RAM/Desktop/project/dataset/archive/derm12345_train_part_2/jd/DERM_285379.jpg,jd,23,23,23,True
/mnt/c/Users/0M SAI RAM/Desktop/project/dataset/archive/derm12345_train_part_2/jd/DERM_563555.jpg,jd,23,23,23,True
/mnt/c/Users/0M SAI RAM/Desktop/project/dataset/archive/derm12345_train_part_2/jd/DERM_276515.jpg,jd,23,23,14,False
/mnt/c/Users/0M SAI RAM/Desktop/project/dataset/archive/derm12345_train_part_2/jd/DERM_400397.jpg,jd,23,23,22,False
/mnt/c/Users/0M SAI RAM/Desktop/project/dataset/archive/derm12345_train_part_2/jd/DERM_579970.jpg,jd,23,23,23,True
/mnt/c/Users/0M SAI RAM/Desktop/project/dataset/archive/derm12345_train_part_2/jd/DERM_324492.jpg,jd,23,23,14,False
/mnt/c/Users/0M SAI RAM/Desktop/project/dataset/archive/derm12345_train_part_2/jd/DERM_122124.jpg,jd,23,23,23,True
/mnt/c/Users/0M SAI RAM/Desktop/project/dataset/archive/derm12345_train_part_2/jd/DERM_472363.jpg,jd,23,23,23,True
/mnt/c/Users/0M SAI RAM/Desktop/project/dataset/archive/derm12345_train_part_2/jd/DERM_511114.jpg,jd,23,23,23,True
/mnt/c/Users/0M SAI RAM/Desktop/project/dataset/archive/derm12345_train_part_2/jd/DERM_384940.jpg,jd,23,23,23,True
/mnt/c/Users/0M SAI RAM/Desktop/project/dataset/archive/derm12345_train_part_2/jd/DERM_115889.jpg,jd,23,23,23,True
/mnt/c/Users/0M SAI RAM/Desktop/project/dataset/archive/derm12345_train_part_2/jd/DERM_823513.jpg,jd,23,23,23,True
/mnt/c/Users/0M SAI RAM/Desktop/project/dataset/archive/derm12345_train_part_2/jd/DERM_527286.jpg,jd,23,23,22,False
/mnt/c/Users/0M SAI RAM/Desktop/project/dataset/archive/derm12345_train_part_2/jd/DERM_405031.jpg,jd,23,23,22,False
/mnt/c/Users/0M SAI RAM/Desktop/project/dataset/archive/derm12345_train_part_2/jd/DERM_100075.jpg,jd,23,23,22,False
/mnt/c/Users/0M SAI RAM/Desktop/project/dataset/archive/derm12345_train_part_2/jd/DERM_589339.jpg,jd,23,23,22,False
/mnt/c/Users/0M SAI RAM/Desktop/project/dataset/archive/derm12345_train_part_2/jd/DERM_837018.jpg,jd,23,23,23,True
/mnt/c/Users/0M SAI RAM/Desktop/project/dataset/archive/derm12345_train_part_2/jd/DERM_157373.jpg,jd,23,23,11,False
/mnt/c/Users/0M SAI RAM/Desktop/project/dataset/archive/derm12345_train_part_2/jd/DERM_587564.jpg,jd,23,23,11,False
/mnt/c/Users/0M SAI RAM/Desktop/project/dataset/archive/derm12345_train_part_2/jd/DERM_393864.jpg,jd,23,23,23,True
/mnt/c/Users/0M SAI RAM/Desktop/project/dataset/archive/derm12345_train_part_2/jd/DERM_356695.jpg,jd,23,23,10,False
/mnt/c/Users/0M SAI RAM/Desktop/project/dataset/archive/derm12345_train_part_2/jd/DERM_160332.jpg,jd,23,23,23,True
/mnt/c/Users/0M SAI RAM/Desktop/project/dataset/archive/derm12345_train_part_2/jd/DERM_720421.jpg,jd,23,23,23,True
/mnt/c/Users/0M SAI RAM/Desktop/project/dataset/archive/derm12345_train_part_2/jd/DERM_546898.jpg,jd,23,23,23,True
/mnt/c/Users/0M SAI RAM/Desktop/project/dataset/archive/derm12345_train_part_2/jd/DERM_750676.jpg,jd,23,23,23,True
/mnt/c/Users/0M SAI RAM/Desktop/project/dataset/archive/derm12345_train_part_2/jd/DERM_792458.jpg,jd,23,23,23,True
/mnt/c/Users/0M SAI RAM/Desktop/project/dataset/archive/derm12345_train_part_2/jd/DERM_266136.jpg,jd,23,23,22,False
/mnt/c/Users/0M SAI RAM/Desktop/project/dataset/archive/derm12345_train_part_2/jd/DERM_267721.jpg,jd,23,23,11,False
/mnt/c/Users/0M SAI RAM/Desktop/project/dataset/archive/derm12345_train_part_2/jd/DERM_799803.jpg,jd,23,23,20,False
/mnt/c/Users/0M SAI RAM/Desktop/project/dataset/archive/derm12345_train_part_2/jd/DERM_584748.jpg,jd,23,23,22,False
/mnt/c/Users/0M SAI RAM/Desktop/project/dataset/archive/derm12345_train_part_2/jd/DERM_365792.jpg,jd,23,23,23,True
/mnt/c/Users/0M SAI RAM/Desktop/project/dataset/archive/derm12345_train_part_2/jd/DERM_660056.jpg,jd,23,23,23,True
/mnt/c/Users/0M SAI RAM/Desktop/project/dataset/archive/derm12345_train_part_2/jd/DERM_745605.jpg,jd,23,23,23,True
/mnt/c/Users/0M SAI RAM/Desktop/project/dataset/archive/derm12345_train_part_2/jd/DERM_118044.jpg,jd,23,23,23,True
/mnt/c/Users/0M SAI RAM/Desktop/project/dataset/archive/derm12345_train_part_2/jd/DERM_829071.jpg,jd,23,23,23,True
/mnt/c/Users/0M SAI RAM/Desktop/project/dataset/archive/derm12345_train_part_2/jd/DERM_704013.jpg,jd,23,23,3,False
/mnt/c/Users/0M SAI RAM/Desktop/project/dataset/archive/derm12345_train_part_2/jd/DERM_408040.jpg,jd,23,23,17,False
/mnt/c/Users/0M SAI RAM/Desktop/project/dataset/archive/derm12345_train_part_2/jd/DERM_968035.jpg,jd,23,23,23,True
/mnt/c/Users/0M SAI RAM/Desktop/project/dataset/archive/derm12345_train_part_2/jd/DERM_922176.jpg,jd,23,23,23,True
/mnt/c/Users/0M SAI RAM/Desktop/project/dataset/archive/derm12345_train_part_2/jd/DERM_336631.jpg,jd,23,23,3,False
/mnt/c/Users/0M SAI RAM/Desktop/project/dataset/archive/derm12345_train_part_2/jd/DERM_830199.jpg,jd,23,23,23,True
/mnt/c/Users/0M SAI RAM/Desktop/project/dataset/archive/derm12345_train_part_2/jd/DERM_919017.jpg,jd,23,23,23,True
/mnt/c/Users/0M SAI RAM/Desktop/project/dataset/archive/derm12345_train_part_2/jd/DERM_481424.jpg,jd,23,23,11,False
/mnt/c/Users/0M SAI RAM/Desktop/project/dataset/archive/derm12345_train_part_2/jd/DERM_366909.jpg,jd,23,23,14,False
/mnt/c/Users/0M SAI RAM/Desktop/project/dataset/archive/derm12345_train_part_2/jd/DERM_198546.jpg,jd,23,23,14,False
/mnt/c/Users/0M SAI RAM/Desktop/project/dataset/archive/derm12345_train_part_2/jd/DERM_787912.jpg,jd,23,23,14,False
/mnt/c/Users/0M SAI RAM/Desktop/project/dataset/archive/derm12345_train_part_2/jd/DERM_672815.jpg,jd,23,23,23,True
/mnt/c/Users/0M SAI RAM/Desktop/project/dataset/archive/derm12345_train_part_2/jd/DERM_383192.jpg,jd,23,23,23,True
/mnt/c/Users/0M SAI RAM/Desktop/project/dataset/archive/derm12345_train_part_2/jd/DERM_818428.jpg,jd,23,23,22,False
/mnt/c/Users/0M SAI RAM/Desktop/project/dataset/archive/derm12345_train_part_2/jd/DERM_605047.jpg,jd,23,23,22,False
/mnt/c/Users/0M SAI RAM/Desktop/project/dataset/archive/derm12345_train_part_2/jd/DERM_649163.jpg,jd,23,23,11,False
/mnt/c/Users/0M SAI RAM/Desktop/project/dataset/archive/derm12345_train_part_2/jd/DERM_858124.jpg,jd,23,23,23,True
/mnt/c/Users/0M SAI RAM/Desktop/project/dataset/archive/derm12345_train_part_2/jd/DERM_515438.jpg,jd,23,23,23,True
/mnt/c/Users/0M SAI RAM/Desktop/project/dataset/archive/derm12345_train_part_2/jd/DERM_766907.jpg,jd,23,23,23,True
/mnt/c/Users/0M SAI RAM/Desktop/project/dataset/archive/derm12345_train_part_2/jd/DERM_605383.jpg,jd,23,23,23,True
/mnt/c/Users/0M SAI RAM/Desktop/project/dataset/archive/derm12345_train_part_2/jd/DERM_566776.jpg,jd,23,23,14,False
/mnt/c/Users/0M SAI RAM/Desktop/project/dataset/archive/derm12345_train_part_2/jd/DERM_875754.jpg,jd,23,23,22,False
/mnt/c/Users/0M SAI RAM/Desktop/project/dataset/archive/derm12345_train_part_2/jd/DERM_235402.jpg,jd,23,23,23,True
/mnt/c/Users/0M SAI RAM/Desktop/project/dataset/archive/derm12345_train_part_2/jd/DERM_736759.jpg,jd,23,23,23,True
/mnt/c/Users/0M SAI RAM/Desktop/project/dataset/archive/derm12345_train_part_2/jd/DERM_468287.jpg,jd,23,23,22,False
/mnt/c/Users/0M SAI RAM/Desktop/project/dataset/archive/derm12345_train_part_2/jd/DERM_454435.jpg,jd,23,23,23,True
/mnt/c/Users/0M SAI RAM/Desktop/project/dataset/archive/derm12345_train_part_2/jd/DERM_992753.jpg,jd,23,23,23,True
/mnt/c/Users/0M SAI RAM/Desktop/project/dataset/archive/derm12345_train_part_2/jd/DERM_926500.jpg,jd,23,23,17,False
/mnt/c/Users/0M SAI RAM/Desktop/project/dataset/archive/derm12345_train_part_2/jd/DERM_266900.jpg,jd,23,23,17,False
/mnt/c/Users/0M SAI RAM/Desktop/project/dataset/archive/derm12345_train_part_2/jd/DERM_513991.jpg,jd,23,23,18,False
/mnt/c/Users/0M SAI RAM/Desktop/project/dataset/archive/derm12345_train_part_2/jd/DERM_678497.jpg,jd,23,23,23,True
/mnt/c/Users/0M SAI RAM/Desktop/project/dataset/archive/derm12345_train_part_2/jd/DERM_885721.jpg,jd,23,23,11,False
/mnt/c/Users/0M SAI RAM/Desktop/project/dataset/archive/derm12345_train_part_2/jd/DERM_391533.jpg,jd,23,23,22,False
/mnt/c/Users/0M SAI RAM/Desktop/project/dataset/archive/derm12345_train_part_2/jd/DERM_618397.jpg,jd,23,23,23,True
/mnt/c/Users/0M SAI RAM/Desktop/project/dataset/archive/derm12345_train_part_2/jd/DERM_714992.jpg,jd,23,23,30,False
/mnt/c/Users/0M SAI RAM/Desktop/project/dataset/archive/derm12345_train_part_2/jd/DERM_643907.jpg,jd,23,23,23,True
/mnt/c/Users/0M SAI RAM/Desktop/project/dataset/archive/derm12345_train_part_2/jd/DERM_797003.jpg,jd,23,23,11,False
/mnt/c/Users/0M SAI RAM/Desktop/project/dataset/archive/derm12345_train_part_2/jd/DERM_709489.jpg,jd,23,23,23,True
/mnt/c/Users/0M SAI RAM/Desktop/project/dataset/archive/derm12345_train_part_2/jd/DERM_181917.jpg,jd,23,23,23,True
/mnt/c/Users/0M SAI RAM/Desktop/project/dataset/archive/derm12345_train_part_2/jd/DERM_221127.jpg,jd,23,23,10,False
/mnt/c/Users/0M SAI RAM/Desktop/project/dataset/archive/derm12345_train_part_2/jd/DERM_752081.jpg,jd,23,23,23,True
/mnt/c/Users/0M SAI RAM/Desktop/project/dataset/archive/derm12345_train_part_2/jd/DERM_611521.jpg,jd,23,23,22,False
/mnt/c/Users/0M SAI RAM/Desktop/project/dataset/archive/derm12345_train_part_2/jd/DERM_239067.jpg,jd,23,23,23,True
/mnt/c/Users/0M SAI RAM/Desktop/project/dataset/archive/derm12345_train_part_2/jd/DERM_365804.jpg,jd,23,23,22,False
/mnt/c/Users/0M SAI RAM/Desktop/project/dataset/archive/derm12345_train_part_2/jd/DERM_727389.jpg,jd,23,23,12,False
/mnt/c/Users/0M SAI RAM/Desktop/project/dataset/archive/derm12345_train_part_2/jd/DERM_159508.jpg,jd,23,23,23,True
/mnt/c/Users/0M SAI RAM/Desktop/project/dataset/archive/derm12345_train_part_2/jd/DERM_199099.jpg,jd,23,23,23,True
/mnt/c/Users/0M SAI RAM/Desktop/project/dataset/archive/derm12345_train_part_2/jd/DERM_326387.jpg,jd,23,23,23,True
/mnt/c/Users/0M SAI RAM/Desktop/project/dataset/archive/derm12345_train_part_2/jd/DERM_365056.jpg,jd,23,23,22,False
/mnt/c/Users/0M SAI RAM/Desktop/project/dataset/archive/derm12345_train_part_2/jd/DERM_141778.jpg,jd,23,23,23,True
/mnt/c/Users/0M SAI RAM/Desktop/project/dataset/archive/derm12345_train_part_2/jd/DERM_541325.jpg,jd,23,23,14,False
/mnt/c/Users/0M SAI RAM/Desktop/project/dataset/archive/derm12345_train_part_2/jd/DERM_519588.jpg,jd,23,23,23,True
/mnt/c/Users/0M SAI RAM/Desktop/project/dataset/archive/derm12345_train_part_2/jd/DERM_439510.jpg,jd,23,23,22,False
/mnt/c/Users/0M SAI RAM/Desktop/project/dataset/archive/derm12345_train_part_2/jd/DERM_221531.jpg,jd,23,23,22,False
/mnt/c/Users/0M SAI RAM/Desktop/project/dataset/archive/derm12345_train_part_2/jd/DERM_824920.jpg,jd,23,23,23,True
/mnt/c/Users/0M SAI RAM/Desktop/project/dataset/archive/derm12345_train_part_2/jd/DERM_502809.jpg,jd,23,23,22,False
/mnt/c/Users/0M SAI RAM/Desktop/project/dataset/archive/derm12345_train_part_2/jd/DERM_891681.jpg,jd,23,23,23,True
/mnt/c/Users/0M SAI RAM/Desktop/project/dataset/archive/derm12345_train_part_2/jd/DERM_307978.jpg,jd,23,23,23,True
/mnt/c/Users/0M SAI RAM/Desktop/project/dataset/archive/derm12345_train_part_2/jd/DERM_620685.jpg,jd,23,23,22,False
/mnt/c/Users/0M SAI RAM/Desktop/project/dataset/archive/derm12345_train_part_2/jd/DERM_146426.jpg,jd,23,23,23,True
/mnt/c/Users/0M SAI RAM/Desktop/project/dataset/archive/derm12345_train_part_2/jd/DERM_183332.jpg,jd,23,23,23,True
/mnt/c/Users/0M SAI RAM/Desktop/project/dataset/archive/derm12345_train_part_2/jd/DERM_364882.jpg,jd,23,23,23,True
/mnt/c/Users/0M SAI RAM/Desktop/project/dataset/archive/derm12345_train_part_2/jd/DERM_135562.jpg,jd,23,23,22,False
/mnt/c/Users/0M SAI RAM/Desktop/project/dataset/archive/derm12345_train_part_2/jd/DERM_458832.jpg,jd,23,23,23,True
/mnt/c/Users/0M SAI RAM/Desktop/project/dataset/archive/derm12345_train_part_2/jd/DERM_803581.jpg,jd,23,23,23,True
/mnt/c/Users/0M SAI RAM/Desktop/project/dataset/archive/derm12345_train_part_2/jd/DERM_894058.jpg,jd,23,23,11,False
/mnt/c/Users/0M SAI RAM/Desktop/project/dataset/archive/derm12345_train_part_2/jd/DERM_247564.jpg,jd,23,23,23,True
/mnt/c/Users/0M SAI RAM/Desktop/project/dataset/archive/derm12345_train_part_2/jd/DERM_481184.jpg,jd,23,23,23,True
/mnt/c/Users/0M SAI RAM/Desktop/project/dataset/archive/derm12345_train_part_2/jd/DERM_494429.jpg,jd,23,23,23,True
/mnt/c/Users/0M SAI RAM/Desktop/project/dataset/archive/derm12345_train_part_2/jd/DERM_916094.jpg,jd,23,23,23,True
/mnt/c/Users/0M SAI RAM/Desktop/project/dataset/archive/derm12345_train_part_2/jd/DERM_363404.jpg,jd,23,23,22,False
/mnt/c/Users/0M SAI RAM/Desktop/project/dataset/archive/derm12345_train_part_2/jd/DERM_465464.jpg,jd,23,23,22,False
/mnt/c/Users/0M SAI RAM/Desktop/project/dataset/archive/derm12345_train_part_2/jd/DERM_559509.jpg,jd,23,23,16,False
/mnt/c/Users/0M SAI RAM/Desktop/project/dataset/archive/derm12345_train_part_2/jd/DERM_694099.jpg,jd,23,23,22,False
/mnt/c/Users/0M SAI RAM/Desktop/project/dataset/archive/derm12345_train_part_2/jd/DERM_734367.jpg,jd,23,23,11,False
/mnt/c/Users/0M SAI RAM/Desktop/project/dataset/archive/derm12345_train_part_2/jd/DERM_786619.jpg,jd,23,23,23,True
/mnt/c/Users/0M SAI RAM/Desktop/project/dataset/archive/derm12345_train_part_2/jd/DERM_987235.jpg,jd,23,23,23,True
/mnt/c/Users/0M SAI RAM/Desktop/project/dataset/archive/derm12345_train_part_2/jd/DERM_982408.jpg,jd,23,23,23,True
/mnt/c/Users/0M SAI RAM/Desktop/project/dataset/archive/derm12345_train_part_2/jd/DERM_531329.jpg,jd,23,23,8,False
/mnt/c/Users/0M SAI RAM/Desktop/project/dataset/archive/derm12345_train_part_2/jd/DERM_458605.jpg,jd,23,23,23,True
/mnt/c/Users/0M SAI RAM/Desktop/project/dataset/archive/derm12345_train_part_2/jd/DERM_928181.jpg,jd,23,23,23,True
/mnt/c/Users/0M SAI RAM/Desktop/project/dataset/archive/derm12345_train_part_2/jd/DERM_727187.jpg,jd,23,23,11,False
/mnt/c/Users/0M SAI RAM/Desktop/project/dataset/archive/derm12345_train_part_2/jd/DERM_542857.jpg,jd,23,23,11,False
/mnt/c/Users/0M SAI RAM/Desktop/project/dataset/archive/derm12345_train_part_2/jd/DERM_113198.jpg,jd,23,23,23,True
/mnt/c/Users/0M SAI RAM/Desktop/project/dataset/archive/derm12345_train_part_2/jd/DERM_785708.jpg,jd,23,23,23,True
/mnt/c/Users/0M SAI RAM/Desktop/project/dataset/archive/derm12345_train_part_2/jd/DERM_763392.jpg,jd,23,23,22,False
/mnt/c/Users/0M SAI RAM/Desktop/project/dataset/archive/derm12345_train_part_2/jd/DERM_655079.jpg,jd,23,23,23,True
/mnt/c/Users/0M SAI RAM/Desktop/project/dataset/archive/derm12345_train_part_2/jd/DERM_338976.jpg,jd,23,23,23,True
/mnt/c/Users/0M SAI RAM/Desktop/project/dataset/archive/derm12345_train_part_2/jd/DERM_260752.jpg,jd,23,23,36,False
/mnt/c/Users/0M SAI RAM/Desktop/project/dataset/archive/derm12345_train_part_2/jd/DERM_805409.jpg,jd,23,23,23,True
/mnt/c/Users/0M SAI RAM/Desktop/project/dataset/archive/derm12345_train_part_2/jd/DERM_904837.jpg,jd,23,23,23,True
/mnt/c/Users/0M SAI RAM/Desktop/project/dataset/archive/derm12345_train_part_2/jd/DERM_365315.jpg,jd,23,23,23,True
/mnt/c/Users/0M SAI RAM/Desktop/project/dataset/archive/derm12345_train_part_2/jd/DERM_709689.jpg,jd,23,23,23,True
/mnt/c/Users/0M SAI RAM/Desktop/project/dataset/archive/derm12345_train_part_2/jd/DERM_336436.jpg,jd,23,23,23,True
/mnt/c/Users/0M SAI RAM/Desktop/project/dataset/archive/derm12345_train_part_2/jd/DERM_326919.jpg,jd,23,23,23,True
/mnt/c/Users/0M SAI RAM/Desktop/project/dataset/archive/derm12345_train_part_2/jd/DERM_411682.jpg,jd,23,23,22,False
/mnt/c/Users/0M SAI RAM/Desktop/project/dataset/archive/derm12345_train_part_2/jd/DERM_564316.jpg,jd,23,23,23,True
/mnt/c/Users/0M SAI RAM/Desktop/project/dataset/archive/derm12345_train_part_2/jd/DERM_739530.jpg,jd,23,23,23,True
/mnt/c/Users/0M SAI RAM/Desktop/project/dataset/archive/derm12345_train_part_2/jd/DERM_901102.jpg,jd,23,23,22,False
/mnt/c/Users/0M SAI RAM/Desktop/project/dataset/archive/derm12345_train_part_2/jd/DERM_918684.jpg,jd,23,23,14,False
/mnt/c/Users/0M SAI RAM/Desktop/project/dataset/archive/derm12345_train_part_2/jd/DERM_825864.jpg,jd,23,23,22,False
/mnt/c/Users/0M SAI RAM/Desktop/project/dataset/archive/derm12345_train_part_2/jd/DERM_545458.jpg,jd,23,23,34,False
/mnt/c/Users/0M SAI RAM/Desktop/project/dataset/archive/derm12345_train_part_2/jd/DERM_720680.jpg,jd,23,23,3,False
/mnt/c/Users/0M SAI RAM/Desktop/project/dataset/archive/derm12345_train_part_2/jd/DERM_500035.jpg,jd,23,23,23,True
/mnt/c/Users/0M SAI RAM/Desktop/project/dataset/archive/derm12345_train_part_2/jd/DERM_742441.jpg,jd,23,23,12,False
/mnt/c/Users/0M SAI RAM/Desktop/project/dataset/archive/derm12345_train_part_2/jd/DERM_316445.jpg,jd,23,23,23,True
/mnt/c/Users/0M SAI RAM/Desktop/project/dataset/archive/derm12345_train_part_2/jd/DERM_719990.jpg,jd,23,23,23,True
/mnt/c/Users/0M SAI RAM/Desktop/project/dataset/archive/derm12345_train_part_2/jd/DERM_419525.jpg,jd,23,23,23,True
/mnt/c/Users/0M SAI RAM/Desktop/project/dataset/archive/derm12345_train_part_2/jd/DERM_324353.jpg,jd,23,23,23,True
/mnt/c/Users/0M SAI RAM/Desktop/project/dataset/archive/derm12345_train_part_2/jd/DERM_674007.jpg,jd,23,23,23,True
/mnt/c/Users/0M SAI RAM/Desktop/project/dataset/archive/derm12345_train_part_2/jd/DERM_683593.jpg,jd,23,23,22,False
/mnt/c/Users/0M SAI RAM/Desktop/project/dataset/archive/derm12345_train_part_2/jd/DERM_902017.jpg,jd,23,23,22,False
/mnt/c/Users/0M SAI RAM/Desktop/project/dataset/archive/derm12345_train_part_2/jd/DERM_867717.jpg,jd,23,23,23,True
/mnt/c/Users/0M SAI RAM/Desktop/project/dataset/archive/derm12345_train_part_2/jd/DERM_347962.jpg,jd,23,23,23,True
/mnt/c/Users/0M SAI RAM/Desktop/project/dataset/archive/derm12345_train_part_2/jd/DERM_633782.jpg,jd,23,23,23,True
/mnt/c/Users/0M SAI RAM/Desktop/project/dataset/archive/derm12345_train_part_2/jd/DERM_542901.jpg,jd,23,23,23,True
/mnt/c/Users/0M SAI RAM/Desktop/project/dataset/archive/derm12345_train_part_2/jd/DERM_280022.jpg,jd,23,23,23,True
/mnt/c/Users/0M SAI RAM/Desktop/project/dataset/archive/derm12345_train_part_2/jd/DERM_589962.jpg,jd,23,23,23,True
/mnt/c/Users/0M SAI RAM/Desktop/project/dataset/archive/derm12345_train_part_2/jd/DERM_482436.jpg,jd,23,23,23,True
/mnt/c/Users/0M SAI RAM/Desktop/project/dataset/archive/derm12345_train_part_2/jd/DERM_333046.jpg,jd,23,23,22,False
/mnt/c/Users/0M SAI RAM/Desktop/project/dataset/archive/derm12345_train_part_2/jd/DERM_205548.jpg,jd,23,23,23,True
/mnt/c/Users/0M SAI RAM/Desktop/project/dataset/archive/derm12345_train_part_2/jd/DERM_740776.jpg,jd,23,23,11,False
/mnt/c/Users/0M SAI RAM/Desktop/project/dataset/archive/derm12345_train_part_2/jd/DERM_701290.jpg,jd,23,23,23,True
/mnt/c/Users/0M SAI RAM/Desktop/project/dataset/archive/derm12345_train_part_2/jd/DERM_826354.jpg,jd,23,23,23,True
/mnt/c/Users/0M SAI RAM/Desktop/project/dataset/archive/derm12345_train_part_2/jd/DERM_159988.jpg,jd,23,23,23,True
/mnt/c/Users/0M SAI RAM/Desktop/project/dataset/archive/derm12345_train_part_2/jd/DERM_375949.jpg,jd,23,23,14,False
/mnt/c/Users/0M SAI RAM/Desktop/project/dataset/archive/derm12345_train_part_2/jd/DERM_519143.jpg,jd,23,23,14,False
/mnt/c/Users/0M SAI RAM/Desktop/project/dataset/archive/derm12345_train_part_2/jd/DERM_945399.jpg,jd,23,23,14,False
/mnt/c/Users/0M SAI RAM/Desktop/project/dataset/archive/derm12345_train_part_2/jd/DERM_267823.jpg,jd,23,23,23,True
/mnt/c/Users/0M SAI RAM/Desktop/project/dataset/archive/derm12345_train_part_2/jd/DERM_961221.jpg,jd,23,23,14,False
/mnt/c/Users/0M SAI RAM/Desktop/project/dataset/archive/derm12345_train_part_2/jd/DERM_535501.jpg,jd,23,23,23,True
/mnt/c/Users/0M SAI RAM/Desktop/project/dataset/archive/derm12345_train_part_2/jd/DERM_538886.jpg,jd,23,23,22,False
/mnt/c/Users/0M SAI RAM/Desktop/project/dataset/archive/derm12345_train_part_2/jd/DERM_414010.jpg,jd,23,23,22,False
/mnt/c/Users/0M SAI RAM/Desktop/project/dataset/archive/derm12345_train_part_2/jd/DERM_587870.jpg,jd,23,23,23,True
/mnt/c/Users/0M SAI RAM/Desktop/project/dataset/archive/derm12345_train_part_2/jd/DERM_716203.jpg,jd,23,23,23,True
/mnt/c/Users/0M SAI RAM/Desktop/project/dataset/archive/derm12345_train_part_2/jd/DERM_750015.jpg,jd,23,23,23,True
/mnt/c/Users/0M SAI RAM/Desktop/project/dataset/archive/derm12345_train_part_2/jd/DERM_864291.jpg,jd,23,23,23,True
/mnt/c/Users/0M SAI RAM/Desktop/project/dataset/archive/derm12345_train_part_2/jd/DERM_956029.jpg,jd,23,23,23,True
/mnt/c/Users/0M SAI RAM/Desktop/project/dataset/archive/derm12345_train_part_2/jd/DERM_152196.jpg,jd,23,23,23,True
/mnt/c/Users/0M SAI RAM/Desktop/project/dataset/archive/derm12345_train_part_2/jd/DERM_549776.jpg,jd,23,23,23,True
/mnt/c/Users/0M SAI RAM/Desktop/project/dataset/archive/derm12345_train_part_2/jd/DERM_206757.jpg,jd,23,23,23,True
/mnt/c/Users/0M SAI RAM/Desktop/project/dataset/archive/derm12345_train_part_2/jd/DERM_262924.jpg,jd,23,23,23,True
/mnt/c/Users/0M SAI RAM/Desktop/project/dataset/archive/derm12345_train_part_2/jd/DERM_436371.jpg,jd,23,23,23,True
/mnt/c/Users/0M SAI RAM/Desktop/project/dataset/archive/derm12345_train_part_2/jd/DERM_279731.jpg,jd,23,23,22,False
/mnt/c/Users/0M SAI RAM/Desktop/project/dataset/archive/derm12345_train_part_2/jd/DERM_460002.jpg,jd,23,23,23,True
/mnt/c/Users/0M SAI RAM/Desktop/project/dataset/archive/derm12345_train_part_2/jd/DERM_121362.jpg,jd,23,23,23,True
/mnt/c/Users/0M SAI RAM/Desktop/project/dataset/archive/derm12345_train_part_2/jd/DERM_688992.jpg,jd,23,23,23,True
/mnt/c/Users/0M SAI RAM/Desktop/project/dataset/archive/derm12345_train_part_2/jd/DERM_322386.jpg,jd,23,23,14,False
/mnt/c/Users/0M SAI RAM/Desktop/project/dataset/archive/derm12345_train_part_2/jd/DERM_497009.jpg,jd,23,23,11,False
/mnt/c/Users/0M SAI RAM/Desktop/project/dataset/archive/derm12345_train_part_2/jd/DERM_159998.jpg,jd,23,23,14,False
/mnt/c/Users/0M SAI RAM/Desktop/project/dataset/archive/derm12345_train_part_2/jd/DERM_378523.jpg,jd,23,23,23,True
/mnt/c/Users/0M SAI RAM/Desktop/project/dataset/archive/derm12345_train_part_2/jd/DERM_863347.jpg,jd,23,23,23,True
/mnt/c/Users/0M SAI RAM/Desktop/project/dataset/archive/derm12345_train_part_2/jd/DERM_167629.jpg,jd,23,23,22,False
/mnt/c/Users/0M SAI RAM/Desktop/project/dataset/archive/derm12345_train_part_2/jd/DERM_341431.jpg,jd,23,23,22,False
/mnt/c/Users/0M SAI RAM/Desktop/project/dataset/archive/derm12345_train_part_2/jd/DERM_570556.jpg,jd,23,23,23,True
/mnt/c/Users/0M SAI RAM/Desktop/project/dataset/archive/derm12345_train_part_2/jd/DERM_657480.jpg,jd,23,23,22,False
/mnt/c/Users/0M SAI RAM/Desktop/project/dataset/archive/derm12345_train_part_2/jd/DERM_782912.jpg,jd,23,23,23,True
/mnt/c/Users/0M SAI RAM/Desktop/project/dataset/archive/derm12345_train_part_2/jd/DERM_897717.jpg,jd,23,23,23,True
/mnt/c/Users/0M SAI RAM/Desktop/project/dataset/archive/derm12345_train_part_2/jd/DERM_558982.jpg,jd,23,23,23,True
/mnt/c/Users/0M SAI RAM/Desktop/project/dataset/archive/derm12345_train_part_2/jd/DERM_199741.jpg,jd,23,23,23,True
/mnt/c/Users/0M SAI RAM/Desktop/project/dataset/archive/derm12345_train_part_2/jd/DERM_509777.jpg,jd,23,23,23,True
/mnt/c/Users/0M SAI RAM/Desktop/project/dataset/archive/derm12345_train_part_2/jd/DERM_297107.jpg,jd,23,23,23,True
/mnt/c/Users/0M SAI RAM/Desktop/project/dataset/archive/derm12345_train_part_2/jd/DERM_925627.jpg,jd,23,23,23,True
/mnt/c/Users/0M SAI RAM/Desktop/project/dataset/archive/derm12345_train_part_2/jd/DERM_961092.jpg,jd,23,23,23,True
/mnt/c/Users/0M SAI RAM/Desktop/project/dataset/archive/derm12345_train_part_2/jd/DERM_580899.jpg,jd,23,23,22,False
/mnt/c/Users/0M SAI RAM/Desktop/project/dataset/archive/derm12345_train_part_2/jd/DERM_914205.jpg,jd,23,23,23,True
/mnt/c/Users/0M SAI RAM/Desktop/project/dataset/archive/derm12345_train_part_2/jd/DERM_421676.jpg,jd,23,23,23,True
/mnt/c/Users/0M SAI RAM/Desktop/project/dataset/archive/derm12345_train_part_2/jd/DERM_924672.jpg,jd,23,23,23,True
/mnt/c/Users/0M SAI RAM/Desktop/project/dataset/archive/derm12345_train_part_2/jd/DERM_258449.jpg,jd,23,23,23,True
/mnt/c/Users/0M SAI RAM/Desktop/project/dataset/archive/derm12345_train_part_2/jd/DERM_415408.jpg,jd,23,23,23,True
/mnt/c/Users/0M SAI RAM/Desktop/project/dataset/archive/derm12345_train_part_2/jd/DERM_792174.jpg,jd,23,23,23,True
/mnt/c/Users/0M SAI RAM/Desktop/project/dataset/archive/derm12345_train_part_2/jd/DERM_678874.jpg,jd,23,23,18,False
/mnt/c/Users/0M SAI RAM/Desktop/project/dataset/archive/derm12345_train_part_2/jd/DERM_801101.jpg,jd,23,23,23,True
/mnt/c/Users/0M SAI RAM/Desktop/project/dataset/archive/derm12345_train_part_2/jd/DERM_484071.jpg,jd,23,23,23,True
/mnt/c/Users/0M SAI RAM/Desktop/project/dataset/archive/derm12345_train_part_2/jd/DERM_639304.jpg,jd,23,23,22,False
/mnt/c/Users/0M SAI RAM/Desktop/project/dataset/archive/derm12345_train_part_2/jd/DERM_460470.jpg,jd,23,23,3,False
/mnt/c/Users/0M SAI RAM/Desktop/project/dataset/archive/derm12345_train_part_2/jd/DERM_340013.jpg,jd,23,23,22,False
/mnt/c/Users/0M SAI RAM/Desktop/project/dataset/archive/derm12345_train_part_2/jd/DERM_876238.jpg,jd,23,23,14,False
/mnt/c/Users/0M SAI RAM/Desktop/project/dataset/archive/derm12345_train_part_2/jd/DERM_961891.jpg,jd,23,23,14,False
/mnt/c/Users/0M SAI RAM/Desktop/project/dataset/archive/derm12345_train_part_2/jd/DERM_187317.jpg,jd,23,23,23,True
/mnt/c/Users/0M SAI RAM/Desktop/project/dataset/archive/derm12345_train_part_2/jd/DERM_685921.jpg,jd,23,23,23,True
/mnt/c/Users/0M SAI RAM/Desktop/project/dataset/archive/derm12345_train_part_2/jd/DERM_174431.jpg,jd,23,23,8,False
/mnt/c/Users/0M SAI RAM/Desktop/project/dataset/archive/derm12345_train_part_2/jd/DERM_896473.jpg,jd,23,23,25,False
/mnt/c/Users/0M SAI RAM/Desktop/project/dataset/archive/derm12345_train_part_2/jd/DERM_127406.jpg,jd,23,23,39,False
/mnt/c/Users/0M SAI RAM/Desktop/project/dataset/archive/derm12345_train_part_2/jd/DERM_183592.jpg,jd,23,23,22,False
/mnt/c/Users/0M SAI RAM/Desktop/project/dataset/archive/derm12345_train_part_2/jd/DERM_907013.jpg,jd,23,23,23,True
/mnt/c/Users/0M SAI RAM/Desktop/project/dataset/archive/derm12345_train_part_2/jd/DERM_913648.jpg,jd,23,23,23,True
/mnt/c/Users/0M SAI RAM/Desktop/project/dataset/archive/derm12345_train_part_2/jd/DERM_707895.jpg,jd,23,23,22,False
/mnt/c/Users/0M SAI RAM/Desktop/project/dataset/archive/derm12345_train_part_2/jd/DERM_263586.jpg,jd,23,23,3,False
/mnt/c/Users/0M SAI RAM/Desktop/project/dataset/archive/derm12345_train_part_2/jd/DERM_977316.jpg,jd,23,23,23,True
/mnt/c/Users/0M SAI RAM/Desktop/project/dataset/archive/derm12345_train_part_2/jd/DERM_369505.jpg,jd,23,23,14,False
/mnt/c/Users/0M SAI RAM/Desktop/project/dataset/archive/derm12345_train_part_2/jd/DERM_967076.jpg,jd,23,23,14,False
/mnt/c/Users/0M SAI RAM/Desktop/project/dataset/archive/derm12345_train_part_2/jd/DERM_290974.jpg,jd,23,23,23,True
/mnt/c/Users/0M SAI RAM/Desktop/project/dataset/archive/derm12345_train_part_2/jd/DERM_717653.jpg,jd,23,23,22,False
/mnt/c/Users/0M SAI RAM/Desktop/project/dataset/archive/derm12345_train_part_2/jd/DERM_333187.jpg,jd,23,23,8,False
/mnt/c/Users/0M SAI RAM/Desktop/project/dataset/archive/derm12345_train_part_2/jd/DERM_395253.jpg,jd,23,23,23,True
/mnt/c/Users/0M SAI RAM/Desktop/project/dataset/archive/derm12345_train_part_2/jd/DERM_705848.jpg,jd,23,23,22,False
/mnt/c/Users/0M SAI RAM/Desktop/project/dataset/archive/derm12345_train_part_2/jd/DERM_999754.jpg,jd,23,23,23,True
/mnt/c/Users/0M SAI RAM/Desktop/project/dataset/archive/derm12345_train_part_2/jd/DERM_898701.jpg,jd,23,23,22,False
/mnt/c/Users/0M SAI RAM/Desktop/project/dataset/archive/derm12345_train_part_2/jd/DERM_960866.jpg,jd,23,23,23,True
/mnt/c/Users/0M SAI RAM/Desktop/project/dataset/archive/derm12345_train_part_2/jd/DERM_742175.jpg,jd,23,23,22,False
/mnt/c/Users/0M SAI RAM/Desktop/project/dataset/archive/derm12345_train_part_2/jd/DERM_142959.jpg,jd,23,23,11,False
/mnt/c/Users/0M SAI RAM/Desktop/project/dataset/archive/derm12345_train_part_2/jd/DERM_147324.jpg,jd,23,23,23,True
/mnt/c/Users/0M SAI RAM/Desktop/project/dataset/archive/derm12345_train_part_2/jd/DERM_321470.jpg,jd,23,23,23,True
/mnt/c/Users/0M SAI RAM/Desktop/project/dataset/archive/derm12345_train_part_2/jd/DERM_407066.jpg,jd,23,23,23,True
/mnt/c/Users/0M SAI RAM/Desktop/project/dataset/archive/derm12345_train_part_2/jd/DERM_804473.jpg,jd,23,23,23,True
/mnt/c/Users/0M SAI RAM/Desktop/project/dataset/archive/derm12345_train_part_2/jd/DERM_585568.jpg,jd,23,23,17,False
/mnt/c/Users/0M SAI RAM/Desktop/project/dataset/archive/derm12345_train_part_2/jd/DERM_882906.jpg,jd,23,23,23,True
/mnt/c/Users/0M SAI RAM/Desktop/project/dataset/archive/derm12345_train_part_2/jd/DERM_834542.jpg,jd,23,23,23,True
/mnt/c/Users/0M SAI RAM/Desktop/project/dataset/archive/derm12345_train_part_2/jd/DERM_582538.jpg,jd,23,23,23,True
/mnt/c/Users/0M SAI RAM/Desktop/project/dataset/archive/derm12345_train_part_2/jd/DERM_823396.jpg,jd,23,23,23,True
/mnt/c/Users/0M SAI RAM/Desktop/project/dataset/archive/derm12345_train_part_2/jd/DERM_331246.jpg,jd,23,23,23,True
/mnt/c/Users/0M SAI RAM/Desktop/project/dataset/archive/derm12345_train_part_2/jd/DERM_908955.jpg,jd,23,23,22,False
/mnt/c/Users/0M SAI RAM/Desktop/project/dataset/archive/derm12345_train_part_2/jd/DERM_936007.jpg,jd,23,23,14,False
/mnt/c/Users/0M SAI RAM/Desktop/project/dataset/archive/derm12345_train_part_2/jd/DERM_405331.jpg,jd,23,23,23,True
/mnt/c/Users/0M SAI RAM/Desktop/project/dataset/archive/derm12345_train_part_2/jd/DERM_422585.jpg,jd,23,23,23,True
/mnt/c/Users/0M SAI RAM/Desktop/project/dataset/archive/derm12345_train_part_2/jd/DERM_406339.jpg,jd,23,23,23,True
/mnt/c/Users/0M SAI RAM/Desktop/project/dataset/archive/derm12345_train_part_2/jd/DERM_236642.jpg,jd,23,23,23,True
/mnt/c/Users/0M SAI RAM/Desktop/project/dataset/archive/derm12345_train_part_2/jd/DERM_420563.jpg,jd,23,23,23,True
/mnt/c/Users/0M SAI RAM/Desktop/project/dataset/archive/derm12345_train_part_2/jd/DERM_815478.jpg,jd,23,23,23,True
/mnt/c/Users/0M SAI RAM/Desktop/project/dataset/archive/derm12345_train_part_2/jd/DERM_899975.jpg,jd,23,23,23,True
/mnt/c/Users/0M SAI RAM/Desktop/project/dataset/archive/derm12345_train_part_2/jd/DERM_682249.jpg,jd,23,23,23,True
/mnt/c/Users/0M SAI RAM/Desktop/project/dataset/archive/derm12345_train_part_2/jd/DERM_984480.jpg,jd,23,23,23,True
/mnt/c/Users/0M SAI RAM/Desktop/project/dataset/archive/derm12345_train_part_2/jd/DERM_852018.jpg,jd,23,23,23,True
/mnt/c/Users/0M SAI RAM/Desktop/project/dataset/archive/derm12345_train_part_2/jd/DERM_809459.jpg,jd,23,23,22,False
/mnt/c/Users/0M SAI RAM/Desktop/project/dataset/archive/derm12345_train_part_2/jd/DERM_616395.jpg,jd,23,23,23,True
/mnt/c/Users/0M SAI RAM/Desktop/project/dataset/archive/derm12345_train_part_2/jd/DERM_808531.jpg,jd,23,23,23,True
/mnt/c/Users/0M SAI RAM/Desktop/project/dataset/archive/derm12345_train_part_2/jd/DERM_518142.jpg,jd,23,23,23,True
/mnt/c/Users/0M SAI RAM/Desktop/project/dataset/archive/derm12345_train_part_2/jd/DERM_668889.jpg,jd,23,23,23,True
/mnt/c/Users/0M SAI RAM/Desktop/project/dataset/archive/derm12345_train_part_2/jd/DERM_367517.jpg,jd,23,23,23,True
/mnt/c/Users/0M SAI RAM/Desktop/project/dataset/archive/derm12345_train_part_2/jd/DERM_898093.jpg,jd,23,23,23,True
/mnt/c/Users/0M SAI RAM/Desktop/project/dataset/archive/derm12345_train_part_2/jd/DERM_975366.jpg,jd,23,23,12,False
/mnt/c/Users/0M SAI RAM/Desktop/project/dataset/archive/derm12345_train_part_2/jd/DERM_809408.jpg,jd,23,23,22,False
/mnt/c/Users/0M SAI RAM/Desktop/project/dataset/archive/derm12345_train_part_2/jd/DERM_918961.jpg,jd,23,23,23,True
/mnt/c/Users/0M SAI RAM/Desktop/project/dataset/archive/derm12345_train_part_2/jd/DERM_550991.jpg,jd,23,23,23,True
/mnt/c/Users/0M SAI RAM/Desktop/project/dataset/archive/derm12345_train_part_2/jd/DERM_812257.jpg,jd,23,23,23,True
/mnt/c/Users/0M SAI RAM/Desktop/project/dataset/archive/derm12345_train_part_2/jd/DERM_339598.jpg,jd,23,23,23,True
/mnt/c/Users/0M SAI RAM/Desktop/project/dataset/archive/derm12345_train_part_2/jd/DERM_867076.jpg,jd,23,23,23,True
/mnt/c/Users/0M SAI RAM/Desktop/project/dataset/archive/derm12345_train_part_2/jd/DERM_167651.jpg,jd,23,23,23,True
/mnt/c/Users/0M SAI RAM/Desktop/project/dataset/archive/derm12345_train_part_2/jd/DERM_969253.jpg,jd,23,23,11,False
/mnt/c/Users/0M SAI RAM/Desktop/project/dataset/archive/derm12345_train_part_2/jd/DERM_315374.jpg,jd,23,23,23,True
/mnt/c/Users/0M SAI RAM/Desktop/project/dataset/archive/derm12345_train_part_2/jd/DERM_656465.jpg,jd,23,23,11,False
/mnt/c/Users/0M SAI RAM/Desktop/project/dataset/archive/derm12345_train_part_2/jd/DERM_778240.jpg,jd,23,23,22,False
/mnt/c/Users/0M SAI RAM/Desktop/project/dataset/archive/derm12345_train_part_2/jd/DERM_489517.jpg,jd,23,23,23,True
/mnt/c/Users/0M SAI RAM/Desktop/project/dataset/archive/derm12345_train_part_2/jd/DERM_156014.jpg,jd,23,23,22,False
/mnt/c/Users/0M SAI RAM/Desktop/project/dataset/archive/derm12345_train_part_2/jd/DERM_602790.jpg,jd,23,23,22,False
/mnt/c/Users/0M SAI RAM/Desktop/project/dataset/archive/derm12345_train_part_2/jd/DERM_319842.jpg,jd,23,23,11,False
/mnt/c/Users/0M SAI RAM/Desktop/project/dataset/archive/derm12345_train_part_2/jd/DERM_486420.jpg,jd,23,23,8,False
/mnt/c/Users/0M SAI RAM/Desktop/project/dataset/archive/derm12345_train_part_2/jd/DERM_989448.jpg,jd,23,23,23,True
/mnt/c/Users/0M SAI RAM/Desktop/project/dataset/archive/derm12345_train_part_2/jd/DERM_348353.jpg,jd,23,23,23,True
/mnt/c/Users/0M SAI RAM/Desktop/project/dataset/archive/derm12345_train_part_2/jd/DERM_799165.jpg,jd,23,23,23,True
/mnt/c/Users/0M SAI RAM/Desktop/project/dataset/archive/derm12345_train_part_2/jd/DERM_908246.jpg,jd,23,23,22,False
/mnt/c/Users/0M SAI RAM/Desktop/project/dataset/archive/derm12345_train_part_2/jd/DERM_551063.jpg,jd,23,23,23,True
/mnt/c/Users/0M SAI RAM/Desktop/project/dataset/archive/derm12345_train_part_2/jd/DERM_110243.jpg,jd,23,23,23,True
/mnt/c/Users/0M SAI RAM/Desktop/project/dataset/archive/derm12345_train_part_2/jd/DERM_112405.jpg,jd,23,23,23,True
/mnt/c/Users/0M SAI RAM/Desktop/project/dataset/archive/derm12345_train_part_2/jd/DERM_453304.jpg,jd,23,23,23,True
/mnt/c/Users/0M SAI RAM/Desktop/project/dataset/archive/derm12345_train_part_2/jd/DERM_771511.jpg,jd,23,23,22,False
/mnt/c/Users/0M SAI RAM/Desktop/project/dataset/archive/derm12345_train_part_2/jd/DERM_648595.jpg,jd,23,23,23,True
/mnt/c/Users/0M SAI RAM/Desktop/project/dataset/archive/derm12345_train_part_2/jd/DERM_514055.jpg,jd,23,23,22,False
/mnt/c/Users/0M SAI RAM/Desktop/project/dataset/archive/derm12345_train_part_2/jd/DERM_113290.jpg,jd,23,23,23,True
/mnt/c/Users/0M SAI RAM/Desktop/project/dataset/archive/derm12345_train_part_2/jd/DERM_555124.jpg,jd,23,23,23,True
/mnt/c/Users/0M SAI RAM/Desktop/project/dataset/archive/derm12345_train_part_2/jd/DERM_213704.jpg,jd,23,23,22,False
/mnt/c/Users/0M SAI RAM/Desktop/project/dataset/archive/derm12345_train_part_2/jd/DERM_198449.jpg,jd,23,23,14,False
/mnt/c/Users/0M SAI RAM/Desktop/project/dataset/archive/derm12345_train_part_2/jd/DERM_494898.jpg,jd,23,23,23,True
/mnt/c/Users/0M SAI RAM/Desktop/project/dataset/archive/derm12345_train_part_2/jd/DERM_712440.jpg,jd,23,23,23,True
/mnt/c/Users/0M SAI RAM/Desktop/project/dataset/archive/derm12345_train_part_2/jd/DERM_285648.jpg,jd,23,23,22,False
/mnt/c/Users/0M SAI RAM/Desktop/project/dataset/archive/derm12345_train_part_2/jd/DERM_737680.jpg,jd,23,23,22,False
/mnt/c/Users/0M SAI RAM/Desktop/project/dataset/archive/derm12345_train_part_2/jd/DERM_240171.jpg,jd,23,23,11,False
/mnt/c/Users/0M SAI RAM/Desktop/project/dataset/archive/derm12345_train_part_2/jd/DERM_687533.jpg,jd,23,23,8,False
/mnt/c/Users/0M SAI RAM/Desktop/project/dataset/archive/derm12345_train_part_2/jd/DERM_295500.jpg,jd,23,23,23,True
/mnt/c/Users/0M SAI RAM/Desktop/project/dataset/archive/derm12345_train_part_2/jd/DERM_553950.jpg,jd,23,23,23,True
/mnt/c/Users/0M SAI RAM/Desktop/project/dataset/archive/derm12345_train_part_2/jd/DERM_245851.jpg,jd,23,23,23,True
/mnt/c/Users/0M SAI RAM/Desktop/project/dataset/archive/derm12345_train_part_2/jd/DERM_430301.jpg,jd,23,23,17,False
/mnt/c/Users/0M SAI RAM/Desktop/project/dataset/archive/derm12345_train_part_2/jd/DERM_447083.jpg,jd,23,23,23,True
/mnt/c/Users/0M SAI RAM/Desktop/project/dataset/archive/derm12345_train_part_2/jd/DERM_308210.jpg,jd,23,23,23,True
/mnt/c/Users/0M SAI RAM/Desktop/project/dataset/archive/derm12345_train_part_2/jd/DERM_930512.jpg,jd,23,23,23,True
/mnt/c/Users/0M SAI RAM/Desktop/project/dataset/archive/derm12345_train_part_2/jd/DERM_578097.jpg,jd,23,23,23,True
/mnt/c/Users/0M SAI RAM/Desktop/project/dataset/archive/derm12345_train_part_2/jd/DERM_852607.jpg,jd,23,23,22,False
/mnt/c/Users/0M SAI RAM/Desktop/project/dataset/archive/derm12345_train_part_2/jd/DERM_228330.jpg,jd,23,23,22,False
/mnt/c/Users/0M SAI RAM/Desktop/project/dataset/archive/derm12345_train_part_2/jd/DERM_789804.jpg,jd,23,23,23,True
/mnt/c/Users/0M SAI RAM/Desktop/project/dataset/archive/derm12345_train_part_2/jd/DERM_283158.jpg,jd,23,23,22,False
/mnt/c/Users/0M SAI RAM/Desktop/project/dataset/archive/derm12345_train_part_2/jd/DERM_406780.jpg,jd,23,23,23,True
/mnt/c/Users/0M SAI RAM/Desktop/project/dataset/archive/derm12345_train_part_2/jd/DERM_472166.jpg,jd,23,23,23,True
/mnt/c/Users/0M SAI RAM/Desktop/project/dataset/archive/derm12345_train_part_2/jd/DERM_345679.jpg,jd,23,23,22,False
/mnt/c/Users/0M SAI RAM/Desktop/project/dataset/archive/derm12345_train_part_2/jd/DERM_474223.jpg,jd,23,23,22,False
/mnt/c/Users/0M SAI RAM/Desktop/project/dataset/archive/derm12345_train_part_2/jd/DERM_841211.jpg,jd,23,23,8,False
/mnt/c/Users/0M SAI RAM/Desktop/project/dataset/archive/derm12345_train_part_2/jd/DERM_278697.jpg,jd,23,23,23,True
/mnt/c/Users/0M SAI RAM/Desktop/project/dataset/archive/derm12345_train_part_2/jd/DERM_983470.jpg,jd,23,23,23,True
/mnt/c/Users/0M SAI RAM/Desktop/project/dataset/archive/derm12345_train_part_2/jd/DERM_407015.jpg,jd,23,23,23,True
/mnt/c/Users/0M SAI RAM/Desktop/project/dataset/archive/derm12345_train_part_2/jd/DERM_593343.jpg,jd,23,23,23,True
/mnt/c/Users/0M SAI RAM/Desktop/project/dataset/archive/derm12345_train_part_2/jd/DERM_756690.jpg,jd,23,23,22,False
/mnt/c/Users/0M SAI RAM/Desktop/project/dataset/archive/derm12345_train_part_2/jd/DERM_546186.jpg,jd,23,23,23,True
/mnt/c/Users/0M SAI RAM/Desktop/project/dataset/archive/derm12345_train_part_2/jd/DERM_980424.jpg,jd,23,23,23,True
/mnt/c/Users/0M SAI RAM/Desktop/project/dataset/archive/derm12345_train_part_2/jd/DERM_606529.jpg,jd,23,23,22,False
/mnt/c/Users/0M SAI RAM/Desktop/project/dataset/archive/derm12345_train_part_2/jd/DERM_736059.jpg,jd,23,23,22,False
/mnt/c/Users/0M SAI RAM/Desktop/project/dataset/archive/derm12345_train_part_2/jd/DERM_456581.jpg,jd,23,23,22,False
/mnt/c/Users/0M SAI RAM/Desktop/project/dataset/archive/derm12345_train_part_2/jd/DERM_297566.jpg,jd,23,23,14,False
/mnt/c/Users/0M SAI RAM/Desktop/project/dataset/archive/derm12345_train_part_2/jd/DERM_305708.jpg,jd,23,23,23,True
/mnt/c/Users/0M SAI RAM/Desktop/project/dataset/archive/derm12345_train_part_2/jd/DERM_221183.jpg,jd,23,23,23,True
/mnt/c/Users/0M SAI RAM/Desktop/project/dataset/archive/derm12345_train_part_2/jd/DERM_397337.jpg,jd,23,23,11,False
/mnt/c/Users/0M SAI RAM/Desktop/project/dataset/archive/derm12345_train_part_2/jd/DERM_224019.jpg,jd,23,23,23,True
/mnt/c/Users/0M SAI RAM/Desktop/project/dataset/archive/derm12345_train_part_2/jd/DERM_336428.jpg,jd,23,23,22,False
/mnt/c/Users/0M SAI RAM/Desktop/project/dataset/archive/derm12345_train_part_2/jd/DERM_607044.jpg,jd,23,23,22,False
/mnt/c/Users/0M SAI RAM/Desktop/project/dataset/archive/derm12345_train_part_2/jd/DERM_876116.jpg,jd,23,23,23,True
/mnt/c/Users/0M SAI RAM/Desktop/project/dataset/archive/derm12345_train_part_2/jd/DERM_900017.jpg,jd,23,23,23,True
/mnt/c/Users/0M SAI RAM/Desktop/project/dataset/archive/derm12345_train_part_2/jd/DERM_888464.jpg,jd,23,23,23,True
/mnt/c/Users/0M SAI RAM/Desktop/project/dataset/archive/derm12345_train_part_2/jd/DERM_808837.jpg,jd,23,23,14,False
/mnt/c/Users/0M SAI RAM/Desktop/project/dataset/archive/derm12345_train_part_2/jd/DERM_227849.jpg,jd,23,23,22,False
/mnt/c/Users/0M SAI RAM/Desktop/project/dataset/archive/derm12345_train_part_2/jd/DERM_594382.jpg,jd,23,23,23,True
/mnt/c/Users/0M SAI RAM/Desktop/project/dataset/archive/derm12345_train_part_2/jd/DERM_627462.jpg,jd,23,23,23,True
/mnt/c/Users/0M SAI RAM/Desktop/project/dataset/archive/derm12345_train_part_2/jd/DERM_587401.jpg,jd,23,23,22,False
/mnt/c/Users/0M SAI RAM/Desktop/project/dataset/archive/derm12345_train_part_2/jd/DERM_331745.jpg,jd,23,23,23,True
/mnt/c/Users/0M SAI RAM/Desktop/project/dataset/archive/derm12345_train_part_2/jd/DERM_323867.jpg,jd,23,23,11,False
/mnt/c/Users/0M SAI RAM/Desktop/project/dataset/archive/derm12345_train_part_2/jd/DERM_732437.jpg,jd,23,23,23,True
/mnt/c/Users/0M SAI RAM/Desktop/project/dataset/archive/derm12345_train_part_2/jd/DERM_190494.jpg,jd,23,23,14,False
/mnt/c/Users/0M SAI RAM/Desktop/project/dataset/archive/derm12345_train_part_2/jd/DERM_536412.jpg,jd,23,23,22,False
/mnt/c/Users/0M SAI RAM/Desktop/project/dataset/archive/derm12345_train_part_2/jd/DERM_819449.jpg,jd,23,23,11,False
/mnt/c/Users/0M SAI RAM/Desktop/project/dataset/archive/derm12345_train_part_2/jd/DERM_516657.jpg,jd,23,23,23,True
/mnt/c/Users/0M SAI RAM/Desktop/project/dataset/archive/derm12345_train_part_2/jd/DERM_685732.jpg,jd,23,23,22,False
/mnt/c/Users/0M SAI RAM/Desktop/project/dataset/archive/derm12345_train_part_2/jd/DERM_681987.jpg,jd,23,23,22,False
/mnt/c/Users/0M SAI RAM/Desktop/project/dataset/archive/derm12345_train_part_2/jd/DERM_974068.jpg,jd,23,23,23,True
/mnt/c/Users/0M SAI RAM/Desktop/project/dataset/archive/derm12345_train_part_2/jd/DERM_119450.jpg,jd,23,23,14,False
/mnt/c/Users/0M SAI RAM/Desktop/project/dataset/archive/derm12345_train_part_2/jd/DERM_314882.jpg,jd,23,23,23,True
/mnt/c/Users/0M SAI RAM/Desktop/project/dataset/archive/derm12345_train_part_2/jd/DERM_910355.jpg,jd,23,23,23,True
/mnt/c/Users/0M SAI RAM/Desktop/project/dataset/archive/derm12345_train_part_2/jd/DERM_648563.jpg,jd,23,23,23,True
/mnt/c/Users/0M SAI RAM/Desktop/project/dataset/archive/derm12345_train_part_2/jd/DERM_231730.jpg,jd,23,23,23,True
/mnt/c/Users/0M SAI RAM/Desktop/project/dataset/archive/derm12345_train_part_2/jd/DERM_856540.jpg,jd,23,23,23,True
/mnt/c/Users/0M SAI RAM/Desktop/project/dataset/archive/derm12345_train_part_2/jd/DERM_602460.jpg,jd,23,23,23,True
/mnt/c/Users/0M SAI RAM/Desktop/project/dataset/archive/derm12345_train_part_2/jd/DERM_272984.jpg,jd,23,23,23,True
/mnt/c/Users/0M SAI RAM/Desktop/project/dataset/archive/derm12345_train_part_2/jd/DERM_919140.jpg,jd,23,23,22,False
/mnt/c/Users/0M SAI RAM/Desktop/project/dataset/archive/derm12345_train_part_2/jd/DERM_469303.jpg,jd,23,23,22,False
/mnt/c/Users/0M SAI RAM/Desktop/project/dataset/archive/derm12345_train_part_2/jd/DERM_286753.jpg,jd,23,23,22,False
/mnt/c/Users/0M SAI RAM/Desktop/project/dataset/archive/derm12345_train_part_2/jd/DERM_271897.jpg,jd,23,23,23,True
/mnt/c/Users/0M SAI RAM/Desktop/project/dataset/archive/derm12345_train_part_2/jd/DERM_271530.jpg,jd,23,23,17,False
/mnt/c/Users/0M SAI RAM/Desktop/project/dataset/archive/derm12345_train_part_2/jd/DERM_680035.jpg,jd,23,23,11,False
/mnt/c/Users/0M SAI RAM/Desktop/project/dataset/archive/derm12345_train_part_2/jd/DERM_820126.jpg,jd,23,23,23,True
/mnt/c/Users/0M SAI RAM/Desktop/project/dataset/archive/derm12345_train_part_2/jd/DERM_537563.jpg,jd,23,23,23,True
/mnt/c/Users/0M SAI RAM/Desktop/project/dataset/archive/derm12345_train_part_2/jd/DERM_108902.jpg,jd,23,23,8,False
/mnt/c/Users/0M SAI RAM/Desktop/project/dataset/archive/derm12345_train_part_2/jd/DERM_818661.jpg,jd,23,23,23,True
/mnt/c/Users/0M SAI RAM/Desktop/project/dataset/archive/derm12345_train_part_2/jd/DERM_109096.jpg,jd,23,23,22,False
/mnt/c/Users/0M SAI RAM/Desktop/project/dataset/archive/derm12345_train_part_2/jd/DERM_124132.jpg,jd,23,23,11,False
/mnt/c/Users/0M SAI RAM/Desktop/project/dataset/archive/derm12345_train_part_2/jd/DERM_275300.jpg,jd,23,23,23,True
/mnt/c/Users/0M SAI RAM/Desktop/project/dataset/archive/derm12345_train_part_2/jd/DERM_959915.jpg,jd,23,23,23,True
/mnt/c/Users/0M SAI RAM/Desktop/project/dataset/archive/derm12345_train_part_2/jd/DERM_989909.jpg,jd,23,23,23,True
/mnt/c/Users/0M SAI RAM/Desktop/project/dataset/archive/derm12345_train_part_2/jd/DERM_171781.jpg,jd,23,23,23,True
/mnt/c/Users/0M SAI RAM/Desktop/project/dataset/archive/derm12345_train_part_2/jd/DERM_616800.jpg,jd,23,23,23,True
/mnt/c/Users/0M SAI RAM/Desktop/project/dataset/archive/derm12345_train_part_2/jd/DERM_484624.jpg,jd,23,23,23,True
/mnt/c/Users/0M SAI RAM/Desktop/project/dataset/archive/derm12345_train_part_2/jd/DERM_217278.jpg,jd,23,23,23,True
/mnt/c/Users/0M SAI RAM/Desktop/project/dataset/archive/derm12345_train_part_2/jd/DERM_623679.jpg,jd,23,23,11,False
/mnt/c/Users/0M SAI RAM/Desktop/project/dataset/archive/derm12345_train_part_2/jd/DERM_209527.jpg,jd,23,23,23,True
/mnt/c/Users/0M SAI RAM/Desktop/project/dataset/archive/derm12345_train_part_2/jd/DERM_981413.jpg,jd,23,23,23,True
/mnt/c/Users/0M SAI RAM/Desktop/project/dataset/archive/derm12345_train_part_2/jd/DERM_409710.jpg,jd,23,23,11,False
/mnt/c/Users/0M SAI RAM/Desktop/project/dataset/archive/derm12345_train_part_2/jd/DERM_655006.jpg,jd,23,23,30,False
/mnt/c/Users/0M SAI RAM/Desktop/project/dataset/archive/derm12345_train_part_2/jd/DERM_240149.jpg,jd,23,23,22,False
/mnt/c/Users/0M SAI RAM/Desktop/project/dataset/archive/derm12345_train_part_2/jd/DERM_903606.jpg,jd,23,23,11,False
/mnt/c/Users/0M SAI RAM/Desktop/project/dataset/archive/derm12345_train_part_2/jd/DERM_901374.jpg,jd,23,23,11,False
/mnt/c/Users/0M SAI RAM/Desktop/project/dataset/archive/derm12345_train_part_2/jd/DERM_486659.jpg,jd,23,23,23,True
/mnt/c/Users/0M SAI RAM/Desktop/project/dataset/archive/derm12345_train_part_2/jd/DERM_169109.jpg,jd,23,23,23,True
/mnt/c/Users/0M SAI RAM/Desktop/project/dataset/archive/derm12345_train_part_2/jd/DERM_564477.jpg,jd,23,23,22,False
/mnt/c/Users/0M SAI RAM/Desktop/project/dataset/archive/derm12345_train_part_2/jd/DERM_773572.jpg,jd,23,23,23,True
/mnt/c/Users/0M SAI RAM/Desktop/project/dataset/archive/derm12345_train_part_2/jd/DERM_426191.jpg,jd,23,23,22,False
/mnt/c/Users/0M SAI RAM/Desktop/project/dataset/archive/derm12345_train_part_2/jd/DERM_157885.jpg,jd,23,23,23,True
/mnt/c/Users/0M SAI RAM/Desktop/project/dataset/archive/derm12345_train_part_2/jd/DERM_420262.jpg,jd,23,23,36,False
/mnt/c/Users/0M SAI RAM/Desktop/project/dataset/archive/derm12345_train_part_2/jd/DERM_688147.jpg,jd,23,23,23,True
/mnt/c/Users/0M SAI RAM/Desktop/project/dataset/archive/derm12345_train_part_2/jd/DERM_775961.jpg,jd,23,23,22,False
/mnt/c/Users/0M SAI RAM/Desktop/project/dataset/archive/derm12345_train_part_2/jd/DERM_450900.jpg,jd,23,23,22,False
/mnt/c/Users/0M SAI RAM/Desktop/project/dataset/archive/derm12345_train_part_2/jd/DERM_969506.jpg,jd,23,23,22,False
/mnt/c/Users/0M SAI RAM/Desktop/project/dataset/archive/derm12345_train_part_2/jd/DERM_772710.jpg,jd,23,23,23,True
/mnt/c/Users/0M SAI RAM/Desktop/project/dataset/archive/derm12345_train_part_2/jd/DERM_146801.jpg,jd,23,23,23,True
/mnt/c/Users/0M SAI RAM/Desktop/project/dataset/archive/derm12345_train_part_2/jd/DERM_493436.jpg,jd,23,23,22,False
/mnt/c/Users/0M SAI RAM/Desktop/project/dataset/archive/derm12345_train_part_2/jd/DERM_347808.jpg,jd,23,23,23,True
/mnt/c/Users/0M SAI RAM/Desktop/project/dataset/archive/derm12345_train_part_2/jd/DERM_560784.jpg,jd,23,23,23,True
/mnt/c/Users/0M SAI RAM/Desktop/project/dataset/archive/derm12345_train_part_2/jd/DERM_495123.jpg,jd,23,23,23,True
/mnt/c/Users/0M SAI RAM/Desktop/project/dataset/archive/derm12345_train_part_2/jd/DERM_388882.jpg,jd,23,23,23,True
/mnt/c/Users/0M SAI RAM/Desktop/project/dataset/archive/derm12345_train_part_2/jd/DERM_623868.jpg,jd,23,23,22,False
/mnt/c/Users/0M SAI RAM/Desktop/project/dataset/archive/derm12345_train_part_2/jd/DERM_588572.jpg,jd,23,23,23,True
/mnt/c/Users/0M SAI RAM/Desktop/project/dataset/archive/derm12345_train_part_2/jd/DERM_463903.jpg,jd,23,23,22,False
/mnt/c/Users/0M SAI RAM/Desktop/project/dataset/archive/derm12345_train_part_2/jd/DERM_922715.jpg,jd,23,23,23,True
/mnt/c/Users/0M SAI RAM/Desktop/project/dataset/archive/derm12345_train_part_2/jd/DERM_448705.jpg,jd,23,23,23,True
/mnt/c/Users/0M SAI RAM/Desktop/project/dataset/archive/derm12345_train_part_2/jd/DERM_635642.jpg,jd,23,23,23,True
/mnt/c/Users/0M SAI RAM/Desktop/project/dataset/archive/derm12345_train_part_2/jd/DERM_368504.jpg,jd,23,23,23,True
/mnt/c/Users/0M SAI RAM/Desktop/project/dataset/archive/derm12345_train_part_2/jd/DERM_408368.jpg,jd,23,23,11,False
/mnt/c/Users/0M SAI RAM/Desktop/project/dataset/archive/derm12345_train_part_2/jd/DERM_806829.jpg,jd,23,23,23,True
/mnt/c/Users/0M SAI RAM/Desktop/project/dataset/archive/derm12345_train_part_2/jd/DERM_382992.jpg,jd,23,23,23,True
/mnt/c/Users/0M SAI RAM/Desktop/project/dataset/archive/derm12345_train_part_2/jd/DERM_415815.jpg,jd,23,23,23,True
/mnt/c/Users/0M SAI RAM/Desktop/project/dataset/archive/derm12345_train_part_2/jd/DERM_449628.jpg,jd,23,23,17,False
/mnt/c/Users/0M SAI RAM/Desktop/project/dataset/archive/derm12345_train_part_2/jd/DERM_546040.jpg,jd,23,23,23,True
/mnt/c/Users/0M SAI RAM/Desktop/project/dataset/archive/derm12345_train_part_2/jd/DERM_756848.jpg,jd,23,23,22,False
/mnt/c/Users/0M SAI RAM/Desktop/project/dataset/archive/derm12345_train_part_2/jd/DERM_516479.jpg,jd,23,23,23,True
/mnt/c/Users/0M SAI RAM/Desktop/project/dataset/archive/derm12345_train_part_2/jd/DERM_757107.jpg,jd,23,23,23,True
/mnt/c/Users/0M SAI RAM/Desktop/project/dataset/archive/derm12345_train_part_2/jd/DERM_524916.jpg,jd,23,23,11,False
/mnt/c/Users/0M SAI RAM/Desktop/project/dataset/archive/derm12345_train_part_2/jd/DERM_160714.jpg,jd,23,23,23,True
/mnt/c/Users/0M SAI RAM/Desktop/project/dataset/archive/derm12345_train_part_2/jd/DERM_425774.jpg,jd,23,23,23,True
/mnt/c/Users/0M SAI RAM/Desktop/project/dataset/archive/derm12345_train_part_2/jd/DERM_729259.jpg,jd,23,23,23,True
/mnt/c/Users/0M SAI RAM/Desktop/project/dataset/archive/derm12345_train_part_2/jd/DERM_762299.jpg,jd,23,23,23,True
/mnt/c/Users/0M SAI RAM/Desktop/project/dataset/archive/derm12345_train_part_2/jd/DERM_867771.jpg,jd,23,23,22,False
/mnt/c/Users/0M SAI RAM/Desktop/project/dataset/archive/derm12345_train_part_2/jd/DERM_785710.jpg,jd,23,23,22,False
/mnt/c/Users/0M SAI RAM/Desktop/project/dataset/archive/derm12345_train_part_2/jd/DERM_959184.jpg,jd,23,23,23,True
/mnt/c/Users/0M SAI RAM/Desktop/project/dataset/archive/derm12345_train_part_2/jd/DERM_713664.jpg,jd,23,23,23,True
/mnt/c/Users/0M SAI RAM/Desktop/project/dataset/archive/derm12345_train_part_2/jd/DERM_958013.jpg,jd,23,23,23,True
/mnt/c/Users/0M SAI RAM/Desktop/project/dataset/archive/derm12345_train_part_2/jd/DERM_710477.jpg,jd,23,23,23,True
/mnt/c/Users/0M SAI RAM/Desktop/project/dataset/archive/derm12345_train_part_2/jd/DERM_134788.jpg,jd,23,23,22,False
/mnt/c/Users/0M SAI RAM/Desktop/project/dataset/archive/derm12345_train_part_2/jd/DERM_726225.jpg,jd,23,23,5,False
/mnt/c/Users/0M SAI RAM/Desktop/project/dataset/archive/derm12345_train_part_2/jd/DERM_202345.jpg,jd,23,23,23,True
/mnt/c/Users/0M SAI RAM/Desktop/project/dataset/archive/derm12345_train_part_2/jd/DERM_506681.jpg,jd,23,23,22,False
/mnt/c/Users/0M SAI RAM/Desktop/project/dataset/archive/derm12345_train_part_2/jd/DERM_263218.jpg,jd,23,23,23,True
/mnt/c/Users/0M SAI RAM/Desktop/project/dataset/archive/derm12345_train_part_2/jd/DERM_468102.jpg,jd,23,23,3,False
/mnt/c/Users/0M SAI RAM/Desktop/project/dataset/archive/derm12345_train_part_2/jd/DERM_925409.jpg,jd,23,23,22,False
/mnt/c/Users/0M SAI RAM/Desktop/project/dataset/archive/derm12345_train_part_2/jd/DERM_642666.jpg,jd,23,23,11,False
/mnt/c/Users/0M SAI RAM/Desktop/project/dataset/archive/derm12345_train_part_2/jd/DERM_524902.jpg,jd,23,23,23,True
/mnt/c/Users/0M SAI RAM/Desktop/project/dataset/archive/derm12345_train_part_2/jd/DERM_222964.jpg,jd,23,23,23,True
/mnt/c/Users/0M SAI RAM/Desktop/project/dataset/archive/derm12345_train_part_2/jd/DERM_829344.jpg,jd,23,23,3,False
/mnt/c/Users/0M SAI RAM/Desktop/project/dataset/archive/derm12345_train_part_2/jd/DERM_526900.jpg,jd,23,23,23,True
/mnt/c/Users/0M SAI RAM/Desktop/project/dataset/archive/derm12345_train_part_2/jd/DERM_985544.jpg,jd,23,23,23,True
/mnt/c/Users/0M SAI RAM/Desktop/project/dataset/archive/derm12345_train_part_2/jd/DERM_985546.jpg,jd,23,23,23,True
/mnt/c/Users/0M SAI RAM/Desktop/project/dataset/archive/derm12345_train_part_2/jd/DERM_985547.jpg,jd,23,23,23,True
/mnt/c/Users/0M SAI RAM/Desktop/project/dataset/archive/derm12345_train_part_2/jd/DERM_985548.jpg,jd,23,23,23,True
/mnt/c/Users/0M SAI RAM/Desktop/project/dataset/archive/derm12345_train_part_2/jd/DERM_985550.jpg,jd,23,23,23,True
/mnt/c/Users/0M SAI RAM/Desktop/project/dataset/archive/derm12345_train_part_2/jd/DERM_985551.jpg,jd,23,23,23,True
/mnt/c/Users/0M SAI RAM/Desktop/project/dataset/archive/derm12345_train_part_2/jd/DERM_251256.jpg,jd,23,23,23,True
/mnt/c/Users/0M SAI RAM/Desktop/project/dataset/archive/derm12345_train_part_2/jd/DERM_338191.jpg,jd,23,23,11,False
/mnt/c/Users/0M SAI RAM/Desktop/project/dataset/archive/derm12345_train_part_2/jd/DERM_388612.jpg,jd,23,23,23,True
/mnt/c/Users/0M SAI RAM/Desktop/project/dataset/archive/derm12345_train_part_2/jd/DERM_725320.jpg,jd,23,23,23,True
/mnt/c/Users/0M SAI RAM/Desktop/project/dataset/archive/derm12345_train_part_2/jd/DERM_727487.jpg,jd,23,23,23,True
/mnt/c/Users/0M SAI RAM/Desktop/project/dataset/archive/derm12345_train_part_2/jd/DERM_753538.jpg,jd,23,23,22,False
/mnt/c/Users/0M SAI RAM/Desktop/project/dataset/archive/derm12345_train_part_2/jd/DERM_956667.jpg,jd,23,23,23,True
/mnt/c/Users/0M SAI RAM/Desktop/project/dataset/archive/derm12345_train_part_2/jd/DERM_985523.jpg,jd,23,23,11,False
/mnt/c/Users/0M SAI RAM/Desktop/project/dataset/archive/derm12345_train_part_2/jd/DERM_985526.jpg,jd,23,23,11,False
/mnt/c/Users/0M SAI RAM/Desktop/project/dataset/archive/derm12345_train_part_2/jd/DERM_985527.jpg,jd,23,23,30,False
/mnt/c/Users/0M SAI RAM/Desktop/project/dataset/archive/derm12345_train_part_2/jd/DERM_985531.jpg,jd,23,23,14,False
/mnt/c/Users/0M SAI RAM/Desktop/project/dataset/archive/derm12345_train_part_2/ks/DERM_863474.jpg,ks,24,24,24,True
/mnt/c/Users/0M SAI RAM/Desktop/project/dataset/archive/derm12345_train_part_2/ks/DERM_374835.jpg,ks,24,24,36,False
/mnt/c/Users/0M SAI RAM/Desktop/project/dataset/archive/derm12345_train_part_2/ks/DERM_561977.jpg,ks,24,24,36,False
/mnt/c/Users/0M SAI RAM/Desktop/project/dataset/archive/derm12345_train_part_2/ks/DERM_912594.jpg,ks,24,24,24,True
/mnt/c/Users/0M SAI RAM/Desktop/project/dataset/archive/derm12345_train_part_2/la/DERM_641992.jpg,la,25,25,20,False
/mnt/c/Users/0M SAI RAM/Desktop/project/dataset/archive/derm12345_train_part_2/la/DERM_995651.jpg,la,25,25,25,True
/mnt/c/Users/0M SAI RAM/Desktop/project/dataset/archive/derm12345_train_part_2/la/DERM_198663.jpg,la,25,25,25,True
/mnt/c/Users/0M SAI RAM/Desktop/project/dataset/archive/derm12345_train_part_2/la/DERM_271624.jpg,la,25,25,25,True
/mnt/c/Users/0M SAI RAM/Desktop/project/dataset/archive/derm12345_train_part_2/la/DERM_956483.jpg,la,25,25,25,True
/mnt/c/Users/0M SAI RAM/Desktop/project/dataset/archive/derm12345_train_part_2/la/DERM_590228.jpg,la,25,25,25,True
/mnt/c/Users/0M SAI RAM/Desktop/project/dataset/archive/derm12345_train_part_2/la/DERM_672127.jpg,la,25,25,25,True
/mnt/c/Users/0M SAI RAM/Desktop/project/dataset/archive/derm12345_train_part_2/la/DERM_807711.jpg,la,25,25,8,False
/mnt/c/Users/0M SAI RAM/Desktop/project/dataset/archive/derm12345_train_part_2/la/DERM_528927.jpg,la,25,25,20,False
/mnt/c/Users/0M SAI RAM/Desktop/project/dataset/archive/derm12345_train_part_2/la/DERM_491578.jpg,la,25,25,25,True
/mnt/c/Users/0M SAI RAM/Desktop/project/dataset/archive/derm12345_train_part_2/la/DERM_183285.jpg,la,25,25,25,True
/mnt/c/Users/0M SAI RAM/Desktop/project/dataset/archive/derm12345_train_part_2/la/DERM_609377.jpg,la,25,25,25,True
/mnt/c/Users/0M SAI RAM/Desktop/project/dataset/archive/derm12345_train_part_2/la/DERM_902288.jpg,la,25,25,25,True
/mnt/c/Users/0M SAI RAM/Desktop/project/dataset/archive/derm12345_train_part_2/la/DERM_618985.jpg,la,25,25,36,False
/mnt/c/Users/0M SAI RAM/Desktop/project/dataset/archive/derm12345_train_part_2/la/DERM_641807.jpg,la,25,25,25,True
/mnt/c/Users/0M SAI RAM/Desktop/project/dataset/archive/derm12345_train_part_2/lk/DERM_617610.jpg,lk,26,26,8,False
/mnt/c/Users/0M SAI RAM/Desktop/project/dataset/archive/derm12345_train_part_2/lk/DERM_852959.jpg,lk,26,26,8,False
/mnt/c/Users/0M SAI RAM/Desktop/project/dataset/archive/derm12345_train_part_2/lm/DERM_105335.jpg,lm,27,27,27,True
/mnt/c/Users/0M SAI RAM/Desktop/project/dataset/archive/derm12345_train_part_2/lm/DERM_669022.jpg,lm,27,27,27,True
/mnt/c/Users/0M SAI RAM/Desktop/project/dataset/archive/derm12345_train_part_2/lm/DERM_229982.jpg,lm,27,27,27,True
/mnt/c/Users/0M SAI RAM/Desktop/project/dataset/archive/derm12345_train_part_2/lm/DERM_159614.jpg,lm,27,27,8,False
/mnt/c/Users/0M SAI RAM/Desktop/project/dataset/archive/derm12345_train_part_2/lm/DERM_537033.jpg,lm,27,27,12,False
/mnt/c/Users/0M SAI RAM/Desktop/project/dataset/archive/derm12345_train_part_2/lm/DERM_106436.jpg,lm,27,27,27,True
/mnt/c/Users/0M SAI RAM/Desktop/project/dataset/archive/derm12345_train_part_2/lm/DERM_510378.jpg,lm,27,27,27,True
/mnt/c/Users/0M SAI RAM/Desktop/project/dataset/archive/derm12345_train_part_2/lm/DERM_392868.jpg,lm,27,27,11,False
/mnt/c/Users/0M SAI RAM/Desktop/project/dataset/archive/derm12345_train_part_2/lm/DERM_680034.jpg,lm,27,27,22,False
/mnt/c/Users/0M SAI RAM/Desktop/project/dataset/archive/derm12345_train_part_2/lm/DERM_105111.jpg,lm,27,27,23,False
/mnt/c/Users/0M SAI RAM/Desktop/project/dataset/archive/derm12345_train_part_2/lm/DERM_774381.jpg,lm,27,27,27,True
/mnt/c/Users/0M SAI RAM/Desktop/project/dataset/archive/derm12345_train_part_2/lm/DERM_288636.jpg,lm,27,27,14,False
/mnt/c/Users/0M SAI RAM/Desktop/project/dataset/archive/derm12345_train_part_2/lm/DERM_261715.jpg,lm,27,27,11,False
/mnt/c/Users/0M SAI RAM/Desktop/project/dataset/archive/derm12345_train_part_2/lm/DERM_463208.jpg,lm,27,27,27,True
/mnt/c/Users/0M SAI RAM/Desktop/project/dataset/archive/derm12345_train_part_2/lm/DERM_491277.jpg,lm,27,27,8,False
/mnt/c/Users/0M SAI RAM/Desktop/project/dataset/archive/derm12345_train_part_2/lm/DERM_411236.jpg,lm,27,27,37,False
/mnt/c/Users/0M SAI RAM/Desktop/project/dataset/archive/derm12345_train_part_2/lm/DERM_977471.jpg,lm,27,27,16,False
/mnt/c/Users/0M SAI RAM/Desktop/project/dataset/archive/derm12345_train_part_2/lm/DERM_177646.jpg,lm,27,27,27,True
/mnt/c/Users/0M SAI RAM/Desktop/project/dataset/archive/derm12345_train_part_2/lm/DERM_313721.jpg,lm,27,27,27,True
/mnt/c/Users/0M SAI RAM/Desktop/project/dataset/archive/derm12345_train_part_2/lm/DERM_408155.jpg,lm,27,27,27,True
/mnt/c/Users/0M SAI RAM/Desktop/project/dataset/archive/derm12345_train_part_2/lm/DERM_422427.jpg,lm,27,27,27,True
/mnt/c/Users/0M SAI RAM/Desktop/project/dataset/archive/derm12345_train_part_2/lm/DERM_421626.jpg,lm,27,27,12,False
/mnt/c/Users/0M SAI RAM/Desktop/project/dataset/archive/derm12345_train_part_2/lmm/DERM_413379.jpg,lmm,28,28,28,True
/mnt/c/Users/0M SAI RAM/Desktop/project/dataset/archive/derm12345_train_part_2/lmm/DERM_448248.jpg,lmm,28,28,28,True
/mnt/c/Users/0M SAI RAM/Desktop/project/dataset/archive/derm12345_train_part_2/lmm/DERM_716680.jpg,lmm,28,28,12,False
/mnt/c/Users/0M SAI RAM/Desktop/project/dataset/archive/derm12345_train_part_2/lmm/DERM_272051.jpg,lmm,28,28,12,False
/mnt/c/Users/0M SAI RAM/Desktop/project/dataset/archive/derm12345_train_part_2/lmm/DERM_271553.jpg,lmm,28,28,28,True
/mnt/c/Users/0M SAI RAM/Desktop/project/dataset/archive/derm12345_train_part_2/lmm/DERM_292703.jpg,lmm,28,28,28,True
/mnt/c/Users/0M SAI RAM/Desktop/project/dataset/archive/derm12345_train_part_2/lmm/DERM_436262.jpg,lmm,28,28,31,False
/mnt/c/Users/0M SAI RAM/Desktop/project/dataset/archive/derm12345_train_part_2/ls/DERM_804691.jpg,ls,29,29,20,False
/mnt/c/Users/0M SAI RAM/Desktop/project/dataset/archive/derm12345_train_part_2/ls/DERM_683008.jpg,ls,29,29,29,True
/mnt/c/Users/0M SAI RAM/Desktop/project/dataset/archive/derm12345_train_part_2/ls/DERM_432482.jpg,ls,29,29,22,False
/mnt/c/Users/0M SAI RAM/Desktop/project/dataset/archive/derm12345_train_part_2/ls/DERM_870946.jpg,ls,29,29,22,False
/mnt/c/Users/0M SAI RAM/Desktop/project/dataset/archive/derm12345_train_part_2/ls/DERM_598481.jpg,ls,29,29,23,False
/mnt/c/Users/0M SAI RAM/Desktop/project/dataset/archive/derm12345_train_part_2/ls/DERM_151144.jpg,ls,29,29,23,False
/mnt/c/Users/0M SAI RAM/Desktop/project/dataset/archive/derm12345_train_part_2/ls/DERM_359904.jpg,ls,29,29,23,False
/mnt/c/Users/0M SAI RAM/Desktop/project/dataset/archive/derm12345_train_part_2/mcb/DERM_319071.jpg,mcb,30,30,10,False
/mnt/c/Users/0M SAI RAM/Desktop/project/dataset/archive/derm12345_train_part_2/mcb/DERM_959048.jpg,mcb,30,30,22,False
/mnt/c/Users/0M SAI RAM/Desktop/project/dataset/archive/derm12345_train_part_2/mcb/DERM_394907.jpg,mcb,30,30,30,True
/mnt/c/Users/0M SAI RAM/Desktop/project/dataset/archive/derm12345_train_part_2/mcb/DERM_676677.jpg,mcb,30,30,11,False
/mnt/c/Users/0M SAI RAM/Desktop/project/dataset/archive/derm12345_train_part_2/mcb/DERM_754140.jpg,mcb,30,30,12,False
/mnt/c/Users/0M SAI RAM/Desktop/project/dataset/archive/derm12345_train_part_2/mcb/DERM_230988.jpg,mcb,30,30,14,False
/mnt/c/Users/0M SAI RAM/Desktop/project/dataset/archive/derm12345_train_part_2/mcb/DERM_749954.jpg,mcb,30,30,14,False
/mnt/c/Users/0M SAI RAM/Desktop/project/dataset/archive/derm12345_train_part_2/mcb/DERM_585391.jpg,mcb,30,30,37,False
/mnt/c/Users/0M SAI RAM/Desktop/project/dataset/archive/derm12345_train_part_2/mcb/DERM_585381.jpg,mcb,30,30,30,True
/mnt/c/Users/0M SAI RAM/Desktop/project/dataset/archive/derm12345_train_part_2/mcb/DERM_404514.jpg,mcb,30,30,30,True
/mnt/c/Users/0M SAI RAM/Desktop/project/dataset/archive/derm12345_train_part_2/mcb/DERM_741797.jpg,mcb,30,30,30,True
/mnt/c/Users/0M SAI RAM/Desktop/project/dataset/archive/derm12345_train_part_2/mcb/DERM_729540.jpg,mcb,30,30,11,False
/mnt/c/Users/0M SAI RAM/Desktop/project/dataset/archive/derm12345_train_part_2/mcb/DERM_847860.jpg,mcb,30,30,30,True
/mnt/c/Users/0M SAI RAM/Desktop/project/dataset/archive/derm12345_train_part_2/mcb/DERM_714196.jpg,mcb,30,30,11,False
/mnt/c/Users/0M SAI RAM/Desktop/project/dataset/archive/derm12345_train_part_2/mcb/DERM_436565.jpg,mcb,30,30,11,False
/mnt/c/Users/0M SAI RAM/Desktop/project/dataset/archive/derm12345_train_part_2/mcb/DERM_511239.jpg,mcb,30,30,22,False
/mnt/c/Users/0M SAI RAM/Desktop/project/dataset/archive/derm12345_train_part_2/mcb/DERM_917430.jpg,mcb,30,30,22,False
/mnt/c/Users/0M SAI RAM/Desktop/project/dataset/archive/derm12345_train_part_2/mcb/DERM_340908.jpg,mcb,30,30,22,False
/mnt/c/Users/0M SAI RAM/Desktop/project/dataset/archive/derm12345_train_part_2/mcb/DERM_950810.jpg,mcb,30,30,22,False
/mnt/c/Users/0M SAI RAM/Desktop/project/dataset/archive/derm12345_train_part_2/mcb/DERM_426896.jpg,mcb,30,30,16,False
/mnt/c/Users/0M SAI RAM/Desktop/project/dataset/archive/derm12345_train_part_2/mcb/DERM_873935.jpg,mcb,30,30,11,False
/mnt/c/Users/0M SAI RAM/Desktop/project/dataset/archive/derm12345_train_part_2/mcb/DERM_145507.jpg,mcb,30,30,30,True
/mnt/c/Users/0M SAI RAM/Desktop/project/dataset/archive/derm12345_train_part_2/mcb/DERM_839975.jpg,mcb,30,30,22,False
/mnt/c/Users/0M SAI RAM/Desktop/project/dataset/archive/derm12345_train_part_2/mcb/DERM_583591.jpg,mcb,30,30,30,True
/mnt/c/Users/0M SAI RAM/Desktop/project/dataset/archive/derm12345_train_part_2/mcb/DERM_132100.jpg,mcb,30,30,22,False
/mnt/c/Users/0M SAI RAM/Desktop/project/dataset/archive/derm12345_train_part_2/mcb/DERM_395100.jpg,mcb,30,30,23,False
/mnt/c/Users/0M SAI RAM/Desktop/project/dataset/archive/derm12345_train_part_2/mcb/DERM_637769.jpg,mcb,30,30,22,False
/mnt/c/Users/0M SAI RAM/Desktop/project/dataset/archive/derm12345_train_part_2/mcb/DERM_397869.jpg,mcb,30,30,30,True
/mnt/c/Users/0M SAI RAM/Desktop/project/dataset/archive/derm12345_train_part_2/mcb/DERM_577467.jpg,mcb,30,30,10,False
/mnt/c/Users/0M SAI RAM/Desktop/project/dataset/archive/derm12345_train_part_2/mcb/DERM_230192.jpg,mcb,30,30,11,False
/mnt/c/Users/0M SAI RAM/Desktop/project/dataset/archive/derm12345_train_part_2/mcb/DERM_801202.jpg,mcb,30,30,22,False
/mnt/c/Users/0M SAI RAM/Desktop/project/dataset/archive/derm12345_train_part_2/mcb/DERM_201327.jpg,mcb,30,30,22,False
/mnt/c/Users/0M SAI RAM/Desktop/project/dataset/archive/derm12345_train_part_2/mcb/DERM_263431.jpg,mcb,30,30,30,True
/mnt/c/Users/0M SAI RAM/Desktop/project/dataset/archive/derm12345_train_part_2/mel/DERM_116365.jpg,mel,31,31,23,False
/mnt/c/Users/0M SAI RAM/Desktop/project/dataset/archive/derm12345_train_part_2/mel/DERM_484377.jpg,mel,31,31,31,True
/mnt/c/Users/0M SAI RAM/Desktop/project/dataset/archive/derm12345_train_part_2/mel/DERM_886672.jpg,mel,31,31,17,False
/mnt/c/Users/0M SAI RAM/Desktop/project/dataset/archive/derm12345_train_part_2/mel/DERM_866661.jpg,mel,31,31,31,True
/mnt/c/Users/0M SAI RAM/Desktop/project/dataset/archive/derm12345_train_part_2/mel/DERM_377169.jpg,mel,31,31,31,True
/mnt/c/Users/0M SAI RAM/Desktop/project/dataset/archive/derm12345_train_part_2/mel/DERM_572380.jpg,mel,31,31,31,True
/mnt/c/Users/0M SAI RAM/Desktop/project/dataset/archive/derm12345_train_part_2/mel/DERM_653048.jpg,mel,31,31,17,False
/mnt/c/Users/0M SAI RAM/Desktop/project/dataset/archive/derm12345_train_part_2/mel/DERM_204563.jpg,mel,31,31,31,True
/mnt/c/Users/0M SAI RAM/Desktop/project/dataset/archive/derm12345_train_part_2/mel/DERM_414968.jpg,mel,31,31,31,True
/mnt/c/Users/0M SAI RAM/Desktop/project/dataset/archive/derm12345_train_part_2/mel/DERM_997862.jpg,mel,31,31,31,True
/mnt/c/Users/0M SAI RAM/Desktop/project/dataset/archive/derm12345_train_part_2/mel/DERM_426606.jpg,mel,31,31,31,True
/mnt/c/Users/0M SAI RAM/Desktop/project/dataset/archive/derm12345_train_part_2/mel/DERM_653888.jpg,mel,31,31,28,False
/mnt/c/Users/0M SAI RAM/Desktop/project/dataset/archive/derm12345_train_part_2/mel/DERM_593556.jpg,mel,31,31,12,False
/mnt/c/Users/0M SAI RAM/Desktop/project/dataset/archive/derm12345_train_part_2/mel/DERM_196758.jpg,mel,31,31,23,False
/mnt/c/Users/0M SAI RAM/Desktop/project/dataset/archive/derm12345_train_part_2/mel/DERM_591894.jpg,mel,31,31,14,False
/mnt/c/Users/0M SAI RAM/Desktop/project/dataset/archive/derm12345_train_part_2/mel/DERM_864493.jpg,mel,31,31,12,False
/mnt/c/Users/0M SAI RAM/Desktop/project/dataset/archive/derm12345_train_part_2/mel/DERM_457688.jpg,mel,31,31,31,True
/mnt/c/Users/0M SAI RAM/Desktop/project/dataset/archive/derm12345_train_part_2/mel/DERM_792253.jpg,mel,31,31,31,True
/mnt/c/Users/0M SAI RAM/Desktop/project/dataset/archive/derm12345_train_part_2/mel/DERM_938570.jpg,mel,31,31,17,False
/mnt/c/Users/0M SAI RAM/Desktop/project/dataset/archive/derm12345_train_part_2/mel/DERM_189650.jpg,mel,31,31,14,False
/mnt/c/Users/0M SAI RAM/Desktop/project/dataset/archive/derm12345_train_part_2/mel/DERM_520962.jpg,mel,31,31,31,True
/mnt/c/Users/0M SAI RAM/Desktop/project/dataset/archive/derm12345_train_part_2/mel/DERM_698573.jpg,mel,31,31,14,False
/mnt/c/Users/0M SAI RAM/Desktop/project/dataset/archive/derm12345_train_part_2/mel/DERM_454153.jpg,mel,31,31,4,False
/mnt/c/Users/0M SAI RAM/Desktop/project/dataset/archive/derm12345_train_part_2/mel/DERM_159409.jpg,mel,31,31,31,True
/mnt/c/Users/0M SAI RAM/Desktop/project/dataset/archive/derm12345_train_part_2/mel/DERM_444900.jpg,mel,31,31,27,False
/mnt/c/Users/0M SAI RAM/Desktop/project/dataset/archive/derm12345_train_part_2/mel/DERM_586260.jpg,mel,31,31,27,False
/mnt/c/Users/0M SAI RAM/Desktop/project/dataset/archive/derm12345_train_part_2/mel/DERM_944522.jpg,mel,31,31,8,False
/mnt/c/Users/0M SAI RAM/Desktop/project/dataset/archive/derm12345_train_part_2/mel/DERM_725536.jpg,mel,31,31,31,True
/mnt/c/Users/0M SAI RAM/Desktop/project/dataset/archive/derm12345_train_part_2/mel/DERM_104866.jpg,mel,31,31,31,True
/mnt/c/Users/0M SAI RAM/Desktop/project/dataset/archive/derm12345_train_part_2/mel/DERM_184225.jpg,mel,31,31,31,True
/mnt/c/Users/0M SAI RAM/Desktop/project/dataset/archive/derm12345_train_part_2/mel/DERM_481846.jpg,mel,31,31,10,False
/mnt/c/Users/0M SAI RAM/Desktop/project/dataset/archive/derm12345_train_part_2/mel/DERM_605921.jpg,mel,31,31,31,True
/mnt/c/Users/0M SAI RAM/Desktop/project/dataset/archive/derm12345_train_part_2/mel/DERM_377608.jpg,mel,31,31,12,False
/mnt/c/Users/0M SAI RAM/Desktop/project/dataset/archive/derm12345_train_part_2/mel/DERM_814795.jpg,mel,31,31,12,False
/mnt/c/Users/0M SAI RAM/Desktop/project/dataset/archive/derm12345_train_part_2/mel/DERM_246034.jpg,mel,31,31,5,False
/mnt/c/Users/0M SAI RAM/Desktop/project/dataset/archive/derm12345_train_part_2/mel/DERM_966315.jpg,mel,31,31,31,True
/mnt/c/Users/0M SAI RAM/Desktop/project/dataset/archive/derm12345_train_part_2/mel/DERM_846485.jpg,mel,31,31,31,True
/mnt/c/Users/0M SAI RAM/Desktop/project/dataset/archive/derm12345_train_part_2/mel/DERM_670068.jpg,mel,31,31,23,False
/mnt/c/Users/0M SAI RAM/Desktop/project/dataset/archive/derm12345_train_part_2/mel/DERM_864938.jpg,mel,31,31,7,False
/mnt/c/Users/0M SAI RAM/Desktop/project/dataset/archive/derm12345_train_part_2/mel/DERM_391205.jpg,mel,31,31,31,True
/mnt/c/Users/0M SAI RAM/Desktop/project/dataset/archive/derm12345_train_part_2/mpd/DERM_716137.jpg,mpd,32,32,32,True
/mnt/c/Users/0M SAI RAM/Desktop/project/dataset/archive/derm12345_train_part_2/mpd/DERM_428181.jpg,mpd,32,32,36,False
/mnt/c/Users/0M SAI RAM/Desktop/project/dataset/archive/derm12345_train_part_2/mpd/DERM_655615.jpg,mpd,32,32,32,True
/mnt/c/Users/0M SAI RAM/Desktop/project/dataset/archive/derm12345_train_part_2/pg/DERM_519848.jpg,pg,33,33,33,True
/mnt/c/Users/0M SAI RAM/Desktop/project/dataset/archive/derm12345_train_part_2/rd/DERM_326642.jpg,rd,34,34,34,True
/mnt/c/Users/0M SAI RAM/Desktop/project/dataset/archive/derm12345_train_part_2/rd/DERM_870909.jpg,rd,34,34,22,False
/mnt/c/Users/0M SAI RAM/Desktop/project/dataset/archive/derm12345_train_part_2/rd/DERM_179798.jpg,rd,34,34,34,True
/mnt/c/Users/0M SAI RAM/Desktop/project/dataset/archive/derm12345_train_part_2/rd/DERM_568651.jpg,rd,34,34,34,True
/mnt/c/Users/0M SAI RAM/Desktop/project/dataset/archive/derm12345_train_part_2/sa/DERM_963162.jpg,sa,35,35,35,True
/mnt/c/Users/0M SAI RAM/Desktop/project/dataset/archive/derm12345_train_part_2/sa/DERM_963161.jpg,sa,35,35,2,False
/mnt/c/Users/0M SAI RAM/Desktop/project/dataset/archive/derm12345_train_part_2/sa/DERM_677233.jpg,sa,35,35,35,True
/mnt/c/Users/0M SAI RAM/Desktop/project/dataset/archive/derm12345_train_part_2/sa/DERM_428777.jpg,sa,35,35,35,True
/mnt/c/Users/0M SAI RAM/Desktop/project/dataset/archive/derm12345_train_part_2/scc/DERM_392228.jpg,scc,36,36,8,False
/mnt/c/Users/0M SAI RAM/Desktop/project/dataset/archive/derm12345_train_part_2/scc/DERM_829564.jpg,scc,36,36,9,False
/mnt/c/Users/0M SAI RAM/Desktop/project/dataset/archive/derm12345_train_part_2/scc/DERM_706339.jpg,scc,36,36,36,True
/mnt/c/Users/0M SAI RAM/Desktop/project/dataset/archive/derm12345_train_part_2/scc/DERM_967858.jpg,scc,36,36,8,False
/mnt/c/Users/0M SAI RAM/Desktop/project/dataset/archive/derm12345_train_part_2/scc/DERM_108067.jpg,scc,36,36,36,True
/mnt/c/Users/0M SAI RAM/Desktop/project/dataset/archive/derm12345_train_part_2/scc/DERM_533536.jpg,scc,36,36,36,True
/mnt/c/Users/0M SAI RAM/Desktop/project/dataset/archive/derm12345_train_part_2/scc/DERM_195437.jpg,scc,36,36,36,True
/mnt/c/Users/0M SAI RAM/Desktop/project/dataset/archive/derm12345_train_part_2/scc/DERM_364902.jpg,scc,36,36,7,False
/mnt/c/Users/0M SAI RAM/Desktop/project/dataset/archive/derm12345_train_part_2/scc/DERM_467543.jpg,scc,36,36,36,True
/mnt/c/Users/0M SAI RAM/Desktop/project/dataset/archive/derm12345_train_part_2/scc/DERM_621794.jpg,scc,36,36,36,True
/mnt/c/Users/0M SAI RAM/Desktop/project/dataset/archive/derm12345_train_part_2/scc/DERM_260469.jpg,scc,36,36,8,False
/mnt/c/Users/0M SAI RAM/Desktop/project/dataset/archive/derm12345_train_part_2/scc/DERM_597686.jpg,scc,36,36,36,True
/mnt/c/Users/0M SAI RAM/Desktop/project/dataset/archive/derm12345_train_part_2/scc/DERM_717026.jpg,scc,36,36,36,True
/mnt/c/Users/0M SAI RAM/Desktop/project/dataset/archive/derm12345_train_part_2/scc/DERM_455132.jpg,scc,36,36,36,True
/mnt/c/Users/0M SAI RAM/Desktop/project/dataset/archive/derm12345_train_part_2/scc/DERM_612331.jpg,scc,36,36,36,True
/mnt/c/Users/0M SAI RAM/Desktop/project/dataset/archive/derm12345_train_part_2/scc/DERM_391513.jpg,scc,36,36,36,True
/mnt/c/Users/0M SAI RAM/Desktop/project/dataset/archive/derm12345_train_part_2/scc/DERM_207485.jpg,scc,36,36,8,False
/mnt/c/Users/0M SAI RAM/Desktop/project/dataset/archive/derm12345_train_part_2/scc/DERM_890312.jpg,scc,36,36,36,True
/mnt/c/Users/0M SAI RAM/Desktop/project/dataset/archive/derm12345_train_part_2/scc/DERM_901243.jpg,scc,36,36,36,True
/mnt/c/Users/0M SAI RAM/Desktop/project/dataset/archive/derm12345_train_part_2/scc/DERM_558895.jpg,scc,36,36,36,True
/mnt/c/Users/0M SAI RAM/Desktop/project/dataset/archive/derm12345_train_part_2/scc/DERM_773080.jpg,scc,36,36,36,True
/mnt/c/Users/0M SAI RAM/Desktop/project/dataset/archive/derm12345_train_part_2/scc/DERM_738174.jpg,scc,36,36,36,True
/mnt/c/Users/0M SAI RAM/Desktop/project/dataset/archive/derm12345_train_part_2/scc/DERM_351503.jpg,scc,36,36,36,True
/mnt/c/Users/0M SAI RAM/Desktop/project/dataset/archive/derm12345_train_part_2/scc/DERM_261056.jpg,scc,36,36,37,False
/mnt/c/Users/0M SAI RAM/Desktop/project/dataset/archive/derm12345_train_part_2/scc/DERM_128141.jpg,scc,36,36,36,True
/mnt/c/Users/0M SAI RAM/Desktop/project/dataset/archive/derm12345_train_part_2/scc/DERM_222611.jpg,scc,36,36,36,True
/mnt/c/Users/0M SAI RAM/Desktop/project/dataset/archive/derm12345_train_part_2/scc/DERM_774084.jpg,scc,36,36,36,True
/mnt/c/Users/0M SAI RAM/Desktop/project/dataset/archive/derm12345_train_part_2/scc/DERM_707490.jpg,scc,36,36,37,False
/mnt/c/Users/0M SAI RAM/Desktop/project/dataset/archive/derm12345_train_part_2/scc/DERM_727973.jpg,scc,36,36,37,False
/mnt/c/Users/0M SAI RAM/Desktop/project/dataset/archive/derm12345_train_part_2/scc/DERM_543482.jpg,scc,36,36,8,False
/mnt/c/Users/0M SAI RAM/Desktop/project/dataset/archive/derm12345_train_part_2/scc/DERM_815938.jpg,scc,36,36,8,False
/mnt/c/Users/0M SAI RAM/Desktop/project/dataset/archive/derm12345_train_part_2/scc/DERM_663664.jpg,scc,36,36,36,True
/mnt/c/Users/0M SAI RAM/Desktop/project/dataset/archive/derm12345_train_part_2/scc/DERM_351988.jpg,scc,36,36,8,False
/mnt/c/Users/0M SAI RAM/Desktop/project/dataset/archive/derm12345_train_part_2/scc/DERM_739698.jpg,scc,36,36,36,True
/mnt/c/Users/0M SAI RAM/Desktop/project/dataset/archive/derm12345_train_part_2/scc/DERM_837732.jpg,scc,36,36,36,True
/mnt/c/Users/0M SAI RAM/Desktop/project/dataset/archive/derm12345_train_part_2/scc/DERM_986811.jpg,scc,36,36,36,True
/mnt/c/Users/0M SAI RAM/Desktop/project/dataset/archive/derm12345_train_part_2/scc/DERM_163799.jpg,scc,36,36,36,True
/mnt/c/Users/0M SAI RAM/Desktop/project/dataset/archive/derm12345_train_part_2/scc/DERM_692572.jpg,scc,36,36,10,False
/mnt/c/Users/0M SAI RAM/Desktop/project/dataset/archive/derm12345_train_part_2/scc/DERM_736594.jpg,scc,36,36,12,False
/mnt/c/Users/0M SAI RAM/Desktop/project/dataset/archive/derm12345_train_part_2/scc/DERM_917238.jpg,scc,36,36,8,False
/mnt/c/Users/0M SAI RAM/Desktop/project/dataset/archive/derm12345_train_part_2/scc/DERM_971107.jpg,scc,36,36,36,True
/mnt/c/Users/0M SAI RAM/Desktop/project/dataset/archive/derm12345_train_part_2/scc/DERM_485635.jpg,scc,36,36,36,True
/mnt/c/Users/0M SAI RAM/Desktop/project/dataset/archive/derm12345_train_part_2/scc/DERM_779481.jpg,scc,36,36,8,False
/mnt/c/Users/0M SAI RAM/Desktop/project/dataset/archive/derm12345_train_part_2/scc/DERM_149718.jpg,scc,36,36,36,True
/mnt/c/Users/0M SAI RAM/Desktop/project/dataset/archive/derm12345_train_part_2/scc/DERM_642640.jpg,scc,36,36,10,False
/mnt/c/Users/0M SAI RAM/Desktop/project/dataset/archive/derm12345_train_part_2/scc/DERM_793863.jpg,scc,36,36,4,False
/mnt/c/Users/0M SAI RAM/Desktop/project/dataset/archive/derm12345_train_part_2/scc/DERM_637287.jpg,scc,36,36,9,False
/mnt/c/Users/0M SAI RAM/Desktop/project/dataset/archive/derm12345_train_part_2/scc/DERM_263269.jpg,scc,36,36,8,False
/mnt/c/Users/0M SAI RAM/Desktop/project/dataset/archive/derm12345_train_part_2/scc/DERM_322835.jpg,scc,36,36,36,True
/mnt/c/Users/0M SAI RAM/Desktop/project/dataset/archive/derm12345_train_part_2/scc/DERM_432952.jpg,scc,36,36,17,False
/mnt/c/Users/0M SAI RAM/Desktop/project/dataset/archive/derm12345_train_part_2/scc/DERM_195696.jpg,scc,36,36,36,True
/mnt/c/Users/0M SAI RAM/Desktop/project/dataset/archive/derm12345_train_part_2/scc/DERM_335328.jpg,scc,36,36,17,False
/mnt/c/Users/0M SAI RAM/Desktop/project/dataset/archive/derm12345_train_part_2/scc/DERM_616933.jpg,scc,36,36,8,False
/mnt/c/Users/0M SAI RAM/Desktop/project/dataset/archive/derm12345_train_part_2/scc/DERM_516116.jpg,scc,36,36,7,False
/mnt/c/Users/0M SAI RAM/Desktop/project/dataset/archive/derm12345_train_part_2/scc/DERM_793749.jpg,scc,36,36,28,False
/mnt/c/Users/0M SAI RAM/Desktop/project/dataset/archive/derm12345_train_part_2/scc/DERM_204420.jpg,scc,36,36,37,False
/mnt/c/Users/0M SAI RAM/Desktop/project/dataset/archive/derm12345_train_part_2/scc/DERM_635404.jpg,scc,36,36,11,False
/mnt/c/Users/0M SAI RAM/Desktop/project/dataset/archive/derm12345_train_part_2/scc/DERM_977182.jpg,scc,36,36,36,True
/mnt/c/Users/0M SAI RAM/Desktop/project/dataset/archive/derm12345_train_part_2/scc/DERM_444074.jpg,scc,36,36,36,True
/mnt/c/Users/0M SAI RAM/Desktop/project/dataset/archive/derm12345_train_part_2/scc/DERM_849769.jpg,scc,36,36,36,True
/mnt/c/Users/0M SAI RAM/Desktop/project/dataset/archive/derm12345_train_part_2/scc/DERM_881450.jpg,scc,36,36,36,True
/mnt/c/Users/0M SAI RAM/Desktop/project/dataset/archive/derm12345_train_part_2/scc/DERM_477829.jpg,scc,36,36,36,True
/mnt/c/Users/0M SAI RAM/Desktop/project/dataset/archive/derm12345_train_part_2/scc/DERM_606474.jpg,scc,36,36,36,True
/mnt/c/Users/0M SAI RAM/Desktop/project/dataset/archive/derm12345_train_part_2/scc/DERM_621718.jpg,scc,36,36,36,True
/mnt/c/Users/0M SAI RAM/Desktop/project/dataset/archive/derm12345_train_part_2/scc/DERM_292454.jpg,scc,36,36,31,False
/mnt/c/Users/0M SAI RAM/Desktop/project/dataset/archive/derm12345_train_part_2/scc/DERM_334026.jpg,scc,36,36,8,False
/mnt/c/Users/0M SAI RAM/Desktop/project/dataset/archive/derm12345_train_part_2/scc/DERM_214547.jpg,scc,36,36,36,True
/mnt/c/Users/0M SAI RAM/Desktop/project/dataset/archive/derm12345_train_part_2/scc/DERM_451694.jpg,scc,36,36,36,True
/mnt/c/Users/0M SAI RAM/Desktop/project/dataset/archive/derm12345_train_part_2/scc/DERM_560407.jpg,scc,36,36,36,True
/mnt/c/Users/0M SAI RAM/Desktop/project/dataset/archive/derm12345_train_part_2/scc/DERM_706980.jpg,scc,36,36,36,True
/mnt/c/Users/0M SAI RAM/Desktop/project/dataset/archive/derm12345_train_part_2/scc/DERM_710645.jpg,scc,36,36,36,True
/mnt/c/Users/0M SAI RAM/Desktop/project/dataset/archive/derm12345_train_part_2/sk/DERM_282603.jpg,sk,37,37,22,False
/mnt/c/Users/0M SAI RAM/Desktop/project/dataset/archive/derm12345_train_part_2/sk/DERM_804704.jpg,sk,37,37,37,True
/mnt/c/Users/0M SAI RAM/Desktop/project/dataset/archive/derm12345_train_part_2/sk/DERM_147535.jpg,sk,37,37,37,True
/mnt/c/Users/0M SAI RAM/Desktop/project/dataset/archive/derm12345_train_part_2/sk/DERM_264395.jpg,sk,37,37,11,False
/mnt/c/Users/0M SAI RAM/Desktop/project/dataset/archive/derm12345_train_part_2/sk/DERM_436642.jpg,sk,37,37,23,False
/mnt/c/Users/0M SAI RAM/Desktop/project/dataset/archive/derm12345_train_part_2/sk/DERM_885271.jpg,sk,37,37,23,False
/mnt/c/Users/0M SAI RAM/Desktop/project/dataset/archive/derm12345_train_part_2/sk/DERM_526473.jpg,sk,37,37,37,True
/mnt/c/Users/0M SAI RAM/Desktop/project/dataset/archive/derm12345_train_part_2/sk/DERM_400614.jpg,sk,37,37,11,False
/mnt/c/Users/0M SAI RAM/Desktop/project/dataset/archive/derm12345_train_part_2/sk/DERM_950860.jpg,sk,37,37,37,True
/mnt/c/Users/0M SAI RAM/Desktop/project/dataset/archive/derm12345_train_part_2/sk/DERM_976475.jpg,sk,37,37,37,True
/mnt/c/Users/0M SAI RAM/Desktop/project/dataset/archive/derm12345_train_part_2/sk/DERM_971972.jpg,sk,37,37,37,True
/mnt/c/Users/0M SAI RAM/Desktop/project/dataset/archive/derm12345_train_part_2/sk/DERM_482050.jpg,sk,37,37,22,False
/mnt/c/Users/0M SAI RAM/Desktop/project/dataset/archive/derm12345_train_part_2/sk/DERM_553514.jpg,sk,37,37,10,False
/mnt/c/Users/0M SAI RAM/Desktop/project/dataset/archive/derm12345_train_part_2/sk/DERM_490728.jpg,sk,37,37,8,False
/mnt/c/Users/0M SAI RAM/Desktop/project/dataset/archive/derm12345_train_part_2/sk/DERM_731748.jpg,sk,37,37,8,False
/mnt/c/Users/0M SAI RAM/Desktop/project/dataset/archive/derm12345_train_part_2/sk/DERM_251087.jpg,sk,37,37,14,False
/mnt/c/Users/0M SAI RAM/Desktop/project/dataset/archive/derm12345_train_part_2/sk/DERM_805696.jpg,sk,37,37,23,False
/mnt/c/Users/0M SAI RAM/Desktop/project/dataset/archive/derm12345_train_part_2/sk/DERM_566210.jpg,sk,37,37,37,True
/mnt/c/Users/0M SAI RAM/Desktop/project/dataset/archive/derm12345_train_part_2/sk/DERM_658029.jpg,sk,37,37,37,True
/mnt/c/Users/0M SAI RAM/Desktop/project/dataset/archive/derm12345_train_part_2/sk/DERM_866983.jpg,sk,37,37,10,False
/mnt/c/Users/0M SAI RAM/Desktop/project/dataset/archive/derm12345_train_part_2/sk/DERM_955860.jpg,sk,37,37,37,True
/mnt/c/Users/0M SAI RAM/Desktop/project/dataset/archive/derm12345_train_part_2/sk/DERM_416709.jpg,sk,37,37,37,True
/mnt/c/Users/0M SAI RAM/Desktop/project/dataset/archive/derm12345_train_part_2/sk/DERM_652919.jpg,sk,37,37,23,False
/mnt/c/Users/0M SAI RAM/Desktop/project/dataset/archive/derm12345_train_part_2/sk/DERM_916792.jpg,sk,37,37,11,False
/mnt/c/Users/0M SAI RAM/Desktop/project/dataset/archive/derm12345_train_part_2/sk/DERM_348405.jpg,sk,37,37,17,False
/mnt/c/Users/0M SAI RAM/Desktop/project/dataset/archive/derm12345_train_part_2/sk/DERM_912704.jpg,sk,37,37,37,True
/mnt/c/Users/0M SAI RAM/Desktop/project/dataset/archive/derm12345_train_part_2/sk/DERM_146588.jpg,sk,37,37,37,True
/mnt/c/Users/0M SAI RAM/Desktop/project/dataset/archive/derm12345_train_part_2/sk/DERM_396014.jpg,sk,37,37,8,False
/mnt/c/Users/0M SAI RAM/Desktop/project/dataset/archive/derm12345_train_part_2/sk/DERM_663303.jpg,sk,37,37,22,False
/mnt/c/Users/0M SAI RAM/Desktop/project/dataset/archive/derm12345_train_part_2/sk/DERM_264203.jpg,sk,37,37,11,False
/mnt/c/Users/0M SAI RAM/Desktop/project/dataset/archive/derm12345_train_part_2/sk/DERM_687150.jpg,sk,37,37,12,False
/mnt/c/Users/0M SAI RAM/Desktop/project/dataset/archive/derm12345_train_part_2/sk/DERM_766040.jpg,sk,37,37,8,False
/mnt/c/Users/0M SAI RAM/Desktop/project/dataset/archive/derm12345_train_part_2/sk/DERM_971989.jpg,sk,37,37,11,False
/mnt/c/Users/0M SAI RAM/Desktop/project/dataset/archive/derm12345_train_part_2/sk/DERM_411727.jpg,sk,37,37,4,False
/mnt/c/Users/0M SAI RAM/Desktop/project/dataset/archive/derm12345_train_part_2/sk/DERM_812081.jpg,sk,37,37,17,False
/mnt/c/Users/0M SAI RAM/Desktop/project/dataset/archive/derm12345_train_part_2/sk/DERM_357694.jpg,sk,37,37,22,False
/mnt/c/Users/0M SAI RAM/Desktop/project/dataset/archive/derm12345_train_part_2/sk/DERM_518512.jpg,sk,37,37,12,False
/mnt/c/Users/0M SAI RAM/Desktop/project/dataset/archive/derm12345_train_part_2/sk/DERM_221182.jpg,sk,37,37,37,True
/mnt/c/Users/0M SAI RAM/Desktop/project/dataset/archive/derm12345_train_part_2/sk/DERM_206088.jpg,sk,37,37,6,False
/mnt/c/Users/0M SAI RAM/Desktop/project/dataset/archive/derm12345_train_part_2/sk/DERM_203271.jpg,sk,37,37,37,True
/mnt/c/Users/0M SAI RAM/Desktop/project/dataset/archive/derm12345_train_part_2/sk/DERM_319948.jpg,sk,37,37,23,False
/mnt/c/Users/0M SAI RAM/Desktop/project/dataset/archive/derm12345_train_part_2/sk/DERM_968287.jpg,sk,37,37,37,True
/mnt/c/Users/0M SAI RAM/Desktop/project/dataset/archive/derm12345_train_part_2/sk/DERM_308991.jpg,sk,37,37,37,True
/mnt/c/Users/0M SAI RAM/Desktop/project/dataset/archive/derm12345_train_part_2/sk/DERM_851853.jpg,sk,37,37,37,True
/mnt/c/Users/0M SAI RAM/Desktop/project/dataset/archive/derm12345_train_part_2/sk/DERM_207678.jpg,sk,37,37,25,False
/mnt/c/Users/0M SAI RAM/Desktop/project/dataset/archive/derm12345_train_part_2/sk/DERM_336629.jpg,sk,37,37,37,True
/mnt/c/Users/0M SAI RAM/Desktop/project/dataset/archive/derm12345_train_part_2/sk/DERM_634013.jpg,sk,37,37,38,False
/mnt/c/Users/0M SAI RAM/Desktop/project/dataset/archive/derm12345_train_part_2/sk/DERM_441142.jpg,sk,37,37,31,False
/mnt/c/Users/0M SAI RAM/Desktop/project/dataset/archive/derm12345_train_part_2/sk/DERM_358782.jpg,sk,37,37,37,True
/mnt/c/Users/0M SAI RAM/Desktop/project/dataset/archive/derm12345_train_part_2/sk/DERM_818030.jpg,sk,37,37,37,True
/mnt/c/Users/0M SAI RAM/Desktop/project/dataset/archive/derm12345_train_part_2/sk/DERM_775804.jpg,sk,37,37,31,False
/mnt/c/Users/0M SAI RAM/Desktop/project/dataset/archive/derm12345_train_part_2/sk/DERM_731333.jpg,sk,37,37,8,False
/mnt/c/Users/0M SAI RAM/Desktop/project/dataset/archive/derm12345_train_part_2/sk/DERM_524000.jpg,sk,37,37,37,True
/mnt/c/Users/0M SAI RAM/Desktop/project/dataset/archive/derm12345_train_part_2/sk/DERM_947090.jpg,sk,37,37,16,False
/mnt/c/Users/0M SAI RAM/Desktop/project/dataset/archive/derm12345_train_part_2/sk/DERM_337119.jpg,sk,37,37,37,True
/mnt/c/Users/0M SAI RAM/Desktop/project/dataset/archive/derm12345_train_part_2/sk/DERM_201388.jpg,sk,37,37,22,False
/mnt/c/Users/0M SAI RAM/Desktop/project/dataset/archive/derm12345_train_part_2/sk/DERM_185202.jpg,sk,37,37,22,False
/mnt/c/Users/0M SAI RAM/Desktop/project/dataset/archive/derm12345_train_part_2/sk/DERM_742239.jpg,sk,37,37,11,False
/mnt/c/Users/0M SAI RAM/Desktop/project/dataset/archive/derm12345_train_part_2/sk/DERM_145179.jpg,sk,37,37,14,False
/mnt/c/Users/0M SAI RAM/Desktop/project/dataset/archive/derm12345_train_part_2/sk/DERM_738011.jpg,sk,37,37,16,False
/mnt/c/Users/0M SAI RAM/Desktop/project/dataset/archive/derm12345_train_part_2/sk/DERM_394614.jpg,sk,37,37,23,False
/mnt/c/Users/0M SAI RAM/Desktop/project/dataset/archive/derm12345_train_part_2/sk/DERM_426228.jpg,sk,37,37,37,True
/mnt/c/Users/0M SAI RAM/Desktop/project/dataset/archive/derm12345_train_part_2/sk/DERM_563318.jpg,sk,37,37,37,True
/mnt/c/Users/0M SAI RAM/Desktop/project/dataset/archive/derm12345_train_part_2/sk/DERM_977506.jpg,sk,37,37,11,False
/mnt/c/Users/0M SAI RAM/Desktop/project/dataset/archive/derm12345_train_part_2/sk/DERM_225691.jpg,sk,37,37,11,False
/mnt/c/Users/0M SAI RAM/Desktop/project/dataset/archive/derm12345_train_part_2/sk/DERM_402690.jpg,sk,37,37,37,True
/mnt/c/Users/0M SAI RAM/Desktop/project/dataset/archive/derm12345_train_part_2/sk/DERM_534099.jpg,sk,37,37,11,False
/mnt/c/Users/0M SAI RAM/Desktop/project/dataset/archive/derm12345_train_part_2/sk/DERM_771394.jpg,sk,37,37,10,False
/mnt/c/Users/0M SAI RAM/Desktop/project/dataset/archive/derm12345_train_part_2/sk/DERM_646779.jpg,sk,37,37,23,False
/mnt/c/Users/0M SAI RAM/Desktop/project/dataset/archive/derm12345_train_part_2/sk/DERM_665824.jpg,sk,37,37,37,True
/mnt/c/Users/0M SAI RAM/Desktop/project/dataset/archive/derm12345_train_part_2/sk/DERM_706255.jpg,sk,37,37,37,True
/mnt/c/Users/0M SAI RAM/Desktop/project/dataset/archive/derm12345_train_part_2/sk/DERM_922743.jpg,sk,37,37,17,False
/mnt/c/Users/0M SAI RAM/Desktop/project/dataset/archive/derm12345_train_part_2/sk/DERM_487768.jpg,sk,37,37,17,False
/mnt/c/Users/0M SAI RAM/Desktop/project/dataset/archive/derm12345_train_part_2/sk/DERM_233709.jpg,sk,37,37,37,True
/mnt/c/Users/0M SAI RAM/Desktop/project/dataset/archive/derm12345_train_part_2/sk/DERM_199152.jpg,sk,37,37,17,False
/mnt/c/Users/0M SAI RAM/Desktop/project/dataset/archive/derm12345_train_part_2/sk/DERM_679176.jpg,sk,37,37,36,False
/mnt/c/Users/0M SAI RAM/Desktop/project/dataset/archive/derm12345_train_part_2/sk/DERM_303614.jpg,sk,37,37,23,False
/mnt/c/Users/0M SAI RAM/Desktop/project/dataset/archive/derm12345_train_part_2/sk/DERM_642511.jpg,sk,37,37,37,True
/mnt/c/Users/0M SAI RAM/Desktop/project/dataset/archive/derm12345_train_part_2/sk/DERM_525510.jpg,sk,37,37,23,False
/mnt/c/Users/0M SAI RAM/Desktop/project/dataset/archive/derm12345_train_part_2/sk/DERM_192431.jpg,sk,37,37,17,False
/mnt/c/Users/0M SAI RAM/Desktop/project/dataset/archive/derm12345_train_part_2/sk/DERM_214435.jpg,sk,37,37,37,True
/mnt/c/Users/0M SAI RAM/Desktop/project/dataset/archive/derm12345_train_part_2/sk/DERM_790725.jpg,sk,37,37,37,True
/mnt/c/Users/0M SAI RAM/Desktop/project/dataset/archive/derm12345_train_part_2/sk/DERM_350570.jpg,sk,37,37,37,True
/mnt/c/Users/0M SAI RAM/Desktop/project/dataset/archive/derm12345_train_part_2/sk/DERM_918081.jpg,sk,37,37,37,True
/mnt/c/Users/0M SAI RAM/Desktop/project/dataset/archive/derm12345_train_part_2/sk/DERM_774477.jpg,sk,37,37,37,True
/mnt/c/Users/0M SAI RAM/Desktop/project/dataset/archive/derm12345_train_part_2/sk/DERM_661176.jpg,sk,37,37,14,False
/mnt/c/Users/0M SAI RAM/Desktop/project/dataset/archive/derm12345_train_part_2/sk/DERM_869817.jpg,sk,37,37,37,True
/mnt/c/Users/0M SAI RAM/Desktop/project/dataset/archive/derm12345_train_part_2/sk/DERM_799377.jpg,sk,37,37,23,False
/mnt/c/Users/0M SAI RAM/Desktop/project/dataset/archive/derm12345_train_part_2/sk/DERM_860889.jpg,sk,37,37,37,True
/mnt/c/Users/0M SAI RAM/Desktop/project/dataset/archive/derm12345_train_part_2/sk/DERM_756254.jpg,sk,37,37,37,True
/mnt/c/Users/0M SAI RAM/Desktop/project/dataset/archive/derm12345_train_part_2/sk/DERM_634638.jpg,sk,37,37,23,False
/mnt/c/Users/0M SAI RAM/Desktop/project/dataset/archive/derm12345_train_part_2/sk/DERM_899280.jpg,sk,37,37,37,True
/mnt/c/Users/0M SAI RAM/Desktop/project/dataset/archive/derm12345_train_part_2/sk/DERM_246883.jpg,sk,37,37,37,True
/mnt/c/Users/0M SAI RAM/Desktop/project/dataset/archive/derm12345_train_part_2/sk/DERM_446168.jpg,sk,37,37,20,False
/mnt/c/Users/0M SAI RAM/Desktop/project/dataset/archive/derm12345_train_part_2/sk/DERM_510519.jpg,sk,37,37,20,False
/mnt/c/Users/0M SAI RAM/Desktop/project/dataset/archive/derm12345_train_part_2/sk/DERM_330779.jpg,sk,37,37,17,False
/mnt/c/Users/0M SAI RAM/Desktop/project/dataset/archive/derm12345_train_part_2/sk/DERM_531712.jpg,sk,37,37,11,False
/mnt/c/Users/0M SAI RAM/Desktop/project/dataset/archive/derm12345_train_part_2/sk/DERM_532010.jpg,sk,37,37,11,False
/mnt/c/Users/0M SAI RAM/Desktop/project/dataset/archive/derm12345_train_part_2/sk/DERM_958216.jpg,sk,37,37,17,False
/mnt/c/Users/0M SAI RAM/Desktop/project/dataset/archive/derm12345_train_part_2/sk/DERM_159464.jpg,sk,37,37,4,False
/mnt/c/Users/0M SAI RAM/Desktop/project/dataset/archive/derm12345_train_part_2/sk/DERM_692611.jpg,sk,37,37,10,False
/mnt/c/Users/0M SAI RAM/Desktop/project/dataset/archive/derm12345_train_part_2/sk/DERM_457155.jpg,sk,37,37,10,False
/mnt/c/Users/0M SAI RAM/Desktop/project/dataset/archive/derm12345_train_part_2/sk/DERM_578555.jpg,sk,37,37,17,False
/mnt/c/Users/0M SAI RAM/Desktop/project/dataset/archive/derm12345_train_part_2/sk/DERM_639212.jpg,sk,37,37,37,True
/mnt/c/Users/0M SAI RAM/Desktop/project/dataset/archive/derm12345_train_part_2/sk/DERM_311756.jpg,sk,37,37,14,False
/mnt/c/Users/0M SAI RAM/Desktop/project/dataset/archive/derm12345_train_part_2/sk/DERM_984366.jpg,sk,37,37,22,False
/mnt/c/Users/0M SAI RAM/Desktop/project/dataset/archive/derm12345_train_part_2/sk/DERM_318150.jpg,sk,37,37,37,True
/mnt/c/Users/0M SAI RAM/Desktop/project/dataset/archive/derm12345_train_part_2/sk/DERM_334193.jpg,sk,37,37,37,True
/mnt/c/Users/0M SAI RAM/Desktop/project/dataset/archive/derm12345_train_part_2/sk/DERM_341674.jpg,sk,37,37,37,True
/mnt/c/Users/0M SAI RAM/Desktop/project/dataset/archive/derm12345_train_part_2/sk/DERM_220668.jpg,sk,37,37,37,True
/mnt/c/Users/0M SAI RAM/Desktop/project/dataset/archive/derm12345_train_part_2/sk/DERM_599493.jpg,sk,37,37,37,True
/mnt/c/Users/0M SAI RAM/Desktop/project/dataset/archive/derm12345_train_part_2/sk/DERM_288026.jpg,sk,37,37,37,True
/mnt/c/Users/0M SAI RAM/Desktop/project/dataset/archive/derm12345_train_part_2/sk/DERM_296386.jpg,sk,37,37,37,True
/mnt/c/Users/0M SAI RAM/Desktop/project/dataset/archive/derm12345_train_part_2/sk/DERM_320233.jpg,sk,37,37,7,False
/mnt/c/Users/0M SAI RAM/Desktop/project/dataset/archive/derm12345_train_part_2/sk/DERM_493835.jpg,sk,37,37,23,False
/mnt/c/Users/0M SAI RAM/Desktop/project/dataset/archive/derm12345_train_part_2/sk/DERM_336078.jpg,sk,37,37,11,False
/mnt/c/Users/0M SAI RAM/Desktop/project/dataset/archive/derm12345_train_part_2/sk/DERM_330693.jpg,sk,37,37,37,True
/mnt/c/Users/0M SAI RAM/Desktop/project/dataset/archive/derm12345_train_part_2/sk/DERM_632992.jpg,sk,37,37,12,False
/mnt/c/Users/0M SAI RAM/Desktop/project/dataset/archive/derm12345_train_part_2/sk/DERM_752161.jpg,sk,37,37,12,False
/mnt/c/Users/0M SAI RAM/Desktop/project/dataset/archive/derm12345_train_part_2/sk/DERM_410021.jpg,sk,37,37,22,False
/mnt/c/Users/0M SAI RAM/Desktop/project/dataset/archive/derm12345_train_part_2/sk/DERM_101218.jpg,sk,37,37,23,False
/mnt/c/Users/0M SAI RAM/Desktop/project/dataset/archive/derm12345_train_part_2/sk/DERM_739502.jpg,sk,37,37,37,True
/mnt/c/Users/0M SAI RAM/Desktop/project/dataset/archive/derm12345_train_part_2/sk/DERM_628693.jpg,sk,37,37,37,True
/mnt/c/Users/0M SAI RAM/Desktop/project/dataset/archive/derm12345_train_part_2/sk/DERM_806722.jpg,sk,37,37,37,True
/mnt/c/Users/0M SAI RAM/Desktop/project/dataset/archive/derm12345_train_part_2/sk/DERM_554421.jpg,sk,37,37,37,True
/mnt/c/Users/0M SAI RAM/Desktop/project/dataset/archive/derm12345_train_part_2/sk/DERM_760994.jpg,sk,37,37,17,False
/mnt/c/Users/0M SAI RAM/Desktop/project/dataset/archive/derm12345_train_part_2/sk/DERM_732270.jpg,sk,37,37,23,False
/mnt/c/Users/0M SAI RAM/Desktop/project/dataset/archive/derm12345_train_part_2/sk/DERM_373629.jpg,sk,37,37,18,False
/mnt/c/Users/0M SAI RAM/Desktop/project/dataset/archive/derm12345_train_part_2/sk/DERM_753810.jpg,sk,37,37,23,False
/mnt/c/Users/0M SAI RAM/Desktop/project/dataset/archive/derm12345_train_part_2/sk/DERM_147757.jpg,sk,37,37,36,False
/mnt/c/Users/0M SAI RAM/Desktop/project/dataset/archive/derm12345_train_part_2/sk/DERM_955633.jpg,sk,37,37,38,False
/mnt/c/Users/0M SAI RAM/Desktop/project/dataset/archive/derm12345_train_part_2/sk/DERM_383629.jpg,sk,37,37,17,False
/mnt/c/Users/0M SAI RAM/Desktop/project/dataset/archive/derm12345_train_part_2/sk/DERM_172735.jpg,sk,37,37,28,False
/mnt/c/Users/0M SAI RAM/Desktop/project/dataset/archive/derm12345_train_part_2/sk/DERM_604703.jpg,sk,37,37,14,False
/mnt/c/Users/0M SAI RAM/Desktop/project/dataset/archive/derm12345_train_part_2/sk/DERM_872959.jpg,sk,37,37,23,False
/mnt/c/Users/0M SAI RAM/Desktop/project/dataset/archive/derm12345_train_part_2/sk/DERM_653648.jpg,sk,37,37,23,False
/mnt/c/Users/0M SAI RAM/Desktop/project/dataset/archive/derm12345_train_part_2/sk/DERM_550799.jpg,sk,37,37,37,True
/mnt/c/Users/0M SAI RAM/Desktop/project/dataset/archive/derm12345_train_part_2/sk/DERM_867124.jpg,sk,37,37,17,False
/mnt/c/Users/0M SAI RAM/Desktop/project/dataset/archive/derm12345_train_part_2/sk/DERM_858478.jpg,sk,37,37,36,False
/mnt/c/Users/0M SAI RAM/Desktop/project/dataset/archive/derm12345_train_part_2/sk/DERM_545884.jpg,sk,37,37,37,True
/mnt/c/Users/0M SAI RAM/Desktop/project/dataset/archive/derm12345_train_part_2/sk/DERM_145223.jpg,sk,37,37,23,False
/mnt/c/Users/0M SAI RAM/Desktop/project/dataset/archive/derm12345_train_part_2/sk/DERM_990830.jpg,sk,37,37,16,False
/mnt/c/Users/0M SAI RAM/Desktop/project/dataset/archive/derm12345_train_part_2/sk/DERM_445160.jpg,sk,37,37,11,False
/mnt/c/Users/0M SAI RAM/Desktop/project/dataset/archive/derm12345_train_part_2/sk/DERM_242037.jpg,sk,37,37,37,True
/mnt/c/Users/0M SAI RAM/Desktop/project/dataset/archive/derm12345_train_part_2/sk/DERM_975618.jpg,sk,37,37,37,True
/mnt/c/Users/0M SAI RAM/Desktop/project/dataset/archive/derm12345_train_part_2/sk/DERM_827005.jpg,sk,37,37,3,False
/mnt/c/Users/0M SAI RAM/Desktop/project/dataset/archive/derm12345_train_part_2/sk/DERM_185342.jpg,sk,37,37,8,False
/mnt/c/Users/0M SAI RAM/Desktop/project/dataset/archive/derm12345_train_part_2/sk/DERM_637909.jpg,sk,37,37,37,True
/mnt/c/Users/0M SAI RAM/Desktop/project/dataset/archive/derm12345_train_part_2/sk/DERM_540118.jpg,sk,37,37,37,True
/mnt/c/Users/0M SAI RAM/Desktop/project/dataset/archive/derm12345_train_part_2/sk/DERM_389080.jpg,sk,37,37,23,False
/mnt/c/Users/0M SAI RAM/Desktop/project/dataset/archive/derm12345_train_part_2/sk/DERM_282060.jpg,sk,37,37,37,True
/mnt/c/Users/0M SAI RAM/Desktop/project/dataset/archive/derm12345_train_part_2/sk/DERM_514434.jpg,sk,37,37,37,True
/mnt/c/Users/0M SAI RAM/Desktop/project/dataset/archive/derm12345_train_part_2/sk/DERM_155217.jpg,sk,37,37,23,False
/mnt/c/Users/0M SAI RAM/Desktop/project/dataset/archive/derm12345_train_part_2/sk/DERM_680002.jpg,sk,37,37,37,True
/mnt/c/Users/0M SAI RAM/Desktop/project/dataset/archive/derm12345_train_part_2/sk/DERM_938762.jpg,sk,37,37,37,True
/mnt/c/Users/0M SAI RAM/Desktop/project/dataset/archive/derm12345_train_part_2/sk/DERM_118065.jpg,sk,37,37,17,False
/mnt/c/Users/0M SAI RAM/Desktop/project/dataset/archive/derm12345_train_part_2/sk/DERM_602554.jpg,sk,37,37,10,False
/mnt/c/Users/0M SAI RAM/Desktop/project/dataset/archive/derm12345_train_part_2/sk/DERM_695845.jpg,sk,37,37,12,False
/mnt/c/Users/0M SAI RAM/Desktop/project/dataset/archive/derm12345_train_part_2/sk/DERM_986326.jpg,sk,37,37,12,False
/mnt/c/Users/0M SAI RAM/Desktop/project/dataset/archive/derm12345_train_part_2/sk/DERM_834253.jpg,sk,37,37,37,True
/mnt/c/Users/0M SAI RAM/Desktop/project/dataset/archive/derm12345_train_part_2/sk/DERM_832574.jpg,sk,37,37,37,True
/mnt/c/Users/0M SAI RAM/Desktop/project/dataset/archive/derm12345_train_part_2/sk/DERM_378913.jpg,sk,37,37,37,True
/mnt/c/Users/0M SAI RAM/Desktop/project/dataset/archive/derm12345_train_part_2/sl/DERM_498646.jpg,sl,38,38,22,False
/mnt/c/Users/0M SAI RAM/Desktop/project/dataset/archive/derm12345_train_part_2/sl/DERM_562041.jpg,sl,38,38,38,True
/mnt/c/Users/0M SAI RAM/Desktop/project/dataset/archive/derm12345_train_part_2/sl/DERM_790261.jpg,sl,38,38,37,False
/mnt/c/Users/0M SAI RAM/Desktop/project/dataset/archive/derm12345_train_part_2/sl/DERM_851530.jpg,sl,38,38,37,False
/mnt/c/Users/0M SAI RAM/Desktop/project/dataset/archive/derm12345_train_part_2/sl/DERM_441031.jpg,sl,38,38,38,True
/mnt/c/Users/0M SAI RAM/Desktop/project/dataset/archive/derm12345_train_part_2/sl/DERM_478069.jpg,sl,38,38,3,False
/mnt/c/Users/0M SAI RAM/Desktop/project/dataset/archive/derm12345_train_part_2/sl/DERM_505272.jpg,sl,38,38,23,False
/mnt/c/Users/0M SAI RAM/Desktop/project/dataset/archive/derm12345_train_part_2/sl/DERM_903586.jpg,sl,38,38,37,False
/mnt/c/Users/0M SAI RAM/Desktop/project/dataset/archive/derm12345_train_part_2/sl/DERM_927267.jpg,sl,38,38,23,False
/mnt/c/Users/0M SAI RAM/Desktop/project/dataset/archive/derm12345_train_part_2/sl/DERM_157372.jpg,sl,38,38,37,False
/mnt/c/Users/0M SAI RAM/Desktop/project/dataset/archive/derm12345_train_part_2/sl/DERM_253114.jpg,sl,38,38,37,False
/mnt/c/Users/0M SAI RAM/Desktop/project/dataset/archive/derm12345_train_part_2/sl/DERM_327092.jpg,sl,38,38,4,False
/mnt/c/Users/0M SAI RAM/Desktop/project/dataset/archive/derm12345_train_part_2/sl/DERM_248931.jpg,sl,38,38,11,False
/mnt/c/Users/0M SAI RAM/Desktop/project/dataset/archive/derm12345_train_part_2/sl/DERM_992617.jpg,sl,38,38,37,False
/mnt/c/Users/0M SAI RAM/Desktop/project/dataset/archive/derm12345_train_part_2/sl/DERM_668401.jpg,sl,38,38,36,False
/mnt/c/Users/0M SAI RAM/Desktop/project/dataset/archive/derm12345_train_part_2/sl/DERM_152785.jpg,sl,38,38,38,True
/mnt/c/Users/0M SAI RAM/Desktop/project/dataset/archive/derm12345_train_part_2/srjd/DERM_525666.jpg,srjd,39,39,39,True
/mnt/c/Users/0M SAI RAM/Desktop/project/dataset/archive/derm12345_train_part_2/srjd/DERM_990430.jpg,srjd,39,39,23,False
/mnt/c/Users/0M SAI RAM/Desktop/project/dataset/archive/derm12345_train_part_2/srjd/DERM_169811.jpg,srjd,39,39,39,True
/mnt/c/Users/0M SAI RAM/Desktop/project/dataset/archive/derm12345_train_part_2/srjd/DERM_904789.jpg,srjd,39,39,23,False
/mnt/c/Users/0M SAI RAM/Desktop/project/dataset/archive/derm12345_train_part_2/srjd/DERM_563817.jpg,srjd,39,39,39,True
