accuracy,precision_macro,recall_macro_sensitivity,f1_macro,specificity_macro,fpr_macro,iou_macro,ppv_macro
0.5155172413793103,0.5786800509386492,0.4882558432067684,0.5133078647339363,0.9855319918365277,0.01446800816347229,0.38152298570073967,0.5786800509386492
0.5290060851926978,0.6236578709978102,0.5151470407327678,0.548736484250101,0.9860511093124842,0.013948890687515796,0.41291356508496824,0.6236578709978102
0.5165314401622718,0.6168266127948824,0.4979122250537147,0.5332819441497919,0.9856163527541024,0.014383647245897524,0.3846100329980992,0.6168266127948824
0.5240365111561867,0.5970267021809075,0.5179747399287223,0.5406703672216763,0.9858772151232437,0.014122784876756455,0.41204868237103137,0.5970267021809075
0.5231237322515213,0.5820532303990928,0.5198249554048384,0.5406599067338534,0.9859089279247734,0.014091072075226646,0.4056593391677164,0.5820532303990928
0.5101419878296146,0.5976384239630463,0.512771751232961,0.5398361988639854,0.9854865424433452,0.014513457556654688,0.40478240335924837,0.5976384239630463
0.5195740365111562,0.6029622691707912,0.501993050417363,0.5293308985193413,0.9857562101177477,0.014243789882252233,0.3828197241670569,0.6029622691707912
0.5146044624746451,0.6078196735300955,0.5360278294088757,0.5539431420946319,0.98565862873858,0.014341371261419985,0.42274674131285767,0.6078196735300955
0.5219066937119675,0.6028144722795221,0.4993941999153728,0.5313932659576962,0.9858578583368015,0.014142141663198604,0.39418013262794405,0.6028144722795221
0.5156186612576065,0.5792320267168707,0.48743392462679236,0.5117983925731886,0.985545948700804,0.014454051299195825,0.38421100968548877,0.5792320267168707
0.5198782961460446,0.5667543585841223,0.5026183705907109,0.5232477253709057,0.9857684474080584,0.014231552591941527,0.38185659136645766,0.5667543585841223
0.5139959432048682,0.5894760062980142,0.49596881564459583,0.5235106534695889,0.9856224574576886,0.014377542542311309,0.3916253353338897,0.5894760062980142
0.517342799188641,0.6001387724646668,0.49463739047693106,0.5268245160416265,0.9857755951559362,0.014224404844063693,0.386740803661877,0.6001387724646668
0.5119675456389452,0.6004642968084332,0.49686512811871697,0.5293576840145842,0.9855057223274851,0.014494277672514868,0.39377113472100567,0.6004642968084332
0.5178498985801218,0.6011734870308619,0.5106924342981902,0.5342130912360908,0.9856767758702137,0.014323224129786327,0.39963027595387157,0.6011734870308619
0.5273833671399595,0.572848941172694,0.5200984544761267,0.5359393814970173,0.9859584129966036,0.01404158700339644,0.4102719408395311,0.572848941172694
0.5162271805273834,0.5947633918748322,0.5131160809058274,0.5366691673538393,0.9856290680081365,0.014370931991863553,0.4043386545900699,0.5947633918748322
0.5168356997971603,0.5729989075459155,0.501331818176696,0.5245115549400806,0.9856624002512804,0.01433759974871969,0.39049013549336636,0.5729989075459155
0.512474645030426,0.5771826425326478,0.4858251862821145,0.5130874988113112,0.9855557237526048,0.014444276247395199,0.3818138663063145,0.5771826425326478
0.5186612576064908,0.616020013252004,0.5510132055072443,0.5736922406864234,0.9857702339669758,0.014229766033024139,0.4304082140387971,0.616020013252004
0.5201825557809331,0.5719378467188803,0.5108844940155469,0.5310830140788914,0.9858061390137838,0.014193860986216316,0.3985791387340164,0.5719378467188803
0.5175456389452333,0.5753219260200004,0.5112619398325955,0.5292263557320988,0.9857464528525821,0.014253547147418017,0.4039185046159689,0.5753219260200004
0.5152129817444219,0.573482029658892,0.4859445177817472,0.5114885651822718,0.9856615334243678,0.014338466575632352,0.38117859620724065,0.573482029658892
0.5216024340770791,0.6139383643327316,0.5144518309317352,0.542411585647702,0.9858188572895414,0.014181142710458455,0.41177770764483845,0.6139383643327316
0.518052738336714,0.6005951804184446,0.5171513338316063,0.5440106146052164,0.9857634484811845,0.014236551518815439,0.41275303830073595,0.6005951804184446
0.5188640973630831,0.5935552422664438,0.5122764109457322,0.5334984735315518,0.9857068859615143,0.014293114038485637,0.4032387381489923,0.5935552422664438
0.5257606490872211,0.5741413646545641,0.49252713179983587,0.5199710883441362,0.9859647494400576,0.014035250559942269,0.3857789530650919,0.5741413646545641
0.5139959432048682,0.601623232059761,0.5161904382162875,0.5331602894248608,0.985614444088186,0.014385555911814108,0.3982425720299113,0.601623232059761
0.5134888438133874,0.5827990390806135,0.49921085814498856,0.5235564178111027,0.9855813388596045,0.01441866114039544,0.3914503696396372,0.5827990390806135
0.522210953346856,0.5793668638320713,0.482373225245247,0.5072784443316253,0.9858106832671218,0.014189316732878116,0.3750750299464384,0.5793668638320713
0.5172413793103449,0.6201686310938725,0.5295619669958114,0.56026233488471,0.9856430131963967,0.01435698680360333,0.42718186034911254,0.6201686310938725
0.5237322515212982,0.5493169996925996,0.4870857753171303,0.5078173091135221,0.985924583603445,0.014075416396554963,0.37976395512437777,0.5493169996925996
0.5259634888438134,0.5717656357988465,0.5102795052761688,0.5306192435663659,0.9859376248493792,0.014062375150620966,0.4006076496795604,0.5717656357988465
0.5266734279918864,0.5997027435245446,0.5107779618202327,0.5384870942825772,0.9859719613849454,0.014028038615054703,0.40425571049810893,0.5997027435245446
0.5159229208924949,0.5654993251837455,0.49241154805134213,0.5158702329318736,0.9856452497352388,0.01435475026476129,0.385982665869384,0.5654993251837455
0.5269776876267749,0.624347035042863,0.5324853055221646,0.5631364613211585,0.9859487202022429,0.014051279797757216,0.4289848667357365,0.624347035042863
0.5182555780933062,0.6104001117336616,0.49400626113177876,0.5273824038395076,0.9857358312126883,0.014264168787311774,0.3898885976933971,0.6104001117336616
0.5172413793103449,0.5904456964545758,0.5192260700977013,0.5437405739120206,0.9856273698497875,0.014372630150212496,0.4129898923894582,0.5904456964545758
0.5221095334685598,0.6167835109811239,0.5207212752821866,0.5516065059154027,0.9858145062922876,0.014185493707712441,0.42099891863533223,0.6167835109811239
0.5241379310344828,0.6045649589635189,0.5182917573762749,0.545233488306826,0.9858655411280661,0.014134458871933774,0.4126181598474533,0.6045649589635189
0.528498985801217,0.617316374685696,0.5137768801399198,0.5401090877658759,0.9859386382750005,0.014061361724999477,0.4044527335349965,0.617316374685696
0.5155172413793103,0.6059499532785254,0.5114278300696622,0.5390983771129114,0.9855468100492187,0.014453189950781334,0.4055184865738517,0.6059499532785254
0.5197768762677485,0.5767892362271626,0.5116874278212294,0.5348311578764336,0.9857540094333972,0.014245990566602793,0.40285197835126574,0.5767892362271626
0.5323529411764706,0.5821731074181128,0.5060318323893582,0.5293820372238784,0.9861495391194129,0.013850460880587093,0.39432802752518326,0.5821731074181128
0.5174442190669372,0.5997188256139699,0.5114098129524922,0.5369932583253652,0.9857234567465543,0.014276543253445701,0.406454255712586,0.5997188256139699
0.5217038539553752,0.574752063193664,0.5050612150155335,0.5272616480261705,0.9858370723442945,0.014162927655705388,0.39610613121225435,0.574752063193664
0.5268762677484787,0.5914975258223649,0.5218057020488696,0.5471610355474879,0.9859718632662661,0.014028136733733954,0.4123394645090931,0.5914975258223649
0.5245436105476673,0.6096185128672672,0.5136439639658787,0.5397825850017602,0.9858903614971897,0.014109638502810301,0.4075877585738675,0.6096185128672672
0.5208924949290061,0.5888459980841573,0.5027915154593522,0.526279729589061,0.985743046174105,0.014256953825895069,0.3868837384966238,0.5888459980841573
0.5129817444219067,0.6054824302548454,0.513475964416113,0.5394970568266174,0.9855277786256039,0.014472221374396022,0.40267798807512667,0.6054824302548454
0.5235294117647059,0.6171251606444906,0.530940720601718,0.5553501179770738,0.985857645077375,0.014142354922625177,0.42517919022543793,0.6171251606444906
0.5251521298174442,0.5931288616493781,0.5177109909985681,0.5410606015022728,0.9858678582070777,0.014132141792922331,0.40989746305031094,0.5931288616493781
0.5191683569979716,0.5903053659780028,0.5090719025149156,0.5310091888121422,0.9856628198835141,0.014337180116485871,0.38982414964572937,0.5903053659780028
0.522210953346856,0.6217892514543879,0.5114009547733842,0.539382428310213,0.9858610459292192,0.014138954070780812,0.4069906008233536,0.6217892514543879
0.5199797160243408,0.6031094678598126,0.5188857996620557,0.5452020129570325,0.9858430572440937,0.014156942755906293,0.3973039141373361,0.6031094678598126
0.5178498985801218,0.5971629976959267,0.498076924374233,0.52835564157879,0.9857042155957096,0.014295784404290463,0.3906522910318458,0.5971629976959267
0.5176470588235295,0.6068075066308722,0.508781029810476,0.5361246337703817,0.9856719813930959,0.014328018606904086,0.400083887989031,0.6068075066308722
0.5268762677484787,0.6095843809646453,0.5137221712427122,0.543980687523792,0.9859558292876273,0.014044170712372697,0.40697147832590197,0.6095843809646453
0.5126774847870182,0.6030204323364853,0.5044733131290231,0.5320984096891246,0.9856353358944048,0.014364664105595195,0.39633351256866567,0.6030204323364853
0.5116632860040567,0.6175105805027848,0.4928290709677155,0.5253158094552673,0.985599280415347,0.014400719584652954,0.3898364130078459,0.6175105805027848
0.5274847870182556,0.6189152991361037,0.5176512813491625,0.5455244839922737,0.986027220714675,0.013972779285324855,0.411383282006679,0.6189152991361037
0.5210953346855984,0.6062990679628975,0.4980051305115486,0.5301640161160817,0.9859019978465433,0.014098002153456685,0.3953278116619362,0.6062990679628975
0.5209939148073023,0.5990590249932077,0.5403905836912839,0.5581848948055967,0.9857769989084157,0.014223001091584059,0.42807538236558446,0.5990590249932077
0.5101419878296146,0.6055372734911854,0.5496304176227547,0.5696650776831269,0.9854285424200327,0.014571457579967338,0.4385445796137226,0.6055372734911854
0.5137931034482759,0.5566300352481177,0.5070570419561882,0.5246860085929949,0.9854743881047545,0.014525611895245594,0.40027086168438986,0.5566300352481177
0.5086206896551724,0.5483165809948354,0.46773760119860963,0.4898419538162118,0.9854293334231443,0.01457066657685569,0.3614019513706782,0.5483165809948354
0.5185598377281947,0.5818626786287802,0.5107602462348124,0.5310508231175293,0.9856298591741762,0.014370140825823954,0.4042005939153778,0.5818626786287802
0.5132860040567951,0.5887839237509603,0.49816569882157097,0.5230187145186033,0.9855002208985695,0.014499779101430582,0.3772175111241344,0.5887839237509603
0.515314401622718,0.5826360358642467,0.48458826415457423,0.5125483105839804,0.9856645146065942,0.014335485393405853,0.37991263547877246,0.5826360358642467
0.5252535496957403,0.580694035623975,0.5209893711712773,0.5373899725834318,0.9859335277958522,0.014066472204147685,0.4089251177966471,0.580694035623975
0.522920892494929,0.6097253951103316,0.4714634830186596,0.5106339487381811,0.9858594679406092,0.014140532059390809,0.3708381624306095,0.6097253951103316
0.5196754563894523,0.551382869918181,0.47081547629921044,0.4900684589814698,0.9857146102806983,0.014285389719301706,0.361758257126957,0.551382869918181
0.51947261663286,0.5937761621672897,0.5147941300718119,0.5400830162483953,0.9857857810746549,0.014214218925345263,0.4044719859722726,0.5937761621672897
0.5195740365111562,0.5890784819532703,0.4855240168443672,0.5154451997351179,0.9857743888763707,0.014225611123629198,0.3859914562536429,0.5890784819532703
0.5253549695740365,0.5896156128233956,0.5315630432375007,0.5507419005045072,0.985910256397516,0.01408974360248397,0.42254725253610737,0.5896156128233956
0.5185598377281947,0.6162439946290736,0.5006554291241848,0.5349482606726967,0.9858141314371609,0.014185868562838983,0.3981806310529826,0.6162439946290736
0.522210953346856,0.5756164677693043,0.5248672501581862,0.5413929447854267,0.9858489805595649,0.014151019440435144,0.41160699430038805,0.5756164677693043
0.5168356997971603,0.6138857737569315,0.49962870627935024,0.5323312942174947,0.9856721077887028,0.014327892211297127,0.3954373854992845,0.6138857737569315
0.5109533468559838,0.6078424425798131,0.48338763456533734,0.517937864015467,0.9854129107993035,0.014587089200696424,0.3793505245481878,0.6078424425798131
0.522920892494929,0.5578331774382393,0.5056966971142703,0.5243104036550912,0.9857515287901784,0.014248471209821789,0.3968701296028692,0.5578331774382393
0.5177484787018256,0.5785922100828105,0.4938882057809016,0.5185448172470911,0.9856831739629927,0.014316826037007194,0.3855251180537115,0.5785922100828105
0.5237322515212982,0.5824180701065246,0.5166199077356505,0.5362446957253297,0.985973339307528,0.014026660692472043,0.40914456027772494,0.5824180701065246
0.5246450304259634,0.6116305709523278,0.5312629620282671,0.5572533337436095,0.985885729385747,0.014114270614253013,0.42256689594127145,0.6116305709523278
0.5169371196754564,0.5623177646393824,0.48088009438722124,0.5061017794369198,0.9855617254044506,0.0144382745955493,0.3808865789215812,0.5623177646393824
0.5087221095334685,0.5954915939641309,0.5153908920564725,0.5413160158568685,0.9853894482109091,0.014610551789090858,0.4081747335242703,0.5954915939641309
0.5259634888438134,0.6051267603485879,0.4948010321551243,0.5272166980061668,0.985937574811371,0.014062425188629019,0.3931836174908899,0.6051267603485879
0.5144016227180528,0.5949849498246006,0.5142653270529858,0.5390196829508578,0.9855481455373468,0.014451854462653162,0.3946134084148709,0.5949849498246006
0.5165314401622718,0.6117364697671285,0.5018416348778334,0.5350906724411998,0.9856811301721441,0.01431886982785589,0.4011049844987745,0.6117364697671285
0.516632860040568,0.5944943736994087,0.5047195103224108,0.5288362731979186,0.985652421534709,0.014347578465291009,0.39608069933448997,0.5944943736994087
0.5193711967545639,0.6003448471039775,0.5250657410091417,0.5505341221078129,0.9857327281934716,0.01426727180652854,0.4206270764432185,0.6003448471039775
0.5159229208924949,0.601055150786192,0.5266876447694043,0.5478370647297037,0.9855615872028143,0.014438412797185884,0.4189918359459419,0.601055150786192
0.5140973630831643,0.6081921644997992,0.5108706181300156,0.5395157967463518,0.9855958293834878,0.014404170616512358,0.4058506889500594,0.6081921644997992
0.5158215010141988,0.5703470061483917,0.5009705532974126,0.5201896823999801,0.98560230126433,0.014397698735669939,0.39014488853459184,0.5703470061483917
0.5145030425963489,0.6091588798974714,0.508720226996691,0.5351241373900215,0.9855214522534357,0.014478547746564268,0.39598676562950863,0.6091588798974714
0.5164300202839757,0.5756143926041172,0.5225218599529694,0.5390703192608177,0.9856800487930458,0.014319951206954043,0.4159136742888882,0.5756143926041172
0.50973630831643,0.610334460880275,0.5064045754390698,0.5363860596033178,0.9854374326373488,0.01456256736265119,0.40414275919190323,0.610334460880275
0.5215010141987829,0.6116020451084072,0.5056924457015141,0.5377126337392166,0.9858329917972553,0.014167008202744677,0.3862658409179501,0.6116020451084072
0.5172413793103449,0.6159298281495951,0.5007446418034399,0.5336408994051649,0.9857203859869511,0.014279614013049011,0.39446151896420095,0.6159298281495951
0.5145030425963489,0.5806726108669599,0.5201014565989002,0.5380404091398008,0.9855421529901985,0.014457847009801511,0.40844472837538,0.5806726108669599
0.5111561866125761,0.570778121588764,0.4925741807151282,0.5150484549781796,0.9854680327369338,0.01453196726306617,0.38475916298249213,0.570778121588764
0.5105476673427992,0.5536956876115076,0.49044675623026485,0.5061177100169825,0.9855781465106009,0.014421853489399056,0.38069675890684757,0.5536956876115076
0.5235294117647059,0.6064670012899789,0.5141290095168116,0.5445817169847734,0.9858444044835665,0.01415559551643367,0.4112424983675519,0.6064670012899789
0.5296146044624747,0.5995858432193539,0.520302143175604,0.548950419552425,0.9860330953672195,0.013966904632780497,0.41435971430959706,0.5995858432193539
0.5200811359026369,0.5684694524762668,0.5137235358088246,0.5317822203877862,0.9857321453555221,0.014267854644477973,0.4062871145969623,0.5684694524762668
0.5140973630831643,0.5994854092580522,0.4978451896526012,0.526452350699734,0.9855664919168579,0.014433508083142112,0.39031114960445407,0.5994854092580522
0.5155172413793103,0.6175312988094058,0.511505047467529,0.5429112390308104,0.9856683088341601,0.014331691165839794,0.4064995099989897,0.6175312988094058
0.5209939148073023,0.5913945901788681,0.5131047131701809,0.5381386745472975,0.9857045439530484,0.014295456046951602,0.4055079407249916,0.5913945901788681
0.5221095334685598,0.5836811419324903,0.4878797057766919,0.5185544644493785,0.9858331383934326,0.014166861606567438,0.3838202590478307,0.5836811419324903
0.5149087221095334,0.598932526983568,0.5215690054855366,0.5468036274543526,0.9856939673879033,0.014306032612096639,0.414734762185787,0.598932526983568
0.5195740365111562,0.5911397760500063,0.5117161837811551,0.5380802335296717,0.9857776159284345,0.014222384071565364,0.40781458389623565,0.5911397760500063
0.5230223123732252,0.6029540030455152,0.5374608661819872,0.5584016423150194,0.9859559019109266,0.014044098089073387,0.4289552939927391,0.6029540030455152
0.5183569979716024,0.590931073227652,0.5468459449504197,0.5629542397491543,0.9857136285651528,0.01428637143484705,0.4352494269270076,0.590931073227652
0.5302231237322516,0.6419299296361015,0.5341397415604259,0.5676367188412026,0.9860267017775541,0.013973298222445913,0.43815259429660713,0.6419299296361015
0.5140973630831643,0.5933494873246251,0.49947642228265093,0.5206165362806495,0.9855897236954322,0.014410276304567881,0.3926020419724251,0.5933494873246251
0.5202839756592292,0.6257409056764744,0.5318719227075747,0.5622952149224064,0.9857551574220974,0.01424484257790273,0.4333872646904976,0.6257409056764744
0.5196754563894523,0.5845013605391017,0.5030303242980675,0.5294544881433226,0.9856607678339755,0.014339232166024516,0.38309087627613503,0.5845013605391017
0.5164300202839757,0.5796127033265701,0.5104453077541148,0.5369486530386718,0.9856687186557448,0.014331281344255426,0.40675514650628075,0.5796127033265701
0.5077079107505071,0.5980409908897079,0.5021925763658204,0.5303869986862559,0.9854550774136481,0.014544922586352007,0.40081447427305344,0.5980409908897079
0.5205882352941177,0.5987457221490726,0.5166622772587446,0.5417854488144713,0.9858160439817351,0.014183956018265068,0.39530205827769793,0.5987457221490726
0.5237322515212982,0.5969016484439275,0.5008035141452761,0.5299257391792216,0.985889000457815,0.014110999542184931,0.3986202911695025,0.5969016484439275
0.5230223123732252,0.6049655849829577,0.49382079346725405,0.5244300333836062,0.9859492213465091,0.014050778653490841,0.38920981603979493,0.6049655849829577
0.5107505070993915,0.6067232080070973,0.5043295667889882,0.535126164819298,0.9854160896550802,0.01458391034491988,0.3961920514904239,0.6067232080070973
0.5191683569979716,0.6165850356440078,0.527554097254649,0.5498739843591525,0.9858049875354388,0.01419501246456123,0.4176584448146052,0.6165850356440078
0.5154158215010142,0.6056565885286096,0.5301586964838712,0.555510820989709,0.985624118305352,0.014375881694648018,0.4207916207591422,0.6056565885286096
0.5178498985801218,0.6041209956139844,0.5269697263541083,0.5517072743020911,0.9856150667780674,0.014384933221932444,0.41794262220270395,0.6041209956139844
0.5220081135902637,0.5833812931153567,0.49124795012897327,0.516277858200952,0.985833326890891,0.014166673109109091,0.3822675949068986,0.5833812931153567
0.513894523326572,0.6031922488886312,0.4984411301545665,0.5294575588952739,0.9855656998925735,0.014434300107426412,0.4014697857582551,0.6031922488886312
0.5161257606490872,0.5983114022893217,0.5074901859816783,0.53359378312257,0.9855270227826519,0.014472977217348148,0.4043614079473435,0.5983114022893217
0.5226166328600406,0.5980481765003989,0.5237638855960336,0.5492473915792193,0.9857883583597993,0.01421164164020081,0.41699583918259575,0.5980481765003989
0.5162271805273834,0.6195641199716986,0.53404844207831,0.5564054678568244,0.985648331720806,0.014351668279193899,0.4233311913152784,0.6195641199716986
0.5171399594320487,0.6035807933928125,0.4829940385667729,0.5168974666079432,0.985547790608414,0.014452209391586025,0.3840423878837442,0.6035807933928125
0.526369168356998,0.6189456725006786,0.5320879860381316,0.5594146780472574,0.9859236159275613,0.014076384072438658,0.42821486187217006,0.6189456725006786
0.5174442190669372,0.595327442880679,0.5216140450769405,0.5438716293964028,0.9856393946037466,0.014360605396253357,0.41123514620443247,0.595327442880679
0.5239350912778905,0.6054664262286276,0.5431351156293487,0.5630133520444912,0.9858622422171507,0.014137757782849248,0.43144958901610575,0.6054664262286276
0.5257606490872211,0.6128353790686116,0.51362314219898,0.5394868052606903,0.9859169682984493,0.01408303170155065,0.40344491216436695,0.6128353790686116
0.5176470588235295,0.5762914347801293,0.5123452113543455,0.5294443924864052,0.9855996880836987,0.014400311916301284,0.4027464577708349,0.5762914347801293
0.5101419878296146,0.603952059831801,0.5154144886072125,0.5409546517738777,0.9855328012724636,0.014467198727536573,0.4089455468291373,0.603952059831801
0.5212981744421906,0.6062951103055122,0.5099491584938602,0.535811709569223,0.9857638606757237,0.01423613932427611,0.403746068708936,0.6062951103055122
0.5188640973630831,0.6037337613392821,0.5048026035160667,0.5281734051607228,0.9856596509532899,0.014340349046710207,0.3960582543038383,0.6037337613392821
0.5154158215010142,0.5992990208605716,0.4941432561561689,0.5265510771412169,0.9856256978556222,0.014374302144377866,0.377505804941172,0.5992990208605716
0.5203853955375254,0.5965705213452159,0.5227279991880892,0.546119788986792,0.985770510346013,0.014229489653986937,0.4010309897151192,0.5965705213452159
0.5148073022312373,0.5924407408462391,0.5062163573890811,0.5333827051427947,0.9855886412535693,0.014411358746430597,0.40257625156848026,0.5924407408462391
0.5156186612576065,0.5762630053812412,0.49806755669034786,0.5249987872591485,0.9855999015603611,0.014400098439638775,0.3906514091735744,0.5762630053812412
0.5193711967545639,0.5977972040033352,0.5201275650590217,0.5487017527449909,0.985650013959873,0.014349986040127136,0.4194571771909573,0.5977972040033352
0.5200811359026369,0.6055625520828956,0.5347924656832722,0.5568939124314831,0.9857087424879998,0.0142912575120001,0.42256170861062825,0.6055625520828956
0.5240365111561867,0.631977406790579,0.5277503207916265,0.5559370342026433,0.9858648109782202,0.0141351890217799,0.4230221834073121,0.631977406790579
0.527789046653144,0.6273975586875621,0.5289264588297902,0.5497954812021344,0.9859618067016236,0.014038193298376588,0.41587736116925883,0.6273975586875621
0.5224137931034483,0.6092524087586795,0.5287255769668093,0.5531376307562245,0.9857446247687719,0.014255375231228168,0.4199251095695127,0.6092524087586795
0.5219066937119675,0.6247856098695409,0.5294267457630955,0.5598840725344963,0.9857584147317908,0.014241585268209317,0.4227866003685083,0.6247856098695409
0.5215010141987829,0.5864548942866901,0.509952387928192,0.5342888810883599,0.985889823549129,0.014110176450870954,0.3996686267586792,0.5864548942866901
0.5164300202839757,0.615437300337226,0.5046966938056707,0.5386875214976683,0.985644547657453,0.014355452342546926,0.4018253206091634,0.615437300337226
0.5159229208924949,0.5539134394613171,0.4802026554496778,0.5006610134120745,0.9856792973297608,0.014320702670239074,0.3711180243602633,0.5539134394613171
0.5197768762677485,0.5902704812086818,0.49589160721828857,0.5245977153374504,0.9856984264260857,0.014301573573914284,0.39411195231808493,0.5902704812086818
0.5244421906693711,0.5898670213311288,0.5112937758508733,0.5329739608910632,0.9858823183859158,0.014117681614084143,0.40839517754024,0.5898670213311288
0.5151115618661257,0.5745501711983609,0.5051473904091912,0.5283823132767457,0.9856473128096572,0.014352687190342708,0.40087158388915345,0.5745501711983609
0.5190669371196754,0.5936690078121207,0.5114749559006057,0.5381075568685756,0.9856417049157045,0.014358295084295475,0.4103320260787367,0.5936690078121207
0.5139959432048682,0.6016273993566597,0.5256557193451818,0.5455232064415354,0.9855969924991651,0.01440300750083483,0.4210939169069553,0.6016273993566597
0.5260649087221095,0.6186878675910086,0.5032652636238806,0.5419860611678283,0.9860075835968496,0.013992416403150392,0.40415809530444846,0.6186878675910086
0.5172413793103449,0.5734429985439636,0.49562561954042766,0.5176205135610423,0.9856218745976435,0.014378125402356529,0.38908688969038396,0.5734429985439636
0.5253549695740365,0.5819471664071146,0.5218968041481407,0.5384554721447186,0.9859963692353448,0.01400363076465524,0.4056935618468172,0.5819471664071146
0.5193711967545639,0.6189118520913883,0.5293392628412207,0.5558798205186533,0.9856681268018554,0.014331873198144607,0.4242043665134189,0.6189118520913883
0.5202839756592292,0.5824999165019671,0.49414269254527465,0.5148668106080843,0.985755913553071,0.014244086446928877,0.3808475774435077,0.5824999165019671
0.5152129817444219,0.6104862891348635,0.5283434082923371,0.5541048788995856,0.9856774454792319,0.01432255452076813,0.41925680699362244,0.6104862891348635
0.5220081135902637,0.551255688359287,0.5018465799281883,0.5184501868936418,0.9858595790924575,0.014140420907542478,0.3890321518450054,0.551255688359287
0.5176470588235295,0.5912991982418719,0.5069637501577424,0.5305568340238065,0.9856970060570495,0.014302993942950464,0.39964626672960535,0.5912991982418719
0.5247464503042596,0.5928783362283019,0.5335975754901369,0.5532823239020395,0.9858000877485837,0.014199912251416254,0.4228937665803052,0.5928783362283019
0.5236308316430021,0.6164357849987804,0.5067659061701122,0.5368681487928862,0.9859465569628796,0.014053443037120522,0.40062598910508934,0.6164357849987804
0.5176470588235295,0.6023213385549809,0.5272905909916608,0.5512709629929975,0.9856663163374663,0.014333683662533559,0.41867648481957687,0.6023213385549809
0.513894523326572,0.5611489622915311,0.4951658656700345,0.515895170468624,0.9856126989269853,0.014387301073014575,0.38519218620031365,0.5611489622915311
0.5132860040567951,0.6124818014459924,0.5208086595317025,0.5449500417318068,0.9855361134069447,0.014463886593055341,0.4157977144050854,0.6124818014459924
0.5154158215010142,0.6157615672159966,0.5318323736727575,0.5562229224807123,0.9856589110452045,0.014341088954795609,0.42779727272998347,0.6157615672159966
0.5171399594320487,0.6198045846027117,0.525471081954332,0.5493582298542081,0.9856127510671066,0.014387248932893563,0.4167867567622038,0.6198045846027117
0.5176470588235295,0.5989428929038245,0.5196279000321418,0.5429869295901388,0.9856593938034302,0.014340606196569928,0.41325023534421196,0.5989428929038245
0.5136916835699797,0.5864734200453513,0.5141438322212479,0.5306423559959835,0.9855792062241793,0.014420793775820718,0.4066763628767502,0.5864734200453513
0.511866125760649,0.6131540033655893,0.521166400489585,0.5480229961956437,0.9854973977558086,0.014502602244191313,0.41922246687763176,0.6131540033655893
0.5231237322515213,0.5781959948828662,0.5076053170352908,0.5301586293491326,0.9857862081416204,0.014213791858379541,0.39863022339006976,0.5781959948828662
0.5233265720081136,0.6197713241072739,0.5149820607875791,0.5472884909967147,0.9858708884125413,0.014129111587458743,0.4099478891607739,0.6197713241072739
0.5192697768762677,0.5867372202628955,0.511526866726068,0.5315187012221617,0.9856491201513734,0.01435087984862663,0.4046239588462335,0.5867372202628955
0.5147058823529411,0.6117019295383084,0.5255484996008264,0.5520077521916991,0.9856607966690965,0.014339203330903622,0.42477284837851653,0.6117019295383084
0.5203853955375254,0.5871746330920266,0.5119725792601645,0.5371005716583735,0.9856918253753413,0.014308174624658837,0.40076860874387404,0.5871746330920266
0.5226166328600406,0.60523992658182,0.5028565531521256,0.5299094706368123,0.9858128529492935,0.014187147050706334,0.3968263081230748,0.60523992658182
0.5225152129817444,0.5841319229297612,0.5008958544173118,0.5255890936095812,0.9858356132933046,0.014164386706695365,0.3939876005464608,0.5841319229297612
0.5174442190669372,0.6174769257816208,0.5141055789986358,0.5459691761801213,0.9857315082140813,0.014268491785918653,0.40594546875041004,0.6174769257816208
0.5230223123732252,0.5768038835799334,0.5169117070989561,0.5337595121511082,0.9858477903086363,0.014152209691363804,0.40526532647043056,0.5768038835799334
0.5199797160243408,0.597320137028432,0.503842039497358,0.532656054871373,0.9857421483115172,0.01425785168848287,0.3933155942265063,0.597320137028432
0.5241379310344828,0.6032032315053859,0.5291956558253206,0.5470424947886918,0.9857552923516317,0.014244707648368193,0.4184134337685337,0.6032032315053859
0.5184584178498985,0.6033536338435189,0.5154897810044226,0.5441429035269384,0.9857160597525407,0.014283940247459182,0.41401617764783627,0.6033536338435189
0.517342799188641,0.5619837073170173,0.4916212209848817,0.5147553653595704,0.9855815471222478,0.01441845287775223,0.38909502743587276,0.5619837073170173
0.5213995943204868,0.5592457253101586,0.5108111552633225,0.5268119234599355,0.985901505507168,0.0140984944928319,0.4017136448391101,0.5592457253101586
0.5136916835699797,0.5639880334182793,0.47220213632103897,0.4977858595715981,0.9855401071023617,0.01445989289763826,0.3622804712783029,0.5639880334182793
0.5224137931034483,0.5868765162803165,0.5052223140644939,0.5288097344744985,0.985789570138764,0.014210429861236034,0.39580073936908006,0.5868765162803165
0.5103448275862069,0.6046686893872607,0.48868450265595487,0.5233531287113136,0.9855110954749218,0.014488904525078335,0.39018787316717013,0.6046686893872607
0.5152129817444219,0.5930093315110258,0.5034908855101917,0.5279043545317921,0.9855450718970318,0.014454928102968154,0.3932555393322075,0.5930093315110258
0.5248478701825557,0.572334351761273,0.49033721322420787,0.512105515177313,0.9858329884858668,0.014167011514133188,0.38127414209665217,0.572334351761273
0.5169371196754564,0.6252189041083227,0.5217936671877014,0.5500227002358804,0.9855951214808671,0.014404878519132806,0.415877996307374,0.6252189041083227
0.5205882352941177,0.5815895133352276,0.5049668939152567,0.5304662658954119,0.9858418025555908,0.014158197444409193,0.3993200058920936,0.5815895133352276
0.5163286004056795,0.5771541320792786,0.4956284850569704,0.5201495172837829,0.9856230306963955,0.014376969303604529,0.3840962126872787,0.5771541320792786
0.51105476673428,0.6138533225377758,0.5279039632189566,0.5521451564183778,0.9854255143198106,0.014574485680189311,0.4216760127066082,0.6138533225377758
0.5211967545638945,0.593993752450347,0.5371227782487012,0.5567744240208778,0.9857362974190881,0.01426370258091179,0.43214500883500334,0.593993752450347
0.5146044624746451,0.6036497585024367,0.5040268428749961,0.53255537911914,0.9855846751540831,0.014415324845916722,0.40029337697702205,0.6036497585024367
0.5176470588235295,0.60856555656091,0.49669337282326625,0.5304977165506692,0.9856510725345894,0.014348927465410683,0.39342459006103664,0.60856555656091
0.5198782961460446,0.5938626143124617,0.5276114510868845,0.5470536167020612,0.9857656396598793,0.014234360340120655,0.41681511049995545,0.5938626143124617
0.5122718052738336,0.5969692903575439,0.49900565601296715,0.5312038792468637,0.9855565581284782,0.014443441871521736,0.3951205350261552,0.5969692903575439
0.5139959432048682,0.5503090682824784,0.4696362338044649,0.4924658024075689,0.9856208965926504,0.014379103407349747,0.35910974161205117,0.5503090682824784
0.5209939148073023,0.5912962309526659,0.5040477361572576,0.5302009067585197,0.9857253292666035,0.014274670733396489,0.4019991871153474,0.5912962309526659
0.528498985801217,0.596810850391473,0.5132214427297412,0.536514585997445,0.985975687272622,0.014024312727378155,0.40334035088995235,0.596810850391473
0.5191683569979716,0.62132102627482,0.5233039497582233,0.5561778118610302,0.9857011896210492,0.014298810378950918,0.42210417449645077,0.62132102627482
0.5198782961460446,0.6218631463599198,0.5126383965562207,0.5438749043327055,0.9857536804212579,0.014246319578742067,0.4086770323832841,0.6218631463599198
0.5272819472616633,0.574835753144893,0.5063006312513385,0.5247932180845406,0.9860171988295761,0.013982801170423973,0.39521816785472985,0.574835753144893
0.522210953346856,0.5704269854788103,0.5048181398169369,0.5250197860419495,0.9858306330742931,0.014169366925706861,0.40249080572652146,0.5704269854788103
0.52079107505071,0.6073642516020457,0.5057125364106471,0.5357161588658361,0.9857283502111157,0.014271649788884344,0.39846467709236555,0.6073642516020457
0.5208924949290061,0.6123926151344727,0.5115891476642502,0.5364621836437794,0.9856688430141167,0.014331156985883331,0.4049548499670788,0.6123926151344727
0.5141987829614605,0.5747082469245035,0.4794925012698913,0.5080902923201527,0.9855169925750731,0.014483007424926924,0.373945064620295,0.5747082469245035
0.5216024340770791,0.5870843656705154,0.5052765970292264,0.5282999546410097,0.9857404945177072,0.014259505482292828,0.3963952806937464,0.5870843656705154
0.5132860040567951,0.5741502721656746,0.509145967557793,0.5321776670098426,0.9855411661827824,0.01445883381721759,0.39716412359274783,0.5741502721656746
0.5260649087221095,0.5769002531701319,0.4889251704396739,0.516051211367154,0.9859807010253359,0.014019298974664049,0.3791286198464953,0.5769002531701319
0.5273833671399595,0.5698060118789959,0.5250912740850857,0.5398949999657365,0.985904965921061,0.014095034078939014,0.41027894219076194,0.5698060118789959
0.5171399594320487,0.5756152679231156,0.48912074358588303,0.5161147587669678,0.9856835356811382,0.014316464318861655,0.3799301589319425,0.5756152679231156
0.50973630831643,0.5823137432662584,0.49036258460568327,0.5147604895273782,0.9854678644606194,0.014532135539380578,0.3860340596671731,0.5823137432662584
0.5205882352941177,0.6131627951749877,0.5287978698653,0.5571817062903769,0.9857980572811996,0.014201942718800431,0.4181577829532655,0.6131627951749877
0.5197768762677485,0.5857540592178696,0.5065811619390528,0.5281762644439849,0.9857794491700812,0.014220550829918781,0.3917954809331368,0.5857540592178696
0.51947261663286,0.607577255233273,0.5346635464468458,0.5609265818495673,0.9858224342419748,0.014177565758025234,0.4244966864029783,0.607577255233273
0.5178498985801218,0.603911154774664,0.5322554905147648,0.5575058078762873,0.9856168984975934,0.01438310150240665,0.4248166461757263,0.603911154774664
0.5196754563894523,0.600724034421134,0.5102615326541391,0.5374860417207123,0.9857014756003739,0.014298524399626217,0.4012117044933191,0.600724034421134
0.5184584178498985,0.5892349654879862,0.4957454915471411,0.5234082104958296,0.9857222390191616,0.014277760980838364,0.39063788312010955,0.5892349654879862
0.5181541582150101,0.5820235092958869,0.511055595800603,0.5343994084780421,0.985719568168507,0.014280431831492958,0.4005498346498106,0.5820235092958869
0.5201825557809331,0.6191471229082004,0.5137729497525546,0.5450667864827468,0.9858208875179034,0.014179112482096651,0.41337236866484695,0.6191471229082004
0.5183569979716024,0.6161010752144179,0.5176677489154681,0.5462518666232925,0.9856217489177205,0.014378251082279681,0.40826571038915044,0.6161010752144179
0.5205882352941177,0.6169343875056181,0.5017190185707332,0.5369384241573092,0.9858546607546399,0.014145339245359953,0.3991308114710409,0.6169343875056181
0.5198782961460446,0.6188589791498156,0.5265555480335689,0.5524289803837905,0.9856709348557693,0.014329065144230584,0.4102738140131404,0.6188589791498156
0.526369168356998,0.589130659861208,0.4954950911320893,0.5225298996907501,0.9859130675319314,0.014086932468068702,0.38990760487236553,0.589130659861208
0.5202839756592292,0.6127401947638853,0.5231855913420904,0.552278624241638,0.9857092502080473,0.014290749791952528,0.4224622065325905,0.6127401947638853
0.5094320486815416,0.5911607103764328,0.5109661548300803,0.5359313824697945,0.9854952424023559,0.01450475759764425,0.4031557865219809,0.5911607103764328
0.5190669371196754,0.6172216176638553,0.49712617422477834,0.5335133401729409,0.985750183306821,0.01424981669317911,0.39478594510493636,0.6172216176638553
0.5201825557809331,0.5832361372284126,0.4953748556176928,0.5182781122912453,0.9857344188428273,0.014265581157172653,0.38521246840944057,0.5832361372284126
0.5154158215010142,0.5507609347501798,0.5023003561945053,0.5187042292859985,0.985682587244386,0.014317412755614036,0.4004060682839149,0.5507609347501798
0.5171399594320487,0.5972642465559076,0.4843480274789237,0.5211361169861233,0.9856344664721789,0.014365533527821129,0.38152341647161886,0.5972642465559076
0.5183569979716024,0.5912854507623576,0.5092345930466794,0.5341295971356274,0.9857349938806277,0.014265006119372514,0.3885750045267854,0.5912854507623576
0.5236308316430021,0.582128618502796,0.4914505330271954,0.5201747323412894,0.9858394909581933,0.014160509041806555,0.3872720056573172,0.582128618502796
0.5177484787018256,0.6135413290824439,0.5073941127067311,0.5369138633907342,0.9857332456673713,0.014266754332628612,0.404978213059371,0.6135413290824439
0.5228194726166329,0.5827572490744041,0.49665426397068624,0.5239835636754888,0.9857958454980833,0.014204154501916571,0.39140821166921214,0.5827572490744041
0.5130831643002028,0.5869905208508672,0.5146443027692355,0.5352059620736391,0.9855764723670642,0.014423527632935713,0.407037224788259,0.5869905208508672
0.5144016227180528,0.5914974732306244,0.5131579215782994,0.5360677195010699,0.9856736287355773,0.014326371264422766,0.40399169047307615,0.5914974732306244
0.5248478701825557,0.5858094648824983,0.5270902175782108,0.5452227756934664,0.9858618362423185,0.014138163757681557,0.4204717562059093,0.5858094648824983
0.5195740365111562,0.6367668858023494,0.5216951755614713,0.5584614789165452,0.9858730849916604,0.014126915008339652,0.42038628235506953,0.6367668858023494
0.5191683569979716,0.6039947519410932,0.5027475324740944,0.5328348516608556,0.9857686188489418,0.014231381151058117,0.3934316969007356,0.6039947519410932
0.5158215010141988,0.5764509813298893,0.5231150568292786,0.5413216534243949,0.9857176865567385,0.014282313443261557,0.4158760333375124,0.5764509813298893
0.5287018255578093,0.6035707390602224,0.5077765800992626,0.531737200812494,0.986046025373264,0.013953974626736037,0.3954352357860894,0.6035707390602224
0.5213995943204868,0.6033687086574513,0.5005176245277658,0.5314722103710221,0.9858659552175741,0.01413404478242598,0.3914329534783338,0.6033687086574513
0.5236308316430021,0.6194470895638654,0.517441818291046,0.5479878202766859,0.9858585673756768,0.014141432624323224,0.4125714260735361,0.6194470895638654
0.5247464503042596,0.5804572147362369,0.5372915309842239,0.553389901460283,0.9859405349378871,0.014059465062112817,0.4284387412873789,0.5804572147362369
0.5185598377281947,0.5727434906145275,0.49528823926647714,0.5211238744773312,0.9857608155986639,0.01423918440133592,0.3949543190007187,0.5727434906145275
0.5163286004056795,0.5554102240584762,0.480194209336545,0.5018010958142283,0.9856737744968539,0.01432622550314604,0.3702925486171262,0.5554102240584762
0.5136916835699797,0.575468001785171,0.5117247197441689,0.5322999440718718,0.9856029865670717,0.014397013432928266,0.4060569775820815,0.575468001785171
0.5186612576064908,0.6151524172829131,0.5332845041159531,0.5620272654052905,0.9857165822402054,0.014283417759794623,0.42905343393001305,0.6151524172829131
0.5186612576064908,0.6154794489587039,0.5262543424621264,0.555509357544527,0.9857657640884441,0.014234235911556033,0.4209937468797528,0.6154794489587039
0.5141987829614605,0.6080349047724672,0.5110255686287306,0.5384741118000387,0.9856019378840941,0.014398062115905896,0.40188894240839923,0.6080349047724672
0.5248478701825557,0.5706541346370816,0.4865062493569059,0.5081300211347577,0.985955717843866,0.014044282156133925,0.36360936518552844,0.5706541346370816
0.524239350912779,0.6318020193884653,0.5445799344350893,0.5670689886724438,0.9858948298577529,0.014105170142247141,0.4374857178643068,0.6318020193884653
0.5236308316430021,0.6098198713585316,0.5515964465438399,0.5665269726870651,0.9858416910009261,0.014158308999074071,0.4364414981426143,0.6098198713585316
0.5163286004056795,0.5950006238217587,0.5203899023818167,0.5457794706585102,0.9855869497143648,0.014413050285635387,0.41269679424937333,0.5950006238217587
0.5216024340770791,0.623175273875441,0.5083676872639098,0.541664062965947,0.9858759482919783,0.014124051708021779,0.4054568071778307,0.623175273875441
0.5190669371196754,0.6065098498731378,0.502701083697783,0.5322153289132778,0.9857460357251998,0.014253964274800246,0.3958948265833282,0.6065098498731378
0.5219066937119675,0.603981433869318,0.4781195815237771,0.5112762905096985,0.9857376936805464,0.014262306319453516,0.37479017138222315,0.603981433869318
0.51947261663286,0.6035316797045231,0.5125008268218106,0.53958373241441,0.9857150567224936,0.014284943277506373,0.4068916718037673,0.6035316797045231
0.5141987829614605,0.6024063940248313,0.4942306359496952,0.5298510359575237,0.9855877781404146,0.014412221859585428,0.38993462367254483,0.6024063940248313
0.5125760649087221,0.6064196705683991,0.5172898377410283,0.5409577104912027,0.9855482759776251,0.014451724022374829,0.4065319972903237,0.6064196705683991
0.5137931034482759,0.5714384281130098,0.49203845069198116,0.5167986022817957,0.9856509720727686,0.014349027927231464,0.3860956831499225,0.5714384281130098
0.5204868154158215,0.5862537087192464,0.5033063245343945,0.529941223912429,0.9858073975715833,0.014192602428416693,0.4006180904948967,0.5862537087192464
0.5224137931034483,0.5781977995004548,0.5106554592932767,0.5296158672686208,0.9858512086038818,0.014148791396118288,0.40179655845930407,0.5781977995004548
0.5165314401622718,0.6124512380462991,0.526904155471029,0.5518904318056669,0.985718965765954,0.01428103423404593,0.42037301578752667,0.6124512380462991
0.5251521298174442,0.5845754117747474,0.5214441563137859,0.5425710816694791,0.9858831412468545,0.014116858753145533,0.4145440714280295,0.5845754117747474
0.5213995943204868,0.5787246686733819,0.5175071394664627,0.533812184786605,0.9857599126791818,0.014240087320818213,0.3901975840559307,0.5787246686733819
0.5161257606490872,0.5612501102810113,0.5141903430555776,0.5309510296974951,0.9855783010938641,0.014421698906135805,0.3984526933292101,0.5612501102810113
0.5151115618661257,0.5973600543959127,0.4899941473463896,0.5192528258032146,0.9856245278293754,0.014375472170624745,0.3739930313562959,0.5973600543959127
0.5152129817444219,0.5878087209777589,0.5091929355446609,0.5289172460081047,0.9856558106914118,0.014344189308588131,0.39758216984699263,0.5878087209777589
0.5185598377281947,0.5823375912003147,0.4990326619345436,0.5243184142715271,0.9855890489658712,0.01441095103412881,0.3882923423281625,0.5823375912003147
0.5225152129817444,0.6218167927307817,0.5284859048001108,0.5599579877191567,0.9858293539376752,0.014170646062324776,0.423479516865803,0.6218167927307817
0.5230223123732252,0.6152487230243524,0.5162525171173658,0.5498469767066966,0.9858724849506804,0.014127515049319667,0.41493859970755376,0.6152487230243524
0.5249492900608519,0.5967712221237615,0.512600796205062,0.537227056813974,0.9859354174196167,0.014064582580383433,0.40729597554173297,0.5967712221237615
0.5200811359026369,0.6064127367051447,0.4994335315083429,0.5279781667500231,0.9857715368695945,0.014228463130405622,0.3962435002548189,0.6064127367051447
0.518052738336714,0.6109529152773815,0.5124589119027055,0.5382167158882682,0.9856712391690529,0.01432876083094703,0.40438085187300743,0.6109529152773815
0.5341784989858012,0.5550848767084102,0.4981847170656735,0.5179885848631006,0.9861723140278791,0.01382768597212088,0.3906765594789047,0.5550848767084102
0.5272819472616633,0.5909614786038168,0.5171616860127622,0.5401845898206635,0.9860174064253812,0.013982593574618682,0.40803252651987576,0.5909614786038168
0.5188640973630831,0.5781731793976349,0.5318991835725951,0.5464519503398909,0.9855976752171955,0.014402324782804534,0.41879032700986196,0.5781731793976349
0.5213995943204868,0.5890477979917597,0.4916545119302376,0.5220702754445021,0.9858063642350847,0.014193635764915252,0.3865178324399771,0.5890477979917597
0.5125760649087221,0.5686837410220796,0.4813025414765576,0.5057929374335289,0.9855297289746116,0.014470271025388393,0.3812887456273389,0.5686837410220796
0.5161257606490872,0.598442479960122,0.5262261562559895,0.5479947073729025,0.9856459253529462,0.014354074647053777,0.40655894412273186,0.598442479960122
0.5130831643002028,0.5433524737373915,0.49430873897664507,0.5094077883702292,0.9855800295417751,0.014419970458225023,0.3846219512163861,0.5433524737373915
0.5164300202839757,0.6202786261047583,0.5048853077421176,0.5348485425801786,0.9856286212281283,0.014371378771871793,0.39946944966223186,0.6202786261047583
0.5216024340770791,0.6116321658987363,0.5270135465390802,0.549770530832115,0.9858011922412719,0.01419880775872805,0.4158532229267299,0.6116321658987363
0.5152129817444219,0.5924036439391825,0.4972185810020262,0.5220063599044227,0.9856759905474666,0.014324009452533329,0.38799535106404476,0.5924036439391825
0.525050709939148,0.6267466588520587,0.5315924721036279,0.5583264372144712,0.985915494423503,0.01408450557649692,0.4244800127423747,0.6267466588520587
0.5268762677484787,0.6033512530999839,0.5228064880527293,0.545770005357056,0.9859450456681591,0.01405495433184088,0.4127254872308786,0.6033512530999839
0.5182555780933062,0.6074905614279427,0.5036331434114363,0.5280710341772582,0.9856489623685949,0.014351037631405019,0.3856267258705316,0.6074905614279427
0.51947261663286,0.6052875481079674,0.5477150199164871,0.5666098867234615,0.9857251136473927,0.014274886352607319,0.438913575024919,0.6052875481079674
0.5215010141987829,0.6045994174556089,0.4995973594099145,0.5295644916470768,0.9857271987236391,0.014272801276361014,0.3906976703196626,0.6045994174556089
0.5190669371196754,0.6158634341706246,0.5304548909571779,0.552161900080448,0.9856695304001478,0.014330469599852092,0.4092398575291146,0.6158634341706246
0.5232251521298175,0.5932289211489193,0.5277114180442981,0.5424674349657532,0.9858872098946019,0.01411279010539811,0.3983271506156808,0.5932289211489193
0.5160243407707911,0.5944175314271058,0.5164522301612701,0.5354940680167423,0.9855753427346784,0.014424657265321706,0.4008789090565566,0.5944175314271058
0.5179513184584178,0.5926715089962397,0.5203452668017905,0.5405104585964526,0.9856273790362179,0.01437262096378207,0.4180875462881608,0.5926715089962397
0.522210953346856,0.6114815466772534,0.5119034224053568,0.5415640836785787,0.9858843899088429,0.014115610091157115,0.40547683705234483,0.6114815466772534
0.5208924949290061,0.6140347264805771,0.5156749107556273,0.5467214844756695,0.98573598110964,0.014264018890360119,0.3986867066847,0.6140347264805771
0.5139959432048682,0.6060104417754019,0.5293254668390074,0.5522921763524015,0.9855870051355116,0.014412994864488396,0.4218697266083401,0.6060104417754019
0.5163286004056795,0.5603660190727722,0.4938623503321379,0.5168577871764057,0.9856594247406175,0.014340575259382576,0.3853704168444497,0.5603660190727722
0.5236308316430021,0.610228049143626,0.5132090658907394,0.5443865636866788,0.9859213042475332,0.014078695752466962,0.4105733219546993,0.610228049143626
0.5234279918864098,0.5829933819720148,0.5214259926671441,0.5428093357263637,0.9857648588017822,0.01423514119821763,0.3954875589237056,0.5829933819720148
0.5209939148073023,0.6070708017175319,0.5110182546380017,0.5399634233567084,0.9857054762988773,0.014294523701122835,0.4063283674219056,0.6070708017175319
0.5149087221095334,0.6066619526338262,0.507967590974504,0.5367122379414371,0.9854278463563345,0.01457215364366545,0.39934009079562494,0.6066619526338262
0.5200811359026369,0.5880686359738574,0.49025513750620553,0.5138864244783101,0.985849943635795,0.014150056364204933,0.38555368161807435,0.5880686359738574
0.5223123732251521,0.5692188022429953,0.48578755801958673,0.5071391412330499,0.9857831066682484,0.014216893331751463,0.37256046245928315,0.5692188022429953
0.5237322515212982,0.5868963357692308,0.5001555234174531,0.5266642410038094,0.9858968545296534,0.014103145470346513,0.3909434085521159,0.5868963357692308
0.5188640973630831,0.5905779484704408,0.48341280663826414,0.5121236060425998,0.9856674811227144,0.014332518877285655,0.3772107268366399,0.5905779484704408
0.5215010141987829,0.5859286837192883,0.4969930911674741,0.5245752218025095,0.9858442051430585,0.01415579485694154,0.39340699488478253,0.5859286837192883
0.5256592292089249,0.5657857506219778,0.4916895132543195,0.5140543125359545,0.9858003115523601,0.014199688447639875,0.3719449598675515,0.5657857506219778
0.5234279918864098,0.5853547062498297,0.5110557300140062,0.5311254643993344,0.9859358316888873,0.014064168311112563,0.3979988687054828,0.5853547062498297
0.5252535496957403,0.6145751303151686,0.5257555828646602,0.5494108356966219,0.9859120852250969,0.01408791477490302,0.42034781241685976,0.6145751303151686
0.5156186612576065,0.5771916717023153,0.4893326798025536,0.5158656088404777,0.9856287718746284,0.014371228125371704,0.38710290188298035,0.5771916717023153
0.5170385395537526,0.6178870880786024,0.5141435478782428,0.5417147414407493,0.9856616212183829,0.014338378781617173,0.40738973144000756,0.6178870880786024
0.518052738336714,0.5770073463168368,0.4871490266312609,0.5133094869273677,0.9856065978108894,0.014393402189110494,0.3810972365067701,0.5770073463168368
0.5211967545638945,0.549750331026291,0.5038823846755728,0.5179755638170797,0.9858365403557519,0.014163459644248111,0.39669192805994735,0.549750331026291
0.5206896551724138,0.6124875924390436,0.49349394269437485,0.5234976491189132,0.9858292488264375,0.014170751173562573,0.39023820251309604,0.6124875924390436
0.5135902636916836,0.6013879962277683,0.5214345300672804,0.548916304901403,0.9856456216646776,0.014354378335322337,0.41160374022685164,0.6013879962277683
0.5217038539553752,0.5889511077020197,0.48539892207854474,0.5151323674882626,0.9857822770575178,0.014217722942482119,0.3766465256927306,0.5889511077020197
0.5208924949290061,0.6046918055384836,0.505162892604001,0.5369432414241768,0.9857416802973983,0.014258319702601668,0.40244321776266806,0.6046918055384836
0.5219066937119675,0.6132889150041635,0.4907406261414987,0.5266347852032484,0.9858057079360076,0.014194292063992331,0.3872515627667389,0.6132889150041635
0.5288032454361055,0.5886037097359704,0.51236962450837,0.5352130430681531,0.9860317475829842,0.013968252417015778,0.4044197514960177,0.5886037097359704
0.526369168356998,0.587691474589724,0.529079902934673,0.5505781703705621,0.985846270553788,0.01415372944621214,0.42226703042132696,0.587691474589724
0.5252535496957403,0.5991921326489013,0.5183954519281746,0.5431977868692035,0.9859076604635366,0.014092339536463319,0.4127722690796425,0.5991921326489013
0.5134888438133874,0.5942433037212992,0.47542048208386367,0.5087055464621355,0.9854771044860364,0.014522895513963694,0.37751189315006906,0.5942433037212992
0.5227180527383367,0.6069773560294911,0.49837325597205967,0.5305386707239202,0.985884644138111,0.0141153558618889,0.3958034338618939,0.6069773560294911
0.5145030425963489,0.5944495845989137,0.5045089767167348,0.5316879593980773,0.9855997324103374,0.014400267589662591,0.38896728255953467,0.5944495845989137
0.5137931034482759,0.5911776715148305,0.5236610312669907,0.5421726828137047,0.9856089228102484,0.014391077189751567,0.4143672553131618,0.5911776715148305
0.5216024340770791,0.5990348183207017,0.4996712571810775,0.5265005424069111,0.9858202396818221,0.014179760318177937,0.39397159299070267,0.5990348183207017
0.5223123732251521,0.5862258649727848,0.5093356027160306,0.5280952278872031,0.9858853093113525,0.014114690688647475,0.3978618266836738,0.5862258649727848
0.5202839756592292,0.5749051956940535,0.5160078102358425,0.5346190429608071,0.9857690214778057,0.014230978522194238,0.40904639316929553,0.5749051956940535
0.5234279918864098,0.5995115583118368,0.5230902305439018,0.5477529108327418,0.9857930326620646,0.014206967337935247,0.4158278880361377,0.5995115583118368
0.5278904665314401,0.5817988514186837,0.5279381744817068,0.5443997049851642,0.9859744295810227,0.014025570418977373,0.41461346283649314,0.5817988514186837
0.5188640973630831,0.6096784104496586,0.5253413115755933,0.5464074379725956,0.9856739248826987,0.014326075117301296,0.4203979159095157,0.6096784104496586
0.5211967545638945,0.5883879258699358,0.5309548102393852,0.5486767490297831,0.9857999355067726,0.014200064493227466,0.4206647115571093,0.5883879258699358
0.5188640973630831,0.5918459703262254,0.5114345545635495,0.5319179354734611,0.9857416716531493,0.014258328346850748,0.3986989513808903,0.5918459703262254
0.5191683569979716,0.6290173277934763,0.5118897302989769,0.54716304545009,0.9856610606708957,0.014338939329104416,0.4120068493853791,0.6290173277934763
0.5102434077079108,0.5586608714863057,0.48157602844182695,0.5022533570249677,0.9854463997917946,0.014553600208205508,0.37025513030648305,0.5586608714863057
0.5200811359026369,0.6285103751287374,0.5334455784733104,0.5633407806590565,0.9856756802888746,0.014324319711125405,0.4309931252855333,0.6285103751287374
0.5202839756592292,0.626238604438498,0.5389930996950841,0.567973101872245,0.9857571605657813,0.014242839434218574,0.4329009999713058,0.626238604438498
0.5168356997971603,0.6101897037001169,0.5219900972139155,0.5440218447530493,0.9857285243352744,0.014271475664725619,0.4098978374509386,0.6101897037001169
0.5226166328600406,0.5895836947290787,0.5220911914627229,0.5432369071195928,0.9858944826058055,0.014105517394194434,0.416235730538178,0.5895836947290787
0.5123732251521298,0.5651312585983471,0.4901336648818912,0.5161919197469481,0.9855417421494608,0.014458257850539277,0.3723914175660238,0.5651312585983471
0.5159229208924949,0.5809050369436631,0.49577725922792143,0.5188655902679026,0.9855526636301534,0.01444733636984665,0.39153278238274253,0.5809050369436631
0.5169371196754564,0.5918344154147418,0.5102682628551023,0.5345096454420892,0.9857350256711761,0.014264974328824,0.39982451579571743,0.5918344154147418
0.5291075050709939,0.5855881179753989,0.499839857203543,0.5275332543751443,0.986090908429966,0.013909091570033916,0.37939739124004496,0.5855881179753989
0.5115618661257606,0.6017739862734045,0.514415983117873,0.5422181127761453,0.9855069155151313,0.014493084484868784,0.40828323997119115,0.6017739862734045
0.5246450304259634,0.5956050296191874,0.49489696965063923,0.5269170381119984,0.9858832586913848,0.01411674130861525,0.3876980671013696,0.5956050296191874
0.5168356997971603,0.5751345827087246,0.5153225066360783,0.5351827639694294,0.9856432612301272,0.014356738769872712,0.39144852322868634,0.5751345827087246
0.5268762677484787,0.6054394550213346,0.5039545620810164,0.5329228283085551,0.9858802384469267,0.014119761553073273,0.3955941672169202,0.6054394550213346
0.5149087221095334,0.6203736353081031,0.525791168538898,0.552883885887883,0.9856717541067382,0.014328245893261756,0.41661466308920325,0.6203736353081031
0.5210953346855984,0.5773625517474807,0.5022083951764897,0.5267170406630376,0.9857571525414908,0.014242847458509284,0.39684970849598983,0.5773625517474807
0.5212981744421906,0.6177561072889441,0.5179438811357711,0.5516937160988953,0.9857460262524065,0.014253973747593601,0.41298468286980156,0.6177561072889441
0.5121703853955375,0.6139374379212316,0.5132905906886097,0.5449812936709932,0.9855000868566096,0.014499913143390436,0.4106815689652409,0.6139374379212316
0.5273833671399595,0.6139073397186516,0.5442771609665673,0.5673490948937971,0.9859151113296196,0.014084888670380352,0.4401983322280817,0.6139073397186516
0.5196754563894523,0.5836315156413994,0.5177337986828565,0.5341073832650096,0.9857701852094293,0.014229814790570732,0.40932036127128607,0.5836315156413994
0.5176470588235295,0.5765295266182822,0.49963751921386346,0.5257759089098231,0.9856198034280208,0.014380196571979259,0.3959671721218866,0.5765295266182822
0.5216024340770791,0.6032614317779667,0.5037706515972162,0.5297515007488055,0.9858191292058132,0.014180870794186673,0.3951578373693073,0.6032614317779667
0.5224137931034483,0.5899392831217247,0.5084217473386132,0.5292856772395295,0.9858628519484132,0.014137148051586812,0.39538787448341556,0.5899392831217247
0.5272819472616633,0.6209803383602291,0.5309610445313945,0.5569558248563883,0.9859063964333433,0.014093603566656487,0.42705352084267273,0.6209803383602291
0.5198782961460446,0.6043769632280196,0.5576033958638378,0.5687492775693295,0.9857455999598577,0.014254400040142393,0.44323588308252776,0.6043769632280196
0.5133874239350913,0.5758265207850085,0.5105492923803518,0.5323146177315314,0.9856581253759146,0.014341874624085565,0.3972883925203238,0.5758265207850085
0.5185598377281947,0.5724905671523525,0.49313085209522745,0.5164292339078059,0.9857057128424161,0.01429428715758393,0.3871401822405696,0.5724905671523525
0.5237322515212982,0.5996586706196962,0.5114411136290047,0.5351359003428586,0.9858389993616534,0.014161000638346544,0.4002586558251722,0.5996586706196962
0.5193711967545639,0.6254725834734793,0.5396024802578827,0.5667554093364597,0.9857537333930912,0.014246266606908786,0.4375983561770999,0.6254725834734793
0.5258620689655172,0.620865166348189,0.523332840466721,0.5554384999633525,0.9858770742781691,0.01412292572183097,0.4206989022636014,0.620865166348189
0.5243407707910751,0.6124731814308934,0.5248153385691954,0.5486268749089496,0.9858339456129117,0.01416605438708822,0.41357005622141096,0.6124731814308934
0.5156186612576065,0.5962887413289532,0.4884818969560805,0.5186031478441995,0.985639353690679,0.014360646309321124,0.3814296363641601,0.5962887413289532
0.5235294117647059,0.5899227023569404,0.5024449840091533,0.5235451473426822,0.9858990202768194,0.014100979723180557,0.3788278899728553,0.5899227023569404
0.5198782961460446,0.6147882925327715,0.5255594809395101,0.546855221514365,0.9858241662940834,0.014175833705916532,0.41903936239811995,0.6147882925327715
0.5029411764705882,0.5879750784205584,0.501487107728054,0.5268186887667123,0.9852660184154264,0.014733981584573726,0.39328887475735025,0.5879750784205584
0.5204868154158215,0.6113558001193431,0.5276133788017606,0.5530615321574486,0.9858397249678712,0.014160275032128865,0.42053156261383434,0.6113558001193431
0.5198782961460446,0.6174444576357588,0.5320106350847089,0.5593571419474964,0.9857858802452245,0.014214119754775545,0.42718109662639814,0.6174444576357588
0.5215010141987829,0.5970290264781211,0.5004646599406775,0.5277980058531409,0.9858370719793598,0.014162928020640281,0.3974193707687888,0.5970290264781211
0.5161257606490872,0.5726944600620476,0.5055499670126086,0.521062678342059,0.9856873872983163,0.014312612701683774,0.3894321871338338,0.5726944600620476
0.5145030425963489,0.6195225308731018,0.5098247782860323,0.5460497207069486,0.9856051059078551,0.01439489409214494,0.4049419992782008,0.6195225308731018
0.5210953346855984,0.5901842428536099,0.5040624327658321,0.5311383975717632,0.9857000199126918,0.01429998008730812,0.4010109386423447,0.5901842428536099
0.5240365111561867,0.5907592534999522,0.504474442776807,0.5288420562847487,0.9858429985376886,0.01415700146231132,0.39979364556646646,0.5907592534999522
0.5159229208924949,0.5887730649620574,0.5073521346350492,0.533444310918041,0.985668463078641,0.014331536921359056,0.4001435631083482,0.5887730649620574
0.5203853955375254,0.6092193964337219,0.5120126700625638,0.5390851209631808,0.9857710799048105,0.014228920095189395,0.40777695294978233,0.6092193964337219
0.5168356997971603,0.5830786978369803,0.4939835982420037,0.521027016706657,0.9856382039533484,0.014361796046651675,0.38636086329095126,0.5830786978369803
0.5275862068965518,0.6219638739778854,0.5339225337922168,0.5619233360975873,0.9858817996915464,0.01411820030845357,0.42839399756732144,0.6219638739778854
0.5232251521298175,0.6145646951208232,0.5230211819940427,0.5535557243600457,0.9858421452638056,0.014157854736194237,0.42070854691271187,0.6145646951208232
0.5145030425963489,0.5653067982927171,0.4910257658688212,0.5097549615169568,0.9856557157426629,0.014344284257337076,0.3837469681688356,0.5653067982927171
0.5146044624746451,0.5930578817724165,0.4931226659410319,0.5251339324683033,0.9855264978028518,0.01447350219714818,0.3892636416208088,0.5930578817724165
0.517342799188641,0.5884516472057181,0.5038924749162499,0.5290810547551051,0.9857223262790781,0.014277673720921952,0.4034561360210427,0.5884516472057181
0.5223123732251521,0.5645457861855862,0.5116855899242638,0.5302633070546937,0.985913450848978,0.01408654915102207,0.4033996337429973,0.5645457861855862
0.5154158215010142,0.5629415994470014,0.49367239032954896,0.5158972897879565,0.9857816535079955,0.014218346492004564,0.38732870777242556,0.5629415994470014
0.5260649087221095,0.5839021930161794,0.5351617667504313,0.5491997501751598,0.9859395550751759,0.01406044492482408,0.4210113396225334,0.5839021930161794
0.5195740365111562,0.5764399139138918,0.49548896183940505,0.5233472969653052,0.9857275154735927,0.014272484526407236,0.3915451299156339,0.5764399139138918
0.5267748478701826,0.5790306224128912,0.5081181647802142,0.5318494070856603,0.9859966840960894,0.014003315903910662,0.39814275145524586,0.5790306224128912
0.524239350912779,0.5816507974640354,0.5222031566111228,0.5366003879447364,0.9858904890260896,0.014109510973910454,0.4076377847033122,0.5816507974640354
0.5158215010141988,0.5797991937517565,0.5021091505353893,0.5247052846493551,0.9856169953684951,0.014383004631505075,0.37736219684170963,0.5797991937517565
0.5179513184584178,0.605080370818891,0.4935671944685298,0.523797212399616,0.9856533185318984,0.01434668146810164,0.38864490824442754,0.605080370818891
0.5258620689655172,0.63316286179599,0.5333656978871165,0.5617629650220947,0.9859357733271843,0.014064226672815714,0.42959587317617753,0.63316286179599
0.5129817444219067,0.6015191554563927,0.4995928787145326,0.5227620382012423,0.9855259476767142,0.014474052323285708,0.38991910376448835,0.6015191554563927
0.5158215010141988,0.6216919869632277,0.504165199359608,0.5356819665523331,0.9855766322444588,0.014423367755541275,0.4023086196042847,0.6216919869632277
0.5126774847870182,0.567569114339406,0.5165424219893815,0.5343577412236495,0.9854913223125422,0.014508677687457987,0.39443400570029014,0.567569114339406
0.5235294117647059,0.6025221907706114,0.5208706989308747,0.5459220236433657,0.9859521730434645,0.014047826956535512,0.4109857524137778,0.6025221907706114
0.5251521298174442,0.5893125520644492,0.5116209627407138,0.5379764779257062,0.9858440561426438,0.014155943857356296,0.404032604253162,0.5893125520644492
0.5211967545638945,0.6032872325091307,0.5184903818597596,0.5479983560156373,0.9857118479764454,0.014288152023554612,0.4178047173280991,0.6032872325091307
0.5227180527383367,0.623444849532091,0.5639307431363203,0.5840982160246937,0.9858832668491282,0.01411673315087208,0.45586312608842655,0.623444849532091
0.5106490872210954,0.565614132866175,0.49025332577147324,0.5109424165849571,0.9855487625370033,0.014451237462996768,0.3684359725677394,0.565614132866175
0.524239350912779,0.5759723193833676,0.5067218489921563,0.5198830171640332,0.9858692470473887,0.014130752952611198,0.3870789092300674,0.5759723193833676
0.5175456389452333,0.5713827001585978,0.5010648875198311,0.523630160358843,0.9855899133343314,0.014410086665668573,0.3990619785348046,0.5713827001585978
0.5154158215010142,0.6099251538291691,0.515531895456123,0.5454603216599513,0.9856664529926338,0.014333547007366082,0.4116371523482937,0.6099251538291691
0.5221095334685598,0.6093993092083965,0.5351117590916434,0.5551203898500907,0.9858247070391808,0.0141752929608192,0.4192487630242613,0.6093993092083965
0.5253549695740365,0.6152446077963778,0.5151187355326778,0.539188975657504,0.9859486988858042,0.014051301114195938,0.4055143854036472,0.6152446077963778
0.5196754563894523,0.566754716433973,0.5131715968395298,0.5296735738862945,0.9857097559758143,0.014290244024185666,0.4049711309327096,0.566754716433973
0.5201825557809331,0.6125635536328453,0.5139190744091184,0.5406357406684654,0.9857568239929808,0.014243176007019109,0.40515633950495966,0.6125635536328453
0.513184584178499,0.5782572528145963,0.4887893327714655,0.516929470091263,0.9855024357045368,0.01449756429546326,0.3831324953920242,0.5782572528145963
0.5240365111561867,0.6184621788184349,0.515501344848972,0.5464358179105653,0.9859251941323762,0.01407480586762365,0.4092558310735174,0.6184621788184349
0.5181541582150101,0.5641012472268754,0.5153043023554277,0.5304869336714647,0.9856632908271881,0.014336709172811954,0.4020746422794499,0.5641012472268754
0.5183569979716024,0.5640691600588866,0.4829622696002972,0.5062588773909414,0.9857488499337059,0.014251150066294224,0.372477830164475,0.5640691600588866
0.5169371196754564,0.556873887533368,0.4627681856888861,0.4913771372602652,0.9856002109000137,0.014399789099986285,0.3634216499123171,0.556873887533368
0.5210953346855984,0.5933587593675045,0.5153526455446367,0.5382037131092725,0.9858308448773624,0.01416915512263765,0.4014943159042737,0.5933587593675045
0.517342799188641,0.5932780710130348,0.49090285182740506,0.522486188246039,0.9856450248755116,0.014354975124488245,0.3916133573346232,0.5932780710130348
0.5219066937119675,0.6136682947136386,0.5130626242235727,0.5423370167927718,0.9858632926855158,0.014136707314484312,0.4074166506928426,0.6136682947136386
0.5226166328600406,0.5868261634618975,0.5058729539752517,0.5287955013250796,0.9857881390393007,0.014211860960699301,0.39242468383391615,0.5868261634618975
0.5179513184584178,0.6066235733533747,0.5232954047003184,0.5489614797962963,0.9857371548241387,0.014262845175861355,0.41301255675190107,0.6066235733533747
0.5152129817444219,0.6100786049970889,0.5052680305340386,0.5405621416390094,0.9855530333772684,0.014446966622731575,0.40553348301877606,0.6100786049970889
0.5208924949290061,0.578289772200531,0.4958628248247273,0.5174682411724835,0.9858391016514592,0.014160898348540988,0.3884568977299287,0.578289772200531
0.5209939148073023,0.5954316217542855,0.47190268420937714,0.4992447054587185,0.9857519554940515,0.014248044505948493,0.3481134143800498,0.5954316217542855
0.5217038539553752,0.5493832856777161,0.49741624695069014,0.5112013738911734,0.9858636169166994,0.014136383083300692,0.3839015031014578,0.5493832856777161
0.5104462474645031,0.5691484481716709,0.49802182379922194,0.519694140749627,0.9855840111697521,0.014415988830247884,0.38842304354838353,0.5691484481716709
0.5205882352941177,0.5913663884478738,0.5078443418846658,0.5325478341335123,0.985704470708819,0.01429552929118116,0.40217745593459603,0.5913663884478738
0.5191683569979716,0.6219217021340987,0.529204727860004,0.5561922783552703,0.9857774773458612,0.014222522654138748,0.42483335743389505,0.6219217021340987
0.5136916835699797,0.5800731029991409,0.5159634832746939,0.5384658027151799,0.9856041823355841,0.01439581766441593,0.4130644757342822,0.5800731029991409
0.511866125760649,0.6009613756467005,0.5217153675185439,0.5447309476748362,0.9855464806380431,0.014453519361957035,0.39999906900739657,0.6009613756467005
0.5177484787018256,0.6130700488613041,0.5282844730853762,0.5557335019609487,0.9857146129235694,0.014285387076430591,0.41959949076785924,0.6130700488613041
0.5235294117647059,0.6114750626830302,0.5193083430789651,0.5485113355295872,0.9858545230110334,0.01414547698896658,0.41171758789890067,0.6114750626830302
0.5152129817444219,0.5836029231380884,0.5023406413873996,0.5279238120407586,0.9856394779958582,0.014360522004141849,0.39437882735387564,0.5836029231380884
0.5167342799188641,0.5662169976014262,0.5065056026151815,0.5242454301081867,0.9856852111356631,0.014314788864336922,0.38917129726296723,0.5662169976014262
0.5154158215010142,0.6099147807683573,0.5181957184112915,0.5463776355414218,0.9856201230674564,0.014379876932543745,0.4107030394726043,0.6099147807683573
0.5218052738336714,0.5839723476775514,0.5157003802335235,0.5347536688069099,0.9857426977648064,0.014257302235193697,0.40216531032448427,0.5839723476775514
0.5202839756592292,0.596262572225878,0.49794857290564865,0.5264829356745917,0.9856889822990038,0.014311017700996275,0.38899824837822156,0.596262572225878
0.5224137931034483,0.5962408104764065,0.5137349908843499,0.5405101110087676,0.9859227216199447,0.014077278380055413,0.4098972144258191,0.5962408104764065
0.516632860040568,0.59608203656707,0.5151722829773719,0.5371167732542613,0.9856243550686399,0.014375644931360149,0.40853919892191237,0.59608203656707
0.5143002028397566,0.5943332414691704,0.5284952386428442,0.5503700711189757,0.9856991713599914,0.014300828640008461,0.4232449487233806,0.5943332414691704
0.5221095334685598,0.5788057692660972,0.5148556806876623,0.5340191496641001,0.9857791411926666,0.014220858807333573,0.4051074745415709,0.5788057692660972
0.5200811359026369,0.6038129612648311,0.5276382077802977,0.5527474752789405,0.9857794712960015,0.014220528703998467,0.4234950742318297,0.6038129612648311
0.5278904665314401,0.5903613343341523,0.5035512530119334,0.5298173656021992,0.9861745088529436,0.013825491147056631,0.39829621632255685,0.5903613343341523
0.5266734279918864,0.590165207374444,0.5352428574042024,0.5535247420155714,0.9858921761570845,0.01410782384291558,0.4226137039363758,0.590165207374444
0.5128803245436105,0.6005037370212548,0.4922207253806022,0.5249627554744041,0.9855196112062155,0.014480388793784483,0.3871023043862719,0.6005037370212548
0.5164300202839757,0.5977939568488644,0.5209025808779729,0.5408823294979749,0.9856058965262872,0.01439410347371296,0.40848704809539155,0.5977939568488644
0.5174442190669372,0.5745909383862917,0.49201024520161474,0.5139544579185478,0.9856465756572719,0.014353424342728146,0.3861979596627213,0.5745909383862917
0.5224137931034483,0.6162870218554208,0.5329350782086892,0.5552145882150008,0.9858643145674941,0.01413568543250584,0.423752801447951,0.6162870218554208
0.5243407707910751,0.5520879943448884,0.48920749293879534,0.5101343666280093,0.9858326598732013,0.014167340126798624,0.3856425141100603,0.5520879943448884
0.515314401622718,0.5641856238544838,0.4665241702936419,0.49486137430439797,0.9856182138450464,0.01438178615495364,0.35222543594618305,0.5641856238544838
0.527079107505071,0.5940244304207594,0.5106772308767361,0.530013156047427,0.9860851738175404,0.013914826182459535,0.39803503483367697,0.5940244304207594
0.5147058823529411,0.6046498935928071,0.5092026351787897,0.5344575572639998,0.9855788284366135,0.01442117156338663,0.4002621260104363,0.6046498935928071
0.516632860040568,0.5829365882803946,0.4994622373716896,0.5267643282123309,0.9856371602963725,0.014362839703627542,0.3969661751388225,0.5829365882803946
0.5232251521298175,0.6114153985548624,0.5001300127245433,0.5303531029950039,0.9858047494162137,0.01419525058378628,0.3980525441059851,0.6114153985548624
0.5128803245436105,0.5716102106965713,0.49808512136265354,0.517466664422102,0.9855042418638232,0.014495758136176684,0.38483719955567436,0.5716102106965713
0.5233265720081136,0.6016221575868611,0.49427516447083536,0.5265600979965503,0.9858810569660876,0.01411894303391234,0.3911798025739467,0.6016221575868611
0.5232251521298175,0.5914452043709775,0.5092885698970552,0.5282236815069774,0.9859025823607915,0.014097417639208626,0.3968325964681241,0.5914452043709775
0.5112576064908723,0.5835076215923088,0.5016666999753012,0.529164210264508,0.9854501115006808,0.014549888499319319,0.39995067192484457,0.5835076215923088
0.5129817444219067,0.5688862457196648,0.49612040549668074,0.5188826688082152,0.985572420056928,0.014427579943072047,0.3869917673354932,0.5688862457196648
0.5179513184584178,0.6314101687057698,0.5170764650321608,0.5498444915812145,0.9857139684866587,0.014286031513341287,0.4169857441193766,0.6314101687057698
0.5209939148073023,0.6126138287529642,0.5285586904051424,0.5561409286908514,0.9858328077339994,0.014167192266000554,0.42264889871812183,0.6126138287529642
0.5201825557809331,0.6106897558078089,0.5230046757547194,0.5525367410648231,0.9857064260408375,0.014293573959162387,0.4201419335279871,0.6106897558078089
0.5135902636916836,0.5447875818400828,0.4854478225752953,0.5035412960226809,0.9855460098151345,0.014453990184865406,0.3736887731149162,0.5447875818400828
0.5157200811359026,0.5802719720320435,0.504271890378635,0.5231430986103349,0.9856603696334334,0.014339630366566552,0.39489188560671834,0.5802719720320435
0.5175456389452333,0.6066152957371013,0.5188221401509645,0.5408833423923389,0.9857651137281145,0.014234886271885345,0.4048521647344151,0.6066152957371013
0.5140973630831643,0.5824378136524571,0.49903648499230224,0.5216338670362215,0.9856005784392485,0.014399421560751618,0.39365723045986784,0.5824378136524571
0.518052738336714,0.5834232613882163,0.5233154147854805,0.5414405895869894,0.9856677972946735,0.014332202705326536,0.39604116071647644,0.5834232613882163
0.5200811359026369,0.5993369101425386,0.5033036899434145,0.5332342421623789,0.9857938659203596,0.014206134079640559,0.3978733775062656,0.5993369101425386
0.5240365111561867,0.6133315553760761,0.5064258629867225,0.5401743540078195,0.9858854517163463,0.014114548283653683,0.40365972305275,0.6133315553760761
0.5188640973630831,0.5749991130842391,0.5184746776345822,0.5371260914642298,0.9856494077529854,0.014350592247014498,0.3968001466777674,0.5749991130842391
0.5273833671399595,0.5812299863409592,0.5050158356797858,0.5247590354761112,0.9859925291105711,0.014007470889428868,0.3964463409162409,0.5812299863409592
0.5157200811359026,0.5912274210150704,0.5064893996511121,0.5295846621743625,0.9856046834254656,0.014395316574534517,0.3955847047664603,0.5912274210150704
0.5149087221095334,0.6041101218152155,0.5029277338813488,0.5307409022928906,0.9856688800005522,0.014331119999447967,0.39063565105501696,0.6041101218152155
0.5215010141987829,0.5820355251467467,0.5213497584277944,0.5420686880296909,0.9857327645752031,0.014267235424796914,0.4177644816834899,0.5820355251467467
0.516632860040568,0.573052826897568,0.5089231432487192,0.5289832187266801,0.9855993202357244,0.01440067976427561,0.3984396348360848,0.573052826897568
0.5196754563894523,0.6103107981575349,0.527933727250511,0.5520591359510042,0.985889924188295,0.014110075811704953,0.4200641633977753,0.6103107981575349
0.5217038539553752,0.6097116104736162,0.5014688143633803,0.5291548498356013,0.9858320049804121,0.014167995019587976,0.39565977456200846,0.6097116104736162
0.5191683569979716,0.6200608308892674,0.5201129946920808,0.5521688258358002,0.9858212368060804,0.014178763193919686,0.418942869639201,0.6200608308892674
0.5185598377281947,0.6118353950515845,0.508985803425411,0.5363070456608285,0.9857122845623992,0.014287715437600873,0.4043204022523813,0.6118353950515845
0.5175456389452333,0.5813361707654429,0.5038036752919688,0.5266393639929172,0.985759168817357,0.014240831182643032,0.3987556504186735,0.5813361707654429
0.5254563894523326,0.6092760610872943,0.5066729280594567,0.538248737176348,0.9858612021550744,0.014138797844925716,0.3980938150512808,0.6092760610872943
0.5192697768762677,0.5748080703755936,0.4928486022640777,0.5170138542485068,0.9858016119494568,0.014198388050543206,0.3843701879805189,0.5748080703755936
0.515314401622718,0.6009849223977477,0.5181978429765233,0.5407775609016696,0.9856351395413988,0.014364860458601334,0.40408231628589286,0.6009849223977477
0.5151115618661257,0.6149413607964058,0.5100966460088954,0.5417254201639481,0.9856512560846287,0.014348743915371328,0.40268093234175384,0.6149413607964058
0.5246450304259634,0.5870804892861313,0.4923130969376853,0.5196467337862212,0.9857858355808243,0.014214164419175607,0.388035640494701,0.5870804892861313
0.5289046653144016,0.6146148574018273,0.525366772331037,0.5503204250037724,0.9860109990319714,0.013989000968028622,0.4165337640205415,0.6146148574018273
0.5280933062880324,0.6066063428061585,0.5369294681736356,0.5564149656754841,0.9860684684158227,0.013931531584177198,0.4267851431956274,0.6066063428061585
0.5240365111561867,0.595746653522411,0.5101588066229914,0.5373360242299099,0.9858328120124685,0.014167187987531357,0.4026939190449177,0.595746653522411
0.5117647058823529,0.6098760282218837,0.5048681773289613,0.5374672321389534,0.9855871747396978,0.014412825260302123,0.39797321439728234,0.6098760282218837
0.5227180527383367,0.6016581752246253,0.5184613738707693,0.5410443291749795,0.9858851876247712,0.014114812375228786,0.4113765345537632,0.6016581752246253
0.5258620689655172,0.5844242271417748,0.5233834760119909,0.5416693356353061,0.9859403828737923,0.014059617126207773,0.41018005353731973,0.5844242271417748
0.5203853955375254,0.5960468808556565,0.5148639090559823,0.5368636212619586,0.9857983684469293,0.014201631553070606,0.40557077249740014,0.5960468808556565
0.5232251521298175,0.6171546306575572,0.5204674124404033,0.5516505771898637,0.9858310580178238,0.014168941982176175,0.4087783592592734,0.6171546306575572
0.5192697768762677,0.6097252633012067,0.5448432004486828,0.5643326824634953,0.985794560826983,0.014205439173017096,0.43462654612868407,0.6097252633012067
0.5297160243407708,0.5859140449420118,0.5254122144829729,0.5442767723467222,0.9859513169698271,0.014048683030172777,0.415395915202018,0.5859140449420118
0.524239350912779,0.5883643074150433,0.4947140516896189,0.5250307960211421,0.9858899015204508,0.014110098479549249,0.39394831289258325,0.5883643074150433
0.5190669371196754,0.5908642710491171,0.5169935886915158,0.5368699817925501,0.9857706570936585,0.0142293429063414,0.4047750793134629,0.5908642710491171
0.5240365111561867,0.6155434500673608,0.514542785663666,0.5487433061809216,0.9859233715078588,0.01407662849214109,0.4103123881806954,0.6155434500673608
0.5269776876267749,0.6092866861997963,0.5230625720578614,0.5489534111373745,0.9859893428973674,0.014010657102632768,0.42038230939003496,0.6092866861997963
0.5126774847870182,0.5955261177063068,0.5136698048595663,0.5349061676995114,0.9854836364254247,0.01451636357457518,0.401997579158259,0.5955261177063068
0.5168356997971603,0.5929983202547575,0.5031514230394205,0.5334777391262209,0.9856765110594349,0.014323488940565177,0.39939218336372434,0.5929983202547575
0.5195740365111562,0.6120733146279069,0.5395062950995031,0.5625885706141267,0.9858115751417508,0.014188424858249078,0.43171765234638926,0.6120733146279069
0.5210953346855984,0.5896935771183218,0.49697909414764246,0.5281775324045341,0.985799939086732,0.01420006091326791,0.3943414168075242,0.5896935771183218
0.5186612576064908,0.5685072672917636,0.4978865634867168,0.5176614957017034,0.985675452976818,0.014324547023181953,0.3864743501239808,0.5685072672917636
0.5248478701825557,0.5805096121354334,0.489776771621291,0.5165044747953738,0.9858495521203569,0.014150447879643169,0.3880494759745193,0.5805096121354334
0.5237322515212982,0.5839799083808606,0.5157232189475981,0.5368039270316032,0.9858379234875848,0.014162076512415172,0.4065815602543297,0.5839799083808606
0.5168356997971603,0.6097443454591059,0.5259399602882974,0.5528458176299773,0.9856939551238592,0.01430604487614082,0.4185293954506092,0.6097443454591059
0.5155172413793103,0.6090759620785349,0.5045838028382852,0.5371025526702004,0.9855865086399742,0.014413491360025722,0.39836495163466706,0.6090759620785349
0.5164300202839757,0.5830667858507631,0.506927841578033,0.5307910399063505,0.9856680098958133,0.014331990104186726,0.40035730493348237,0.5830667858507631
0.5176470588235295,0.5898495551567207,0.4960293275339775,0.5222686478700492,0.985763890091589,0.014236109908410921,0.38966570415459645,0.5898495551567207
0.5176470588235295,0.5887687405441113,0.5007611555998785,0.5296319764989378,0.9857822078419188,0.014217792158081093,0.395991135800136,0.5887687405441113
0.5219066937119675,0.5927339924320654,0.5042106979676357,0.5317669373247048,0.9859561413328922,0.014043858667107844,0.4011949701213352,0.5927339924320654
0.5158215010141988,0.6090292598474301,0.5032989025213894,0.535574114280297,0.9855890713711417,0.014410928628858155,0.3946260932222828,0.6090292598474301
0.518052738336714,0.5822087739435627,0.5064332849907844,0.5298523728356048,0.9856971342283602,0.01430286577163975,0.4008286383845488,0.5822087739435627
0.5184584178498985,0.5702473882509453,0.4976910647063745,0.5224673650987228,0.9857484680617841,0.014251531938215961,0.39151506903017613,0.5702473882509453
0.5188640973630831,0.6095572341221045,0.50182076131093,0.5330873704230974,0.9857350998609007,0.014264900139099387,0.3935757556665198,0.6095572341221045
0.528498985801217,0.6198650292894049,0.5142134855675614,0.5408629481727566,0.9859940517029273,0.014005948297072792,0.4084515489398323,0.6198650292894049
0.5292089249492901,0.6049972526048581,0.5226220391820517,0.5516176709343361,0.9860980508000099,0.013901949199990118,0.4214273077669281,0.6049972526048581
0.5170385395537526,0.6120847412085679,0.5052694808936283,0.5365664725957043,0.9857129668053964,0.014287033194603449,0.4010636112340025,0.6120847412085679
0.5236308316430021,0.5926665367170233,0.49940079163115864,0.5263968031038725,0.9858562374359778,0.014143762564022083,0.39292117115758146,0.5926665367170233
0.5211967545638945,0.5606200300620616,0.46811972840913824,0.49449469767319815,0.9857491300359275,0.01425086996407258,0.36676981351331706,0.5606200300620616
0.5288032454361055,0.5876475992402408,0.507212239824672,0.5317196871111765,0.9859867759459447,0.01401322405405529,0.39854593194434207,0.5876475992402408
0.5127789046653144,0.5856502668516996,0.5016807007128694,0.5204774586160514,0.985524109025973,0.014475890974027012,0.380776479780106,0.5856502668516996
0.5245436105476673,0.6219535591455245,0.5283200259259122,0.5557481987383837,0.9858435809765596,0.01415641902344047,0.4214356356449255,0.6219535591455245
0.5228194726166329,0.6247692864327248,0.5368157152517431,0.5637074352770731,0.9858433959751857,0.014156604024814423,0.4181577668895805,0.6247692864327248
0.5206896551724138,0.6028852671265728,0.5126985569361733,0.543776434098754,0.9858091754367431,0.014190824563256915,0.4074282810639767,0.6028852671265728
0.517342799188641,0.6021529984849355,0.5231183561142334,0.5417937398439172,0.9856982879971252,0.01430171200287487,0.41107501884204833,0.6021529984849355
0.5198782961460446,0.590240983041391,0.516273561668677,0.539268300168873,0.9857600567107895,0.014239943289210428,0.40770439456821245,0.590240983041391
0.5262677484787018,0.6049931406942306,0.51506926744524,0.5408216041913111,0.9858809433003085,0.01411905669969162,0.41239126791587577,0.6049931406942306
0.5227180527383367,0.601402692898314,0.5128282624885685,0.5375195399058226,0.9858306438303428,0.014169356169657078,0.40527796358941126,0.601402692898314
0.5157200811359026,0.6187475963194099,0.5243918160995944,0.55317391147121,0.985541258975864,0.014458741024136084,0.419454880490702,0.6187475963194099
0.5220081135902637,0.6153618295378027,0.508844117607915,0.5351967750316903,0.9857919762698726,0.014208023730127358,0.3923966283906225,0.6153618295378027
0.5145030425963489,0.5987182527608695,0.5043315827234345,0.5342522656957513,0.9855968240287222,0.014403175971277684,0.40152607894903464,0.5987182527608695
0.5237322515212982,0.6164163341872276,0.4966572753413828,0.5282119698446592,0.9857424333200212,0.014257566679978673,0.38781876087232403,0.6164163341872276
0.5252535496957403,0.5817823584625519,0.5084623484164789,0.5281872029132455,0.9858594157056993,0.01414058429430069,0.39664866581643987,0.5817823584625519
0.5211967545638945,0.5740547707053906,0.5105537629272369,0.5308642394544256,0.98585964183125,0.014140358168750047,0.4079312954104976,0.5740547707053906
0.5216024340770791,0.620953620151133,0.5337299976276585,0.5644336952108375,0.9857644758272379,0.014235524172762115,0.43050629405599744,0.620953620151133
0.5227180527383367,0.601990252246261,0.5266095086939098,0.5468067716368514,0.9859098383407614,0.014090161659238584,0.41490934947081454,0.601990252246261
0.516632860040568,0.5976145243824748,0.5075326995832629,0.5325818226412935,0.9856624515388891,0.014337548461111061,0.4012425724873793,0.5976145243824748
0.5189655172413793,0.6017487414409277,0.4840177304987899,0.5149388268179462,0.9857224032375719,0.014277596762428074,0.3805618526461356,0.6017487414409277
0.5255578093306288,0.599593627749939,0.53297711412689,0.5521033857658405,0.9859654708476887,0.014034529152311312,0.415916137981226,0.599593627749939
0.5255578093306288,0.5985503856746165,0.5223080078841033,0.5426478198918642,0.9859211785631679,0.014078821436832239,0.39864144517568983,0.5985503856746165
0.522210953346856,0.6107400677546471,0.5236927301074878,0.5474584430865613,0.9858294982204464,0.014170501779553518,0.4164740582073133,0.6107400677546471
0.5175456389452333,0.5717372697210278,0.49282965233241427,0.5146576936093505,0.9856992597971821,0.014300740202817885,0.38610865059769983,0.5717372697210278
0.5130831643002028,0.6124725705820311,0.507237341702476,0.5412367294049321,0.9854954993257451,0.014504500674254992,0.4064203850290114,0.6124725705820311
0.5077079107505071,0.6021705093245425,0.5109450787591928,0.5419676772273775,0.9853641638345403,0.014635836165459683,0.4086845122183222,0.6021705093245425
0.5145030425963489,0.6122653586889101,0.504929077048386,0.5359028473987086,0.9856544814360554,0.014345518563944625,0.4003031815900423,0.6122653586889101
0.5185598377281947,0.5830354275796668,0.5086828258981771,0.5317935837977416,0.9857345331438964,0.014265466856103835,0.39782736727696194,0.5830354275796668
0.5238336713995944,0.5992872447955527,0.5269085737847174,0.5481610512749454,0.9858736682060183,0.014126331793981711,0.41389671593411076,0.5992872447955527
0.518762677484787,0.5868679083248868,0.4846646320559147,0.5074732720848589,0.9857547808463105,0.014245219153689457,0.36391525890765686,0.5868679083248868
0.5197768762677485,0.5993625929502033,0.5201093809145431,0.5457262661051685,0.9856071492661898,0.014392850733810405,0.4125569418952514,0.5993625929502033
0.5175456389452333,0.6147387363759618,0.5018127358875969,0.5318873479359842,0.9856859293507615,0.014314070649238526,0.40145908510645667,0.6147387363759618
0.5158215010141988,0.589742078814411,0.5009597248732053,0.5232115004709191,0.9855659434062283,0.014434056593771841,0.39407120649045313,0.589742078814411
0.5252535496957403,0.5489991680487332,0.49890519631315505,0.5136943648977814,0.9858353712345927,0.014164628765407403,0.38719625342331626,0.5489991680487332
0.51947261663286,0.603375336457652,0.5118220470198225,0.538814854074988,0.9857317863163046,0.014268213683695217,0.401598096858918,0.603375336457652
0.5201825557809331,0.5857141532007412,0.5115788230789854,0.5330293275726452,0.9857699138866767,0.014230086113323196,0.3927932108369546,0.5857141532007412
0.5148073022312373,0.5868109041266715,0.5081864478287452,0.5298405330813988,0.9855346965037913,0.01446530349620872,0.3969206840348397,0.5868109041266715
0.5233265720081136,0.6132758762122151,0.516932829946323,0.5456916324192308,0.9858737433123759,0.014126256687624125,0.40989740836904376,0.6132758762122151
0.53052738336714,0.57508561368341,0.5074002183269044,0.5301676351162511,0.9860849840841539,0.013915015915846096,0.40178121166433256,0.57508561368341
0.5249492900608519,0.6140976590809653,0.5222289005736004,0.5504332215107969,0.9859243506181843,0.014075649381815825,0.41985043385046206,0.6140976590809653
0.5201825557809331,0.6107821343431604,0.4863066669034377,0.520106550647002,0.9858005813296543,0.014199418670345732,0.3687204665486964,0.6107821343431604
0.5201825557809331,0.6064043004503434,0.49143212870039965,0.5252872335970361,0.9858751583133756,0.0141248416866244,0.3868550770061425,0.6064043004503434
0.5162271805273834,0.5952701409558167,0.5163398444238758,0.544798498038822,0.9855775425251618,0.01442245747483813,0.40684864057230874,0.5952701409558167
0.5191683569979716,0.6033770186380757,0.4895874988392911,0.5217615080547251,0.9857074807746911,0.014292519225308959,0.3856176901789571,0.6033770186380757
0.5198782961460446,0.5852216914022315,0.5154766345945678,0.5384231763168421,0.9857789155546209,0.01422108444537909,0.4022139665423894,0.5852216914022315
0.5188640973630831,0.6052084808608157,0.5188941925877779,0.5428326561594847,0.9857836085556844,0.014216391444315486,0.40888471492412526,0.6052084808608157
0.5189655172413793,0.5978229141718486,0.5086068301797816,0.5338369579838327,0.9857103123971427,0.014289687602857176,0.40253307216271883,0.5978229141718486
0.5122718052738336,0.5328014618759238,0.4792014267418718,0.49479867155408197,0.9855375691096476,0.014462430890352273,0.36799291291372327,0.5328014618759238
0.5135902636916836,0.6188441287534563,0.5264098044065587,0.5572520384692309,0.9855387546493727,0.014461245350627362,0.4229407098870691,0.6188441287534563
0.5157200811359026,0.5860825968905857,0.5131679771466323,0.5331269450549565,0.9856420393978311,0.014357960602168878,0.40216898694943415,0.5860825968905857
0.5091277890466531,0.5721121067903852,0.4995618050622285,0.5218438749619481,0.9854378323855393,0.014562167614460622,0.38986662135598316,0.5721121067903852
0.5245436105476673,0.5863498416441386,0.5010416427365729,0.5240051195099753,0.9859163315572295,0.014083668442770555,0.394025007176915,0.5863498416441386
0.5253549695740365,0.6062103435405113,0.5182256507941776,0.5450211443717955,0.9859134625039389,0.014086537496061102,0.40833427705651637,0.6062103435405113
0.5158215010141988,0.5973578257598298,0.505313972831899,0.5332047604952532,0.9856764987274914,0.014323501272508745,0.40298027793417057,0.5973578257598298
0.517342799188641,0.6150204818625372,0.5051304928517932,0.5388812516123682,0.9857020434732078,0.01429795652679213,0.4022614907980486,0.6150204818625372
0.5178498985801218,0.597522307171355,0.4860541284751722,0.5159215337188092,0.9855825997006425,0.01441740029935758,0.3808320925077221,0.597522307171355
0.5264705882352941,0.5922768968561332,0.5057784750827521,0.531573053841616,0.9859324206785903,0.014067579321409743,0.38337557948356327,0.5922768968561332
0.5279918864097363,0.5891576818842349,0.5099506265485745,0.5373546964817087,0.9860487986979782,0.013951201302021843,0.40059160458332227,0.5891576818842349
0.5198782961460446,0.6076071758712481,0.48292860580964325,0.5135412904901526,0.9857466302057777,0.014253369794222228,0.3769121440978439,0.6076071758712481
0.5150101419878296,0.611316042516911,0.5071894335665905,0.5345597290774993,0.9856183215172178,0.014381678482782106,0.4069894426285467,0.611316042516911
0.522920892494929,0.5985785238152792,0.50909505108323,0.5351321782380947,0.985777777789415,0.014222222210585011,0.4076872196007318,0.5985785238152792
0.5169371196754564,0.5715318169498464,0.5066110529284411,0.5276207997629276,0.9856827798863931,0.014317220113606827,0.4001273705062004,0.5715318169498464
0.5223123732251521,0.6249446461361025,0.508364879131601,0.542711138955379,0.9857685851625704,0.014231414837429643,0.40789302530146687,0.6249446461361025
0.5217038539553752,0.6146036890190796,0.5173968839848223,0.5440521185897893,0.9857380076197018,0.014261992380298233,0.4077339997859274,0.6146036890190796
0.5213995943204868,0.5742177488794878,0.4894315266878266,0.5169565038323942,0.985818056106868,0.014181943893131979,0.3891565605539175,0.5742177488794878
0.5279918864097363,0.5900510867282207,0.49818456093943964,0.5252492583010585,0.9859992735439622,0.014000726456037832,0.39146086527607565,0.5900510867282207
0.522920892494929,0.615609416427559,0.5347702225554305,0.5594123900319914,0.9857575310791222,0.01424246892087776,0.4285158360000071,0.615609416427559
0.5251521298174442,0.5894092327664924,0.5133814249711899,0.5380460673757999,0.9860106092854195,0.013989390714580496,0.4101297297898814,0.5894092327664924
0.5208924949290061,0.5931852623203299,0.5271331750820585,0.5448632557513615,0.9857950985743342,0.014204901425665753,0.41492619815450527,0.5931852623203299
0.5243407707910751,0.6044357760970938,0.527163516460606,0.5497960035575524,0.98583657097796,0.01416342902204018,0.4133384375512906,0.6044357760970938
0.5193711967545639,0.5752591636502941,0.4923754508662855,0.5154554037478115,0.9857455968011788,0.014254403198821259,0.3872325840376592,0.5752591636502941
0.5280933062880324,0.6061779372679877,0.5246538718361753,0.5501239256772245,0.9859725005353308,0.014027499464669168,0.4151678024636287,0.6061779372679877
0.5122718052738336,0.6006405614932866,0.5075597683237939,0.5337330192678594,0.9855152208886455,0.014484779111354651,0.40040714932274285,0.6006405614932866
0.5159229208924949,0.5978649909451108,0.4960994450288352,0.5292281412218263,0.9855534157324165,0.014446584267583575,0.39352333448369264,0.5978649909451108
0.5206896551724138,0.5875348718798078,0.5232069701681373,0.5392046400552776,0.9858806521067784,0.014119347893221562,0.40786763319233243,0.5875348718798078
0.5151115618661257,0.5854895296285847,0.5070828397725309,0.5336721514422831,0.9856197460713527,0.01438025392864728,0.40002400907075425,0.5854895296285847
0.5169371196754564,0.6136759860318912,0.5010766609611664,0.5346537741822072,0.9857797881734969,0.014220211826503118,0.3950874137040865,0.6136759860318912
0.5197768762677485,0.5841326745100196,0.513513598496696,0.5356510605476397,0.9857509051324191,0.014249094867580964,0.4056989268294348,0.5841326745100196
0.5134888438133874,0.6064031850841911,0.5317092693946032,0.5573365796209624,0.9855841386080293,0.014415861391970736,0.42746196951259774,0.6064031850841911
0.5220081135902637,0.5974604144060909,0.4855311116709501,0.5120818464985089,0.9857955652723611,0.01420443472763883,0.3741355793380477,0.5974604144060909
0.5282961460446247,0.5863669562053763,0.5191182432421287,0.541200399039249,0.9860397974959675,0.013960202504032631,0.40965084553680536,0.5863669562053763
0.5157200811359026,0.5931956653672993,0.5054140876134596,0.5306325673287349,0.9856707432904883,0.014329256709511604,0.400308436199038,0.5931956653672993
0.5221095334685598,0.5929064722313016,0.5129899462950103,0.5368065630664465,0.9858673480559952,0.014132651944004818,0.4089748334439329,0.5929064722313016
0.5185598377281947,0.6067064551195226,0.5051032870353195,0.5373739182833377,0.9857444557950711,0.014255544204928972,0.40153520166322,0.6067064551195226
0.5186612576064908,0.6008170883670909,0.4895785323590028,0.5209702654564914,0.9856867517185226,0.014313248281477373,0.38000854724305155,0.6008170883670909
0.5183569979716024,0.5986734092268585,0.5078974248857688,0.532828860118898,0.9856405371248744,0.014359462875125562,0.4012246262345732,0.5986734092268585
0.5115618661257606,0.6003768791916022,0.5260888875752583,0.5497017972350351,0.9854035466233695,0.014596453376630463,0.4204086914554255,0.6003768791916022
0.5160243407707911,0.6075114187378127,0.5202721366693662,0.545687533336932,0.9856305067553321,0.014369493244667844,0.4145654076246843,0.6075114187378127
0.5189655172413793,0.6202418880426463,0.5350420995681484,0.56091287236987,0.9857625069536278,0.014237493046372302,0.4330897152218841,0.6202418880426463
0.5206896551724138,0.615295549569903,0.5125969461173604,0.5409334373046523,0.9857339548143825,0.014266045185617502,0.40594032367189686,0.615295549569903
0.5120689655172413,0.5890127326946851,0.4939759416734284,0.5187075174890512,0.985528999603537,0.01447100039646299,0.383177637785007,0.5890127326946851
0.5141987829614605,0.599644472415656,0.48793330213937647,0.5217296283630105,0.9855601240879309,0.014439875912068944,0.3833707454506642,0.599644472415656
0.5219066937119675,0.5957890651567548,0.51674958770527,0.5422310463634205,0.9857243846807474,0.014275615319252487,0.41150690706786114,0.5957890651567548
0.5178498985801218,0.5996723321127897,0.5224041162018425,0.5449105100594737,0.9857510669145894,0.014248933085410743,0.41455954675872864,0.5996723321127897
0.5186612576064908,0.611373026744091,0.5256640295671834,0.5507748926421099,0.9857095813233265,0.014290418676673595,0.4178373550046155,0.611373026744091
0.5231237322515213,0.5844393641844119,0.4860082864929981,0.5121122368702984,0.9857768531157088,0.014223146884291233,0.3799232167087855,0.5844393641844119
0.5221095334685598,0.5686453126978348,0.4896286406604661,0.5115506905823979,0.9857738301411931,0.014226169858806764,0.3794387437205021,0.5686453126978348
0.525050709939148,0.607787005631523,0.5413550036322614,0.5609098691451629,0.9858993935281359,0.01410060647186397,0.4303330057957055,0.607787005631523
0.5195740365111562,0.572387607051348,0.4814907404724586,0.5048783584754138,0.9857258728251921,0.014274127174807994,0.36228899176758506,0.572387607051348
0.5253549695740365,0.6086156348318201,0.5031771007504637,0.5348883687492022,0.9857860237513079,0.014213976248692214,0.3960848799155897,0.6086156348318201
0.5257606490872211,0.6206052100761397,0.5282708721620714,0.5572522765989485,0.9859748303075792,0.014025169692420906,0.42425135709011935,0.6206052100761397
0.5193711967545639,0.6098275385441456,0.5158336896750166,0.5479591381569646,0.9856963915957447,0.014303608404255357,0.4151399054289316,0.6098275385441456
0.5158215010141988,0.5857850320966822,0.50816470295338,0.5300507251750417,0.9855709196366259,0.014429080363374078,0.39869236349471093,0.5857850320966822
0.5215010141987829,0.58372778020865,0.5247837325397391,0.5425223374358227,0.9859208120998681,0.014079187900131787,0.4127595615237606,0.58372778020865
0.5141987829614605,0.595585241281435,0.5154542352482475,0.5367563522420824,0.9855752719807226,0.014424728019277449,0.4003530196239294,0.595585241281435
0.5278904665314401,0.6182184133189469,0.5354237613892219,0.5605737771724975,0.9859107810025458,0.014089218997454278,0.4247231035109008,0.6182184133189469
0.5252535496957403,0.6314084213530057,0.5083712383948517,0.5468442482227628,0.9859436361698194,0.014056363830180779,0.3988083973490477,0.6314084213530057
0.5176470588235295,0.6162647497602484,0.5293522874074194,0.5509414751684657,0.9856947261568798,0.01430527384312021,0.4207580775691172,0.6162647497602484
0.51947261663286,0.5763234934159696,0.517079812642047,0.5303976847407649,0.9857390419619991,0.014260958038000945,0.406542784999376,0.5763234934159696
0.5174442190669372,0.6146208407792999,0.5322476208034148,0.5508718161078114,0.9856897417465671,0.014310258253432939,0.4151715350805357,0.6146208407792999
0.5216024340770791,0.5787388900398135,0.4971516464121869,0.5192587043495296,0.985817270781267,0.014182729218732893,0.3883738394696562,0.5787388900398135
0.5193711967545639,0.6060038700557964,0.4872188533370931,0.5193674720800237,0.9858370429882559,0.014162957011744077,0.37887515783789816,0.6060038700557964
0.5130831643002028,0.5797981050469347,0.5134239272508617,0.533922797209015,0.9854255994155274,0.014574400584472774,0.41393247904580494,0.5797981050469347
0.5216024340770791,0.5992832268155726,0.5081984180689896,0.5371491736816776,0.9858092302490661,0.014190769750933724,0.4006189363705802,0.5992832268155726
0.5216024340770791,0.6153768671185302,0.5283595914866699,0.5488099521733906,0.985928083366999,0.014071916633001003,0.415358179407226,0.6153768671185302
0.5208924949290061,0.6038957789346415,0.5073147973469083,0.5345850423137805,0.9858358101586175,0.014164189841382574,0.39275870645574734,0.6038957789346415
0.5251521298174442,0.579598052907399,0.5154343953860273,0.5356553664092505,0.9859075652830669,0.01409243471693315,0.40544001641554106,0.579598052907399
0.5212981744421906,0.6280319458843945,0.5538371958185164,0.5760395816485964,0.9857855292218194,0.014214470778180582,0.444946090376299,0.6280319458843945
0.5133874239350913,0.553860046412759,0.5035530519390895,0.5211792478856287,0.9855525560768232,0.01444744392317673,0.3957591763792017,0.553860046412759
0.52079107505071,0.6022192725030331,0.5284050403712754,0.5522333110672577,0.9858572525282081,0.01414274747179185,0.4142658194894562,0.6022192725030331
0.5182555780933062,0.6051300560480952,0.503702176494182,0.5323215940623998,0.9856617468167987,0.014338253183201196,0.4001497242143017,0.6051300560480952
0.5186612576064908,0.6039113913074068,0.5177866025465208,0.5422428439688028,0.9856919692206556,0.01430803077934433,0.412334939819464,0.6039113913074068
0.52079107505071,0.5977423933534419,0.5173664514569978,0.5444705896902112,0.9857484957977292,0.014251504202270985,0.414056227745904,0.5977423933534419
0.5243407707910751,0.611335216877993,0.5231548338162281,0.551454734901237,0.9858735501286248,0.014126449871375235,0.4182600011487191,0.611335216877993
0.5170385395537526,0.582118061997643,0.5016368819555481,0.5240852425857936,0.98575144585662,0.014248554143379926,0.3975932072235809,0.582118061997643
0.52079107505071,0.5981277993589493,0.5091810593096127,0.5349686962429936,0.9858122424008418,0.014187757599158319,0.39926242649151716,0.5981277993589493
0.5174442190669372,0.57019677860876,0.5214692273515182,0.5336050401838897,0.9856839305131505,0.014316069486849487,0.39969891188719353,0.57019677860876
0.5202839756592292,0.6177630994443958,0.5159487531952293,0.5472687688720025,0.9857857540564833,0.014214245943516687,0.4038430806751393,0.6177630994443958
0.5192697768762677,0.5939437458805644,0.5272711865672096,0.5519972326467808,0.9856297930047685,0.014370206995231654,0.42185324878913144,0.5939437458805644
0.52079107505071,0.5894417152053315,0.5078759217362889,0.5318670276989244,0.9857776519610318,0.014222348038968213,0.3993571667060223,0.5894417152053315
0.517342799188641,0.5645774397570785,0.5113132214836587,0.5256091953136168,0.9856115209560636,0.014388479043936364,0.3985866273900527,0.5645774397570785
0.5224137931034483,0.6077070571291101,0.5051042571597079,0.5338580349959121,0.9857538373059622,0.014246162694037823,0.4027298297888608,0.6077070571291101
0.5165314401622718,0.6032314077748471,0.5106643418705104,0.536067585546363,0.9856936856415744,0.014306314358425512,0.40124318340789833,0.6032314077748471
0.5181541582150101,0.6120562476718712,0.5036787599920421,0.5327389935873961,0.9856336481155434,0.014366351884456572,0.4009521409228075,0.6120562476718712
0.5132860040567951,0.6200983998216484,0.5398363636993785,0.5618778902727286,0.9854780056325353,0.014521994367464663,0.43113457814655654,0.6200983998216484
0.5252535496957403,0.565171998951919,0.5095020591990927,0.52796358162032,0.9858767033090589,0.014123296690941155,0.3990209194935483,0.565171998951919
0.5219066937119675,0.5937332961278879,0.506107384007486,0.5317352719709074,0.985887530389677,0.014112469610322887,0.3952143319585616,0.5937332961278879
0.5240365111561867,0.6000522862701134,0.5031332182857321,0.5278638921504614,0.9859251328625159,0.014074867137484135,0.3935365168826963,0.6000522862701134
0.5148073022312373,0.587246206984527,0.5082855409813123,0.5315625239652291,0.9857375224889683,0.014262477511031605,0.3982918060817454,0.587246206984527
0.5219066937119675,0.5876301811115197,0.49808775730229105,0.528667600163265,0.9856164820048242,0.014383517995175676,0.39880966658697403,0.5876301811115197
0.527789046653144,0.6010416716566519,0.536380167063119,0.5578877217258935,0.9859819013281159,0.014018098671884065,0.41745065264175835,0.6010416716566519
0.5212981744421906,0.6141672744417093,0.5153244564686944,0.5421654829487456,0.9857932609772913,0.014206739022708725,0.407966331764585,0.6141672744417093
0.5161257606490872,0.5965864258938167,0.5151702188968266,0.5386069409751972,0.9856511534991672,0.014348846500832782,0.4081498843686286,0.5965864258938167
0.5240365111561867,0.6059108715432776,0.5602399002195444,0.5750430899674279,0.9858734423780241,0.014126557621975816,0.44355789785845656,0.6059108715432776
0.5253549695740365,0.6017346301565029,0.497235231052112,0.5268839296867416,0.9859378668772543,0.014062133122745707,0.3904709326476046,0.6017346301565029
0.5252535496957403,0.5691245458308947,0.5038881908068503,0.5239512532072668,0.9859073221172224,0.01409267788277764,0.38587897737713506,0.5691245458308947
0.5163286004056795,0.6067211944975686,0.5103233245921059,0.5345968286508105,0.9855389033775112,0.01446109662248879,0.40081668199219517,0.6067211944975686
0.5226166328600406,0.6049317176708146,0.5280500328927625,0.5509791809376494,0.9859286665544641,0.014071333445535883,0.4208510352198756,0.6049317176708146
0.509026369168357,0.5992197819658903,0.502418468207298,0.5338648486259906,0.9854483612312785,0.014551638768721478,0.40027599089687926,0.5992197819658903
0.5257606490872211,0.5935265824658832,0.5211991122736666,0.5442976192902564,0.9859523647288968,0.014047635271103125,0.41083681940518674,0.5935265824658832
0.5189655172413793,0.5559982832272199,0.5124074975938236,0.5272903636183586,0.9856652185098804,0.014334781490119564,0.4017182626859519,0.5559982832272199
0.53052738336714,0.5836740812267187,0.5109811300306617,0.5332838745168837,0.9860835801737753,0.013916419826224815,0.4068711051448723,0.5836740812267187
0.5198782961460446,0.6038590881838103,0.5140009243223295,0.5404655532918261,0.9856991524634434,0.014300847536556666,0.4068741177562708,0.6038590881838103
0.5162271805273834,0.5872155426141543,0.5013259090982727,0.5283652256541487,0.9856723013201789,0.014327698679821105,0.3945934071829017,0.5872155426141543
0.5215010141987829,0.5765590549436957,0.5073748385324933,0.5321477308228932,0.9858488228134107,0.014151177186589226,0.402258301946412,0.5765590549436957
0.5198782961460446,0.5999492877487274,0.50342761637681,0.5322660679378695,0.985713356225405,0.014286643774594921,0.3997176673016103,0.5999492877487274
0.518762677484787,0.5719574196610722,0.49837152129537704,0.5226902595337476,0.9858112883448197,0.014188711655180186,0.39358297632394085,0.5719574196610722
0.5231237322515213,0.5850514887518651,0.5026352264651491,0.5251054546797932,0.9859184975911759,0.014081502408823929,0.3980788899939119,0.5850514887518651
0.5224137931034483,0.5966604210240949,0.5284496488255548,0.5503138144791639,0.9857984676231217,0.014201532376878444,0.4225410120737691,0.5966604210240949
0.5218052738336714,0.6017278491439907,0.5355863827719081,0.5566856689558242,0.9858599916633238,0.014140008336676096,0.4266252780227111,0.6017278491439907
0.5183569979716024,0.6104272496904194,0.5205227984783161,0.5437258258920156,0.9857643095672313,0.014235690432768639,0.4163656453045716,0.6104272496904194
0.5158215010141988,0.5982326213437427,0.5249131219235542,0.5478757291096995,0.9856766908252365,0.014323309174763548,0.4100481594307267,0.5982326213437427
0.5264705882352941,0.626399722321139,0.5370644194709568,0.5646029506452703,0.985880456316752,0.014119543683247821,0.42527091637702324,0.626399722321139
0.5256592292089249,0.6190931224214836,0.5015669239547053,0.5307899393914675,0.9859293444119945,0.014070655588005354,0.38902129511850514,0.6190931224214836
0.5183569979716024,0.5372328435746235,0.4930137297757938,0.5062048850806707,0.9858014526797028,0.0141985473202973,0.38924121539133905,0.5372328435746235
0.5096348884381339,0.6086820423612049,0.5088476603862853,0.5369299883806434,0.9854998817365856,0.01450011826341419,0.4060890558046187,0.6086820423612049
0.5182555780933062,0.5769141239044859,0.4966962575823547,0.518439306762186,0.9856891568932056,0.014310843106794346,0.3852829152358184,0.5769141239044859
0.5192697768762677,0.5850991675236857,0.48568124773462673,0.5149726676227371,0.9856164538582984,0.014383546141701703,0.3797565318487669,0.5850991675236857
0.518052738336714,0.5901021758359472,0.5100451158633675,0.5355073800753483,0.9857336421809908,0.014266357819009182,0.3904805875471398,0.5901021758359472
0.5247464503042596,0.6033579855765099,0.5484386051105307,0.5634969004340801,0.9859004711861437,0.01409952881385641,0.43328073013919066,0.6033579855765099
0.5154158215010142,0.6117874598514403,0.5432694524209405,0.5637178013513097,0.9856277363052591,0.014372263694740766,0.43271762633167415,0.6117874598514403
0.5157200811359026,0.59241105850267,0.5212763204319801,0.5459153587752738,0.985701837091667,0.014298162908333124,0.42164442491229986,0.59241105850267
0.5221095334685598,0.5863761186051006,0.5026652464436783,0.527738499305584,0.9857238476565737,0.01427615234342632,0.3942128429203682,0.5863761186051006
0.5267748478701826,0.6092037985592242,0.5216334455277469,0.5502384641197671,0.9860371498228121,0.013962850177187885,0.41811905900550794,0.6092037985592242
0.526369168356998,0.5965784268792834,0.5307691080704112,0.5528419427819498,0.9859659117210793,0.014034088278920793,0.425535302814722,0.5965784268792834
0.5228194726166329,0.610968670600408,0.5104054316401703,0.5425280129725495,0.9858374892300844,0.014162510769915527,0.40607906415185546,0.610968670600408
0.5162271805273834,0.6006610297485675,0.52386247700189,0.5473644122043241,0.9856131233174927,0.014386876682507387,0.41785992816277834,0.6006610297485675
0.5162271805273834,0.6047110012712906,0.5006778853704261,0.5274827497089476,0.9855114376687215,0.014488562331278482,0.39116426221448186,0.6047110012712906
0.5227180527383367,0.5842749855625142,0.5265749790082666,0.5402105229405579,0.9857794737741645,0.014220526225835518,0.41710498779593497,0.5842749855625142
0.5170385395537526,0.5747648053721348,0.4930696807696096,0.5183746784000991,0.9856604257116711,0.014339574288328914,0.38495957021988103,0.5747648053721348
0.5203853955375254,0.5884975489220778,0.5100711266862076,0.534933558890469,0.9857014923969329,0.014298507603067011,0.3989920402833504,0.5884975489220778
0.5233265720081136,0.5847323049668552,0.5172844406788502,0.5377732959555515,0.9858536448037551,0.014146355196244891,0.4060420270927462,0.5847323049668552
0.5082150101419878,0.6067189380398814,0.511017288232865,0.5382981930958973,0.9853343418798971,0.014665658120103014,0.40873216803667595,0.6067189380398814
0.5143002028397566,0.5792051275044252,0.50507794844352,0.5290471675804911,0.9856201792600233,0.014379820739976743,0.3982032202242768,0.5792051275044252
0.5141987829614605,0.5732863441790765,0.5006234518632601,0.5211962861521507,0.9855952495099105,0.014404750490089524,0.3902252409221435,0.5732863441790765
0.5185598377281947,0.6253080941093355,0.5007677596605542,0.535076127613338,0.9857163211808228,0.014283678819177303,0.40131282535152824,0.6253080941093355
0.5112576064908723,0.6000005277464797,0.5061510678483837,0.5380347331814979,0.985506064054784,0.014493935945215853,0.397063301490401,0.6000005277464797
0.5232251521298175,0.573221518962586,0.514030875197504,0.5339093653220571,0.9858502416564576,0.014149758343542495,0.40173846170460586,0.573221518962586
0.5307302231237323,0.6121325019640098,0.5394398651701916,0.5631529071739831,0.9860579967219604,0.013942003278039536,0.4304219102931479,0.6121325019640098
0.5193711967545639,0.6093219267150873,0.5356734894649682,0.5564551585559775,0.9857982187636166,0.014201781236383442,0.4254914177610001,0.6093219267150873
0.5077079107505071,0.5385159874198576,0.472275328849482,0.4937973416526383,0.985415771829809,0.014584228170190918,0.3650458039659651,0.5385159874198576
0.5260649087221095,0.6203559076710008,0.4998786612504448,0.5344061708713755,0.9859574136824307,0.01404258631756923,0.3986277870534253,0.6203559076710008
0.517342799188641,0.5709651694244644,0.5146478944282368,0.5331929950816596,0.9857307335602009,0.014269266439798945,0.40686147671851935,0.5709651694244644
0.5140973630831643,0.5916266264452326,0.5286409796951196,0.5422862929697587,0.985628475422691,0.014371524577309,0.41393693317376296,0.5916266264452326
0.518762677484787,0.601760298669307,0.5305652114030899,0.5555287725767777,0.9856943087042485,0.014305691295751533,0.4282629108653239,0.601760298669307
0.528498985801217,0.5642915542661302,0.49580328620542113,0.5204772315602388,0.9860092438609371,0.013990756139062999,0.3892968068547961,0.5642915542661302
0.5245436105476673,0.5791739866041924,0.5166071555214518,0.5369195358006531,0.9859685135655532,0.014031486434446665,0.4012402584967402,0.5791739866041924
0.5192697768762677,0.5647136335681996,0.5064921609150448,0.520400633359316,0.9857286932918429,0.014271306708157006,0.3906602069547051,0.5647136335681996
0.5145030425963489,0.6175547374738792,0.5231722045420606,0.550877154476068,0.9854689881491911,0.014531011850808925,0.41751056353031635,0.6175547374738792
0.51947261663286,0.5733503517752518,0.48293385619754614,0.5048458445873196,0.9858607063036315,0.014139293696368491,0.3743216931562225,0.5733503517752518
0.5216024340770791,0.6050408436317476,0.5060894237777649,0.5310360448081719,0.9858270498350201,0.014172950164979815,0.39753101273625424,0.6050408436317476
0.5159229208924949,0.5877415002094836,0.5181545028689742,0.5398618634457535,0.9857256769235251,0.014274323076474993,0.4088111511050611,0.5877415002094836
0.5208924949290061,0.6234224614467907,0.551835713219077,0.5727356645769162,0.985747549264899,0.014252450735100916,0.44685154128316906,0.6234224614467907
0.5199797160243408,0.6292519164564054,0.5133254697699549,0.549240562266864,0.9857172428530561,0.014282757146943947,0.40940130468703,0.6292519164564054
0.5206896551724138,0.6060171172505411,0.519132090541631,0.5451613786635462,0.9857951332138436,0.014204866786156423,0.40902246417366167,0.6060171172505411
0.5190669371196754,0.5767469828145879,0.49507745291085303,0.5209050211143461,0.9857417171798895,0.014258282820110515,0.3894888478121986,0.5767469828145879
0.5213995943204868,0.5687480865743586,0.49779079822095784,0.5175318214977341,0.9858584919446198,0.01414150805538027,0.3851295501827244,0.5687480865743586
0.5099391480730223,0.6173195885926454,0.49061030158972035,0.5277824435952149,0.9854305487245746,0.014569451275425402,0.3889568268561841,0.6173195885926454
0.5226166328600406,0.5882000002389065,0.5015257673576887,0.5248859215175006,0.9858524106641073,0.014147589335892625,0.392482529818032,0.5882000002389065
0.5206896551724138,0.6089607725714109,0.4973585935723449,0.5281422549397954,0.9857905751857047,0.01420942481429549,0.3934689245607063,0.6089607725714109
0.526369168356998,0.588597570238415,0.5110087978412775,0.5332914910152318,0.9859746706308989,0.014025329369101017,0.3992148669464418,0.588597570238415
0.5241379310344828,0.6049913614425101,0.4953696692055406,0.5251908390200725,0.9859264909058094,0.014073509094190455,0.3910526773979921,0.6049913614425101
0.5157200811359026,0.5851577748091377,0.5096823360935293,0.5326020063908622,0.9855684850872655,0.014431514912734533,0.4011686111608329,0.5851577748091377
0.5198782961460446,0.5907817215446952,0.49819582274255775,0.5274195870163726,0.9856895034082314,0.014310496591768812,0.39627732082452105,0.5907817215446952
0.5230223123732252,0.6103447432619626,0.5220208585025337,0.5448473582134417,0.9858711289975307,0.014128871002469384,0.4102254900983365,0.6103447432619626
0.5198782961460446,0.5847385087188354,0.49939155525397344,0.5232467942151403,0.9857678984774054,0.014232101522594737,0.39029646880039337,0.5847385087188354
0.51947261663286,0.5793349617724068,0.47610671681407724,0.5045087274011649,0.9856977924790893,0.014302207520910559,0.37223314095474025,0.5793349617724068
0.5218052738336714,0.5853986209519825,0.5087116693265614,0.5344009571782229,0.985737477811206,0.014262522188793886,0.40392348994996957,0.5853986209519825
0.5174442190669372,0.6104070731711857,0.5321374569528133,0.5554452912259549,0.9856626430773427,0.014337356922657358,0.42231551278507123,0.6104070731711857
0.5151115618661257,0.5688620711985773,0.4958085816257592,0.5199258386419028,0.9856369092745695,0.014363090725430405,0.38511061901958044,0.5688620711985773
0.513894523326572,0.6158870262973688,0.5078330834869821,0.5400752430263189,0.9855394386799411,0.014460561320058856,0.3996891227113163,0.6158870262973688
0.5193711967545639,0.5538033872954009,0.49928508460123755,0.5185889842232931,0.9857355256544915,0.014264474345508472,0.39168671732022686,0.5538033872954009
0.5161257606490872,0.6191305669594682,0.49409549782879336,0.529853278791672,0.9856022919703875,0.014397708029612622,0.39406844385171436,0.6191305669594682
0.5164300202839757,0.6153019270325004,0.5187885733867134,0.5499496464989593,0.9856505027557289,0.014349497244271198,0.4142902411494517,0.6153019270325004
0.5244421906693711,0.5952910385943595,0.5048068784498205,0.5344891308957458,0.9858840543731009,0.014115945626899006,0.398158896129638,0.5952910385943595
0.5106490872210954,0.5674528150135183,0.498554990647587,0.5204082482891592,0.9855309075506863,0.014469092449313747,0.389860180174381,0.5674528150135183
0.5249492900608519,0.5588778607450565,0.5073659738811258,0.5242856254524174,0.9858429196829503,0.014157080317049705,0.3988030122034477,0.5588778607450565
0.5174442190669372,0.599779776402283,0.5281656385289255,0.5514082102960703,0.9856246036993692,0.014375396300630852,0.4179449979447186,0.599779776402283
0.5192697768762677,0.5533803327319257,0.4865156670607975,0.5025579448610711,0.9858173878405893,0.014182612159410699,0.37715741072256836,0.5533803327319257
0.5291075050709939,0.5808468991464721,0.5170580780544155,0.5326456479845522,0.9860332594413709,0.013966740558629145,0.4017081110412157,0.5808468991464721
0.5147058823529411,0.6003881448457308,0.5163355177454918,0.5385877941713192,0.985613966279186,0.014386033720813984,0.40516740621960085,0.6003881448457308
0.5227180527383367,0.6010847945361768,0.5205706419834476,0.5446907697577863,0.9858071304015954,0.014192869598404457,0.4102253266226252,0.6010847945361768
0.5211967545638945,0.5837423137999178,0.543783211245146,0.5563092873095755,0.9857494425489524,0.014250557451047424,0.42846317344159923,0.5837423137999178
0.5232251521298175,0.6165008260038782,0.5142202874204845,0.5458756430306357,0.9857396478431877,0.014260352156812211,0.413117399615464,0.6165008260038782
0.5256592292089249,0.6049578637213555,0.5220249805388896,0.5491144630480924,0.9860290119675243,0.013970988032475701,0.4142387946183847,0.6049578637213555
0.5225152129817444,0.6023332322773443,0.519626189213559,0.5466069045458196,0.9858088980904064,0.014191101909593662,0.40242626213928023,0.6023332322773443
0.5267748478701826,0.6318555340578146,0.5329022986900949,0.5591883267147765,0.9859862815776379,0.01401371842236207,0.43054796140796886,0.6318555340578146
0.5119675456389452,0.5705445005177058,0.5003230587834195,0.5238115096879079,0.9854998824235522,0.014500117576447865,0.39196698718150247,0.5705445005177058
0.517342799188641,0.6049974374130315,0.5082442976337017,0.5362905549291083,0.9856149201684692,0.014385079831530732,0.40435270857081546,0.6049974374130315
0.5264705882352941,0.6107094466493906,0.5133520121196862,0.5418635519442383,0.9859631346305632,0.014036865369436788,0.4079162393099688,0.6107094466493906
0.526369168356998,0.6309573323202253,0.5249191872070809,0.5582061162563313,0.985981022548226,0.014018977451774203,0.4186707450325433,0.6309573323202253
0.5176470588235295,0.5680996191993382,0.4820196891734376,0.5095380662411334,0.9856988248906587,0.014301175109341202,0.38027783395375525,0.5680996191993382
0.5075050709939148,0.6084347595348942,0.49742034071151126,0.5300710502958046,0.9854371275774255,0.014562872422574442,0.39219163358411535,0.6084347595348942
0.5198782961460446,0.6014754977579054,0.5083550911016634,0.5349874241773269,0.9857719733245673,0.014228026675432798,0.39907102280968004,0.6014754977579054
0.5227180527383367,0.5858538400277707,0.5192946344345863,0.540102571497302,0.9859090261477691,0.014090973852230996,0.41244992413169645,0.5858538400277707
0.5252535496957403,0.5904118062782693,0.5264035663866573,0.5468833836841667,0.9859291155037895,0.014070884496210686,0.42028131720588335,0.5904118062782693
0.5213995943204868,0.6086029212935335,0.5332056313893033,0.5555066257938502,0.9857977397321861,0.01420226026781386,0.4085078620137795,0.6086029212935335
0.5179513184584178,0.6130454187667311,0.5435734573430004,0.5666474001189323,0.9856010852853082,0.014398914714691752,0.43901479261963106,0.6130454187667311
0.5170385395537526,0.6172701131273726,0.5294402096061018,0.5582478861517604,0.9856735947109211,0.014326405289078937,0.425679611238251,0.6172701131273726
0.518052738336714,0.6015803113523004,0.5015808541675325,0.5264593085437148,0.9856650245997699,0.014334975400230158,0.4009039380752755,0.6015803113523004
0.513894523326572,0.5832252860352914,0.5072346860436177,0.5321782685701564,0.9855450958729162,0.01445490412708389,0.4009881289939334,0.5832252860352914
0.5228194726166329,0.5776482089034831,0.5183982739904233,0.5328034171135579,0.9858180275156492,0.014181972484350835,0.40636266822069855,0.5776482089034831
0.5295131845841785,0.6048235908378217,0.5134670655352231,0.5400276637271807,0.9860221729796003,0.013977827020399708,0.40614223016236634,0.6048235908378217
0.5218052738336714,0.6106618896258741,0.5141896186857045,0.544924655629216,0.9856266621153962,0.014373337884603743,0.40440357634573376,0.6106618896258741
0.5328600405679513,0.6109396445091113,0.5061630422171041,0.539346503053131,0.9861184550557176,0.013881544944282407,0.4085485434642619,0.6109396445091113
0.5219066937119675,0.6098653146061134,0.5385593999818372,0.556017192710019,0.9858775205105136,0.01412247948948645,0.43018112246557544,0.6098653146061134
0.5244421906693711,0.6282275890209496,0.5317207705250488,0.5607780720482015,0.9858189267975789,0.01418107320242116,0.4279952373954844,0.6282275890209496
0.5156186612576065,0.6037984077779466,0.5001425251386304,0.5268094925225093,0.9856292558445425,0.014370744155457643,0.390709250145992,0.6037984077779466
0.5216024340770791,0.620973834209184,0.5429999219184302,0.5718295410377763,0.9859057355972034,0.014094264402796505,0.44046574938848587,0.620973834209184
0.5210953346855984,0.6099011811301022,0.5145071905160963,0.5468669436805742,0.9858027309544187,0.014197269045581329,0.41201359390148423,0.6099011811301022
0.5167342799188641,0.5810354177611065,0.5067304506640594,0.5295497623055037,0.9857346353528869,0.014265364647113083,0.3968285628740706,0.5810354177611065
0.5163286004056795,0.6107273088232672,0.514816114874041,0.5464035000547146,0.9856356436531799,0.014364356346820189,0.41031476938305467,0.6107273088232672
0.526369168356998,0.6030067331367155,0.5364182470342203,0.5564278214787051,0.9859280423924431,0.014071957607556817,0.4230546192498581,0.6030067331367155
0.5240365111561867,0.619210598827015,0.48555422087301,0.5250412700608734,0.9859251016272923,0.014074898372707732,0.3837524240655209,0.619210598827015
0.5252535496957403,0.5740691825705151,0.49556777815193753,0.5177696074949927,0.9859373639791865,0.014062636020813429,0.3882505920115776,0.5740691825705151
0.5267748478701826,0.569489194768488,0.49912235825888934,0.5183264509600602,0.9859104259848716,0.014089574015128456,0.38888252376868493,0.569489194768488
0.5215010141987829,0.6102498561662257,0.5401364370544623,0.5652328311512298,0.9857360820748557,0.014263917925144332,0.4332005062726692,0.6102498561662257
0.5199797160243408,0.5837174062946386,0.5122966589095747,0.534722507145197,0.985801437255644,0.014198562744356047,0.3864884534270026,0.5837174062946386
0.5137931034482759,0.5856198691546266,0.5218009347355039,0.5418150986767515,0.9856120024348318,0.014387997565168415,0.41167357555758366,0.5856198691546266
0.5212981744421906,0.6013331899048092,0.5124130586350459,0.5430046618524127,0.9857187224512319,0.014281277548768146,0.4078772802155665,0.6013331899048092
0.5272819472616633,0.6123117347098761,0.5174109118950719,0.5445361653880134,0.9859676496191682,0.014032350380831693,0.4059014124176078,0.6123117347098761
0.504158215010142,0.5784369342339242,0.47677863869643844,0.5061817729409178,0.9852527882309017,0.014747211769098201,0.37438531403370273,0.5784369342339242
0.513894523326572,0.5818003930957764,0.4892840480557055,0.5206153703483559,0.9856096575502574,0.014390342449742497,0.3874394137255578,0.5818003930957764
0.5238336713995944,0.5960152238192771,0.5099316053739177,0.537012124935119,0.9857977667162741,0.014202233283725756,0.4038687710244446,0.5960152238192771
0.5197768762677485,0.6084151548369625,0.5093481407293512,0.5354493094203148,0.9857596802259897,0.014240319774010413,0.39607695830043915,0.6084151548369625
0.52079107505071,0.5857930274439305,0.5153752351956231,0.5396262301110759,0.9856857626308642,0.014314237369135927,0.40593223240429877,0.5857930274439305
0.5167342799188641,0.5959735883567805,0.5047152088810049,0.53280749198323,0.9856707077211974,0.014329292278802589,0.38498179388978293,0.5959735883567805
0.5191683569979716,0.5733283398659813,0.5266206585590817,0.5377174714110731,0.9857757317650357,0.014224268234964251,0.4114491051151193,0.5733283398659813
0.5249492900608519,0.6096306246902081,0.5103857062823822,0.5434903362526419,0.9859680387003202,0.014031961299679693,0.40290613728977204,0.6096306246902081
0.5190669371196754,0.5715239262503508,0.5081291144535963,0.5263873241147913,0.985787543498272,0.014212456501728093,0.39581740354951167,0.5715239262503508
0.5238336713995944,0.5878274611314127,0.5101156581581361,0.5326040105814327,0.9858704343095315,0.014129565690468398,0.39916790038777117,0.5878274611314127
0.5100405679513185,0.576049831561068,0.48690934247379564,0.5108287134895638,0.9854530427441881,0.014546957255811862,0.3838396165404222,0.576049831561068
0.5238336713995944,0.5870340696693747,0.4825283630948614,0.5142245946600784,0.9859719528482183,0.014028047151781742,0.36517375494410775,0.5870340696693747
0.5204868154158215,0.5897320283288809,0.4904179125655251,0.5215259031323289,0.9859582256629092,0.014041774337090862,0.3846233915718748,0.5897320283288809
0.5168356997971603,0.5989435678936949,0.510186775695761,0.5382018522582014,0.9857152263797632,0.014284773620236862,0.4025956355526704,0.5989435678936949
0.5184584178498985,0.5727896818619449,0.507901963862315,0.5264339646470411,0.9856144026785791,0.014385597321420727,0.39458231482941314,0.5727896818619449
0.5179513184584178,0.582710382134459,0.5002012162406776,0.5264481918471059,0.9857320073125801,0.014267992687419809,0.39130044618878734,0.582710382134459
0.5224137931034483,0.5834484315335173,0.49651077402717114,0.5214135383074361,0.9857561254484619,0.014243874551538105,0.3939953513545037,0.5834484315335173
0.5169371196754564,0.608818672419642,0.5309590681464835,0.5546689249194398,0.9856005282662675,0.014399471733732433,0.41898672997236364,0.608818672419642
0.5151115618661257,0.6082164364091949,0.5111108487702997,0.5407030181392446,0.985562125111126,0.014437874888873969,0.407890423105425,0.6082164364091949
0.5158215010141988,0.6048102999127357,0.5128314774401603,0.5403686499662628,0.9855599233238339,0.014440076676166074,0.40739362371810184,0.6048102999127357
0.5113590263691684,0.615992820495342,0.5070299163741112,0.5384565095748007,0.9853978029889007,0.014602197011099405,0.4046609005126758,0.615992820495342
0.5149087221095334,0.5546469720980964,0.4696999716339943,0.4952945976704055,0.9856079179652649,0.01439208203473504,0.36747220131952973,0.5546469720980964
0.5169371196754564,0.5955730873528047,0.500473054309608,0.5257192010630908,0.9856388888603245,0.014361111139675304,0.397636744616228,0.5955730873528047
0.5183569979716024,0.590970504370086,0.5005976822455155,0.5267959054337189,0.985680835171436,0.014319164828564088,0.3965693322396966,0.590970504370086
0.5164300202839757,0.6034519871419219,0.5251307426980562,0.5464392332592871,0.9857373676110799,0.014262632388920133,0.41668156169872794,0.6034519871419219
0.5212981744421906,0.6087786034850202,0.5436923544835323,0.5650269087845791,0.9858203057080889,0.014179694291911082,0.43239576092235926,0.6087786034850202
0.5162271805273834,0.6000960700348568,0.5040441887432329,0.5300556736643707,0.9856790170608505,0.014320982939149376,0.39478703613487154,0.6000960700348568
0.5320486815415821,0.6193937977040946,0.5277371311592631,0.5579532869415785,0.9861383820969973,0.013861617903002565,0.4172926721151867,0.6193937977040946
0.5148073022312373,0.6072161561033322,0.5123213036086905,0.5431234765677375,0.9857284028177375,0.014271597182262358,0.40467975953710394,0.6072161561033322
0.5141987829614605,0.567688453901685,0.5162549082034967,0.5304605987357853,0.985508073298248,0.01449192670175214,0.4049815408630117,0.567688453901685
0.5179513184584178,0.5962920866114387,0.4982002806158832,0.5294015559395527,0.9857049650887726,0.01429503491122749,0.39165558971429637,0.5962920866114387
0.5224137931034483,0.6125763523453078,0.5084131278591867,0.5387589890941562,0.9858112191826613,0.014188780817338603,0.4030316234167068,0.6125763523453078
0.5209939148073023,0.600874136365776,0.505774869710401,0.5339482613826263,0.9857478421655148,0.014252157834485135,0.40212337383832253,0.600874136365776
0.5311359026369168,0.6167412311116346,0.4962521166677014,0.5278973559826388,0.9860122435457346,0.013987756454265438,0.38690425152786184,0.6167412311116346
0.5246450304259634,0.6293494077979448,0.49638092084944285,0.5328080178657174,0.985895849445539,0.014104150554461148,0.393049646796401,0.6293494077979448
0.522920892494929,0.6025532959105735,0.5261427937748626,0.5479476331431361,0.9858678504257133,0.014132149574286573,0.4186106871862538,0.6025532959105735
0.5234279918864098,0.6111421520508957,0.5084130882951815,0.5369010126998661,0.9859045193843498,0.014095480615650358,0.4017464758406527,0.6111421520508957
0.5189655172413793,0.5682376765580763,0.4712005793974761,0.4970130916729869,0.9856873315801822,0.01431266841981781,0.36709680864738226,0.5682376765580763
0.5191683569979716,0.6013583691048284,0.5109259853559821,0.538327681665858,0.9856782735491205,0.014321726450879636,0.4047947616366285,0.6013583691048284
0.5233265720081136,0.5951539483900392,0.5092661937158279,0.5323059839049348,0.9857878337179935,0.014212166282006469,0.3992790473330821,0.5951539483900392
0.5127789046653144,0.6134123781044287,0.5161747540739885,0.5426225976903927,0.9854600389769439,0.014539961023056002,0.41191682491428006,0.6134123781044287
0.5095334685598377,0.5888326966047117,0.5152106774696513,0.5407275093881612,0.9854329272893587,0.01456707271064137,0.4123251039692972,0.5888326966047117
0.5186612576064908,0.5606598228699056,0.4769107381562322,0.5028748740803601,0.9856793030722578,0.01432069692774221,0.37663155920972485,0.5606598228699056
0.5176470588235295,0.5704277830773083,0.49024706058849815,0.5137659066715943,0.985622989886602,0.014377010113397943,0.3858783511681068,0.5704277830773083
0.5182555780933062,0.5991294508516987,0.5207163347465164,0.5436325028330905,0.9856299394874284,0.014370060512571451,0.3986850862765144,0.5991294508516987
0.5219066937119675,0.5967030533501914,0.5368428496006221,0.5572027495543759,0.9858010625107468,0.01419893748925316,0.4218541995262675,0.5967030533501914
0.5256592292089249,0.585503485721644,0.498134894269472,0.5227527865195656,0.9859370972155403,0.01406290278445968,0.39673577661028997,0.585503485721644
0.5246450304259634,0.6204840821269858,0.514012665343608,0.5462694683868202,0.9858168267205649,0.014183173279435229,0.4074777958277475,0.6204840821269858
0.5165314401622718,0.5669717490513062,0.5276922563843707,0.5397584883362073,0.9856729931700645,0.014327006829935518,0.41394852620832034,0.5669717490513062
0.5121703853955375,0.5427486876541734,0.4718879491324165,0.4934451353096453,0.9854650282777975,0.014534971722202649,0.36619772111159427,0.5427486876541734
0.5195740365111562,0.592070289357167,0.5107754800160107,0.532622122747838,0.985746438659653,0.014253561340347018,0.40135314075154527,0.592070289357167
0.5152129817444219,0.6078810952243241,0.5140159137448813,0.542916290844761,0.9855341794417971,0.014465820558203002,0.4046999318040182,0.6078810952243241
0.5075050709939148,0.6060261403784307,0.5066911564402742,0.5364176821468395,0.9854099269167922,0.014590073083207911,0.40568375778598637,0.6060261403784307
0.5289046653144016,0.6060420465166947,0.5127546736023365,0.5395150048019854,0.9860123671460906,0.01398763285390936,0.4077358588957257,0.6060420465166947
0.5147058823529411,0.5701364185877555,0.48915306789780544,0.514056544820656,0.9857406650789897,0.01425933492101027,0.3849568265959845,0.5701364185877555
0.5149087221095334,0.6133633314022787,0.5055211212860706,0.5347572051437264,0.985621092738674,0.014378907261325995,0.3958298830140662,0.6133633314022787
0.5336713995943205,0.6118679721547485,0.5307909714580358,0.5553818974413396,0.9861839315306093,0.013816068469390635,0.4181725728197776,0.6118679721547485
0.5155172413793103,0.5873784576345533,0.5378370240470142,0.5544138001030166,0.9855651879700533,0.014434812029946651,0.42891066490257346,0.5873784576345533
0.5183569979716024,0.6192508198847231,0.531303746419119,0.5583834862630168,0.9856802555508463,0.014319744449153755,0.4285481517350469,0.6192508198847231
0.5147058823529411,0.5817573037808703,0.5024698042924445,0.5258442866886043,0.9855039829443244,0.014496017055675565,0.39798361324723563,0.5817573037808703
0.5185598377281947,0.598202199109996,0.5296039535662656,0.5492560380432447,0.9856573818101635,0.014342618189836545,0.41919172586736214,0.598202199109996
0.5171399594320487,0.5839293312483602,0.4758279365057171,0.509286952949304,0.985620757285575,0.014379242714425066,0.37120449189885013,0.5839293312483602
0.5189655172413793,0.5652179578446381,0.5086751269784376,0.5289190233254976,0.9857018089667345,0.014298191033265456,0.4026213565408572,0.5652179578446381
0.5223123732251521,0.6104893104703046,0.5195747307786156,0.5461657876583542,0.9858170981588421,0.014182901841157914,0.41110502910836705,0.6104893104703046
0.5198782961460446,0.5655746147833483,0.5054548673390773,0.5243360146922026,0.9858144474058864,0.01418555259411367,0.4007651599819758,0.5655746147833483
0.5213995943204868,0.5829270347825869,0.5038503525673418,0.5282896911219198,0.9857746811773133,0.01422531882268661,0.39676253447979726,0.5829270347825869
0.5177484787018256,0.601927770239201,0.5073465725602204,0.5325227989645734,0.9856448518532719,0.014355148146728105,0.39555504023465715,0.601927770239201
0.5195740365111562,0.6080837927689233,0.5257959477952273,0.5493698383140456,0.9856835593744991,0.01431644062550097,0.4160513197036183,0.6080837927689233
0.5161257606490872,0.6116369728078571,0.5047706856892917,0.5314783432333741,0.9857122342058343,0.014287765794165708,0.40165371733148747,0.6116369728078571
0.5139959432048682,0.6015025248005658,0.5128625820702292,0.5322968054740318,0.9855385418778987,0.014461458122101182,0.39847642046526505,0.6015025248005658
0.526369168356998,0.6226352334573733,0.530165688328806,0.5596818134520791,0.9859743905181929,0.014025609481807066,0.4245403769983683,0.6226352334573733
0.5297160243407708,0.6171270757165139,0.5371871272105664,0.5642782187128292,0.9860692069576691,0.0139307930423309,0.4310603430563419,0.6171270757165139
0.5236308316430021,0.5813716579010296,0.49879596988827296,0.5204073068259615,0.9858941703532548,0.014105829646745296,0.38779180903636545,0.5813716579010296
0.5088235294117647,0.5650988397907396,0.4832060243771135,0.5032906829246795,0.9853223341967479,0.014677665803252127,0.3766093774272613,0.5650988397907396
0.518052738336714,0.5735546148978837,0.5192307377012482,0.5324769949021415,0.9856818245751686,0.01431817542483133,0.4040572601114604,0.5735546148978837
0.5226166328600406,0.5480197434169717,0.48432913426872487,0.5058511688982736,0.9858032753745538,0.01419672462544617,0.3674936773461218,0.5480197434169717
0.5182555780933062,0.5860559685864879,0.5299304680059788,0.5437087304124903,0.9856749947584416,0.014325005241558494,0.4020711265548328,0.5860559685864879
0.5213995943204868,0.610893399675579,0.5159730397580811,0.5472867870144095,0.9857489200508244,0.014251079949175554,0.40930554502393585,0.610893399675579
0.5162271805273834,0.6126906826787433,0.5081943935146771,0.5347381531567542,0.985595724730828,0.014404275269172002,0.4021790554639121,0.6126906826787433
0.5332657200811359,0.6212025945721827,0.5373568562608635,0.5620033975726292,0.9860965212704663,0.013903478729533786,0.41694231782088725,0.6212025945721827
0.5216024340770791,0.5851499656391622,0.5072839653268915,0.5222359841423098,0.9857807830662036,0.014219216933796314,0.3904033592661493,0.5851499656391622
0.5176470588235295,0.6090285392713046,0.534633528403659,0.5579913190652384,0.9857051048017066,0.014294895198293264,0.4234019340113779,0.6090285392713046
0.52079107505071,0.5700169809843977,0.46982056332744637,0.49513549415444524,0.9857433967204038,0.014256603279596219,0.36207462229940235,0.5700169809843977
0.5197768762677485,0.6198510266884207,0.5196689843341071,0.5491265152867959,0.9857556766539913,0.014244323346008735,0.4165729465878803,0.6198510266884207
0.524239350912779,0.6094283037808267,0.5225111763777687,0.5471226880039468,0.9857666709496972,0.014233329050302713,0.41060156372780343,0.6094283037808267
0.5197768762677485,0.5871914098370656,0.5017575060306874,0.531836313286074,0.9857834358932737,0.014216564106726387,0.3982529364029001,0.5871914098370656
0.5171399594320487,0.6047104446604166,0.5438131977439198,0.5634871108194528,0.9856439109884094,0.014356089011590505,0.4324880802736929,0.6047104446604166
0.5200811359026369,0.6147352999417992,0.5302426976481415,0.5514815483439015,0.9857444325470066,0.0142555674529934,0.4232123630018737,0.6147352999417992
0.5178498985801218,0.6027549209216208,0.5179226230164998,0.5444564292074829,0.9856668499568801,0.014333150043119858,0.4136326828891176,0.6027549209216208
0.5237322515212982,0.58114514493325,0.5108687193072422,0.5327035752843082,0.9858381721121809,0.014161827887819098,0.39842818750616826,0.58114514493325
0.5189655172413793,0.612117594076223,0.5135464923684762,0.5385065745493923,0.9857608625864609,0.014239137413539086,0.402826172761441,0.612117594076223
0.5269776876267749,0.5971631189535648,0.5112598122984743,0.5387440964076836,0.9858836981734935,0.014116301826506522,0.4035347165608913,0.5971631189535648
0.5184584178498985,0.5938167492877804,0.5032632245302067,0.5347992717297906,0.9856647602267584,0.014335239773241599,0.4042231103311996,0.5938167492877804
0.5170385395537526,0.5514685573261022,0.4911922891823804,0.5086294005096488,0.9856828031451783,0.014317196854821846,0.38462500413703643,0.5514685573261022
0.5156186612576065,0.5683861196167992,0.4944871221099231,0.5143297401102913,0.9856800204475469,0.014319979552453172,0.3879516492731032,0.5683861196167992
0.5197768762677485,0.5718845088375005,0.5216251492399127,0.5372655574000534,0.9857349255274859,0.014265074472514142,0.4104928799426659,0.5718845088375005
0.5113590263691684,0.5810509628751077,0.5151182245969348,0.5356078357397404,0.9855306862114951,0.014469313788504962,0.4033981329755022,0.5810509628751077
0.5181541582150101,0.6194053520734186,0.5344728515132038,0.5586909886452224,0.9856345411770124,0.014365458822987556,0.4251601332833646,0.6194053520734186
0.5157200811359026,0.6087886468614963,0.49711161473874055,0.5303243371146774,0.9856019290120578,0.014398070987942347,0.3919967222046199,0.6087886468614963
0.5197768762677485,0.6113802105891762,0.5550104795397952,0.5741592890161019,0.9857865263354787,0.01421347366452127,0.44577101239987027,0.6113802105891762
0.5171399594320487,0.6113375599845272,0.5165380969954946,0.54304280326344,0.985667964838477,0.014332035161523062,0.40824988014447905,0.6113375599845272
0.5154158215010142,0.5950916041199964,0.5096745720292145,0.5321691743261447,0.985640904596574,0.014359095403426012,0.3960815739467751,0.5950916041199964
0.5202839756592292,0.5622137793326154,0.5073307879686831,0.5254309239366066,0.9857378250035967,0.014262174996403315,0.3960943927956267,0.5622137793326154
0.5201825557809331,0.6115494107123831,0.5054967348176996,0.5304406317549948,0.9857592608654293,0.014240739134570468,0.39179831261125353,0.6115494107123831
0.5239350912778905,0.6106721090523035,0.5268737733203859,0.5518680415686547,0.9858907803909844,0.01410921960901551,0.4201010727344438,0.6106721090523035
0.5096348884381339,0.5972251816350476,0.5107279552979176,0.5361055283768936,0.9854184662677969,0.014581533732203025,0.39991753204564773,0.5972251816350476
0.5258620689655172,0.5955606457699384,0.51855299857214,0.5445129678686567,0.985966663108789,0.014033336891211053,0.41368253894013096,0.5955606457699384
0.5199797160243408,0.6189684417350921,0.5100104603629403,0.54624208994403,0.9857687982101556,0.014231201789844569,0.40735221993075876,0.6189684417350921
0.5231237322515213,0.5606556653307072,0.4982210221898452,0.5165323180376685,0.9858587922760345,0.014141207723965437,0.38992162113668993,0.5606556653307072
0.5232251521298175,0.6206236031045155,0.5360324928626318,0.559750992263182,0.9858287467649725,0.014171253235027475,0.4276647735657556,0.6206236031045155
0.5202839756592292,0.621882948240445,0.5064449823194254,0.537716625454247,0.9857451172118006,0.014254882788199317,0.39800904285745115,0.621882948240445
0.5226166328600406,0.6174155525254792,0.5223819702323464,0.549773765699104,0.9857836220660978,0.014216377933902246,0.4201434365398886,0.6174155525254792
0.5186612576064908,0.579927118501667,0.492600485425944,0.5174826279417555,0.9857117495339871,0.014288250466012986,0.38289986575097384,0.579927118501667
0.5283975659229209,0.5966942031888255,0.5172465841878445,0.5395790717175695,0.9859888576794305,0.01401114232056963,0.40595138617425575,0.5966942031888255
0.5126774847870182,0.6042809358559832,0.488914689555386,0.5219964364778351,0.9855229771296358,0.014477022870364125,0.3836852184217114,0.6042809358559832
0.5259634888438134,0.6144447067349692,0.5122070343634576,0.5384648333416431,0.9859942525338374,0.014005747466162555,0.4000995918886572,0.6144447067349692
0.5130831643002028,0.6005995599480605,0.5182539405240011,0.543139797894431,0.9855002127154148,0.014499787284585286,0.4086748788873159,0.6005995599480605
0.5212981744421906,0.6048690004841464,0.5129065132481581,0.5366343054334208,0.9857307337501098,0.014269266249890125,0.3923951928384994,0.6048690004841464
0.5199797160243408,0.5991962047110508,0.529988007143728,0.5492680180640651,0.9857949786391653,0.014205021360834421,0.42190174902698346,0.5991962047110508
0.5156186612576065,0.5783592373495365,0.499870570018483,0.5251132719130167,0.9856754227975418,0.014324577202458205,0.387957648523682,0.5783592373495365
0.5203853955375254,0.6211359729464025,0.5362683165209982,0.5619065848477062,0.9858087639617802,0.014191236038219831,0.4298423314428101,0.6211359729464025
0.5215010141987829,0.6172833972102608,0.523268856672847,0.5510696274461304,0.9857931907808982,0.01420680921910171,0.4169850856641869,0.6172833972102608
0.5245436105476673,0.6146976246958503,0.5384255979195521,0.5647908580365817,0.9858491450211684,0.014150854978831697,0.43213068882364636,0.6146976246958503
0.5140973630831643,0.5959786821441891,0.5082773583325062,0.5300066368815096,0.9855851026923702,0.014414897307629826,0.3976815720888603,0.5959786821441891
0.5231237322515213,0.6251142433846304,0.5348247658576533,0.562529599427286,0.9858337618610713,0.014166238138928516,0.4297236476767087,0.6251142433846304
0.5179513184584178,0.5808305302808885,0.5000271633413202,0.5253346178797995,0.9857179470220124,0.014282052977987542,0.3887567742850772,0.5808305302808885
0.5233265720081136,0.6239866069367737,0.5225734848471113,0.5544087301472077,0.9858539106067269,0.014146089393273092,0.4219285088872091,0.6239866069367737
0.5205882352941177,0.611421948816475,0.5097008938175844,0.5400807305792255,0.9858194150384959,0.014180584961504076,0.4059358901985853,0.611421948816475
0.5106490872210954,0.6029006764066455,0.5035154149273641,0.5302140066028876,0.9853926756392088,0.014607324360791141,0.40492277099432555,0.6029006764066455
0.5127789046653144,0.6082483933216787,0.5072566525461034,0.5337274483274428,0.9855077948920329,0.014492205107967015,0.40654992394781403,0.6082483933216787
0.5204868154158215,0.5813702023554418,0.4858871915173495,0.5139711068679722,0.9858029793894986,0.014197020610501588,0.3802027560219757,0.5813702023554418
0.5168356997971603,0.6117914263238127,0.500116258516847,0.5303181516181257,0.9856747718867614,0.014325228113238525,0.39584706848043094,0.6117914263238127
0.5174442190669372,0.5884609198468906,0.5115135042122843,0.5337791419823558,0.9857389189094373,0.014261081090562478,0.40170656600155674,0.5884609198468906
0.5176470588235295,0.6137480190406149,0.5012042705687533,0.5351865748799414,0.9856926505986758,0.014307349401324243,0.39438551700881996,0.6137480190406149
0.5276876267748478,0.6252056048297311,0.5202400485064123,0.5478800182028272,0.986017676942358,0.013982323057641962,0.41479517728625714,0.6252056048297311
0.5190669371196754,0.575237092919682,0.5026718830889919,0.5238311381897226,0.9856729380138354,0.014327061986164546,0.39235324674882144,0.575237092919682
0.5248478701825557,0.6176226640777333,0.5215282946296502,0.5538526063603585,0.9856841815082967,0.01431581849170328,0.42122046700776544,0.6176226640777333
0.5230223123732252,0.57102068392764,0.5008525209949081,0.5196175264131062,0.9858938593717432,0.014106140628256594,0.3883265244211218,0.57102068392764
0.5211967545638945,0.5765772859835953,0.524762118459815,0.539020843677547,0.9857495646795099,0.014250435320490052,0.40835399151178553,0.5765772859835953
0.5223123732251521,0.5916687082664243,0.5076740111148502,0.5330045828287799,0.9859005277960197,0.014099472203980334,0.39682547970858717,0.5916687082664243
0.5216024340770791,0.6108228009132673,0.5334238364043935,0.5577761709102101,0.9857787563389355,0.014221243661064451,0.4252232051298959,0.6108228009132673
0.5230223123732252,0.5745365417267835,0.503850272800728,0.5270694654750508,0.9857273202892692,0.014272679710730896,0.39892218897930765,0.5745365417267835
0.5145030425963489,0.5880062799157678,0.5176564385511159,0.5417482819302462,0.9855848031233597,0.014415196876640437,0.3972967201868934,0.5880062799157678
0.5206896551724138,0.5692337395230853,0.49840967168154826,0.5178382275041546,0.9857813726084963,0.014218627391503664,0.3899431625379514,0.5692337395230853
0.5233265720081136,0.6071836541386257,0.5222981561931267,0.5495816084673831,0.9857714213118378,0.014228578688162224,0.4154637823537081,0.6071836541386257
0.5233265720081136,0.6030668419751715,0.5123133200236379,0.5406351352508156,0.9858218015316389,0.01417819846836113,0.4050520601162077,0.6030668419751715
0.5232251521298175,0.598197741913984,0.48738677206750225,0.5197210125562032,0.9859738422766494,0.014026157723350793,0.38286310971910387,0.598197741913984
0.5255578093306288,0.5936470827950969,0.521128725592761,0.5423558275171352,0.9858954406799191,0.014104559320080973,0.4131261387503772,0.5936470827950969
0.5126774847870182,0.5863600001575525,0.5124362145165443,0.5339594488018046,0.9855476723759413,0.014452327624058608,0.40250397288141854,0.5863600001575525
0.5248478701825557,0.5818993052373642,0.4957400727259379,0.5189950605945414,0.9858961688946515,0.014103831105348495,0.38923080096574847,0.5818993052373642
0.5212981744421906,0.6175886153092731,0.5030240316559186,0.5352667207841246,0.9857275119252131,0.014272488074786885,0.3983551612093854,0.6175886153092731
0.5221095334685598,0.5802304504932628,0.5064564977564802,0.5309835870878677,0.9857786639316973,0.01422133606830267,0.39302589084066286,0.5802304504932628
0.5157200811359026,0.6035903833009566,0.5166701277463911,0.5423963812032349,0.9855991791835731,0.014400820816427004,0.40500558977329354,0.6035903833009566
0.5203853955375254,0.6162295878332532,0.505076811170729,0.5325947205203851,0.9857902430854433,0.014209756914556703,0.3968624449918483,0.6162295878332532
0.5289046653144016,0.5863762243770859,0.4920536342835069,0.513412304236808,0.9860102437376476,0.013989756262352599,0.37560112290245784,0.5863762243770859
0.5257606490872211,0.608077758307345,0.5248600781944477,0.5500002086807614,0.9859650690703156,0.014034930929684363,0.4155154169667409,0.608077758307345
0.5143002028397566,0.620470181180695,0.5413468425346106,0.5652792587875026,0.9856026276102507,0.014397372389749164,0.4350821459327256,0.620470181180695
0.5174442190669372,0.5893623160752746,0.493806959539309,0.5207935429464738,0.9857277385397321,0.014272261460267935,0.39069445162692346,0.5893623160752746
0.5198782961460446,0.6005353778518143,0.4956913690039787,0.5205609667426537,0.9858086910816277,0.01419130891837223,0.38474080723795145,0.6005353778518143
0.5236308316430021,0.5729875556119126,0.5087605279815671,0.5289372063851949,0.9858586987968391,0.01414130120316097,0.3988655276583792,0.5729875556119126
0.5201825557809331,0.6171948242602721,0.5274788246483519,0.5595013627442579,0.9857857523282965,0.014214247671703437,0.4226091664899686,0.6171948242602721
0.5227180527383367,0.5867703875284217,0.5113697104952709,0.5368913309321167,0.9857563485829701,0.014243651417030023,0.40422068219405255,0.5867703875284217
0.5125760649087221,0.5624387218857014,0.49469128581329774,0.5180115467308767,0.9855132486635332,0.014486751336466713,0.38745422322032785,0.5624387218857014
0.5252535496957403,0.5817716072147989,0.5154877319999576,0.5376568929302465,0.9858617971303243,0.014138202869675686,0.4068726276405069,0.5817716072147989
0.5220081135902637,0.6037077375316008,0.5087618966407816,0.538660503261873,0.9858342372636798,0.01416576273632011,0.402814131654888,0.6037077375316008
0.5169371196754564,0.5910624693645422,0.5079905928195066,0.5340231221500684,0.9856643544670689,0.014335645532931082,0.3874070266191558,0.5910624693645422
0.52079107505071,0.6205953952082263,0.5167857490070326,0.5449637382676301,0.9858044563413134,0.014195543658686468,0.41142890441554647,0.6205953952082263
0.5167342799188641,0.6249753004930374,0.5198283668608075,0.5469800690860215,0.9857213851602719,0.01427861483972807,0.41109033123041466,0.6249753004930374
0.5211967545638945,0.5631559419190226,0.48766739146605476,0.5145540286466785,0.9857723707287711,0.014227629271228897,0.3846291186797667,0.5631559419190226
0.5169371196754564,0.60764273013373,0.5078122951011659,0.5317448582316694,0.9856553078260646,0.014344692173935308,0.4038127836637157,0.60764273013373
0.5190669371196754,0.6145485855741837,0.5264880431956314,0.5529788226030453,0.9856637799089176,0.014336220091082352,0.42344350087353055,0.6145485855741837
0.522920892494929,0.6225993273493726,0.5220618512338941,0.5516028021168743,0.9858216906719364,0.01417830932806376,0.41958811833799264,0.6225993273493726
0.5241379310344828,0.6163809387027046,0.5230885156526922,0.554111148953875,0.98583695250011,0.014163047499890086,0.41737109175931997,0.6163809387027046
0.5135902636916836,0.6206345880442447,0.514559138448354,0.5431572040725481,0.9855222898886231,0.014477710111377006,0.4074803316028473,0.6206345880442447
0.5201825557809331,0.5996708851306564,0.5051957415609304,0.5287408740956956,0.9857285417165131,0.01427145828348679,0.3919140594806111,0.5996708851306564
0.5196754563894523,0.5838543147242804,0.5041918532716715,0.5280219369211452,0.9858613249324317,0.01413867506756814,0.3933679909419304,0.5838543147242804
0.5227180527383367,0.5991239894128576,0.5515482250671051,0.5674021448946008,0.9857310490394197,0.014268950960580423,0.43674228079055855,0.5991239894128576
0.5195740365111562,0.5806716685521162,0.5045834651948531,0.5265340893803987,0.9857687840831751,0.014231215916824802,0.3923254511861241,0.5806716685521162
0.5172413793103449,0.5733747531705655,0.5015597432174819,0.5202491864505719,0.9856358221326704,0.014364177867329464,0.3791685981940585,0.5733747531705655
0.512474645030426,0.5875099711422005,0.497249103859834,0.5261049829490251,0.9854849830014359,0.014515016998564084,0.39412215018783603,0.5875099711422005
0.5227180527383367,0.6032638218466311,0.5134508930081908,0.5383318482369346,0.9857646694973827,0.014235330502617433,0.40434987756734564,0.6032638218466311
0.5185598377281947,0.62316520501458,0.5263696354875508,0.5571698392765192,0.9857033893692115,0.014296610630788586,0.4263238545302097,0.62316520501458
0.5172413793103449,0.6233161163311134,0.5184185692184657,0.5435851063170242,0.9856883488863023,0.0143116511136978,0.40461523643567904,0.6233161163311134
0.5295131845841785,0.5938742459234534,0.5118339216319772,0.536080496085798,0.9860777386055986,0.013922261394401442,0.4028157241509163,0.5938742459234534
0.5237322515212982,0.5988089989860381,0.5340426557037283,0.5571285129646283,0.985818739019335,0.014181260980665102,0.4252733891135129,0.5988089989860381
0.5240365111561867,0.6196175090372775,0.5233575886648776,0.5508335318302079,0.9858136298684588,0.014186370131541282,0.4146645137301574,0.6196175090372775
0.5230223123732252,0.5729618745653424,0.5153305498668649,0.5324092399328446,0.9858779961986084,0.014122003801391628,0.40392872092287463,0.5729618745653424
0.51947261663286,0.6080692828543697,0.5190062133726028,0.5493005112363788,0.9857988536556441,0.014201146344355837,0.4129385582505831,0.6080692828543697
0.5196754563894523,0.62460902943394,0.5319346112343531,0.5590996152478642,0.9857042456526791,0.014295754347320994,0.42973826531556797,0.62460902943394
0.5264705882352941,0.620310175762756,0.5464261001079672,0.5666145983830935,0.9859922367332953,0.01400776326670464,0.43585575189606834,0.620310175762756
0.5203853955375254,0.620717605383527,0.5383654618055373,0.5617691801584265,0.9856358681839215,0.014364131816078457,0.43068627941844906,0.620717605383527
0.5253549695740365,0.591413829392559,0.5249973258226189,0.5464592151973219,0.9859132409544429,0.014086759045557002,0.41715040726519514,0.591413829392559
0.5156186612576065,0.5614431681184677,0.5021203096722543,0.5187988066791382,0.9856578917010921,0.014342108298907913,0.3938445434331906,0.5614431681184677
0.5135902636916836,0.5827467350989152,0.5097409287065557,0.5323276013964074,0.9856111423555776,0.014388857644422454,0.4018853223015326,0.5827467350989152
0.5246450304259634,0.5748850053969766,0.5042853352527429,0.5226872468569428,0.9859089638211682,0.014091036178831857,0.39257567548108846,0.5748850053969766
0.507606490872211,0.5666891741743498,0.498750888707484,0.5207117419630235,0.9854452464447079,0.014554753555292132,0.39327091611820725,0.5666891741743498
0.522210953346856,0.6163098972809895,0.5196889517893248,0.5454625295443604,0.985849338842276,0.014150661157723971,0.4110067520277834,0.6163098972809895
0.5252535496957403,0.5808435032991391,0.4917901973183117,0.518029490755225,0.9859601959332422,0.014039804066757746,0.38571629219387943,0.5808435032991391
0.5226166328600406,0.5859147182861328,0.5104709746939625,0.5309528618449727,0.9857481072833734,0.01425189271662676,0.4023820299022473,0.5859147182861328
0.5273833671399595,0.5942479589953937,0.5140173414292007,0.539035536296549,0.9860715042360582,0.013928495763941801,0.4077987516780091,0.5942479589953937
0.5211967545638945,0.5891562676642923,0.5149539179389786,0.5412025790418029,0.9858925402268912,0.01410745977310864,0.41122419246297304,0.5891562676642923
0.5223123732251521,0.6008700822372024,0.5300097311378593,0.5503954196247409,0.9857953769938137,0.014204623006186282,0.42222692092016023,0.6008700822372024
0.5156186612576065,0.5642605795366549,0.4802380007147242,0.5066170702603501,0.9857040927734484,0.014295907226551616,0.3749704185801805,0.5642605795366549
0.526369168356998,0.6250061784525001,0.5394634543511206,0.5615740730830956,0.9859058744763246,0.014094125523675487,0.4362561737388658,0.6250061784525001
0.5216024340770791,0.6095892957834816,0.5066581372508012,0.5364897130742694,0.9857055077184956,0.014294492281504473,0.4045257283937719,0.6095892957834816
0.5223123732251521,0.5910102005089557,0.4934429753007212,0.5197116543869805,0.9858725843480446,0.014127415651955471,0.3934781964100866,0.5910102005089557
0.5188640973630831,0.5790713793865683,0.49595813997312116,0.517978434930676,0.9857413597993944,0.014258640200605771,0.3871737871426224,0.5790713793865683
0.5230223123732252,0.6129891948341412,0.5373729912664007,0.561902884748388,0.9858180226178088,0.014181977382191185,0.4289228667023157,0.6129891948341412
0.52079107505071,0.6254471864855595,0.525117618704348,0.5577622347263176,0.9857807712499728,0.014219228750027254,0.42228123181129645,0.6254471864855595
0.5134888438133874,0.5978183647091738,0.522010167353566,0.547431599421434,0.9855616547573056,0.014438345242694295,0.4132133064039891,0.5978183647091738
0.5179513184584178,0.5984105663390556,0.518736183400893,0.5396692946257554,0.9857137733864443,0.01428622661355575,0.39344623105903215,0.5984105663390556
0.5257606490872211,0.5972198589584441,0.5342319234649869,0.5548938788148421,0.9859142450932868,0.014085754906713224,0.4256455949388105,0.5972198589584441
0.5136916835699797,0.6118175683090761,0.4959953007326563,0.5277490918601765,0.9855649904305732,0.014435009569426643,0.3877429225202547,0.6118175683090761
0.5135902636916836,0.5592547932586959,0.4799793099308788,0.5007042126393195,0.9855751745795427,0.014424825420457347,0.3697846207065002,0.5592547932586959
0.522920892494929,0.625774466926036,0.5224199634605469,0.5482045954628253,0.985824619885501,0.014175380114499033,0.4162166239404641,0.625774466926036
0.5184584178498985,0.6014470310477975,0.5082140690780926,0.5364813837754692,0.9856711463019346,0.014328853698065422,0.4026940625722647,0.6014470310477975
0.5211967545638945,0.6071100517491187,0.5322937962189493,0.5527657617982201,0.9856811161732736,0.014318883826726336,0.42256030176915615,0.6071100517491187
0.5140973630831643,0.5794135369123519,0.5159049850377639,0.5372492820278391,0.9854908509911301,0.014509149008869928,0.39230049029492947,0.5794135369123519
0.5251521298174442,0.605985969138409,0.5140155502804528,0.5421425808831393,0.9859574324613544,0.014042567538645556,0.39791282046747134,0.605985969138409
0.5146044624746451,0.5980173165914829,0.5162818585354405,0.5432005151784249,0.9856343806994428,0.014365619300557209,0.40953912566175976,0.5980173165914829
0.5163286004056795,0.6034777557100128,0.5218151181418185,0.5458065061775963,0.9856923361237186,0.01430766387628126,0.4069865375506064,0.6034777557100128
0.5239350912778905,0.556069691744769,0.47815214787667626,0.4964351298001045,0.9858446426434924,0.014155357356507595,0.3633663200501504,0.556069691744769
0.5140973630831643,0.597727955236806,0.5198250108930554,0.5461183042869646,0.9855083279866763,0.014491672013323695,0.4179551401752807,0.597727955236806
0.5199797160243408,0.6096208944607946,0.512152552183952,0.5384518997021013,0.9857702934045358,0.014229706595464128,0.4023609874090628,0.6096208944607946
0.5102434077079108,0.6149223428931336,0.512651784845794,0.5418705829906092,0.985477735332499,0.014522264667501042,0.4110429781246894,0.6149223428931336
0.5164300202839757,0.5970438960478031,0.5250108800852121,0.5472880480499525,0.9857929502254107,0.014207049774589387,0.41358597445432566,0.5970438960478031
0.5151115618661257,0.5695781402212575,0.48792505482560367,0.5146547386169376,0.9856456797049677,0.014354320295032207,0.3823732134028589,0.5695781402212575
0.5146044624746451,0.5478470692445206,0.49410277037900074,0.5119937683569354,0.9855921525641002,0.014407847435899773,0.3850537381060123,0.5478470692445206
0.5134888438133874,0.5733111797177377,0.5128565666077902,0.5258720602295557,0.9856035227170388,0.014396477282961423,0.4017078443852816,0.5733111797177377
0.5204868154158215,0.5931519040570441,0.5074198420232318,0.5330068341201439,0.9857941864840821,0.014205813515917837,0.40237834983033166,0.5931519040570441
0.522920892494929,0.6247379909106082,0.5327512373645462,0.5617682585455495,0.9858958538205599,0.014104146179440146,0.42233048382283345,0.6247379909106082
0.5213995943204868,0.6033525463706468,0.5094940241840933,0.5300868217097516,0.985781589163872,0.014218410836128015,0.3961196207721874,0.6033525463706468
0.5200811359026369,0.6117485112615253,0.512601362764705,0.5467175216571855,0.9856805354550346,0.014319464544965316,0.4098038149439227,0.6117485112615253
0.516632860040568,0.6215009657326059,0.5009022831556903,0.5346786747795252,0.9856630701895768,0.014336929810423263,0.40131314037454546,0.6215009657326059
0.5150101419878296,0.597187960460599,0.5180844774024849,0.5399459781088052,0.9856505961897193,0.014349403810280608,0.4059820441520097,0.597187960460599
0.5123732251521298,0.5703397138535444,0.5088710933455765,0.5278184652256483,0.9855304363020831,0.014469563697916882,0.39869547745930195,0.5703397138535444
0.5185598377281947,0.5794909244797155,0.48340465579469116,0.5118044723223931,0.9857373153840243,0.01426268461597574,0.3754150106986164,0.5794909244797155
0.5232251521298175,0.5878049052378722,0.5030312013545035,0.5285415701593381,0.9857950310990011,0.01420496890099891,0.3924501418267428,0.5878049052378722
0.5257606490872211,0.5982737126544941,0.5001821656606269,0.528975387320506,0.9858934174459615,0.014106582554038575,0.39178278574963216,0.5982737126544941
0.5265720081135903,0.6073321369567669,0.5108934673486825,0.5375750065305216,0.9858341337837675,0.014165866216232448,0.40720519832641483,0.6073321369567669
0.5191683569979716,0.6085886361686567,0.5227481454936832,0.5516269361435333,0.98575376310306,0.014246236896940236,0.4063867941280678,0.6085886361686567
0.5232251521298175,0.6194427119989268,0.5177237403729731,0.5486164413934326,0.9858692451672262,0.014130754832773752,0.40975443026901937,0.6194427119989268
0.5101419878296146,0.5960225422186894,0.5259513520204127,0.5494619852928238,0.9854453088727443,0.014554691127255945,0.40902529806995086,0.5960225422186894
0.5171399594320487,0.5886227728532157,0.5090760340689336,0.5278586922716942,0.9856375813615728,0.014362418638427191,0.4001954130634203,0.5886227728532157
0.50973630831643,0.582649047177724,0.5118553816641581,0.533452383908595,0.9854561375823663,0.014543862417633776,0.4013918909097379,0.582649047177724
0.5159229208924949,0.6076136931374172,0.510441207743267,0.5373761790585995,0.9857099410068431,0.014290058993156995,0.40310249984985697,0.6076136931374172
0.5201825557809331,0.570772539916323,0.49494246371082057,0.5203981849723502,0.9858152168384624,0.014184783161537585,0.3883514488954187,0.570772539916323
0.5221095334685598,0.5828844341562446,0.49486093143217647,0.5198469526106285,0.9858291253750636,0.014170874624936363,0.3824521784397392,0.5828844341562446
0.5240365111561867,0.6052906621103681,0.5164221492718303,0.54367007631677,0.9858433603005503,0.014156639699449646,0.4103499260509801,0.6052906621103681
0.5163286004056795,0.6126607102024172,0.5217554740433086,0.5461616354471388,0.9856657195004879,0.01433428049951228,0.41028561347734926,0.6126607102024172
0.5172413793103449,0.5944913857305081,0.5141930792648784,0.5387880733678985,0.9857223627841349,0.014277637215864997,0.40632629793075503,0.5944913857305081
0.5225152129817444,0.5766410082233276,0.4923457572533497,0.5211919119740127,0.985821708058141,0.014178291941859105,0.38867541491091073,0.5766410082233276
0.5184584178498985,0.6079877113845689,0.5193685286489844,0.5429519447045628,0.9857401096808897,0.014259890319110286,0.40835478087628657,0.6079877113845689
0.51947261663286,0.6142967036639637,0.501728616079573,0.5355358618273017,0.9857575453062545,0.01424245469374548,0.39986994016106037,0.6142967036639637
0.5209939148073023,0.613663677765467,0.5111873826067025,0.5428160532858419,0.985831509399995,0.014168490600004972,0.40643397445559215,0.613663677765467
0.5168356997971603,0.6191121269956105,0.5098530326118862,0.5423413897131757,0.9856584531591167,0.014341546840883252,0.3915810546204771,0.6191121269956105
0.5280933062880324,0.6082608670735028,0.5159537216720198,0.5419711655556892,0.9860633097712084,0.013936690228791699,0.4071332781355087,0.6082608670735028
0.5236308316430021,0.5928839168955593,0.4864756672992813,0.5136505655036985,0.9858495822862443,0.014150417713755654,0.38047665676896997,0.5928839168955593
0.51947261663286,0.5892432260525633,0.5257545891766491,0.5443666367901658,0.9857090475646345,0.014290952435365416,0.4150375781556435,0.5892432260525633
0.5228194726166329,0.612608922460011,0.5222684760603804,0.552125793749265,0.9857981338321282,0.01420186616787177,0.4161521248924133,0.612608922460011
0.5176470588235295,0.5910285497701084,0.4971943108276779,0.5268292261461431,0.985639446371208,0.014360553628792025,0.3931689209587674,0.5910285497701084
0.5189655172413793,0.6288629419429166,0.5445833773367204,0.5710415751920817,0.985639432320917,0.014360567679083096,0.4423162320789615,0.6288629419429166
0.524239350912779,0.609036853290863,0.5040316890219654,0.5346431278103909,0.9858718622056546,0.014128137794345352,0.3949332549566028,0.609036853290863
0.5203853955375254,0.5820360452769471,0.51136445206301,0.5321775617179323,0.9857427281226713,0.014257271877328817,0.40257818425001035,0.5820360452769471
0.5165314401622718,0.5945492801072715,0.5201035442071295,0.5407457503336606,0.9857258763758153,0.01427412362418456,0.4045615481269886,0.5945492801072715
0.5127789046653144,0.5725000516924006,0.5008687859088885,0.5234365103582751,0.9855015278793247,0.014498472120675409,0.39144302631355,0.5725000516924006
0.5196754563894523,0.6173324456370658,0.5190362650645712,0.547026290542879,0.9857876738643967,0.014212326135603312,0.4176615711335406,0.6173324456370658
0.5108519269776877,0.5794729360136207,0.5042078417297704,0.5250244800761596,0.9855404516745436,0.014459548325456473,0.4004287616039638,0.5794729360136207
0.5134888438133874,0.6156274742045557,0.5002953808325905,0.5321953970958024,0.9855308829205356,0.014469117079464494,0.4010789733969714,0.6156274742045557
0.5104462474645031,0.5694048425747393,0.5058661676880393,0.5284091328032037,0.9855529069672364,0.014447093032763477,0.3975913243086519,0.5694048425747393
0.5139959432048682,0.5887883387919179,0.506366849166273,0.5289785973587071,0.9856849329731421,0.014315067026857961,0.39212398404946774,0.5887883387919179
0.518762677484787,0.6021036075924103,0.51925136858086,0.541033051680776,0.98577687920722,0.014223120792780087,0.40786583934348924,0.6021036075924103
0.518762677484787,0.5773879953874104,0.5098773368626077,0.5305345634205223,0.9857201869589474,0.014279813041052563,0.40153730672428667,0.5773879953874104
0.5219066937119675,0.5738142824157627,0.5022915046319201,0.5264097577050524,0.985724955419282,0.014275044580718163,0.39677122376169044,0.5738142824157627
0.5129817444219067,0.5851867147058283,0.4988790803279673,0.5233287807801006,0.985560765855972,0.014439234144027951,0.38936444128866093,0.5851867147058283
0.5188640973630831,0.6062737194625583,0.5193575615637095,0.5478335140947865,0.9857315637741275,0.014268436225872566,0.4008743259820962,0.6062737194625583
0.5254563894523326,0.5909285706409195,0.5315135666676665,0.5524347780682305,0.9858706108039026,0.014129389196097391,0.42035642016694075,0.5909285706409195
0.5176470588235295,0.6056932728988387,0.5227585636290204,0.5464660023488234,0.9858069196113272,0.01419308038867281,0.41241750098077823,0.6056932728988387
0.5252535496957403,0.5929395557490416,0.4960223651071153,0.5257806456880963,0.9859092955090099,0.01409070449099022,0.3883933341485124,0.5929395557490416
0.5219066937119675,0.612702448085855,0.511380832442563,0.5375656160032178,0.9857508658054538,0.014249134194546232,0.40138599044074075,0.612702448085855
0.5160243407707911,0.6125498453114325,0.5400526985270295,0.5633083356809669,0.9855998367864407,0.01440016321355923,0.43143534279798423,0.6125498453114325
0.5185598377281947,0.6191845992573125,0.502583728208512,0.5375307856501836,0.9857570665925482,0.014242933407451646,0.3995500721477696,0.6191845992573125
0.5162271805273834,0.5713899423517133,0.4939775101335771,0.5206686010889167,0.9856071450074435,0.014392854992556547,0.38872236318523423,0.5713899423517133
0.5185598377281947,0.5577320320205826,0.480936718180609,0.5029630983145305,0.9857355929026607,0.014264407097339204,0.3727543586949546,0.5577320320205826
0.5235294117647059,0.6101674849900475,0.5355975206093817,0.5550353003455557,0.9858082327437447,0.014191767256255271,0.42082288815439794,0.6101674849900475
0.5257606490872211,0.5949951140281284,0.5080626065043328,0.531246840918367,0.9859393388419331,0.01406066115806682,0.38714098155959187,0.5949951140281284
0.5247464503042596,0.5846456368143401,0.4843189206028848,0.5119750324627407,0.9858936082495928,0.014106391750407168,0.37389373595186787,0.5846456368143401
0.5230223123732252,0.5886400663604137,0.5045639046395018,0.5270734201942353,0.9858259181227339,0.01417408187726602,0.3904486736674558,0.5886400663604137
0.5123732251521298,0.5994934491108295,0.5136983939621982,0.5395379484736905,0.9855052792429777,0.014494720757022248,0.40533799236660134,0.5994934491108295
0.5211967545638945,0.5921531798357986,0.5094738063757995,0.5303507923179375,0.9857142782418009,0.014285721758198939,0.39657256543140773,0.5921531798357986
0.5259634888438134,0.6061538814531914,0.5274651912008612,0.5486219108437906,0.9858611353277057,0.01413886467229426,0.42116839154066366,0.6061538814531914
0.5234279918864098,0.6275659071611315,0.517763608113093,0.5504390381455485,0.9858399614055475,0.014160038594452395,0.41446271220325526,0.6275659071611315
0.522920892494929,0.6114301360592013,0.5438910382193345,0.5615838531446384,0.9858894963326705,0.014110503667329627,0.4320417532071955,0.6114301360592013
0.5135902636916836,0.5786112580180738,0.510498819419599,0.5326372144586486,0.9856007799659509,0.014399220034049125,0.4002552594656553,0.5786112580180738
0.5178498985801218,0.6041908976351916,0.4987619968008209,0.5275264677266298,0.9857110448223161,0.014288955177683926,0.39378868244391824,0.6041908976351916
0.5290060851926978,0.629960468508492,0.5253642983376225,0.5596835268125617,0.9859869844240894,0.014013015575910564,0.4246388334684747,0.629960468508492
0.5193711967545639,0.605595864835818,0.5197472344696907,0.5422110183206375,0.9858387268999991,0.01416127310000084,0.4110435731867823,0.605595864835818
0.5206896551724138,0.5989581625808074,0.5053360073703024,0.5314042998415391,0.9857243288710542,0.014275671128945806,0.394833090629056,0.5989581625808074
0.5245436105476673,0.5813901627011095,0.5188471508829332,0.5405578408868681,0.9859436669379633,0.01405633306203673,0.41211166208323036,0.5813901627011095
0.513184584178499,0.6051015354900159,0.5041676780227654,0.5343730748885537,0.9855353697921739,0.014464630207826174,0.4015106667914695,0.6051015354900159
0.5139959432048682,0.6036099090218883,0.4967415657205251,0.5301240630779203,0.9855128548284874,0.014487145171512478,0.39026642955268853,0.6036099090218883
0.5106490872210954,0.5892511449138833,0.4916185661371301,0.5202427701849885,0.9855395893896042,0.014460410610395935,0.38717638087879946,0.5892511449138833
0.527079107505071,0.6188688151096591,0.5427686566210035,0.5662157137093536,0.9860024155926931,0.013997584407306946,0.4314541716693604,0.6188688151096591
0.5230223123732252,0.6111866971774168,0.5307371555684071,0.5553190428188811,0.9858843445118293,0.014115655488170767,0.4226959351618323,0.6111866971774168
0.5172413793103449,0.588348855010373,0.5112428048806669,0.5339786772196973,0.9856772111422896,0.014322788857710416,0.4026688689639049,0.588348855010373
0.5304259634888439,0.6034817979708684,0.5181736595896818,0.5430374797404838,0.9859837977402457,0.014016202259754282,0.4097045675333827,0.6034817979708684
0.5232251521298175,0.5919208212105349,0.5007319099363188,0.5254867335366935,0.9858904503336078,0.014109549666392213,0.3805040845491591,0.5919208212105349
0.5165314401622718,0.5770696598101676,0.5077973433896009,0.5280832150678709,0.9856555948848321,0.014344405115167824,0.4001144687275735,0.5770696598101676
0.5145030425963489,0.5887295503413432,0.5161842474392062,0.5306275248443221,0.9856205231207695,0.014379476879230446,0.3985092435647125,0.5887295503413432
0.5188640973630831,0.6187301696585777,0.4853762233866335,0.5195529937197814,0.9857113507268295,0.01428864927317057,0.3815923092150698,0.6187301696585777
0.5200811359026369,0.6101725807401173,0.5058773259381892,0.5358387290447382,0.9857708323173536,0.014229167682646471,0.3992827605169423,0.6101725807401173
0.5108519269776877,0.6180032211702479,0.5403047981101603,0.5638705832064324,0.985471231528059,0.014528768471941077,0.4358441750315487,0.6180032211702479
0.5204868154158215,0.6070995623630397,0.5261504157991685,0.5504445941194356,0.9857293477708261,0.014270652229173859,0.42147709198045097,0.6070995623630397
0.5172413793103449,0.6069181814435834,0.5235048832550637,0.5498080725879723,0.9856789447304287,0.014321055269571222,0.4170755683098507,0.6069181814435834
0.5192697768762677,0.5572310234790123,0.48454066252908345,0.5090280649339071,0.985765791355718,0.014234208644282122,0.36911895516175985,0.5572310234790123
0.5304259634888439,0.5817152392844183,0.5140125155966642,0.5350838042337642,0.986013191112636,0.013986808887364,0.4026014942575246,0.5817152392844183
0.5174442190669372,0.5946058001810914,0.5032046400662278,0.5280568477882748,0.9856122239948373,0.014387776005162842,0.39941670162467713,0.5946058001810914
0.5169371196754564,0.5705616883596689,0.509213961615016,0.5302804717738381,0.9856903533186351,0.014309646681364984,0.4006523230333835,0.5705616883596689
0.5176470588235295,0.6023095052336894,0.5199869620148643,0.5451711162172159,0.9856576530185193,0.01434234698148083,0.4115084125935722,0.6023095052336894
0.5159229208924949,0.6090226375303853,0.49620143429084473,0.5240899836631586,0.9856451710700252,0.014354828929974733,0.38831946639864184,0.6090226375303853
0.5244421906693711,0.5970998923766908,0.5113337680369352,0.5335511389308714,0.9858651966441171,0.014134803355882955,0.40895581894213107,0.5970998923766908
0.5217038539553752,0.5607240022021773,0.49694306771320357,0.5187095173419293,0.9858260340672438,0.014173965932756303,0.3924101548221451,0.5607240022021773
0.5174442190669372,0.5748591591426542,0.4895344371836538,0.5161551883432647,0.985648705797948,0.014351294202052,0.38690882165988294,0.5748591591426542
0.5089249492900608,0.5871492684592091,0.5279755668095495,0.545728131096187,0.9854546500091066,0.014545349990893358,0.41240937904541186,0.5871492684592091
0.5247464503042596,0.5893994829646815,0.4997973876838028,0.5220370620593491,0.9858481890695625,0.014151810930437613,0.389528660217226,0.5893994829646815
0.5225152129817444,0.5897302103008565,0.5095749546261368,0.5337508351367455,0.9858119696930174,0.014188030306982369,0.39948161139160954,0.5897302103008565
0.525050709939148,0.5901446385003519,0.5416296852371995,0.5584553608927769,0.9859237392616114,0.014076260738388652,0.4331355079830194,0.5901446385003519
0.5306288032454362,0.5924387913682602,0.5246800265959388,0.5498293712468936,0.9860161009358229,0.013983899064177064,0.4245206514168042,0.5924387913682602
0.5233265720081136,0.6125837285672967,0.5281019235251991,0.5507572745222651,0.9857905513716778,0.01420944862832213,0.4207819819429835,0.6125837285672967
0.5220081135902637,0.612303323155944,0.5373333983334362,0.5602893307527361,0.9858644801604182,0.014135519839581733,0.4279613157417632,0.612303323155944
0.5198782961460446,0.5879031956855333,0.5193633266882338,0.5385150984101758,0.9857190194568208,0.014280980543179177,0.40984931471526637,0.5879031956855333
0.5275862068965518,0.6341172446254238,0.5388784851572547,0.5650147684157755,0.9859159982706606,0.014084001729339417,0.42472208138829937,0.6341172446254238
0.5204868154158215,0.5917005090135301,0.499800648147655,0.526292738637967,0.9857569711867538,0.014243028813246433,0.3925175187301473,0.5917005090135301
0.5195740365111562,0.6106616434698486,0.5474083322602393,0.5657999072702096,0.9857610466545135,0.014238953345486666,0.43907263001764496,0.6106616434698486
0.5230223123732252,0.5873078478702273,0.5124832127871919,0.5368247323186865,0.9858005070189698,0.01419949298103024,0.4068379628772691,0.5873078478702273
0.5211967545638945,0.5897029369868317,0.5037493697256915,0.5310736222966855,0.9857776342095736,0.014222365790426256,0.4006020813477343,0.5897029369868317
0.5217038539553752,0.5519561401894248,0.5219893132622446,0.5322028405436618,0.9858493423760993,0.014150657623900696,0.4085336888518098,0.5519561401894248
0.5175456389452333,0.608582087333125,0.5134940736535327,0.5456944314322458,0.9856499864634604,0.014350013536539566,0.402506597462197,0.608582087333125
0.5230223123732252,0.6294362516958136,0.5458703278353021,0.5738118808524673,0.9858779668593668,0.014122033140633214,0.43980516600296343,0.6294362516958136
0.5245436105476673,0.6039367182624005,0.5175681729479064,0.5424035793542867,0.9859242484114222,0.0140757515885776,0.40919158505660835,0.6039367182624005
0.5219066937119675,0.587076618783425,0.5101543791255958,0.5283198713578626,0.9858230544410171,0.014176945558982834,0.3997541394382219,0.587076618783425
0.5182555780933062,0.5618332632580545,0.4712212803823517,0.4951717606913924,0.9857003053518213,0.014299694648178632,0.36943492180488263,0.5618332632580545
0.5310344827586206,0.5791717323150911,0.5018751247612625,0.5244940715163241,0.9861399225039096,0.013860077496090506,0.3960805626952213,0.5791717323150911
0.5152129817444219,0.5975719699838079,0.5113738164384138,0.5351184167668555,0.9856897692607014,0.014310230739298824,0.4025657303807676,0.5975719699838079
0.5204868154158215,0.6048699834014792,0.5337809918496044,0.5528108924885485,0.9858164494132865,0.014183550586713486,0.4235583591590573,0.6048699834014792
0.5181541582150101,0.5902571963888343,0.4943454544651799,0.5170372030031949,0.9856704630029075,0.01432953699709263,0.3870622319599172,0.5902571963888343
0.52079107505071,0.5963170621189711,0.5135712316875701,0.5369485824353252,0.9857147835289132,0.014285216471086808,0.4065982472223199,0.5963170621189711
0.5170385395537526,0.6106530100192755,0.49746902655370145,0.5222458326452555,0.9857322321258263,0.014267767874173812,0.39150108353075586,0.6106530100192755
0.5203853955375254,0.6133371660022073,0.5114276708435577,0.5434126802941974,0.9857598460577648,0.014240153942235078,0.4107347340524403,0.6133371660022073
0.5216024340770791,0.5827206300108921,0.5027852971663289,0.5267934631125953,0.9857917038891202,0.014208296110879837,0.3942932049117722,0.5827206300108921
0.5170385395537526,0.6051989743374094,0.5289595662125693,0.5524040631102517,0.9857319046458024,0.014268095354197758,0.41832811267839026,0.6051989743374094
0.5251521298174442,0.5781874353423666,0.5031821230944373,0.5263143952201048,0.9858448092816097,0.014155190718390243,0.39182438332991076,0.5781874353423666
0.5103448275862069,0.5826234395333835,0.5107074336122148,0.5329200913607471,0.9855453958001185,0.014454604199881604,0.3993866031768997,0.5826234395333835
0.5136916835699797,0.6139400104658982,0.5131985468223961,0.543897159097644,0.9855198622061347,0.014480137793865097,0.4083174136146326,0.6139400104658982
0.5165314401622718,0.6015724073153941,0.5301040037087512,0.5550731256579658,0.9856626057440293,0.014337394255970618,0.4257410355944643,0.6015724073153941
0.5144016227180528,0.5906565185631012,0.4914728092474493,0.5231164056785078,0.985577784700547,0.014422215299452984,0.38637286004917437,0.5906565185631012
0.5261663286004057,0.6153651437141081,0.5168862200496358,0.5470071728889649,0.9859388219201284,0.014061178079871678,0.40734594956496667,0.6153651437141081
0.5189655172413793,0.6121684751023091,0.5100346857899958,0.537239170187445,0.985612880056394,0.014387119943606017,0.3944845452793193,0.6121684751023091
0.5282961460446247,0.590270103943306,0.4911995986014503,0.5215397323285421,0.9859609850071731,0.014039014992826917,0.3841277620914412,0.590270103943306
0.5294117647058824,0.6146584112763949,0.5305482069134204,0.5541949533787592,0.9860180342863097,0.013981965713690342,0.4183127080081109,0.6146584112763949
0.5258620689655172,0.5799298792737069,0.4967592808632867,0.5210381472455495,0.9860241920911722,0.013975807908827631,0.38661224258488247,0.5799298792737069
0.5235294117647059,0.6003959389844111,0.5263525626131993,0.5442391537125516,0.9859050504888783,0.014094949511121727,0.41279504751405105,0.6003959389844111
0.5066937119675456,0.5624498419328308,0.47112511771827803,0.4987519499571606,0.9852508885893542,0.014749111410645693,0.37124134489450755,0.5624498419328308
0.5275862068965518,0.6175333839577369,0.5236452139706185,0.5511647071338789,0.9859728631907494,0.014027136809250529,0.4153761462453578,0.6175333839577369
0.5183569979716024,0.5784299214576205,0.5044884435019573,0.5273012595665305,0.9857195167483599,0.014280483251640014,0.39208317244741053,0.5784299214576205
0.517342799188641,0.5788612878616218,0.508047072951131,0.528939962060744,0.9856772381926678,0.01432276180733232,0.3890478520591878,0.5788612878616218
0.5150101419878296,0.5803906867620865,0.49044385760005654,0.5150400415684885,0.9856178739108173,0.014382126089182535,0.3782620570945087,0.5803906867620865
0.5197768762677485,0.5935163086417143,0.5044252406044851,0.5313098999772446,0.985800957603345,0.014199042396655068,0.40195820102716695,0.5935163086417143
0.5172413793103449,0.5684425829330758,0.49859652123803244,0.5227615255834742,0.9857310966567369,0.01426890334326309,0.3944238910564214,0.5684425829330758
0.5184584178498985,0.6180423306697135,0.49217106169761243,0.5268817457236652,0.9857024210126009,0.014297578987399195,0.3906256383112266,0.6180423306697135
0.51105476673428,0.607789080301894,0.5182692454838532,0.5414728409515138,0.985477468936146,0.014522531063854083,0.4076840175270653,0.607789080301894
0.5188640973630831,0.5870787272272571,0.5024521572980133,0.5257306847156935,0.9857644189211735,0.014235581078826609,0.3949275008306491,0.5870787272272571
0.5224137931034483,0.5589895911576085,0.4906930104629305,0.5111266021900495,0.9859289949872357,0.014071005012764379,0.38288727285872215,0.5589895911576085
0.5243407707910751,0.6090110265038016,0.5512851952039608,0.5653588351919517,0.985926498617846,0.014073501382154185,0.43970939370396256,0.6090110265038016
0.518762677484787,0.5689835487311242,0.5205677102498513,0.537699872922954,0.9857467390878984,0.01425326091210157,0.412874125354236,0.5689835487311242
0.5141987829614605,0.6073371328046953,0.5318977356529102,0.557401250118254,0.9856758637565821,0.01432413624341795,0.4131350751894168,0.6073371328046953
0.518762677484787,0.6121130296754356,0.5074480184192847,0.5388378975375429,0.9856933888084145,0.014306611191585574,0.4030558950619431,0.6121130296754356
0.5113590263691684,0.5833309051438698,0.488852733771546,0.5116606859224216,0.985481728358914,0.014518271641085883,0.3812213422630779,0.5833309051438698
0.5196754563894523,0.6119345916453218,0.5160679759566275,0.5478879270202691,0.9856394169984387,0.014360583001561168,0.40921034162283154,0.6119345916453218
0.5150101419878296,0.6069781105918788,0.5198745524242995,0.5483468080424708,0.9855832062716857,0.014416793728314215,0.4120892829289895,0.6069781105918788
0.5253549695740365,0.6104625722538166,0.5117266266097392,0.5419974863662435,0.9859067674029536,0.014093232597046406,0.3949435411616297,0.6104625722538166
0.5195740365111562,0.5725505970510085,0.47388732182874244,0.5021091011805161,0.9857038939730366,0.014296106026963466,0.3743927544020634,0.5725505970510085
0.5316430020283975,0.6216972998131421,0.538809800907705,0.5603231418608234,0.986073404889461,0.013926595110539116,0.4260487571568044,0.6216972998131421
0.5189655172413793,0.602690208311703,0.5211401376312287,0.5469145294024809,0.985759918503112,0.014240081496888055,0.41368319447109003,0.602690208311703
0.5281947261663286,0.6110987596347066,0.5121137189283045,0.5434237488844171,0.9859235407280472,0.014076459271952604,0.4080270464152477,0.6110987596347066
0.5238336713995944,0.6261022808704417,0.5305737482977185,0.5570473843095571,0.9859000297102742,0.014099970289725866,0.4265050575434922,0.6261022808704417
0.51947261663286,0.5924572512209239,0.48551069708658506,0.5182623806840143,0.9857001725256648,0.014299827474335064,0.3747752444446961,0.5924572512209239
0.5185598377281947,0.5900610441264016,0.53254869514783,0.5512914970229783,0.9857493026479464,0.014250697352053731,0.4071674705189725,0.5900610441264016
0.5177484787018256,0.600904087704621,0.5050005120636731,0.5319044975080631,0.9857297060364847,0.01427029396351533,0.3954844665494129,0.600904087704621
0.5103448275862069,0.5539597427257444,0.47218448668262436,0.4990902600572032,0.9853934377978636,0.01460656220213653,0.3592785546493446,0.5539597427257444
0.5169371196754564,0.5910863915376768,0.512254821831468,0.5382316389272592,0.9856320165880416,0.01436798341195849,0.4074043700852508,0.5910863915376768
0.5179513184584178,0.6134277379127191,0.519475739187018,0.5494372927028935,0.9857300400249673,0.014269959975032488,0.41568681259119283,0.6134277379127191
0.5208924949290061,0.6005687468391014,0.5132886391172145,0.5352320473947979,0.9858579511516676,0.014142048848332419,0.4022624962291374,0.6005687468391014
0.5147058823529411,0.6113219989888793,0.5210817728980871,0.5491294712271803,0.9856994135732824,0.014300586426717516,0.4152438389929737,0.6113219989888793
0.50973630831643,0.5880515796348262,0.49476155125272286,0.5203119561397009,0.9854444510707439,0.014555548929256253,0.3877281974199568,0.5880515796348262
0.529817444219067,0.5819214201985952,0.5474911741667812,0.556548254559749,0.9860648313187326,0.013935168681267308,0.42352582920104165,0.5819214201985952
0.5172413793103449,0.5921778421294984,0.5071061325384736,0.5314663527293803,0.9857782540521789,0.014221745947821048,0.40341468496041405,0.5921778421294984
0.5228194726166329,0.6114429346723378,0.5494165100683439,0.5693951823950846,0.9857744614415982,0.014225538558401812,0.43735802075606134,0.6114429346723378
0.5294117647058824,0.5634003154405007,0.5029377010368422,0.5219279811560225,0.9860293565726443,0.013970643427355715,0.38551917997797686,0.5634003154405007
0.5117647058823529,0.5569644534200483,0.502231386677431,0.5205640081337677,0.9854460255923423,0.014553974407657752,0.3978684172808647,0.5569644534200483
0.5216024340770791,0.6088334256308994,0.5339196713007055,0.5545218863238799,0.9857150423052629,0.014284957694737126,0.4240074646342604,0.6088334256308994
0.5116632860040567,0.567384636764661,0.4847354605622426,0.5116070550021738,0.9854513960464182,0.014548603953581951,0.3770826154093877,0.567384636764661
0.5281947261663286,0.5767848048294534,0.5285976119605902,0.5419086019276721,0.9861041072865998,0.013895892713400207,0.4089968453345539,0.5767848048294534
0.5195740365111562,0.570509504124899,0.4928429300232734,0.5166633987851703,0.9857277824348458,0.014272217565154205,0.3891314467064587,0.570509504124899
0.5297160243407708,0.6199733263844316,0.5225885704341539,0.5470003331231533,0.9859627031126379,0.014037296887362077,0.41301086095135753,0.6199733263844316
0.5108519269776877,0.5785663718780861,0.5210840759362855,0.5412266701911879,0.9854261538380238,0.014573846161976212,0.412567970929831,0.5785663718780861
0.522210953346856,0.6124336003541807,0.5205821234709442,0.5476976064872752,0.9859513793964816,0.014048620603518417,0.4079768088061503,0.6124336003541807
0.52079107505071,0.571711664415159,0.4976045567973717,0.5164390915567074,0.9856765366776147,0.014323463322385266,0.3860580885114332,0.571711664415159
0.5248478701825557,0.5919692602073192,0.49768711430876555,0.5211605984282366,0.9859358790719586,0.014064120928041329,0.3901820870475382,0.5919692602073192
0.5167342799188641,0.5832345437821598,0.5007510717008984,0.5241509624236393,0.985797431111725,0.014202568888274902,0.38787728092293045,0.5832345437821598
0.5154158215010142,0.5741528133120471,0.5055677406425408,0.5244633393604464,0.9856558977938519,0.014344102206148157,0.39877114531485597,0.5741528133120471
0.5150101419878296,0.5961570938570879,0.505742431258053,0.5348690281083475,0.9855932631035632,0.014406736896436918,0.39580362720295037,0.5961570938570879
0.522210953346856,0.592029071678611,0.5151731723466056,0.5423791411349501,0.9858017323593916,0.014198267640608461,0.41037963645260617,0.592029071678611
0.5288032454361055,0.6182529741723286,0.5107063557304391,0.5432780427833386,0.986038941415664,0.01396105858433611,0.4013298011192351,0.6182529741723286
0.5299188640973631,0.586383335265141,0.515727610221567,0.5327860769297842,0.9859865861571855,0.01401341384281446,0.4031229496376502,0.586383335265141
0.5140973630831643,0.6003105011483009,0.5103323613266503,0.5382520481699755,0.98570658861427,0.014293411385729987,0.4012328288573813,0.6003105011483009
0.5200811359026369,0.610923638802142,0.5183204592858107,0.5393548942119677,0.9858060239653046,0.014193976034695388,0.40195114341724747,0.610923638802142
0.5267748478701826,0.618086415185006,0.5199191915059946,0.5480385329195118,0.985880735994986,0.01411926400501401,0.40823980766029944,0.618086415185006
0.5216024340770791,0.5922363032566065,0.5199264583815426,0.542942117901043,0.9858196301013855,0.014180369898614561,0.40706094192848263,0.5922363032566065
0.5225152129817444,0.576682833873973,0.48179628930186846,0.5090511947709266,0.9857232448299209,0.014276755170079083,0.37216169118092474,0.576682833873973
0.5197768762677485,0.6012278720288962,0.5245239122546617,0.5519947753232327,0.9857552489804803,0.01424475101951973,0.4175891088513429,0.6012278720288962
0.5146044624746451,0.5981712192608517,0.49758808971949675,0.5244262266046552,0.9856416347553155,0.014358365244684585,0.3902483065610318,0.5981712192608517
0.5195740365111562,0.6074036433386478,0.5073646438396521,0.5343305744276913,0.985708176800182,0.014291823199818098,0.3894579765568462,0.6074036433386478
0.5135902636916836,0.6044494783412689,0.5418733008076672,0.5631261470659384,0.9855911508126933,0.014408849187306741,0.4345651775652752,0.6044494783412689
0.518052738336714,0.5979331059006323,0.5093036021092869,0.5342449063383627,0.9856587320819594,0.01434126791804059,0.40358424599382836,0.5979331059006323
0.5200811359026369,0.5915649310809713,0.5139753616970186,0.5306747445478133,0.9857523397536582,0.014247660246341812,0.3953639242794301,0.5915649310809713
0.5179513184584178,0.5404087325961484,0.4712379048564916,0.4902582073384477,0.9856204147751713,0.014379585224828758,0.3647660840007747,0.5404087325961484
0.5271805273833672,0.5895789690953933,0.4942911554036292,0.5208730389831049,0.9859898005605041,0.01401019943949575,0.3852547275793499,0.5895789690953933
0.5255578093306288,0.5966236779221867,0.5117791189851975,0.5403896902190545,0.9859533754678699,0.014046624532130158,0.4089636482039879,0.5966236779221867
0.5228194726166329,0.5709718296392781,0.5116069198097113,0.5314515307359917,0.985867799474228,0.01413220052577192,0.39085547002058163,0.5709718296392781
0.5149087221095334,0.6197359227212014,0.5133626703376191,0.5482820454007056,0.9856477075782213,0.014352292421778785,0.41394381782141565,0.6197359227212014
0.5209939148073023,0.5454164707626867,0.48603095651353656,0.5045655762229057,0.9858162198251843,0.014183780174815749,0.3665590578422958,0.5454164707626867
0.5200811359026369,0.59262677557176,0.5257567940115606,0.5446476292529381,0.9857412412880731,0.014258758711927041,0.4126985448515789,0.59262677557176
0.5152129817444219,0.6039792324241036,0.5149239381131684,0.540026356395518,0.9856982268565593,0.014301773143440522,0.4053749361910211,0.6039792324241036
0.5210953346855984,0.5763547518747252,0.5237540582147012,0.5383300702511915,0.985796196077884,0.014203803922115949,0.41192412344770946,0.5763547518747252
0.5264705882352941,0.6293728583654765,0.5413771687041318,0.5679068713032704,0.9859612731006141,0.014038726899385918,0.43352827547886463,0.6293728583654765
0.522920892494929,0.6200832302563333,0.5110370949630114,0.5401917002783734,0.985790228578278,0.014209771421722093,0.40310699043609655,0.6200832302563333
0.5241379310344828,0.6009932546138226,0.5305134038435286,0.5539299990696224,0.9857982885752747,0.014201711424725306,0.4272229753778582,0.6009932546138226
0.5164300202839757,0.6200506722620371,0.5231972687808867,0.5513677787223077,0.9856784485312104,0.01432155146878969,0.4186181240704013,0.6200506722620371
0.5240365111561867,0.614266994705262,0.5050367079959074,0.5322071233812307,0.98585464533931,0.014145354660690057,0.39901230268896465,0.614266994705262
0.5206896551724138,0.5631516782468513,0.5003774524559725,0.5196807441737095,0.985760358047121,0.014239641952879014,0.3885950738434797,0.5631516782468513
0.5192697768762677,0.6059731532380942,0.5153971459340497,0.5431552998586037,0.9857949750205643,0.014205024979435757,0.40718610582551973,0.6059731532380942
0.5165314401622718,0.5983725178491195,0.5084597511045068,0.5326082652224594,0.9857139628218251,0.014286037178174898,0.39923426221158764,0.5983725178491195
0.5134888438133874,0.5691569703406879,0.5165626302433608,0.5345031810680507,0.9855332627677825,0.014466737232217428,0.40524734214517066,0.5691569703406879
0.5179513184584178,0.606475232614209,0.5140718703675954,0.5409094938534048,0.9857610125864236,0.014238987413576366,0.40105291493789197,0.606475232614209
0.5205882352941177,0.6103587060477341,0.5344333513687366,0.5576620215293591,0.9857763160960064,0.014223683903993683,0.4218867056840015,0.6103587060477341
0.5177484787018256,0.6025159527777223,0.52769096695726,0.5531185030819139,0.9855285803825184,0.014471419617481506,0.4171034247138624,0.6025159527777223
0.5184584178498985,0.5894432138060269,0.5061744690653042,0.532369371308857,0.9857305206449389,0.014269479355061,0.3983224388123062,0.5894432138060269
0.5247464503042596,0.586152633152045,0.498093820163861,0.5242862005731053,0.9859587154194582,0.0140412845805418,0.3947179065098843,0.586152633152045
0.5205882352941177,0.5917496336323544,0.5192521086307476,0.5405720743149101,0.9856548982138454,0.014345101786154547,0.412661626836171,0.5917496336323544
0.5182555780933062,0.5760483142678352,0.5072940258245334,0.526407408611467,0.9856165749977336,0.014383425002266356,0.3949214960760039,0.5760483142678352
0.5206896551724138,0.5945166720855666,0.4974494429208097,0.5296625003842218,0.9856809624486033,0.014319037551396662,0.3989675157290541,0.5945166720855666
0.5129817444219067,0.6014420950231159,0.5165539388377264,0.5382640875998831,0.9856031293426376,0.01439687065736242,0.4066261883215718,0.6014420950231159
0.516632860040568,0.6034104338897743,0.5124558959941481,0.5385968201545062,0.9856773093705169,0.014322690629483211,0.40453183581042945,0.6034104338897743
0.5191683569979716,0.6101030819553375,0.49461960813815065,0.5307107657880297,0.9856507636168604,0.014349236383139525,0.38766752709080154,0.6101030819553375
0.5209939148073023,0.6053296403705372,0.5157319829091506,0.541520936614727,0.9858482182496446,0.014151781750355318,0.40909208584400386,0.6053296403705372
0.5171399594320487,0.5812773000943268,0.5074836216595847,0.5301158268966637,0.9855918973428299,0.01440810265717012,0.3995624706553697,0.5812773000943268
0.522210953346856,0.6133669666081091,0.5188024551442665,0.5495292549259995,0.9858290093075734,0.01417099069242658,0.4111993356088971,0.6133669666081091
0.5195740365111562,0.5768423507881828,0.5117499782256181,0.5333638005241438,0.9857191654268782,0.014280834573121782,0.4032038986561237,0.5768423507881828
0.5134888438133874,0.5418622330536733,0.47929651511105453,0.4985600824407997,0.9855644692429113,0.01443553075708875,0.3734056395112651,0.5418622330536733
0.5186612576064908,0.5832503293291966,0.4936288718765738,0.5206987929225978,0.985794971627349,0.014205028372651038,0.38667771915442595,0.5832503293291966
0.5272819472616633,0.6288729995606748,0.5292075081817167,0.5613082905844311,0.9859088457988028,0.014091154201197128,0.42625976825718653,0.6288729995606748
0.5162271805273834,0.5614736067706871,0.5170674069822601,0.5318671361102959,0.9855453496480644,0.014454650351935595,0.4027350336735728,0.5614736067706871
0.5234279918864098,0.6111616741064902,0.5008475931242933,0.5325065129830165,0.9858901711266401,0.014109828873359664,0.39745484432200645,0.6111616741064902
0.5344827586206896,0.5994000859107954,0.5025418577743427,0.5320999285295287,0.9861979623861981,0.013802037613801995,0.3956416673026653,0.5994000859107954
0.5202839756592292,0.5844104568825588,0.5146729798638292,0.5356372535361927,0.9858172336686998,0.014182766331300358,0.4018007295988224,0.5844104568825588
0.5193711967545639,0.5895201451102038,0.525089993438752,0.5435896532461321,0.9856917391366948,0.014308260863305305,0.4160589145931759,0.5895201451102038
0.5186612576064908,0.5704152996114639,0.5080517322664373,0.5263288969796144,0.9857559622310486,0.014244037768951343,0.38472780317248256,0.5704152996114639
0.5198782961460446,0.6031468698570583,0.503646833235827,0.5285867809384776,0.9857719873916926,0.014228012608307408,0.3945323822218634,0.6031468698570583
0.5253549695740365,0.6119805248464069,0.5112745043789578,0.5432472338697452,0.985869135684277,0.01413086431572294,0.4072865767296127,0.6119805248464069
0.5139959432048682,0.6136741897535127,0.4988116094503128,0.5302979356734218,0.9855301603491526,0.014469839650847522,0.3949624380353509,0.6136741897535127
0.5223123732251521,0.5685906059259876,0.49415147357263034,0.5151254331902458,0.9858432510398266,0.01415674896017321,0.38332604835611556,0.5685906059259876
0.5210953346855984,0.6093729059476803,0.5157307561957946,0.5441786146330434,0.9858465967974883,0.014153403202511608,0.4068383998466717,0.6093729059476803
0.5344827586206896,0.5829972423014661,0.5057685762951809,0.5324092978740447,0.9861670743781771,0.01383292562182294,0.40112899309702554,0.5829972423014661
0.5113590263691684,0.6039054128983441,0.5112233442019491,0.540601179821966,0.9854713101908373,0.014528689809162595,0.4050115629116647,0.6039054128983441
0.5209939148073023,0.6038768379919898,0.5255465686346972,0.5473074037094803,0.9857327973732829,0.014267202626717235,0.4187127418989225,0.6038768379919898
0.5317444219066937,0.6196309689620533,0.5092242832178207,0.5399586835498542,0.9860711906411297,0.013928809358870389,0.40067422511071127,0.6196309689620533
0.5252535496957403,0.6044163900282062,0.5224165125583677,0.5452731406174601,0.9859333486039035,0.014066651396096527,0.41697408983980433,0.6044163900282062
0.52079107505071,0.6285028840888015,0.5258477217197018,0.5544598492033262,0.9857711652251322,0.014228834774867926,0.41798888295237974,0.6285028840888015
0.5181541582150101,0.6151460965969168,0.5078650468419195,0.5407468793004093,0.9857123024121194,0.014287697587880625,0.4041278590914379,0.6151460965969168
0.5245436105476673,0.614445851225283,0.4877230702447637,0.5188993933393544,0.9858118040211046,0.014188195978895275,0.38006517858940453,0.614445851225283
0.5150101419878296,0.5338527816277473,0.4960400374983318,0.5085875743763774,0.9855955387626475,0.014404461237352523,0.374654442587701,0.5338527816277473
0.5177484787018256,0.5708755487898699,0.48192484353271736,0.5069760901354434,0.9856172618842465,0.014382738115753612,0.374456864874384,0.5708755487898699
0.522210953346856,0.5842950388427492,0.5087800361539817,0.5338553792370303,0.985761582152232,0.014238417847768015,0.4067077989190199,0.5842950388427492
0.5190669371196754,0.6000378803120385,0.5074151152883943,0.5332773642894839,0.985815779546978,0.01418422045302222,0.3997806545324684,0.6000378803120385
0.5225152129817444,0.5975892633759721,0.49945549672146117,0.522537662369843,0.98590780052581,0.014092199474189982,0.38750179033466414,0.5975892633759721
0.522210953346856,0.6084755182310115,0.4902887579759412,0.5235225896841397,0.9858256682817021,0.014174331718297892,0.38451694779306933,0.6084755182310115
0.517342799188641,0.5856406697517909,0.5069337297109233,0.5303057639765597,0.985695378950167,0.014304621049833044,0.40250956146438144,0.5856406697517909
0.5145030425963489,0.5850173794972336,0.493530894154704,0.5201284572553044,0.9855921342183415,0.014407865781658414,0.3899754738927158,0.5850173794972336
0.5106490872210954,0.6087949751543976,0.508633393331956,0.5380412691948611,0.9853998576622214,0.014600142337778533,0.40152893036956316,0.6087949751543976
0.518052738336714,0.5865819555007936,0.49980841560078704,0.5272205316387527,0.9857383413279923,0.014261658672007566,0.3895673229064521,0.5865819555007936
0.5302231237322516,0.5958586914740548,0.5013986230150277,0.5288526295981864,0.9861378083483132,0.01386219165168685,0.40031926171181437,0.5958586914740548
0.5161257606490872,0.5922019285107932,0.5007182714358451,0.5273824717216592,0.9855779519440613,0.014422048055938852,0.39485262633359464,0.5922019285107932
0.5197768762677485,0.5444652570237904,0.48887983389234135,0.5093839618634004,0.9857715059930878,0.014228494006912017,0.381094652681349,0.5444652570237904
0.5112576064908723,0.6081792949612363,0.49379332760404654,0.5285869896838692,0.9854691615477323,0.014530838452267722,0.39304596538371106,0.6081792949612363
0.5177484787018256,0.5784129374910484,0.5228991190048842,0.540077847125548,0.9856608103614631,0.014339189638536854,0.410469438984644,0.5784129374910484
0.5133874239350913,0.5843650043125435,0.5032340354568527,0.5286145336913034,0.98548527226762,0.014514727732380144,0.3950288957881628,0.5843650043125435
0.5150101419878296,0.5626933959182552,0.5099432432613151,0.5267965723106198,0.9856955825594713,0.014304417440528605,0.39707797441416065,0.5626933959182552
0.5191683569979716,0.5850380557648254,0.5071385265635804,0.5282699027207187,0.9857059040041058,0.014294095995894231,0.39456088338383566,0.5850380557648254
0.5236308316430021,0.5851396989768363,0.4926875753626095,0.5188905040748832,0.9858130406399226,0.014186959360077434,0.38509327381517205,0.5851396989768363
0.5195740365111562,0.5977184814187304,0.520338833114205,0.5427570486513114,0.9856109271347837,0.014389072865216332,0.4123797349797119,0.5977184814187304
0.5156186612576065,0.5720045012411887,0.4687687586548721,0.4973777879904155,0.9856340181333225,0.014365981866677563,0.3611779327345168,0.5720045012411887
0.5145030425963489,0.5787898114959191,0.4997998108026868,0.5262759701495516,0.9854956336955825,0.014504366304417426,0.3908187714263124,0.5787898114959191
0.5185598377281947,0.5932015633099411,0.49511000355002766,0.5222111693337432,0.985738563737055,0.014261436262945026,0.3889317147702603,0.5932015633099411
0.5163286004056795,0.581762233724972,0.4954365532642614,0.5237850863815987,0.9857581100954889,0.014241889904511066,0.39092870520120915,0.581762233724972
0.5243407707910751,0.582497333319691,0.48041731018719974,0.5066934859652225,0.9858083770787449,0.014191622921255125,0.3697100879989346,0.582497333319691
0.5175456389452333,0.6191243322995295,0.4922713924722909,0.533442711326537,0.9856819444335585,0.014318055566441348,0.3949309906974139,0.6191243322995295
0.5267748478701826,0.6302748633002467,0.5528632904720897,0.5744689948120227,0.9859349357398042,0.014065064260195931,0.44393886487118694,0.6302748633002467
0.5155172413793103,0.6031538029434482,0.5023835117025783,0.5308728231146685,0.9856977449610926,0.014302255038907311,0.3945280284694132,0.6031538029434482
0.5215010141987829,0.5681546783252316,0.4878104205314928,0.5084109033799116,0.9858042498116557,0.01419575018834424,0.3752441498489011,0.5681546783252316
0.5210953346855984,0.5892544720559931,0.49304670882748514,0.5189172479964548,0.9857922049042355,0.014207795095764541,0.38638140684239974,0.5892544720559931
0.5234279918864098,0.5768694349413518,0.5152012696535271,0.5313542604067587,0.985841412927428,0.01415858707257206,0.4009402445772842,0.5768694349413518
0.5202839756592292,0.6165550179775651,0.5069278461435986,0.5392867585291297,0.9857453652335421,0.014254634766457988,0.4044166756490529,0.6165550179775651
0.5128803245436105,0.6055961174007344,0.5158499171498144,0.5426582320849217,0.9855732232056635,0.014426776794336533,0.4132232630681125,0.6055961174007344
0.5197768762677485,0.5840821868082132,0.4844922956612561,0.5147380545643019,0.9856809138231263,0.014319086176873571,0.37892211200195813,0.5840821868082132
0.5245436105476673,0.6065276892679018,0.5137729721570029,0.5398777262155208,0.9859667664703166,0.01403323352968345,0.40692116449845955,0.6065276892679018
0.5146044624746451,0.6158718441997212,0.5252552944054202,0.5536967274601363,0.9856598942993798,0.014340105700620259,0.42220444272577734,0.6158718441997212
0.522920892494929,0.6042386641989139,0.527042717159121,0.5492803288615837,0.985835596348255,0.014164403651745006,0.41899693064833327,0.6042386641989139
0.53052738336714,0.6225980986347186,0.5491903839354629,0.5718074780394443,0.9860786170313446,0.013921382968655327,0.44383425949477234,0.6225980986347186
0.5228194726166329,0.5875386502246197,0.5002942856442889,0.5227086638370784,0.9857748429209459,0.014225157079054312,0.37714518561124655,0.5875386502246197
0.5206896551724138,0.6030905583153807,0.5079896864012126,0.5325230433100796,0.9857615600744005,0.014238439925599505,0.396495125954695,0.6030905583153807
0.5104462474645031,0.5944565976110695,0.5171016186536607,0.5407778701581524,0.9854376844319915,0.014562315568008289,0.3985395441116947,0.5944565976110695
0.5176470588235295,0.6199709361224693,0.5152504271292605,0.5457778051540588,0.9857052079083968,0.014294792091603243,0.41039693658170256,0.6199709361224693
0.5212981744421906,0.5844169658155949,0.5088239661754533,0.5338440301905033,0.9858346264530204,0.014165373546979698,0.39961373791741134,0.5844169658155949
0.5238336713995944,0.5800878867651951,0.5091052373606152,0.5291660554354582,0.9858590410283042,0.014140958971695667,0.40603846651465,0.5800878867651951
0.5228194726166329,0.6218348576152348,0.5441675457092867,0.5695136744180569,0.9858209939491853,0.014179006050814532,0.43641858021103985,0.6218348576152348
0.5103448275862069,0.5656704654618057,0.4699346239554427,0.5001781922869153,0.9854466303402891,0.01455336965971093,0.37022857475049054,0.5656704654618057
0.5198782961460446,0.6164569452075611,0.5036479122474538,0.536452031599756,0.9857599899052911,0.014240010094708766,0.39914277355146727,0.6164569452075611
0.5175456389452333,0.5863174067079779,0.4929931668753043,0.5241962460145497,0.9856649738004759,0.01433502619952418,0.39123215842379944,0.5863174067079779
0.5233265720081136,0.6118917599961644,0.5316577811903385,0.5551578672967402,0.9858929373102232,0.014107062689776772,0.4245405960936425,0.6118917599961644
0.5205882352941177,0.5987010370045518,0.5019706192762096,0.5286487898184801,0.9857560282879436,0.014243971712056205,0.3953615388755658,0.5987010370045518
0.5215010141987829,0.5894171815462241,0.516952046191492,0.5372944990525935,0.9858257818943501,0.014174218105649792,0.40437728226115865,0.5894171815462241
0.5195740365111562,0.6206308100491108,0.5233387540325999,0.5568352886991076,0.9856726072576439,0.01432739274235612,0.4181145797463408,0.6206308100491108
0.5215010141987829,0.5783184609424303,0.5268120464954615,0.5402832760668076,0.9857915545889497,0.014208445411050364,0.4138335754983,0.5783184609424303
0.5150101419878296,0.578952065470784,0.47518386776876137,0.5017776870240406,0.9856135407435056,0.014386459256494422,0.37479792640535636,0.578952065470784
0.5235294117647059,0.6120193027937466,0.5046143974072331,0.5304441937064244,0.9858500446933618,0.014149955306638286,0.39805425638292136,0.6120193027937466
0.5224137931034483,0.5936342449966215,0.5066562323232473,0.5308453518176514,0.9858835010582521,0.01411649894174806,0.3972195130219399,0.5936342449966215
0.5291075050709939,0.5931321743135884,0.500740793128586,0.5261842272934947,0.9860062212414945,0.013993778758505427,0.38792430459199967,0.5931321743135884
0.5238336713995944,0.5965136026346614,0.5269042615592298,0.5475892435924244,0.9858913171201522,0.014108682879847794,0.4201865389052891,0.5965136026346614
0.5227180527383367,0.5749244738770932,0.5182528719726228,0.5331862802888723,0.9858431919887124,0.014156808011287622,0.4034226397565591,0.5749244738770932
0.5146044624746451,0.6145277304486944,0.5202384838803249,0.5487706989608816,0.9856108738071349,0.014389126192865125,0.41471833828065147,0.6145277304486944
0.5150101419878296,0.5982462998300868,0.5545343313285697,0.5683140161593642,0.9854952982495455,0.014504701750454527,0.44364283238112456,0.5982462998300868
0.5179513184584178,0.6028443920024316,0.5043268981658503,0.5332637992046765,0.9857125697026902,0.014287430297309667,0.39991224845506823,0.6028443920024316
0.5308316430020285,0.5891918801192242,0.5228896937188044,0.5440367706630436,0.9860530423992444,0.013946957600755488,0.4029418448360305,0.5891918801192242
0.5253549695740365,0.61615932659452,0.499723924003748,0.5328490915887633,0.9858640083099205,0.014135991690079414,0.3937397072551692,0.61615932659452
0.524239350912779,0.599134566696371,0.5347601087247893,0.5509681092610322,0.985802233866208,0.014197766133792002,0.41064830602290997,0.599134566696371
0.5168356997971603,0.5449510697754114,0.504055690554516,0.5156679314856752,0.9857377370836155,0.014262262916384497,0.38904116478397943,0.5449510697754114
0.5269776876267749,0.5622387609282071,0.501401226336299,0.5224221435496779,0.9859932084582738,0.014006791541726219,0.39265302613697667,0.5622387609282071
0.5283975659229209,0.6198051596697753,0.5314511822537641,0.5588446618525289,0.9860341447044148,0.013965855295585217,0.4197557315920809,0.6198051596697753
0.5219066937119675,0.6152976792755686,0.5157074982157106,0.543209081598899,0.985752222886148,0.014247777113852111,0.40492720451692027,0.6152976792755686
0.5237322515212982,0.5795295836309511,0.4728828412492492,0.5011467435077216,0.9858614102013128,0.01413858979868721,0.3664581727978529,0.5795295836309511
0.526369168356998,0.6054559870123608,0.5108862499880017,0.540717881798214,0.9858966174801868,0.014103382519813412,0.40720925222280896,0.6054559870123608
0.5234279918864098,0.5766815012008875,0.49431326390270175,0.5182167857820112,0.9859124083926745,0.014087591607325567,0.3855584186416314,0.5766815012008875
0.5212981744421906,0.6032476999206751,0.4862889012982052,0.5214060699719146,0.9857620869684581,0.014237913031541816,0.3834480065472162,0.6032476999206751
0.5185598377281947,0.5819370800184791,0.4987200774980563,0.5227834103432919,0.9856665744592299,0.014333425540770278,0.39134209686057286,0.5819370800184791
0.5183569979716024,0.6251948997086265,0.5456675414493934,0.5700357626611284,0.9856544651132346,0.01434553488676558,0.44093421056330984,0.6251948997086265
0.5259634888438134,0.6158058867333658,0.5032231748070168,0.5328482926349924,0.9859262192589032,0.01407378074109697,0.40172807284472556,0.6158058867333658
0.506896551724138,0.5681628570817576,0.49237172221759684,0.511095553707902,0.9853653289282052,0.014634671071794786,0.3853971677834809,0.5681628570817576
0.5112576064908723,0.6114319729898359,0.4948101576103263,0.5256090438993523,0.9855042466613331,0.014495753338666964,0.3884114630400706,0.6114319729898359
0.5258620689655172,0.61338618540918,0.5237048427244135,0.5503023274112617,0.9859479654335465,0.014052034566453542,0.4147275607760988,0.61338618540918
0.5237322515212982,0.611740174255848,0.5150533524273213,0.5437439893456903,0.985866729547015,0.014133270452984936,0.4096864384462885,0.611740174255848
0.5254563894523326,0.6012214971717688,0.5364330457498765,0.5515412047132967,0.9858821290929075,0.014117870907092458,0.4285571030826193,0.6012214971717688
0.5258620689655172,0.602813503289737,0.5181126130337504,0.543323130159416,0.9858725815504549,0.01412741844954508,0.41330041030066944,0.602813503289737
0.5221095334685598,0.6021960794410018,0.4993763627639547,0.5301236670676823,0.9857872002447226,0.014212799755277509,0.38917265777755744,0.6021960794410018
0.5172413793103449,0.6126462881550067,0.5328403575495134,0.5546907716223737,0.9856455459459262,0.014354454054073634,0.42001482584034794,0.6126462881550067
0.5203853955375254,0.6034255028954729,0.5358735216246588,0.5551379736362112,0.9858384476322112,0.014161552367788672,0.4219838236620602,0.6034255028954729
0.5213995943204868,0.6272755321158254,0.5041939914760437,0.537866144938951,0.9857767136178825,0.014223286382117334,0.3988571044209068,0.6272755321158254
0.5238336713995944,0.6143731529691772,0.5206682718351948,0.5507334914553732,0.985963285001391,0.014036714998608984,0.41790320353962507,0.6143731529691772
0.5149087221095334,0.6088801259255708,0.5012899428637844,0.5319913005503322,0.9856543412977166,0.014345658702283387,0.38009322112980454,0.6088801259255708
0.5228194726166329,0.6225546115315916,0.5278598940145406,0.5603763188233712,0.9858554143560507,0.014144585643949315,0.423181688270917,0.6225546115315916
0.5211967545638945,0.6158825215493723,0.49784441616533676,0.5282001242116078,0.9856739010069033,0.01432609899309666,0.3895411333060404,0.6158825215493723
0.5155172413793103,0.5905073862653165,0.5252238844246665,0.5465510706122931,0.9856700734372768,0.014329926562723328,0.42032424273089397,0.5905073862653165
0.5211967545638945,0.5899586542286198,0.5144376821731861,0.5383602304541296,0.9857301173826969,0.01426988261730315,0.40614152954205524,0.5899586542286198
0.5183569979716024,0.5942264256676545,0.5085273859788222,0.5321881498092448,0.9857314082760285,0.01426859172397145,0.397569097903118,0.5942264256676545
0.5204868154158215,0.6090382171461428,0.49415787729229377,0.5238768345518603,0.9857821769285267,0.014217823071473446,0.38988796247283586,0.6090382171461428
0.5209939148073023,0.6192840624764641,0.5286180555901637,0.5524857029947692,0.9857809885009452,0.014219011499054888,0.4198155499005735,0.6192840624764641
0.5165314401622718,0.6161243202126496,0.522141831221322,0.5497153975141496,0.9856822652161977,0.014317734783802322,0.41961509716879347,0.6161243202126496
0.5213995943204868,0.5879864336172165,0.5143739241347488,0.5369217590090003,0.9857928741050834,0.01420712589491654,0.4062387064819184,0.5879864336172165
0.5145030425963489,0.5589310656431765,0.47628127684596305,0.5024747661186204,0.9855841051492436,0.014415894850756538,0.3594321814295312,0.5589310656431765
0.5260649087221095,0.5954581134174575,0.5106971069008376,0.5399759387662721,0.9858928168758997,0.014107183124100402,0.41180618922144774,0.5954581134174575
0.5108519269776877,0.5769919963685026,0.49603505238384676,0.5193367551842849,0.9854494448910127,0.014550555108987274,0.3875167439258199,0.5769919963685026
0.5262677484787018,0.5924671072994775,0.5135581590063596,0.535512226574433,0.9860127023257853,0.0139872976742146,0.4070619233875659,0.5924671072994775
0.5191683569979716,0.5833787992289612,0.5136866096819949,0.5394588086041073,0.9856971926409048,0.01430280735909519,0.40962565719342486,0.5833787992289612
0.5169371196754564,0.5799724067208978,0.4860157314357374,0.5155815943305336,0.9856887501020075,0.014311249897992488,0.3848622623281549,0.5799724067208978
0.5198782961460446,0.6112640547544612,0.5062993958277303,0.536967047555137,0.98571946351781,0.014280536482189923,0.3971713178569057,0.6112640547544612
0.5170385395537526,0.5912175441908822,0.5219200458148213,0.541615644641384,0.985628315347818,0.01437168465218179,0.4097928484366671,0.5912175441908822
0.5185598377281947,0.5990658693806532,0.5077142173895437,0.5373432820628686,0.9857310067947889,0.01426899320521104,0.40149521404921257,0.5990658693806532
0.5195740365111562,0.5924867830199471,0.5072730765549769,0.5307452446355096,0.9856717231122186,0.01432827688778141,0.40423149607172115,0.5924867830199471
0.5140973630831643,0.5977195814968803,0.5269721975990846,0.546251624475401,0.9855449452946623,0.014455054705337932,0.41546725977475046,0.5977195814968803
0.5171399594320487,0.5504757178353852,0.48288226315411686,0.504866986162652,0.9856922455239214,0.01430775447607865,0.37643090787059225,0.5504757178353852
0.5182555780933062,0.6028488373463302,0.5160560545723942,0.5403597408729331,0.9857939625841216,0.014206037415878493,0.40440032986917007,0.6028488373463302
0.5170385395537526,0.6142195016590518,0.5317096326110096,0.5597060672851717,0.9856381467833781,0.014361853216621761,0.42949708151990207,0.6142195016590518
0.5248478701825557,0.6242416748150372,0.5223824451249062,0.5482350333219554,0.9859086958714484,0.014091304128551668,0.41281200447895666,0.6242416748150372
0.5065922920892495,0.542573749544497,0.48573018736924356,0.5042765407660854,0.9853733481176761,0.014626651882324015,0.3772270127524741,0.542573749544497
0.5150101419878296,0.5850366148171438,0.5067891624815059,0.5309209219940796,0.985714498416135,0.01428550158386506,0.3993003902588056,0.5850366148171438
0.5215010141987829,0.5728562856163342,0.5068332491434214,0.5292106129974236,0.9857914506007217,0.01420854939927832,0.39641653239728275,0.5728562856163342
0.5130831643002028,0.5828968299079185,0.5122900635236962,0.535097062744449,0.9855445094853514,0.014455490514648511,0.4060575747743821,0.5828968299079185
0.5239350912778905,0.6174245355292296,0.4890018392206898,0.5277497490262686,0.9858273725706379,0.014172627429362147,0.37547360801267143,0.6174245355292296
0.5220081135902637,0.6089251042694201,0.541966281578433,0.563074329200713,0.9858449026341531,0.014155097365846903,0.43058540734814177,0.6089251042694201
0.5257606490872211,0.5774733087901922,0.5121825696801897,0.5355706263331828,0.9858865719082355,0.014113428091764557,0.40461702604397276,0.5774733087901922
0.5279918864097363,0.5685539858467233,0.49000101305088395,0.5134382227270929,0.9859337418611055,0.014066258138894453,0.3829355131327306,0.5685539858467233
0.5248478701825557,0.6052471081156781,0.5211197186056953,0.5498985736780192,0.9859415159486696,0.01405848405133035,0.41679978780983007,0.6052471081156781
0.5190669371196754,0.5761570460680229,0.4911756276586334,0.5122660306078948,0.9856593357040502,0.01434066429594981,0.3787655349671194,0.5761570460680229
0.5186612576064908,0.5939699146660591,0.5045236259391892,0.5292494952060551,0.9857792775253656,0.014220722474634346,0.3993606350320861,0.5939699146660591
0.5264705882352941,0.5823510376060662,0.5260652338088961,0.5420629095631521,0.9859079370838035,0.014092062916196371,0.4186738439781562,0.5823510376060662
0.5186612576064908,0.5935773823501673,0.48550132917553845,0.5179301109454949,0.9857069754457128,0.014293024554287066,0.3798847862476076,0.5935773823501673
0.5262677484787018,0.5861100409873388,0.49217463295455754,0.516850714859187,0.9859071657784998,0.014092834221500237,0.3860858518645262,0.5861100409873388
0.5163286004056795,0.5910607008160359,0.5200345214836668,0.5398166058812877,0.9855589095934878,0.014441090406512234,0.41079511946631575,0.5910607008160359
0.522920892494929,0.6113345434865692,0.4979097200933218,0.526038511925335,0.9857746023919864,0.01422539760801359,0.39190148081713294,0.6113345434865692
0.5213995943204868,0.5998643481469872,0.5071868716510582,0.5348420705181762,0.9858376626040638,0.014162337395936326,0.40793706611009395,0.5998643481469872
0.5206896551724138,0.6151746640993199,0.5398855438405816,0.5658626620973354,0.9857587512772872,0.014241248722712868,0.43653443471979525,0.6151746640993199
0.5203853955375254,0.5959859449037206,0.5245014787188331,0.5466358440639354,0.9856756711335397,0.014324328866460245,0.40499512919833897,0.5959859449037206
0.5244421906693711,0.5869461253817567,0.5303052638230886,0.546397954928131,0.9858459658916999,0.014154034108300007,0.42023697678332594,0.5869461253817567
0.5191683569979716,0.6223581365015061,0.5273340355390777,0.5578596596247192,0.9857205007962685,0.0142794992037315,0.4214338354732787,0.6223581365015061
0.5186612576064908,0.609780929459814,0.5390263713851204,0.5624830440266578,0.9857803909156597,0.01421960908434024,0.4282125257449282,0.609780929459814
0.5197768762677485,0.5917329476711067,0.5019844540779238,0.5332990435568529,0.9856962245956019,0.014303775404398117,0.3976269496457981,0.5917329476711067
0.5247464503042596,0.6052946461006565,0.5096677315636764,0.5315066840602128,0.9858649046907878,0.014135095309212165,0.40125168479732565,0.6052946461006565
0.5197768762677485,0.5879404545975604,0.5040259259557546,0.5312184178767401,0.985737096807209,0.014262903192791065,0.3958679992254262,0.5879404545975604
0.5192697768762677,0.6174917079670591,0.5193310197841006,0.5471873828254717,0.985727657667724,0.014272342332276002,0.41352479352163646,0.6174917079670591
0.5170385395537526,0.5734632380432731,0.49272517925732207,0.510925421371894,0.985697201146461,0.014302798853539217,0.38490804206014995,0.5734632380432731
0.527079107505071,0.5899873560885291,0.5128439284885065,0.5312097268806713,0.985999472351984,0.014000527648015865,0.3910994722017388,0.5899873560885291
0.5113590263691684,0.5939322643188496,0.5270077124413224,0.5476905545209196,0.9854380890192846,0.014561910980715511,0.42178368146101475,0.5939322643188496
0.5216024340770791,0.6292180540667449,0.5522765016172337,0.576389297623968,0.9857846355708137,0.014215364429186297,0.44701256006390616,0.6292180540667449
0.5200811359026369,0.6294696394523193,0.5381994828667171,0.5668997314564933,0.985760952801089,0.014239047198910795,0.43463835449237853,0.6294696394523193
0.512474645030426,0.6075101978269701,0.5379860498505576,0.5601351028031353,0.9854642878132281,0.014535712186771929,0.4329294751362262,0.6075101978269701
0.5267748478701826,0.6100001670822393,0.5416253990685934,0.5614880515502194,0.9859256916753996,0.014074308324600346,0.4212537766436945,0.6100001670822393
0.5155172413793103,0.5857081583218186,0.5182511444294821,0.5353831838743603,0.9857015617761853,0.01429843822381473,0.404239271783544,0.5857081583218186
0.5272819472616633,0.6080264557503428,0.49448320916756555,0.5261299068164618,0.9859497951532594,0.014050204846740678,0.39313922893907705,0.6080264557503428
0.5176470588235295,0.605542271291437,0.5117718380609595,0.5346069590471801,0.985556805443111,0.014443194556888908,0.40517564250768034,0.605542271291437
0.5265720081135903,0.6023499656552112,0.5424238306245519,0.560786074045313,0.9858900827744679,0.014109917225532148,0.4304105375639116,0.6023499656552112
0.5183569979716024,0.5849443419465963,0.4951297373732486,0.5233879212999639,0.9857235033024974,0.014276496697502647,0.3863725658001847,0.5849443419465963
0.5130831643002028,0.6250582344421418,0.4912079761041729,0.5257635621956178,0.9855722382513956,0.014427761748604422,0.3904892754916813,0.6250582344421418
0.5165314401622718,0.5601320162470692,0.47302122382124623,0.4999598798018412,0.9857075195325884,0.014292480467411495,0.36889697914095854,0.5601320162470692
0.5221095334685598,0.612160306607478,0.5106236806308271,0.5389322958775742,0.9857426305432234,0.014257369456776466,0.40273883319619264,0.612160306607478
0.5192697768762677,0.5944442050383705,0.5208799309592379,0.5391836976948584,0.9857336980872917,0.014266301912708251,0.4027989765727297,0.5944442050383705
0.5140973630831643,0.5766391646151818,0.4877162879908276,0.5096775834985301,0.9856846015207041,0.014315398479295869,0.3797955948131417,0.5766391646151818
0.5256592292089249,0.5727577272676152,0.5077088465052769,0.5272041694919596,0.9859668526477277,0.01403314735227223,0.4026211105600881,0.5727577272676152
0.5170385395537526,0.5426233216928354,0.5056770962410345,0.5186612113317973,0.9856868536797737,0.014313146320226284,0.39946292551911794,0.5426233216928354
0.5201825557809331,0.5445701380871021,0.48024998559925064,0.5006590608836504,0.9857483215173222,0.014251678482677832,0.37072308996356956,0.5445701380871021
0.5223123732251521,0.5864787951516052,0.5063249584221754,0.5343464912124782,0.9858104467787223,0.014189553221277771,0.4007597599731542,0.5864787951516052
0.5209939148073023,0.6043443157143535,0.5143972349224267,0.540477505351441,0.9858448362602257,0.014155163739774318,0.4065408696105647,0.6043443157143535
0.5192697768762677,0.5780873210063542,0.4989303843651701,0.5164965037814868,0.9857937378294593,0.014206262170540534,0.38618273104263806,0.5780873210063542
0.5231237322515213,0.586169965183843,0.5128003622509641,0.533685286360243,0.9859116266398964,0.014088373360103507,0.40453855922909876,0.586169965183843
0.5215010141987829,0.6111279848115794,0.5131690855398578,0.5418139669696549,0.9857546036383781,0.014245396361621868,0.4032191995018783,0.6111279848115794
0.5261663286004057,0.5899743781564116,0.5000320023342485,0.5304144264812527,0.9860022989912732,0.013997701008726946,0.3963179048862261,0.5899743781564116
0.5161257606490872,0.5573597674497016,0.49031302295899676,0.5097633333846785,0.985544524379895,0.014455475620105133,0.37961268685807087,0.5573597674497016
0.5262677484787018,0.6237584374517147,0.5490139110357404,0.5719658793579964,0.9859470890321592,0.01405291096784062,0.4421861053814283,0.6237584374517147
0.5167342799188641,0.5913497602554874,0.521051152768198,0.5405384949188029,0.9856084967208499,0.014391503279150042,0.4112261347609557,0.5913497602554874
0.5145030425963489,0.5953890079691749,0.5030030634110216,0.5278231848515345,0.9855486185711225,0.014451381428877436,0.39361828987282965,0.5953890079691749
0.5135902636916836,0.6008185606104277,0.4982584221310846,0.5252018591944408,0.9855820848524643,0.014417915147535584,0.39172183525254656,0.6008185606104277
0.5192697768762677,0.5931915218418627,0.4979649519403884,0.5251559701454226,0.9857714491896115,0.014228550810388438,0.37458392023797454,0.5931915218418627
0.5155172413793103,0.6063489496639105,0.5301189082045578,0.5561136228639101,0.9856035622425796,0.0143964377574205,0.41874574335150055,0.6063489496639105
0.5249492900608519,0.589889664617042,0.4886711845837777,0.5174767129283415,0.9859268663638515,0.014073133636148413,0.3870220613873861,0.589889664617042
0.5191683569979716,0.5896812048311146,0.5318019830383278,0.5502564974054357,0.9857649212376739,0.014235078762325984,0.4268593934504555,0.5896812048311146
0.513184584178499,0.6025447704060001,0.5011041233543514,0.5307324550954163,0.9855957354269631,0.014404264573037001,0.39108233673741216,0.6025447704060001
0.5289046653144016,0.6091415657816064,0.5132733686124129,0.5416811010789809,0.986031984677157,0.013968015322842925,0.40851636616958353,0.6091415657816064
0.5213995943204868,0.6060071682059401,0.5129270641813536,0.5371712906931595,0.9858026733111405,0.01419732668885958,0.40327651807459886,0.6060071682059401
0.51947261663286,0.6212501979758416,0.5041164656732193,0.5399793261619751,0.9857147035453678,0.014285296454632224,0.40327797394148435,0.6212501979758416
0.5165314401622718,0.564582004694279,0.5117052514481768,0.5280130762797579,0.9855515126214502,0.01444848737854979,0.3886691551232714,0.564582004694279
0.5130831643002028,0.5968643010062827,0.5074822065333258,0.5350340895858348,0.9854933871962839,0.014506612803716018,0.3998231326805669,0.5968643010062827
0.5225152129817444,0.5943261202762277,0.5202622682047765,0.5452596726990471,0.9858768414121792,0.014123158587820688,0.4132197022616354,0.5943261202762277
0.5159229208924949,0.5818790790048862,0.4852618022627529,0.5124305436520898,0.9856365205308567,0.01436347946914344,0.36464160479436664,0.5818790790048862
0.5213995943204868,0.6157594267423143,0.5050027848098866,0.5372215811310046,0.9857804236349941,0.014219576365006046,0.39664591612012795,0.6157594267423143
0.5188640973630831,0.6000464396731079,0.5097512895111367,0.5330083001051209,0.9856297636057363,0.01437023639426387,0.4072938568992514,0.6000464396731079
0.5203853955375254,0.6109655279121274,0.5127561273838949,0.5403286791285625,0.9858854507192325,0.014114549280767524,0.4059355257530733,0.6109655279121274
0.5125760649087221,0.6085549275671578,0.5267471407443001,0.556677671245809,0.9854902749525702,0.01450972504742965,0.42497881514438535,0.6085549275671578
0.5174442190669372,0.5976681351471405,0.4957440913050962,0.523765182984042,0.9856899787717162,0.01431002122828402,0.38428813866823497,0.5976681351471405
0.5245436105476673,0.5974757110353893,0.5238848628839743,0.5472033240057141,0.9859226757922617,0.014077324207738379,0.41233612140375797,0.5974757110353893
0.5201825557809331,0.6087132816579282,0.5110487072172654,0.5384314004152994,0.9857160202871909,0.014283979712809137,0.40061624652888905,0.6087132816579282
0.5146044624746451,0.6153621519925008,0.5378748055074754,0.5615683970695512,0.9856539494899224,0.014346050510077734,0.43827786602042024,0.6153621519925008
0.5287018255578093,0.6110902864575612,0.5277220374747713,0.5510285655856795,0.9859611898519095,0.014038810148090566,0.4200754085398691,0.6110902864575612
0.5230223123732252,0.6259378017033826,0.5554913266238517,0.5766783356448762,0.9858748609235889,0.014125139076411174,0.4521374571065012,0.6259378017033826
0.5227180527383367,0.563723144994181,0.5149376865649001,0.5307125978836222,0.9859157278023813,0.014084272197618644,0.40427342975690445,0.563723144994181
0.5126774847870182,0.5763628655262083,0.49964779977466145,0.5205432432550265,0.9856137526068085,0.014386247393191453,0.3884765006085075,0.5763628655262083
0.5122718052738336,0.5815667497355363,0.49727799048518084,0.5239700887142039,0.9855005265789887,0.014499473421011438,0.391650995257703,0.5815667497355363
0.5252535496957403,0.6144652755428239,0.5185030386511565,0.5448691340919135,0.9859186288744624,0.014081371125537567,0.399373577908266,0.6144652755428239
0.5169371196754564,0.6117012625724508,0.5048486616891427,0.5378050412354195,0.9856304217228471,0.014369578277152758,0.4043441266070481,0.6117012625724508
0.528498985801217,0.6157421160413142,0.5451442331882911,0.5687101803594533,0.986031049650915,0.01396895034908493,0.44050765195263875,0.6157421160413142
0.5186612576064908,0.591648384386211,0.4913936209379317,0.5207302418788331,0.9856694809236025,0.014330519076397421,0.3935044332500782,0.591648384386211
0.5239350912778905,0.6164317169530286,0.5106509053615742,0.5393651481332574,0.9859681671775146,0.014031832822485307,0.4027818313136202,0.6164317169530286
0.5212981744421906,0.595484766550546,0.49375013498744325,0.5211294188159223,0.9858572657683948,0.014142734231605095,0.38448966383838556,0.595484766550546
0.5205882352941177,0.5706384915123375,0.5079448296457467,0.5233538513797413,0.9857878265927473,0.014212173407252665,0.39959442168636905,0.5706384915123375
0.5199797160243408,0.6057852800322909,0.5168956476220224,0.5417818207611527,0.985756454412342,0.014243545587657913,0.4124453594349703,0.6057852800322909
0.5175456389452333,0.595837127488838,0.510486914874949,0.5386220426547391,0.9857284246241411,0.014271575375858917,0.4067801798751575,0.595837127488838
0.5279918864097363,0.6091254443462671,0.4970488200524068,0.5296618198604507,0.9860391717563809,0.013960828243619067,0.39538543933784637,0.6091254443462671
0.5175456389452333,0.576900979942609,0.4996168360492222,0.5226752859924492,0.985734394886222,0.014265605113777894,0.38850905231631583,0.576900979942609
0.5174442190669372,0.6066151245191633,0.5316509359139256,0.5573419935879158,0.9856945602720394,0.01430543972796065,0.4191985973363511,0.6066151245191633
0.5234279918864098,0.5916813707792306,0.5290290984500083,0.5465479390639721,0.985896085644797,0.014103914355203074,0.4109139768090115,0.5916813707792306
0.5140973630831643,0.590787229880205,0.48527107467823366,0.5155909857171432,0.9856644639195373,0.014335536080462518,0.38033180638435404,0.590787229880205
0.5177484787018256,0.6052056103046948,0.5045060241942495,0.5325919145786683,0.9856611648461412,0.014338835153858831,0.3939936066729232,0.6052056103046948
0.5182555780933062,0.6094131897649827,0.5403483792187733,0.5584599758925318,0.9856872743099278,0.014312725690072376,0.4307236381285751,0.6094131897649827
0.5218052738336714,0.5645812823436873,0.5146229408119092,0.5305721142042035,0.9858187293001188,0.014181270699881145,0.3923958156285835,0.5645812823436873
0.5198782961460446,0.5975898276399878,0.5428558723694671,0.560432145842495,0.9857583254148947,0.014241674585105247,0.42893475977068496,0.5975898276399878
0.5169371196754564,0.5914593485507852,0.49004151371884613,0.5227844584360372,0.985592529496015,0.014407470503984998,0.3829422521931959,0.5914593485507852
0.5181541582150101,0.6170480363843065,0.520306006420111,0.5487610129518183,0.9857002208969551,0.014299779103045033,0.4197933504876727,0.6170480363843065
0.5129817444219067,0.6246319135673524,0.528110676974778,0.5567707160556715,0.9855030926034656,0.014496907396534323,0.42541056747282757,0.6246319135673524
0.5321501014198783,0.5996451232633923,0.5149409429007138,0.5432098141477046,0.9860156501647651,0.013984349835234952,0.4071153393100169,0.5996451232633923
0.5174442190669372,0.6117330455952815,0.5235417119837644,0.5472015257750404,0.9858313683483729,0.014168631651627179,0.41403182392966287,0.6117330455952815
0.5152129817444219,0.5722913123166241,0.47939805136307695,0.5014209392364742,0.985636039122781,0.014363960877219173,0.37024599961594157,0.5722913123166241
0.5291075050709939,0.6133305130132415,0.5493075002371357,0.5698107048910129,0.9859647811689779,0.014035218831021998,0.4394961941572674,0.6133305130132415
0.5156186612576065,0.6004007703390336,0.5091339985906981,0.5386379825435702,0.9856125836945189,0.014387416305481158,0.40314239302699983,0.6004007703390336
0.5163286004056795,0.6105963801850327,0.5170618247760442,0.544889029937433,0.9855972194316699,0.014402780568330128,0.4130099425500502,0.6105963801850327
0.513894523326572,0.6243327039339679,0.5226472080761042,0.5546216521822047,0.9855854977684688,0.014414502231531187,0.4172371474429779,0.6243327039339679
0.5156186612576065,0.5807885447804326,0.5353280713705519,0.5506708954582147,0.9856522960937687,0.014347703906231307,0.42794205249399864,0.5807885447804326
0.5176470588235295,0.5957875853664731,0.5277482486444471,0.5503607191181521,0.9856923451053294,0.014307654894670587,0.41935681950671916,0.5957875853664731
0.5247464503042596,0.6145756743792845,0.5223648989981851,0.5485572434466095,0.9858597005053781,0.014140299494621849,0.4166409695779377,0.6145756743792845
0.5178498985801218,0.6043016517015418,0.5141279403091122,0.5424821051964226,0.9857052046313548,0.014294795368645303,0.4082216290372555,0.6043016517015418
0.5203853955375254,0.626080303716624,0.5325635063516454,0.5567837995017646,0.9857992447886218,0.014200755211378096,0.4241670010911447,0.626080303716624
0.5162271805273834,0.6070735453749977,0.5154140358938784,0.5391135136272251,0.9855990640497254,0.014400935950274446,0.407488615341226,0.6070735453749977
0.522920892494929,0.5869900781634638,0.5065439265370552,0.530913670329263,0.9858415151400248,0.014158484859975196,0.399204740662369,0.5869900781634638
0.5104462474645031,0.5994672017279872,0.49254189878956767,0.5116267600232026,0.9856020735811398,0.014397926418860136,0.3748820181019165,0.5994672017279872
0.5175456389452333,0.5897520410138085,0.4875335856373938,0.5140672648796839,0.9857204172409041,0.01427958275909578,0.3831831331599456,0.5897520410138085
0.5235294117647059,0.6110313054562434,0.5129366167928238,0.5421211521448004,0.9858816942847441,0.014118305715255791,0.40639432199671965,0.6110313054562434
0.5182555780933062,0.6122651841907598,0.49383714987356414,0.5254441414936337,0.9856214953157115,0.014378504684288446,0.39380421943968014,0.6122651841907598
0.5168356997971603,0.6047144622440245,0.5287894762834243,0.5507021270026149,0.9857102162745652,0.014289783725434688,0.41733744686607394,0.6047144622440245
0.5172413793103449,0.6193451784716272,0.5137261910597809,0.5437118680575608,0.9857057263812002,0.01429427361879961,0.40846258916512357,0.6193451784716272
0.5184584178498985,0.6117471094494613,0.47922892622331775,0.5148899591011897,0.9856417156992942,0.014358284300705815,0.3799023713382206,0.6117471094494613
0.5105476673427992,0.5769606229138065,0.4836015151099481,0.5069150074095559,0.9854939646907864,0.014506035309213567,0.37311766200621455,0.5769606229138065
0.518052738336714,0.5831255363087611,0.4772468506821582,0.504461025513646,0.9856519141200575,0.014348085879942662,0.37367678871987403,0.5831255363087611
0.518052738336714,0.6043932650026635,0.5042205004862336,0.5357634157702312,0.985630502452841,0.014369497547159066,0.4018951014828839,0.6043932650026635
0.5212981744421906,0.6145921543466699,0.5201900017073928,0.5427974695644795,0.9857564587298473,0.014243541270152727,0.41859492810642485,0.6145921543466699
0.5204868154158215,0.597117974241408,0.5083958098388084,0.5366893486520794,0.9856965760286766,0.014303423971323484,0.40590963155924714,0.597117974241408
0.5294117647058824,0.575389571963961,0.5211768003833637,0.5329559158330899,0.9859649943738333,0.01403500562616657,0.4076417026497762,0.575389571963961
0.5311359026369168,0.5868614934831429,0.5253719706746844,0.5438440255881344,0.9861022182244673,0.01389778177553278,0.4021347163039832,0.5868614934831429
0.5212981744421906,0.6063111996639245,0.5186137432376674,0.5389700960159913,0.985796667909311,0.014203332090688992,0.407617035951897,0.6063111996639245
0.5182555780933062,0.5761396097633931,0.47856642959795426,0.506494022307088,0.9856640522374203,0.014335947762579649,0.37078453693091656,0.5761396097633931
0.5134888438133874,0.6147214383302183,0.530395659247318,0.5550737671498188,0.9855709678135038,0.014429032186495938,0.4115923068431793,0.6147214383302183
0.5141987829614605,0.595038779986153,0.5189186924435628,0.5414649556944455,0.9856447449623638,0.014355255037636272,0.41407955964475207,0.595038779986153
0.5246450304259634,0.6188254195267635,0.5175762006410359,0.5454536036417806,0.9858581978092685,0.01414180219073157,0.40972361763791676,0.6188254195267635
0.5199797160243408,0.5390461531210707,0.49746009551140496,0.509181857711339,0.985707838145421,0.014292161854578937,0.3887159675135936,0.5390461531210707
0.5198782961460446,0.6185036176126444,0.515702353218578,0.5461862975108215,0.9857920910192075,0.014207908980792449,0.4116303628233734,0.6185036176126444
0.5254563894523326,0.6051474153198952,0.5194968126736818,0.5446897573194823,0.9859310728340758,0.01406892716592425,0.40863954985313694,0.6051474153198952
0.5278904665314401,0.6078851839017367,0.5215805322229604,0.5501590827831667,0.9859977594643858,0.014002240535614049,0.40785307444114177,0.6078851839017367
0.5261663286004057,0.6003812365191221,0.5303159759995474,0.5520027914173593,0.9859250618796576,0.014074938120342403,0.41801683631354675,0.6003812365191221
0.5240365111561867,0.5680785754261077,0.49141076529305916,0.5149166900310413,0.9859301088143745,0.014069891185625544,0.3836342104212262,0.5680785754261077
0.5184584178498985,0.5873025817475994,0.5122457180316418,0.5319594771842426,0.9857168427141658,0.014283157285834227,0.40185583487790205,0.5873025817475994
0.5157200811359026,0.5969147034530954,0.5014444200475928,0.5287386831500502,0.9855746754097663,0.014425324590233735,0.3974580924417566,0.5969147034530954
0.5208924949290061,0.6126169006240099,0.5162125512977986,0.5452124283107074,0.9858343110435743,0.014165688956425662,0.40975987749338005,0.6126169006240099
0.5235294117647059,0.5700378483956846,0.4770081474335467,0.5015771199308039,0.9858365151942327,0.01416348480576739,0.35625055368031633,0.5700378483956846
0.5164300202839757,0.6036521409734409,0.5544563816806052,0.5704975345223668,0.9855983378824215,0.014401662117578545,0.4471343103215655,0.6036521409734409
0.5193711967545639,0.5532024746000607,0.49052049810715204,0.5113227125809138,0.985650231962046,0.014349768037953934,0.38211801795196687,0.5532024746000607
0.5182555780933062,0.6090159814797824,0.5361654975585276,0.5612164272496724,0.9856787000395798,0.0143212999604202,0.43328624254872417,0.6090159814797824
0.5102434077079108,0.5795852206977233,0.495681575992238,0.5186731594259595,0.9854443237097101,0.014555676290289876,0.39183494697620413,0.5795852206977233
0.5216024340770791,0.615230587287312,0.5348485220888616,0.5572810322337935,0.9858151435020848,0.014184856497915333,0.41292632653735695,0.615230587287312
0.5184584178498985,0.5886047481576797,0.5215625704044162,0.5430877840282078,0.9856458094789297,0.014354190521070242,0.41666056361011633,0.5886047481576797
0.513184584178499,0.6007469958635703,0.5043873312632401,0.5357252950790136,0.9855203671801702,0.014479632819829941,0.40104714891683635,0.6007469958635703
0.5215010141987829,0.5886829224199496,0.5001280749434673,0.5252450622215632,0.9857781208281302,0.014221879171869673,0.39329142640237363,0.5886829224199496
0.5171399594320487,0.5490881527141893,0.4982591253426403,0.5141831335651231,0.9857051722826398,0.014294827717360122,0.3910468035195374,0.5490881527141893
0.522210953346856,0.6139361451377379,0.508699587509984,0.5419545261829629,0.9858047759374327,0.014195224062567468,0.40074441369592434,0.6139361451377379
0.5051724137931034,0.5853412184229496,0.5087179028371805,0.5284211215285154,0.9852195234790002,0.014780476520999813,0.3986039528771556,0.5853412184229496
0.5228194726166329,0.572700987304526,0.5133280245904561,0.5289055859058807,0.9858576609519053,0.014142339048094772,0.4074491037288889,0.572700987304526
0.5100405679513185,0.6012797178077074,0.498327842484965,0.5244580896653421,0.9854806517564633,0.014519348243536808,0.3917810690731181,0.6012797178077074
0.511866125760649,0.6146242473178105,0.49798209418687067,0.529938738804581,0.9855505540362153,0.014449445963784618,0.39496907880839094,0.6146242473178105
0.5236308316430021,0.5969694685184358,0.5288284905534866,0.5521118594958787,0.9858529291876339,0.014147070812366033,0.41872850339923867,0.5969694685184358
0.524239350912779,0.6049771715417539,0.5204779593428974,0.5417169659680432,0.9858664030030819,0.01413359699691825,0.41063741573524454,0.6049771715417539
0.512474645030426,0.6046953937348751,0.5249484215565728,0.5494076190528352,0.985463006815333,0.014536993184667047,0.416450876207077,0.6046953937348751
0.5213995943204868,0.6090294016888007,0.5067251153265462,0.5357077088821814,0.9859199590777049,0.014080040922295135,0.3968593110065007,0.6090294016888007
0.5126774847870182,0.6015361821889008,0.5048178195267607,0.5295185036140349,0.9856238955532788,0.014376104446721211,0.38556910570241243,0.6015361821889008
0.5249492900608519,0.6101956920539604,0.5371821832753358,0.5607393451063898,0.9859099976784403,0.014090002321559814,0.4293844605063691,0.6101956920539604
0.5211967545638945,0.5740610065818099,0.47667510561256127,0.5059310549017858,0.9857867124351207,0.014213287564879296,0.3607669107178485,0.5740610065818099
0.5225152129817444,0.6066750874578679,0.5086467634506057,0.5373208896868971,0.9857038612271719,0.014296138772828232,0.41039575864365324,0.6066750874578679
0.5073022312373225,0.5857623573604874,0.49973715887944026,0.5243975660348857,0.9854645918942874,0.014535408105712633,0.39123825148782515,0.5857623573604874
0.5152129817444219,0.5984715449148102,0.5014753918113362,0.5254812696443081,0.985619721073267,0.014380278926732964,0.3963202323579026,0.5984715449148102
0.5297160243407708,0.5809284066403533,0.5220601377294326,0.5436101040890733,0.9860375683615945,0.013962431638405336,0.4137026786230189,0.5809284066403533
0.5150101419878296,0.6129754344394678,0.5091675793373547,0.5354412112604748,0.9856155250935054,0.014384474906494632,0.40477083222305305,0.6129754344394678
0.5240365111561867,0.599048567473474,0.5245632574131613,0.5429376711230965,0.9858957912321348,0.014104208767865273,0.4177181021401908,0.599048567473474
0.5256592292089249,0.6067182296180303,0.48645838177610673,0.5189981133854121,0.9858926756913757,0.014107324308624488,0.37507772490964153,0.6067182296180303
0.5210953346855984,0.5716049010913434,0.49330622367252036,0.5195820079311562,0.9857742683030771,0.014225731696922744,0.38626456292540545,0.5716049010913434
0.5223123732251521,0.6044199478603709,0.534210509589737,0.5580625618397486,0.985868922217696,0.01413107778230394,0.4265904912592212,0.6044199478603709
0.5209939148073023,0.616350201807389,0.5209627775503757,0.5501062351517069,0.9857227699509259,0.01427723004907408,0.414421032408044,0.616350201807389
0.5150101419878296,0.5931105048334183,0.5077854946302416,0.5369580195309764,0.9856384130942992,0.014361586905700932,0.4052120291744986,0.5931105048334183
0.5154158215010142,0.5835606478333958,0.5189122493282184,0.537033873025816,0.9856423902663913,0.014357609733608787,0.4073847619316752,0.5835606478333958
0.517342799188641,0.6088780111585294,0.5156596027628018,0.542501087706196,0.9856379782944735,0.014362021705526714,0.40618916460302723,0.6088780111585294
0.5203853955375254,0.5440320347713227,0.49588425979830963,0.5088004468252577,0.9857458761405755,0.014254123859424423,0.3827774367730882,0.5440320347713227
0.5200811359026369,0.616117831383771,0.4967099785119336,0.531416381229724,0.985742335697043,0.01425766430295709,0.39482238560783994,0.616117831383771
0.5175456389452333,0.5888014788340992,0.507002750614923,0.5315135805069182,0.985755463051245,0.01424453694875503,0.4052934405736284,0.5888014788340992
0.5184584178498985,0.6028019685518593,0.5297223396935128,0.5487859169247444,0.9857041492375064,0.014295850762493501,0.4212043940404705,0.6028019685518593
0.5202839756592292,0.5730668000418822,0.4969492106550243,0.5177325846510245,0.9858172161592925,0.014182783840707383,0.38269442949821186,0.5730668000418822
0.5271805273833672,0.5969661154595014,0.5225322979119407,0.5432312750838022,0.9859199669579386,0.014080033042061318,0.406893919286489,0.5969661154595014
0.5171399594320487,0.5626249792828132,0.4859394332878598,0.5083633358672338,0.9857165469015101,0.014283453098489945,0.3797959666744325,0.5626249792828132
0.5141987829614605,0.6169511929020344,0.520091367326905,0.5512144887165623,0.9855417965132591,0.01445820348674091,0.4154983915409048,0.6169511929020344
0.5192697768762677,0.6077667775704094,0.5138682795935271,0.5410576834474595,0.9857286085755265,0.014271391424473584,0.40451364576292104,0.6077667775704094
0.5111561866125761,0.5791802739045048,0.5065383087727883,0.5257565003096591,0.9855490445460522,0.01445095545394776,0.39857144327547084,0.5791802739045048
0.5205882352941177,0.5929161931171849,0.5117191663414475,0.5325713491599553,0.98577072710607,0.01422927289393,0.40510412216296077,0.5929161931171849
0.5296146044624747,0.5808822381847677,0.5133460702754541,0.5294327029382303,0.9860644307972539,0.013935569202746103,0.3912901535258051,0.5808822381847677
0.5191683569979716,0.6212760398014174,0.5276630000748671,0.5561341488974477,0.9858197833569573,0.014180216643042656,0.42309376416567285,0.6212760398014174
0.5238336713995944,0.6107816743899332,0.5271584078585843,0.5482668310162445,0.9857740191729982,0.014225980827001716,0.4214074924514556,0.6107816743899332
0.5209939148073023,0.6130496656615798,0.5248720978739106,0.5505309854387102,0.9858318193762845,0.01416818062371559,0.4140436642279157,0.6130496656615798
0.5200811359026369,0.5955693262258899,0.5295029741233405,0.5431952309545214,0.9857536051516893,0.014246394848310662,0.4164170156559882,0.5955693262258899
0.5247464503042596,0.6087528267648128,0.5214569954472618,0.5422035761228918,0.9858391254597242,0.014160874540275809,0.40873921755821696,0.6087528267648128
0.5232251521298175,0.6135959515396942,0.5063590230000622,0.5379641570597359,0.9857497155568948,0.01425028444310519,0.3996931605188432,0.6135959515396942
0.5179513184584178,0.6004365250506123,0.5269683303087493,0.5481624734296986,0.9857597440331812,0.014240255966818854,0.4138460787523914,0.6004365250506123
0.51105476673428,0.5705049606068316,0.48373048406983565,0.5123982217393728,0.9854835562111969,0.014516443788803294,0.3819967600829207,0.5705049606068316
0.5121703853955375,0.6059123026470328,0.5046388635943783,0.532508175276752,0.9855630165476482,0.014436983452351828,0.4039330473210757,0.6059123026470328
0.5289046653144016,0.6345954292166521,0.536198637358675,0.5637331590434844,0.9860481999117277,0.013951800088272431,0.4268619168667918,0.6345954292166521
0.5188640973630831,0.5740542288456307,0.5070548292954935,0.5299876476543928,0.9857065960557649,0.014293403944234983,0.4026884516593543,0.5740542288456307
0.5236308316430021,0.5806031565796423,0.4982048202967454,0.5232500892138624,0.9859220828763415,0.014077917123658601,0.3924459245477748,0.5806031565796423
0.5195740365111562,0.6042003473763645,0.5328770195396992,0.5543283648227927,0.9857527493477274,0.014247250652272642,0.429441865811169,0.6042003473763645
0.5233265720081136,0.5884411632496237,0.4986911341028987,0.5254597797143987,0.9858811953571142,0.014118804642885781,0.3921616018522706,0.5884411632496237
0.5063894523326572,0.5727363506819566,0.4888105663421727,0.5104420480622789,0.985285113502121,0.014714886497879054,0.38070775829647385,0.5727363506819566
0.5123732251521298,0.6025643778178404,0.5008015666977879,0.5337608395272077,0.9855401666779107,0.014459833322089343,0.39483073978049965,0.6025643778178404
0.522920892494929,0.5868379388963912,0.5146817849808343,0.5406550998794313,0.9857709863073015,0.014229013692698586,0.4095076777847269,0.5868379388963912
0.5238336713995944,0.617747182279325,0.5363530922060016,0.561398857709157,0.9859120264624679,0.014087973537532106,0.43085067621026296,0.617747182279325
0.5202839756592292,0.5754857355666536,0.5150726897844354,0.5344372403968262,0.9857432312467752,0.014256768753224796,0.4042070426811235,0.5754857355666536
0.5283975659229209,0.5971328099311736,0.5033970602666364,0.5342316962222691,0.986006413267118,0.013993586732882025,0.39717162340435663,0.5971328099311736
0.5155172413793103,0.6030667477692585,0.5117294958578746,0.5365254404159547,0.9855556142253729,0.014444385774627233,0.4046047322152245,0.6030667477692585
0.5168356997971603,0.6133593893623214,0.5104261426843524,0.5414189538643239,0.9856804187009818,0.014319581299018077,0.4047795629064753,0.6133593893623214
0.5192697768762677,0.5841601850565633,0.4956777374036966,0.5196940357973908,0.9857733665887377,0.01422663341126223,0.375599311576717,0.5841601850565633
0.5219066937119675,0.6133827825182928,0.527956831241101,0.5511571695336268,0.9856869252191072,0.01431307478089289,0.414887804281871,0.6133827825182928
0.5232251521298175,0.5877704255385151,0.5048190671330165,0.5340843722692619,0.9858704894700836,0.014129510529916456,0.3970077885103566,0.5877704255385151
0.5240365111561867,0.6202197441102805,0.5339887990134459,0.5592222695216403,0.9859114103142614,0.014088589685738544,0.42376598891845685,0.6202197441102805
0.5183569979716024,0.6044555248104855,0.5117453769109069,0.5394261952535866,0.9856918137197102,0.014308186280289797,0.4028806858574603,0.6044555248104855
0.5135902636916836,0.5634380110074237,0.5080349275271132,0.5256287077649764,0.985529631212643,0.01447036878735688,0.39415573694688033,0.5634380110074237
0.5106490872210954,0.5804184259684882,0.5160848174773047,0.5339886530948232,0.9855502100280329,0.014449789971967034,0.4062716635852377,0.5804184259684882
0.5240365111561867,0.6081730244222548,0.5167085366109005,0.5415557822984643,0.9859650443905028,0.014034955609497033,0.4139256053532049,0.6081730244222548
0.5235294117647059,0.5716449789193341,0.5030121471778807,0.5223959355214967,0.9858635868859722,0.01413641311402782,0.38994134517294543,0.5716449789193341
0.5162271805273834,0.5797489534345814,0.49163102443230267,0.5174510075209282,0.98560918083041,0.014390819169590058,0.3799727372747818,0.5797489534345814
0.5116632860040567,0.5667479578682058,0.4876964293023919,0.5130972477033979,0.9855133413317179,0.014486658668282127,0.3708148085873154,0.5667479578682058
0.5211967545638945,0.6144036796987578,0.5401992035689591,0.5638901877089185,0.9857708751703944,0.014229124829605644,0.43096581418427604,0.6144036796987578
0.5205882352941177,0.6017776486993022,0.5086246865898687,0.5379505718371387,0.9857282318016599,0.01427176819834013,0.40165270846379997,0.6017776486993022
0.5169371196754564,0.6294792111790322,0.5329362717034475,0.5592524140612196,0.9856525461078423,0.014347453892157774,0.4283830630298908,0.6294792111790322
0.513184584178499,0.5320547646490185,0.4606317187004799,0.4833217483922203,0.9855813412001881,0.014418658799811879,0.3560240129223573,0.5320547646490185
0.5239350912778905,0.6160971133784877,0.5061830743149838,0.5410737517023229,0.9858324275057126,0.014167572494287356,0.40418214583628903,0.6160971133784877
0.5163286004056795,0.5833330276052104,0.49383527737657895,0.5218979350917239,0.9856729826941766,0.014327017305823381,0.3862053060450155,0.5833330276052104
0.5256592292089249,0.598636262838139,0.5198559268907762,0.5456095793917932,0.9858468552407675,0.014153144759232631,0.40818745502701204,0.598636262838139
0.5150101419878296,0.5796364781568716,0.4658463389860376,0.496055415181152,0.9856384538395947,0.014361546160405362,0.3602599350794395,0.5796364781568716
0.5303245436105477,0.5976227905231211,0.5229206152764693,0.5455075606116451,0.9860712690967441,0.01392873090325589,0.41191805764111356,0.5976227905231211
0.516632860040568,0.5886857078445521,0.502616121910695,0.5300847019760728,0.9856030411585591,0.014396958841440982,0.3940953754170488,0.5886857078445521
0.5122718052738336,0.5780754750206177,0.5172089411743269,0.5386471649815099,0.9855207165387281,0.014479283461271841,0.39984601144609244,0.5780754750206177
0.5100405679513185,0.6140194297636852,0.5150789610556199,0.538283735811335,0.9854484347474187,0.014551565252581366,0.40623107332077996,0.6140194297636852
0.5212981744421906,0.555823121208695,0.4753412300188412,0.49693836723201146,0.9858202547570984,0.014179745242901465,0.3635222200318749,0.555823121208695
0.5179513184584178,0.594759384652367,0.49314521459872634,0.5236853327271586,0.9857597536678844,0.014240246332115736,0.36386173234386876,0.594759384652367
0.5191683569979716,0.6003430186491749,0.5121876377467148,0.5414682573659884,0.9856925490134859,0.014307450986514033,0.4135823410028596,0.6003430186491749
0.5293103448275862,0.5675345613263743,0.5116946923032876,0.5276895009845977,0.9860086912742624,0.013991308725737723,0.40339099392685307,0.5675345613263743
0.5197768762677485,0.5920854216571639,0.506317223453333,0.5308139977173146,0.9857090724110075,0.014290927588992525,0.39273855973995025,0.5920854216571639
0.5245436105476673,0.5995773023988282,0.4915248149221918,0.5237105491538687,0.9858385227529315,0.01416147724706861,0.37362688546392586,0.5995773023988282
0.5074036511156187,0.60032908710837,0.5141359861273049,0.53917795151052,0.985382488656871,0.014617511343129077,0.40443803031712766,0.60032908710837
0.5164300202839757,0.5610380181206556,0.4770527833724536,0.5029730168337968,0.9856741194833367,0.014325880516663298,0.37420166784268766,0.5610380181206556
0.5286004056795132,0.5811027107232182,0.5131127321107093,0.5318577442461545,0.9860222989013294,0.013977701098670503,0.40499024702730174,0.5811027107232182
0.5282961460446247,0.6002073104826416,0.5126136662721054,0.5388520324353105,0.9858528381391073,0.01414716186089266,0.4090946342054774,0.6002073104826416
0.5134888438133874,0.6093308909930425,0.5090771884196913,0.536469203537626,0.9856231919984431,0.014376808001556876,0.4014766521121865,0.6093308909930425
0.5080121703853956,0.5906071856711022,0.49889943518927105,0.525614115938468,0.9854461008837841,0.01455389911621579,0.3942068104652941,0.5906071856711022
0.5198782961460446,0.5885443711770056,0.5194898755149581,0.5401055665266603,0.9857653651514857,0.01423463484851436,0.41232909552139513,0.5885443711770056
0.5172413793103449,0.6010188389875532,0.5173307976299465,0.5412376779466399,0.9856920128965265,0.014307987103473519,0.4137016097768315,0.6010188389875532
0.5200811359026369,0.5827599841950679,0.5088730388414068,0.5307529106954342,0.9857405521404665,0.014259447859533514,0.3853656413956824,0.5827599841950679
0.5241379310344828,0.6007912981383148,0.5103787618981324,0.5332871505793165,0.9857987094493078,0.014201290550692244,0.39801249094979263,0.6007912981383148
0.5128803245436105,0.6133890970130897,0.5090861708937332,0.5372624985559699,0.9855268070904533,0.014473192909546689,0.4031558552233075,0.6133890970130897
0.5278904665314401,0.5483065890492576,0.4898747956402392,0.5097990556763778,0.9860453854658194,0.01395461453418057,0.35961842428935026,0.5483065890492576
0.5211967545638945,0.6069437069302108,0.5081756522056604,0.5363996166965741,0.9857592515191828,0.014240748480817253,0.3982017388147813,0.6069437069302108
0.516632860040568,0.6101545316437245,0.531435608599683,0.5578337092806264,0.9855766763753582,0.014423323624641809,0.4218680312121412,0.6101545316437245
0.5204868154158215,0.6170094988597893,0.5272702803542602,0.5540712415204683,0.9857515487974894,0.01424845120251069,0.4185047280356901,0.6170094988597893
0.5204868154158215,0.5976109826997338,0.5149730025891692,0.5418425519856898,0.9857176034178069,0.01428239658219318,0.4106293437758442,0.5976109826997338
0.5165314401622718,0.6205759861179379,0.5286083247607214,0.5559546715454948,0.9856120509119467,0.014387949088053364,0.4218217282588421,0.6205759861179379
0.5134888438133874,0.601674547516011,0.49607704858705237,0.5265842409436424,0.9854723509060207,0.014527649093979295,0.3742606129321153,0.601674547516011
0.5217038539553752,0.5849357200035902,0.4935145640629376,0.519437223503843,0.9858268655010495,0.01417313449895063,0.3864784392385928,0.5849357200035902
0.5245436105476673,0.6113995414136278,0.5239089566064452,0.5499926830342343,0.9859255419574502,0.01407445804254967,0.4163775014861941,0.6113995414136278
0.5239350912778905,0.5769900979471613,0.5038214403501025,0.5245286177838446,0.9859517044938795,0.014048295506120629,0.3942324232162058,0.5769900979471613
0.5216024340770791,0.5840732908316106,0.5227684068515082,0.5423501123616189,0.9858906543683685,0.01410934563163151,0.41356791027473905,0.5840732908316106
0.5102434077079108,0.57587343460624,0.47039744500930886,0.5012144405404524,0.985527981174811,0.014472018825189054,0.36611027346388747,0.57587343460624
0.5150101419878296,0.5684636289824793,0.4914475258316524,0.5144068612847084,0.9856711153503834,0.014328884649616508,0.3726080651511582,0.5684636289824793
0.51947261663286,0.5831238187819777,0.5039967151614428,0.5264072703605039,0.9857594453438384,0.014240554656161582,0.39873438543303924,0.5831238187819777
0.5152129817444219,0.5512529587193278,0.4982464694737601,0.51304957829379,0.9855345979297482,0.014465402070251756,0.38826437658288443,0.5512529587193278
0.5202839756592292,0.5951146462852246,0.5191399844614019,0.5421218486352226,0.9857765693296505,0.014223430670349502,0.3967668345050507,0.5951146462852246
0.5208924949290061,0.5976280914390341,0.5227925194473685,0.5471459785310265,0.9857756478164881,0.014224352183512095,0.40703243756682,0.5976280914390341
0.5133874239350913,0.5843015543137294,0.4926324277421964,0.5203058335945171,0.9855529194096186,0.01444708059038131,0.38480376150170686,0.5843015543137294
0.5257606490872211,0.5861592479679685,0.5132828188795999,0.5343084481444121,0.9859527146565759,0.01404728534342406,0.4046566175022915,0.5861592479679685
0.5179513184584178,0.6126938033107935,0.49741864754902637,0.5256242569921253,0.9857804761873048,0.014219523812695117,0.3907264591395686,0.6126938033107935
0.5202839756592292,0.5961857674741864,0.5006745541324159,0.5286695515106787,0.9858344582090476,0.014165541790952457,0.39898759040676923,0.5961857674741864
0.517342799188641,0.5862817781947809,0.4746576902139486,0.5048547987632407,0.9857194979288394,0.01428050207116056,0.3734392705988967,0.5862817781947809
0.5204868154158215,0.5864843263879853,0.49373357050946176,0.5238401371897066,0.9857998733721797,0.014200126627820452,0.3916390661594009,0.5864843263879853
0.5311359026369168,0.6025847950411694,0.5479579630407303,0.565636034488473,0.9861201227818732,0.013879877218126871,0.43092601771297234,0.6025847950411694
0.513184584178499,0.5760411622071684,0.4850284849178417,0.5114834605861552,0.9855180901930257,0.014481909806974308,0.38270477433454386,0.5760411622071684
0.5143002028397566,0.5925784086803695,0.5301569678106232,0.545547438597211,0.9855477449727779,0.01445225502722201,0.4159163564404483,0.5925784086803695
0.5177484787018256,0.6011779708024462,0.5116207474036225,0.5391383025403548,0.985753617381581,0.014246382618419174,0.40099905080315706,0.6011779708024462
0.5226166328600406,0.629698678382177,0.5183083481511058,0.5520574397617393,0.9858064693066657,0.014193530693334228,0.41233496320840013,0.629698678382177
0.5102434077079108,0.6145853997163938,0.5216771097472587,0.5493288182354717,0.9854799921383943,0.01452000786160566,0.4158916941688859,0.6145853997163938
0.5251521298174442,0.629766349927187,0.5477676178124625,0.5717232385786984,0.9859771676781748,0.014022832321825445,0.44079837636539854,0.629766349927187
0.5178498985801218,0.5712207779367475,0.5008753341909837,0.5236435802960455,0.9856779504798677,0.014322049520132229,0.3923855526581369,0.5712207779367475
0.5202839756592292,0.590762908392163,0.5163208556841881,0.5394341969112133,0.985767684841494,0.014232315158506112,0.4041995936766451,0.590762908392163
0.5082150101419878,0.5702205233565225,0.48287861211700445,0.509951430608376,0.9854203395643477,0.01457966043565225,0.38096719421980757,0.5702205233565225
0.5311359026369168,0.5877945309201048,0.5050714235007489,0.531161667744997,0.986028216639081,0.013971783360919024,0.39752439885575813,0.5877945309201048
0.5212981744421906,0.6005894701981458,0.5260015465948693,0.5483067137426542,0.985867604877366,0.014132395122633961,0.41995733375942235,0.6005894701981458
0.522920892494929,0.583770369040827,0.4997507316231988,0.523112267534188,0.9858182312062734,0.014181768793726613,0.39246274102368106,0.583770369040827
0.5302231237322516,0.6097447706448801,0.5348871166650528,0.5600729398425234,0.9860080166336724,0.013991983366327537,0.42769504376815437,0.6097447706448801
0.5082150101419878,0.6085534238269542,0.5024246921369959,0.5352596907825244,0.9854633700391089,0.014536629960891157,0.3981604166530153,0.6085534238269542
0.5188640973630831,0.5988468881166092,0.5092937106915054,0.5372498305461655,0.9856550526887734,0.014344947311226566,0.4001626350679041,0.5988468881166092
0.5167342799188641,0.6176379571219346,0.5263272827036799,0.5557440682378042,0.9856404508927235,0.014359549107276529,0.42236057497313356,0.6176379571219346
0.5172413793103449,0.6047889904191812,0.4964954365597863,0.5245945618852689,0.9857501708762687,0.014249829123731256,0.38690501199658694,0.6047889904191812
0.5247464503042596,0.6114236999607484,0.5308614883687073,0.5567010930661915,0.9858991356718425,0.01410086432815753,0.4190403581230145,0.6114236999607484
0.5251521298174442,0.6062907550807036,0.5121348639940608,0.540688973977386,0.98595111908425,0.014048880915749887,0.404762166007402,0.6062907550807036
0.5181541582150101,0.6164675358320242,0.5357713263505862,0.5635927842383142,0.985659831228012,0.014340168771987927,0.4271344035281198,0.6164675358320242
0.5169371196754564,0.5684849837698545,0.47545738079367716,0.5064628529587102,0.9857303641220412,0.014269635877958741,0.3704860466760961,0.5684849837698545
0.5174442190669372,0.6149788533153877,0.5290772621924432,0.5553765280550579,0.9856509022362567,0.01434909776374319,0.4145570900102145,0.6149788533153877
0.5218052738336714,0.5986213728615086,0.5094044823842475,0.5334329830584275,0.9858334377345555,0.014166562265444568,0.40061642240413403,0.5986213728615086
0.5169371196754564,0.5872452614493636,0.5063786025817455,0.5350420696128935,0.9856915381673292,0.014308461832670571,0.4023304266482106,0.5872452614493636
0.5215010141987829,0.5720777950980442,0.5064806981725457,0.5264057752120342,0.9858540775533818,0.01414592244661802,0.39796643857255193,0.5720777950980442
0.5289046653144016,0.6100681330551432,0.5235462501080059,0.5490013222206522,0.9860510923797108,0.013948907620289178,0.416908451327296,0.6100681330551432
0.5225152129817444,0.6163569531439713,0.4962826979702565,0.5328575202702609,0.9857459645462135,0.014254035453786307,0.38413418611016514,0.6163569531439713
0.518762677484787,0.5972122816314178,0.49656434374066705,0.5241274931135619,0.9856322225981012,0.014367777401898835,0.37485060082035343,0.5972122816314178
0.5261663286004057,0.6016696668659128,0.5091177705687493,0.536116952345675,0.9858625257759599,0.014137474224040292,0.4027832997214774,0.6016696668659128
0.5174442190669372,0.6039525861871683,0.5163994233473441,0.5453938948749071,0.9856567157596171,0.014343284240382847,0.414385424416551,0.6039525861871683
0.5262677484787018,0.58652758988695,0.5144400050559877,0.5384391324682637,0.985851786694556,0.014148213305444062,0.40886880206130627,0.58652758988695
0.502129817444219,0.55883036437425,0.4866776123583108,0.5114699740997743,0.9851886159655507,0.014811384034449343,0.3822674415863545,0.55883036437425
0.5162271805273834,0.5825257572664049,0.496344447413,0.5152721485714143,0.9855977481258795,0.014402251874120392,0.3843542973165638,0.5825257572664049
0.5179513184584178,0.5716378543385717,0.49344386452573696,0.5135671580181258,0.9857449161713088,0.014255083828691123,0.3821471642616173,0.5716378543385717
0.5145030425963489,0.5832449413397495,0.4992568004610575,0.5221268088067503,0.9855821238579212,0.014417876142078779,0.3870969490209583,0.5832449413397495
0.5282961460446247,0.5614644248234019,0.49122351277157816,0.5133368823148557,0.9859469189374416,0.014053081062558325,0.3866087866991784,0.5614644248234019
0.5190669371196754,0.6172752258576916,0.5322990346380065,0.5599064462315978,0.9857892207775102,0.014210779222489828,0.42769859208764666,0.6172752258576916
0.5123732251521298,0.5734852667571584,0.49494798875368345,0.522339158126201,0.9856022898818548,0.014397710118145116,0.37910393770620326,0.5734852667571584
0.5221095334685598,0.5953450342028127,0.513260496974465,0.5403251728762983,0.9858805513131405,0.014119448686859404,0.40713080746817365,0.5953450342028127
0.5165314401622718,0.6137775842100012,0.5355554938861369,0.5612316734658559,0.9857557297760888,0.014244270223911195,0.41657027268465896,0.6137775842100012
0.5210953346855984,0.6124913739552607,0.5308913655139162,0.5550003444418434,0.9857501335475896,0.0142498664524106,0.4240772139679473,0.6124913739552607
0.5210953346855984,0.5924297128528282,0.5017747232041117,0.525098884693912,0.985808937757921,0.014191062242078934,0.3975861604987512,0.5924297128528282
0.518762677484787,0.5925652803037732,0.5034190498368002,0.530151962035999,0.9856877801586851,0.01431221984131501,0.4007987850240558,0.5925652803037732
0.5249492900608519,0.5892217855168447,0.49775152712211784,0.5247367778415707,0.9858763786079277,0.014123621392072332,0.38695209599331404,0.5892217855168447
0.5221095334685598,0.6023819342885638,0.5204150811727973,0.5445977500912694,0.9858004756019486,0.014199524398051297,0.41256988171395326,0.6023819342885638
0.5197768762677485,0.5763866872146669,0.5074007436321162,0.5288148546958104,0.9857309646453769,0.014269035354623066,0.39862137415791526,0.5763866872146669
0.5212981744421906,0.5823819735903912,0.5127887713162242,0.5349211405792307,0.9857796645803354,0.014220335419664654,0.4031681834764339,0.5823819735903912
0.5204868154158215,0.6097627771063864,0.4913859065564361,0.51717385163423,0.9856420935902523,0.014357906409747757,0.3699238309213603,0.6097627771063864
0.5163286004056795,0.6129676779315791,0.5149445916727047,0.5409816690446421,0.9856979114476703,0.014302088552329636,0.40966488838389825,0.6129676779315791
0.5221095334685598,0.5899007109996275,0.5077725775441193,0.5317407923978147,0.9857456256161449,0.014254374383855229,0.40093031328101036,0.5899007109996275
0.5217038539553752,0.619028984565732,0.5084602664739706,0.5423969847328003,0.9857792983805812,0.014220701619418935,0.4041404217513941,0.619028984565732
0.5213995943204868,0.6288571875952839,0.5307696932771536,0.5614491604871594,0.9857346136321862,0.01426538636781392,0.42639339399213244,0.6288571875952839
0.5206896551724138,0.5604930354418082,0.4917330469332574,0.5152058716081196,0.9857037348502795,0.014296265149720568,0.38764274870771886,0.5604930354418082
0.5233265720081136,0.5943250184157813,0.5100424794567348,0.5354509637618665,0.9858813775063936,0.014118622493606481,0.4076545717076934,0.5943250184157813
0.5254563894523326,0.5939809612126192,0.5022971878672091,0.5269890969465275,0.9859441524560019,0.014055847543998167,0.3961071089380603,0.5939809612126192
0.527789046653144,0.592158848599875,0.5179814172302832,0.5383093066347695,0.9860406429940326,0.013959357005967283,0.40736646623873735,0.592158848599875
0.5231237322515213,0.5785992340014209,0.5175571831783679,0.5373909012751801,0.9858486965691551,0.014151303430844855,0.40799172120534744,0.5785992340014209
0.5220081135902637,0.6115296399754122,0.5226270040931622,0.550035262494444,0.9858787158960926,0.014121284103907297,0.4172347244412956,0.6115296399754122
0.5276876267748478,0.6104465129377418,0.5154951647719361,0.5446899298089294,0.9859173729011408,0.01408262709885916,0.41425215390864967,0.6104465129377418
0.5244421906693711,0.603080163365636,0.5188942153510082,0.5465323976253076,0.9859081574076847,0.014091842592315348,0.4143547522802555,0.603080163365636
0.5226166328600406,0.6166953413889261,0.5064344231347997,0.5338305081308311,0.9857242738502514,0.014275726149748508,0.3956159152031695,0.6166953413889261
0.5254563894523326,0.5814748927416652,0.5042000737360599,0.5248311898442625,0.985953689100343,0.014046310899656928,0.3988197074857868,0.5814748927416652
0.5171399594320487,0.5814585686329016,0.5171592975439635,0.5396940299075162,0.9856921346757377,0.014307865324262408,0.4082625775444494,0.5814585686329016
0.5211967545638945,0.5940749920113431,0.5022760892739428,0.530700585085975,0.9858255077903519,0.014174492209647926,0.4014762819372539,0.5940749920113431
0.5208924949290061,0.5925988637062272,0.5094339667947503,0.5356995136666143,0.985813460954893,0.014186539045106967,0.4005402799024672,0.5925988637062272
0.5274847870182556,0.5991278952850928,0.5089439568280348,0.5359431581097065,0.9859724286014387,0.014027571398561253,0.40237453558886516,0.5991278952850928
0.5321501014198783,0.5953118134062942,0.5223807438674017,0.5483084178621459,0.9862030635409225,0.013796936459077452,0.42039600612876643,0.5953118134062942
0.5165314401622718,0.5867990293216605,0.5038249950939777,0.5260365639147082,0.9856416323082989,0.014358367691701065,0.39203806540335817,0.5867990293216605
0.5159229208924949,0.5907773134379214,0.4882170561682614,0.5159775220379746,0.9856481133502731,0.014351886649726897,0.38227732828606503,0.5907773134379214
0.5201825557809331,0.6043290040002294,0.4975046883332606,0.5328928008164983,0.9857990458939302,0.014200954106069894,0.39633927334787605,0.6043290040002294
0.5249492900608519,0.6308853756950532,0.5272698049224334,0.5553464698846473,0.9858999491574345,0.014100050842565553,0.4244454683856791,0.6308853756950532
0.5177484787018256,0.5922949370328483,0.5305200358493339,0.5500844837294523,0.9856132909307652,0.014386709069234838,0.41876151599668265,0.5922949370328483
0.5217038539553752,0.6195400573744201,0.5313376247881371,0.5579156585584297,0.9857854910736001,0.01421450892639974,0.4265989879512718,0.6195400573744201
0.5233265720081136,0.6164329539391012,0.509500026234014,0.539165653535731,0.9859393508925127,0.014060649107487324,0.39868361665934837,0.6164329539391012
0.527079107505071,0.612763729150491,0.5115184888455451,0.5412736857292417,0.9859594573768806,0.014040542623119434,0.4067641941136017,0.612763729150491
0.5148073022312373,0.5851602722334597,0.5062008740239096,0.522475659598242,0.9856338405427085,0.014366159457291403,0.38831320537749203,0.5851602722334597
0.5233265720081136,0.5869743410941868,0.49179171046477316,0.5207862305877938,0.9858153296237597,0.01418467037624031,0.3899069335297737,0.5869743410941868
0.5146044624746451,0.6086339755828163,0.5083369803748866,0.5359486832959957,0.9856597911442071,0.014340208855792944,0.4050503488979631,0.6086339755828163
0.5164300202839757,0.5682332207932654,0.4952691078606781,0.5171793747332728,0.9856321550046259,0.014367844995374104,0.3899711816902466,0.5682332207932654
0.5174442190669372,0.6094250169427735,0.5273257016480267,0.5540077437860862,0.9856827959870635,0.014317204012936374,0.4184992122292453,0.6094250169427735
0.5155172413793103,0.616906835524893,0.5105326333952437,0.5439343769104511,0.9856009128421901,0.014399087157809885,0.40784616620447534,0.616906835524893
0.5096348884381339,0.5659151085422176,0.4757758385542067,0.5014054665019997,0.9854118279470665,0.014588172052933533,0.36477011387463004,0.5659151085422176
0.5179513184584178,0.6238388908212082,0.5038275941390524,0.535082501267945,0.9856593017184471,0.014340698281552983,0.39887220534982415,0.6238388908212082
0.5225152129817444,0.5825176121995674,0.5072731389263915,0.5302439691535227,0.9858585767005741,0.014141423299426008,0.40178046721238736,0.5825176121995674
0.5234279918864098,0.6143981182315906,0.5138390070939612,0.5424360789234112,0.9858354720809095,0.014164527919090486,0.406489819611779,0.6143981182315906
0.5189655172413793,0.5887958123942878,0.4974675959517546,0.5252851152146158,0.9857928773145955,0.014207122685404394,0.3944489747569241,0.5887958123942878
0.5204868154158215,0.5825145476826196,0.5032548157391449,0.5296064445335322,0.9857363060596344,0.014263693940365658,0.38973557293448435,0.5825145476826196
0.5205882352941177,0.6110675865162835,0.5301199950053392,0.552035292480876,0.9857687215506443,0.014231278449355653,0.4151963784504046,0.6110675865162835
0.5223123732251521,0.6043276823144584,0.5244823833753149,0.5508617714231343,0.9857931105390783,0.014206889460921787,0.41379778432191267,0.6043276823144584
0.51947261663286,0.5754892119054555,0.5328440614905345,0.5454163448748489,0.9857596509977118,0.014240349002288249,0.4078525537665845,0.5754892119054555
0.52079107505071,0.5947510650018342,0.5120643206299647,0.5348142884125158,0.9857488672383663,0.014251132761633733,0.40185162637284744,0.5947510650018342
0.5176470588235295,0.5963655372276594,0.526763091102703,0.5449675253671814,0.9857178342482442,0.014282165751755843,0.40029676680354453,0.5963655372276594
0.5182555780933062,0.5980836771366458,0.5368631248967779,0.5606677795331189,0.9856203630251503,0.014379636974849758,0.43608877297228477,0.5980836771366458
0.5120689655172413,0.5775142523726066,0.504329047970896,0.526264199107627,0.985661070315184,0.014338929684815982,0.37991228354644635,0.5775142523726066
0.5140973630831643,0.5669759765677366,0.49182957691192924,0.5170540752723009,0.9854987827862569,0.014501217213743223,0.3841179937200522,0.5669759765677366
0.5177484787018256,0.5963266305361964,0.5018507569748282,0.5313117514691796,0.9855760227953565,0.014423977204643437,0.39255711947295807,0.5963266305361964
0.5289046653144016,0.5961272349532079,0.5034939407236162,0.5299418113661654,0.9860352288088459,0.01396477119115414,0.3897864363288559,0.5961272349532079
0.5163286004056795,0.6013124693211822,0.4988370406233537,0.5228562237524639,0.9856429117467481,0.014357088253251748,0.391779375883115,0.6013124693211822
0.516632860040568,0.5718723326098363,0.4894096820651301,0.511956043516804,0.9855936764620138,0.01440632353798621,0.37817614514653886,0.5718723326098363
0.5200811359026369,0.5752041456289962,0.5024185155581614,0.5203557911902846,0.9857528179850051,0.014247182014994813,0.37674754437165886,0.5752041456289962
0.5193711967545639,0.6092853213721842,0.5201833351841556,0.5494626243053553,0.9856803025415466,0.014319697458453382,0.41298010237001126,0.6092853213721842
0.5215010141987829,0.6048864348792276,0.494400554860542,0.5295655311221135,0.9858717754313153,0.01412822456868484,0.3914722681289671,0.6048864348792276
0.5273833671399595,0.6282112202621606,0.551329663948515,0.5779714336243065,0.9859969613869005,0.01400303861309941,0.44377237661855934,0.6282112202621606
0.5115618661257606,0.6009933701553422,0.5151055840318819,0.5399028021081362,0.9853813273542984,0.014618672645701686,0.4118675233812894,0.6009933701553422
0.5202839756592292,0.6069928053361919,0.5101101607995854,0.536423419571554,0.9858625652486435,0.014137434751356434,0.40010755614246396,0.6069928053361919
0.5221095334685598,0.6056168977622762,0.5014643114053874,0.5284262420709951,0.9857842788048525,0.0142157211951475,0.3970896920513887,0.6056168977622762
0.5196754563894523,0.5805164657672918,0.5062161392270935,0.5260435830687631,0.9858244417938307,0.014175558206169152,0.3825755239351321,0.5805164657672918
0.5228194726166329,0.6159681810703571,0.5264563416624666,0.5550134199347653,0.9858683217357008,0.014131678264299303,0.415993591717908,0.6159681810703571
0.5174442190669372,0.5864616470761393,0.4972540978240326,0.5256466693218451,0.9857193029549531,0.014280697045046772,0.39124335551659045,0.5864616470761393
0.5228194726166329,0.5672273915618128,0.5049080138239224,0.5251292269055996,0.9857812533868241,0.014218746613175784,0.4010164913660983,0.5672273915618128
0.5171399594320487,0.5804848629017326,0.4872457447037537,0.5112918792942414,0.9856555678229764,0.014344432177023553,0.36286974308486436,0.5804848629017326
0.5244421906693711,0.6133019021441033,0.5346724003449879,0.5582534216473384,0.9858334478940701,0.014166552105929809,0.422796066750111,0.6133019021441033
0.5206896551724138,0.609966698075342,0.5345236873580459,0.5570575245003808,0.9857320133015814,0.014267986698418481,0.42885561474171274,0.609966698075342
0.518762677484787,0.5994149152981133,0.5205197862258026,0.5453727889739246,0.9856857244097121,0.014314275590287723,0.41380584363434797,0.5994149152981133
0.5186612576064908,0.6173419999000468,0.5138856573972619,0.5448866381117432,0.985786097168892,0.014213902831108021,0.4077623471447936,0.6173419999000468
0.5228194726166329,0.594160215618631,0.5078281601581253,0.529954729897008,0.9858150988348655,0.014184901165134411,0.3983019963584601,0.594160215618631
0.5272819472616633,0.619499903090103,0.5096237285951025,0.5386230537603905,0.9860244750424453,0.013975524957554742,0.40371319719066373,0.619499903090103
0.5209939148073023,0.5958737317382796,0.4975366808707817,0.5238532293824554,0.9857325953998359,0.014267404600164017,0.3775500753467024,0.5958737317382796
0.51947261663286,0.5939050593937752,0.522824222440922,0.5403078341060312,0.9857374283383986,0.014262571661601298,0.4002979203190395,0.5939050593937752
0.518052738336714,0.6137926446810369,0.5061698839937196,0.535389389802513,0.9856165636451744,0.014383436354825686,0.40371594084382645,0.6137926446810369
0.5116632860040567,0.5696610131482664,0.5145575243257886,0.5291986684120334,0.9855418820677226,0.014458117932277284,0.40060344934001735,0.5696610131482664
0.5182555780933062,0.6073535362866394,0.5275852293621532,0.5542411070951894,0.9856394640900239,0.01436053590997613,0.4216267264036483,0.6073535362866394
0.5236308316430021,0.5541762111432422,0.5073606573720486,0.5216583236198703,0.9858432543010721,0.014156745698927702,0.3977872177205244,0.5541762111432422
0.5220081135902637,0.6009569363399416,0.520643758210076,0.5438673466318289,0.9858540218344363,0.01414597816556366,0.4117095488239351,0.6009569363399416
0.5205882352941177,0.57886098040108,0.5154631661580664,0.535491827544373,0.9858080228202107,0.014191977179789256,0.3956010894658978,0.57886098040108
0.5249492900608519,0.620550203338051,0.516616667273705,0.5462531450917261,0.9859057212955111,0.014094278704488835,0.4108906687287834,0.620550203338051
0.5256592292089249,0.5867426936646246,0.48212161817016463,0.5146557040698119,0.9858980431031998,0.01410195689680006,0.37062861598732216,0.5867426936646246
0.5233265720081136,0.6140959471930825,0.5196703016011106,0.5481082547305883,0.985951970138729,0.014048029861271022,0.4147759312615502,0.6140959471930825
0.5171399594320487,0.6051367664282502,0.5046939579662357,0.5325207351960699,0.9858558656673271,0.01414413433267287,0.4021519057717411,0.6051367664282502
0.5127789046653144,0.5887053688030901,0.49948939950067517,0.5300927257523524,0.9854618664023016,0.014538133597698306,0.3961007988436398,0.5887053688030901
0.5147058823529411,0.5797917970316129,0.5170944998929627,0.5373742760339224,0.9856682358318549,0.014331764168145033,0.3963253423989418,0.5797917970316129
0.5100405679513185,0.5977125816382732,0.5083653685287362,0.5343840413244185,0.9853895088388714,0.014610491161128414,0.3920009879297721,0.5977125816382732
0.5168356997971603,0.6020549639918601,0.5193316316271165,0.5394227735298476,0.9856594205280192,0.014340579471980775,0.4062823151668683,0.6020549639918601
0.5306288032454362,0.6228436740738731,0.5193326884278628,0.5522773577582776,0.985983719223329,0.014016280776671133,0.4161144467092388,0.6228436740738731
0.5099391480730223,0.5746939548806832,0.48389423129773074,0.5089196375226284,0.9854365046886375,0.014563495311362482,0.38157145449657853,0.5746939548806832
0.5120689655172413,0.5900898665271719,0.5077742140898229,0.5294237733325371,0.9855388252574204,0.014461174742579469,0.3966504646274876,0.5900898665271719
0.5168356997971603,0.5751994963807343,0.5191958917829952,0.5370435345155574,0.9856701788004842,0.01432982119951566,0.4116695727626487,0.5751994963807343
0.5213995943204868,0.5547743825184932,0.49834275448076637,0.5154598478728429,0.985750118252294,0.014249881747705914,0.3870110319906563,0.5547743825184932
0.5238336713995944,0.6053173702374314,0.5125674877199256,0.5402442129957252,0.9858394968899917,0.014160503110008132,0.38988877209892303,0.6053173702374314
0.5196754563894523,0.5982261499621774,0.5116580811064044,0.5347388319166071,0.9857091076525991,0.014290892347400868,0.3965744109910969,0.5982261499621774
0.5140973630831643,0.5829272376109984,0.5000508989133309,0.520751830959822,0.9856022795862691,0.014397720413730978,0.3887741529651533,0.5829272376109984
0.5241379310344828,0.590032042538275,0.5016477809042137,0.5296644490914859,0.9859165052403064,0.014083494759693638,0.3948053958276131,0.590032042538275
0.5163286004056795,0.5496178290243167,0.487330705708768,0.5077916276215795,0.9856216676573173,0.014378332342682812,0.3802066623277254,0.5496178290243167
0.5129817444219067,0.589368862758052,0.5000106751755672,0.525030588588394,0.9855467041829744,0.01445329581702547,0.3749771186092327,0.589368862758052
0.527079107505071,0.5865536122389674,0.5039436200987847,0.5282583237577129,0.9858838261511906,0.01411617384880926,0.4013176523883663,0.5865536122389674
0.5240365111561867,0.5803288853812069,0.4789286047661173,0.5063181504076765,0.9858361902264601,0.014163809773539893,0.3704770625675409,0.5803288853812069
0.5238336713995944,0.6044635218886986,0.5045189561468207,0.53468665197177,0.9858892443716076,0.014110755628392358,0.40492705708314247,0.6044635218886986
0.5217038539553752,0.6050359394021056,0.4999022110839112,0.530405947256536,0.9857642449945437,0.014235755005456246,0.39795501554446855,0.6050359394021056
0.517342799188641,0.5903318433001512,0.48915216148613005,0.519060757954972,0.9856700079617269,0.014329992038273065,0.38804098936838516,0.5903318433001512
0.5251521298174442,0.5850097810388679,0.517124083303993,0.5384234828635621,0.9859724337498248,0.014027566250175233,0.40822147528847513,0.5850097810388679
0.5234279918864098,0.6168016892677665,0.5121135464574936,0.5428696009526142,0.9858064719613477,0.014193528038652295,0.40710144497820533,0.6168016892677665
0.5202839756592292,0.608304026139599,0.5067513147554829,0.5323002542144305,0.9857727209672816,0.014227279032718334,0.39456830612186106,0.608304026139599
0.5201825557809331,0.5803762092071786,0.5132753497393688,0.5354934677170666,0.9857404551516078,0.014259544848392192,0.4040992938474079,0.5803762092071786
0.5169371196754564,0.5747127356587647,0.5017832129849231,0.5264101696193526,0.9857268559015442,0.014273144098456009,0.39531965349904497,0.5747127356587647
0.5192697768762677,0.6197445736981155,0.5069667917791093,0.5378618077648603,0.9857164205021618,0.014283579497838133,0.40373088937106444,0.6197445736981155
0.5164300202839757,0.6019524424353074,0.5018033692207361,0.5330926110839935,0.9856493524542767,0.014350647545723247,0.39437005703501066,0.6019524424353074
0.5135902636916836,0.6077962358113064,0.4981743111320661,0.5239292891029752,0.9855116897379647,0.014488310262035425,0.39279065438512084,0.6077962358113064
0.5160243407707911,0.6079634078259575,0.5280812772161813,0.5546878905259927,0.9856348060919308,0.01436519390806917,0.41964867285259705,0.6079634078259575
0.522920892494929,0.6126342803830956,0.5260258594408473,0.5535253585753181,0.9858961567035921,0.014103843296407917,0.4184575080845912,0.6126342803830956
0.524239350912779,0.5822695324720278,0.48975634466397333,0.5185538562067162,0.9858670757630709,0.014132924236929023,0.38926634915119684,0.5822695324720278
0.5192697768762677,0.5538818374186759,0.5059595591476469,0.5224904977717466,0.9858369427340324,0.01416305726596745,0.3993731831466218,0.5538818374186759
0.5065922920892495,0.5894966939404205,0.4939924097885527,0.5187434042117502,0.985378806562651,0.01462119343734888,0.38769071981032377,0.5894966939404205
0.5286004056795132,0.6089143567120365,0.5173682974829321,0.5440196138932246,0.9859954619491841,0.014004538050815862,0.41019461598409174,0.6089143567120365
0.5188640973630831,0.6243752430611857,0.5172321216482534,0.5435936792519145,0.9856593059123018,0.014340694087698266,0.4057436374714653,0.6243752430611857
0.5143002028397566,0.6138518526234871,0.5206669522777048,0.5500014174239887,0.985630018245935,0.014369981754064958,0.4195033220431565,0.6138518526234871
0.5122718052738336,0.6035362652889986,0.496534535325649,0.5256907138300639,0.985535351586471,0.014464648413529086,0.3916845497349429,0.6035362652889986
0.5279918864097363,0.5963863244113713,0.5137984286844861,0.5397430913025634,0.9859825400578062,0.014017459942193788,0.41245168254818443,0.5963863244113713
0.5215010141987829,0.6055206872544365,0.4951075056651497,0.5251023944130303,0.9858541195169206,0.014145880483079487,0.3911196298216181,0.6055206872544365
0.5237322515212982,0.6015452280311594,0.5182269562581281,0.543237004458059,0.9859316556700494,0.014068344329950619,0.40890603114724194,0.6015452280311594
0.5213995943204868,0.6119547658902261,0.5268554017345204,0.5559961215729676,0.9858290625247756,0.014170937475224332,0.4243302023242711,0.6119547658902261
0.5155172413793103,0.5902126350932526,0.4909108910358375,0.5217163231277138,0.9855479429169147,0.014452057083085262,0.3871279010097056,0.5902126350932526
0.5212981744421906,0.579301204614173,0.509618665233333,0.5315430115480755,0.9858058913420227,0.014194108657977387,0.4036333220319922,0.579301204614173
0.5206896551724138,0.590159823683161,0.5135759314432686,0.5400917060933589,0.9858336431624583,0.01416635683754174,0.41044617959634594,0.590159823683161
0.5157200811359026,0.5953608810835865,0.5182927252674208,0.543000465243902,0.9855759707235741,0.014424029276425849,0.4117884716126744,0.5953608810835865
0.5313387423935091,0.6209859556203489,0.5040309110641275,0.5376361067693043,0.9861019753731572,0.013898024626842809,0.3938203477359539,0.6209859556203489
0.5151115618661257,0.5788076940889818,0.5105355594294136,0.5272119423293978,0.985687763573301,0.014312236426698887,0.3868630894085305,0.5788076940889818
0.5271805273833672,0.6057511229636146,0.5238863981709956,0.5465229688008157,0.9860301659807174,0.013969834019282664,0.41070871258462044,0.6057511229636146
0.5225152129817444,0.6017298012668426,0.4893684767184897,0.5263746845272251,0.9857527271702468,0.014247272829753323,0.3896959707129223,0.6017298012668426
0.5143002028397566,0.6027190587055614,0.515275509515735,0.5427850395624546,0.985585319773335,0.014414680226664981,0.4089363496346608,0.6027190587055614
0.5198782961460446,0.5775941761128973,0.5112457937776378,0.5336270910046126,0.9857833413834601,0.014216658616539878,0.4081724279746005,0.5775941761128973
0.5150101419878296,0.5757341129173514,0.4968482904468101,0.5235302725202697,0.9856206132335217,0.014379386766478403,0.3891154449773837,0.5757341129173514
0.5266734279918864,0.6048010737377402,0.49668241218697595,0.5262752430587472,0.9859720575965163,0.014027942403483696,0.3933309275015331,0.6048010737377402
0.5226166328600406,0.6053519488967283,0.5145113137088514,0.5418257561525869,0.9857888491588529,0.014211150841147208,0.40448506358260355,0.6053519488967283
0.5215010141987829,0.5928595236161509,0.5063751718204914,0.5317043156678352,0.9857507457500958,0.01424925424990412,0.40358707017221496,0.5928595236161509
0.5112576064908723,0.6020710732631288,0.5198139210384956,0.5474175782661324,0.9855089583579163,0.014491041642083664,0.4183757430790488,0.6020710732631288
0.5200811359026369,0.6056772281995724,0.5077734938288506,0.5373444275211293,0.9857040041033454,0.014295995896654746,0.4005110439024153,0.6056772281995724
0.5158215010141988,0.589454348514809,0.4714451877516788,0.4999487126330122,0.9855971349611359,0.014402865038864242,0.3537424219351177,0.589454348514809
0.5079107505070994,0.6110908281870657,0.5078258983248296,0.5383186041109658,0.9853087335039328,0.01469126649606715,0.4052245957658913,0.6110908281870657
0.52079107505071,0.6128303542309693,0.5204932748681822,0.5393657953769364,0.985735253988306,0.014264746011693873,0.40674309025249433,0.6128303542309693
0.5205882352941177,0.5679907871693237,0.505824680033005,0.5277190871220155,0.9858041778139774,0.014195822186022545,0.3961609401027525,0.5679907871693237
0.5283975659229209,0.5894609564790744,0.5045743407796399,0.5284218906119266,0.9860898489548559,0.013910151045144157,0.39844784846031417,0.5894609564790744
0.5190669371196754,0.5821215170780428,0.5015104983045571,0.5221037841281533,0.9857695535286013,0.014230446471398817,0.3954427302224633,0.5821215170780428
0.513184584178499,0.6066698820579451,0.5190019009875295,0.544641132189402,0.985517742115633,0.014482257884366967,0.4098684136972688,0.6066698820579451
0.517342799188641,0.5786514035325678,0.49112037443149587,0.5154335560618397,0.9856496856891546,0.01435031431084539,0.3840958138260051,0.5786514035325678
0.5301217038539554,0.5997663567245095,0.5386068247043578,0.5580616684669061,0.986018441200358,0.013981558799642016,0.4311081309926054,0.5997663567245095
0.5235294117647059,0.6133329511028457,0.538061313093303,0.5601216056197599,0.9858822833403966,0.0141177166596033,0.430273497869882,0.6133329511028457
0.5189655172413793,0.5567876855401498,0.47169651536090357,0.4970390308395585,0.985746981458919,0.014253018541080817,0.3512073311841776,0.5567876855401498
0.5145030425963489,0.5955551900480286,0.4779710983709357,0.5076149542115106,0.9855218549636682,0.014478145036331732,0.3586559983662084,0.5955551900480286
0.5251521298174442,0.6180154859489513,0.5146506953860859,0.5462768489056234,0.9859193276643218,0.01408067233567828,0.40693128156294217,0.6180154859489513
0.5303245436105477,0.5739655421932226,0.5055814134952601,0.526325819523979,0.9860574295823398,0.013942570417660175,0.3951991909424979,0.5739655421932226
0.5147058823529411,0.5521638249878917,0.5030779628254256,0.5206715073796221,0.985617525799136,0.014382474200863882,0.3948552189450656,0.5521638249878917
0.5186612576064908,0.5969312564783871,0.5079030490646345,0.5292357139375994,0.9857599720335355,0.01424002796646447,0.39905923016676914,0.5969312564783871
0.5178498985801218,0.5439141889537306,0.493071177174124,0.5106121663827148,0.985649023819799,0.014350976180200875,0.38762510180336296,0.5439141889537306
0.5235294117647059,0.6054686676102158,0.5401709869323992,0.5601885675373642,0.9857925942348278,0.014207405765172248,0.427680164181161,0.6054686676102158
0.5188640973630831,0.5837086421292398,0.5147284941234751,0.5383807382511892,0.985821858056658,0.014178141943341858,0.4099052626443821,0.5837086421292398
0.515314401622718,0.5749303449681504,0.506305849242587,0.5305488174948034,0.9856431348592853,0.014356865140714586,0.4014213481196219,0.5749303449681504
0.5102434077079108,0.5766543215490461,0.502413822950275,0.5198221239034134,0.9853915646137968,0.014608435386203138,0.38839507978090637,0.5766543215490461
0.5172413793103449,0.6053795565605237,0.4947540992234938,0.5312506213669757,0.9856206650097972,0.014379334990202821,0.398014654519051,0.6053795565605237
0.5220081135902637,0.6134128220704442,0.5210054733170546,0.5451086754759396,0.9859043611034257,0.014095638896574215,0.4143208349811121,0.6134128220704442
0.5227180527383367,0.5833115440714439,0.5340654232588022,0.5510342975515413,0.9858240103869997,0.014175989613000234,0.4124933466279807,0.5833115440714439
0.5168356997971603,0.6095504009971224,0.5168380334202138,0.545344152175141,0.9856415889976962,0.014358411002303798,0.41039281449706405,0.6095504009971224
0.5186612576064908,0.5961602245755289,0.5141362558267952,0.5386944466789185,0.9857271220099755,0.014272877990024585,0.4097306135305451,0.5961602245755289
0.5167342799188641,0.5508347805003211,0.48762596022628124,0.5097961635867262,0.9856163989689843,0.014383601031015658,0.3812495625791386,0.5508347805003211
0.5148073022312373,0.588687681614504,0.5177207711366457,0.5396874586141072,0.9856911151844784,0.014308884815521694,0.4065338763300648,0.588687681614504
0.5155172413793103,0.5901206928711472,0.4988362138529929,0.5268083029868009,0.9856859734486413,0.014314026551358747,0.3941230029925943,0.5901206928711472
0.5226166328600406,0.5786953539368883,0.518502929542431,0.5380422680758942,0.9858265987525268,0.014173401247473197,0.4123735059635658,0.5786953539368883
0.5255578093306288,0.6234253194801316,0.5051076971856412,0.5390086238817309,0.9859563396780242,0.014043660321975737,0.4047676574270779,0.6234253194801316
0.5185598377281947,0.590291755673311,0.5171918430500264,0.540542866153887,0.985767691117305,0.01423230888269501,0.4104373666486668,0.590291755673311
0.5120689655172413,0.5786272799186855,0.524566681505412,0.5430394330857936,0.9855286669925345,0.014471333007465398,0.41344093666462634,0.5786272799186855
0.5205882352941177,0.6051311633156466,0.5140697138858993,0.5408222323346539,0.9857945063624995,0.014205493637500396,0.4093832128886243,0.6051311633156466
0.5217038539553752,0.6143459263172885,0.5453456897372997,0.5692151538976943,0.9857716225702097,0.01422837742979027,0.4321447771878034,0.6143459263172885
0.5223123732251521,0.6155329963007091,0.5087277620823671,0.5407137261477628,0.9857904886443839,0.014209511355616156,0.40365901558257083,0.6155329963007091
0.5232251521298175,0.6037660961854361,0.5203685881323385,0.5461570111896675,0.9858476997227783,0.01415230027722163,0.4094168263382124,0.6037660961854361
0.518052738336714,0.5778280176536474,0.49361455132611864,0.5200182169545421,0.9857498678121696,0.014250132187830365,0.3864443071171507,0.5778280176536474
0.5243407707910751,0.5614694970517935,0.49651474806222007,0.5176274117532962,0.9858212260457101,0.01417877395428988,0.3870287787168475,0.5614694970517935
0.5198782961460446,0.5859583810286535,0.49438266816752935,0.5225885944814744,0.9857728779292415,0.01422712207075858,0.38751253196863206,0.5859583810286535
0.5154158215010142,0.593016499505485,0.5156325459826832,0.5416091904117731,0.9855065076224918,0.014493492377508166,0.4133167512211622,0.593016499505485
0.5257606490872211,0.5935904624794495,0.5264525357500711,0.5503785784332658,0.985917610401013,0.014082389598987003,0.4182657282636428,0.5935904624794495
0.5197768762677485,0.6134513270640414,0.5072769505155322,0.5372949791485923,0.9857944480520746,0.01420555194792536,0.3994283491632441,0.6134513270640414
0.5239350912778905,0.5982920504360407,0.4867081331083602,0.519494149352105,0.985861574124676,0.014138425875323985,0.384722963665487,0.5982920504360407
0.5225152129817444,0.5778880369166238,0.5123260182231723,0.5312879380078372,0.9858446501322146,0.014155349867785586,0.40401214337156033,0.5778880369166238
0.5230223123732252,0.6145771808254699,0.5323755692523192,0.5586981374526806,0.9858190371672526,0.014180962832747362,0.42389110104012423,0.6145771808254699
0.5208924949290061,0.5826012768068537,0.5080083093864907,0.5306464834494343,0.9857139280230236,0.014286071976976447,0.40081079166497285,0.5826012768068537
0.5098377281947262,0.5710668044743968,0.5121309377915896,0.5309354391080776,0.985395174219855,0.014604825780144989,0.4007581715216294,0.5710668044743968
0.5252535496957403,0.6166178425282677,0.5161466779520553,0.5429971191490632,0.9858531130384612,0.014146886961538799,0.4042102238293759,0.6166178425282677
0.5259634888438134,0.5828518235967322,0.5053582988476378,0.5299970268926671,0.9858840745538433,0.014115925446156674,0.39785959738090065,0.5828518235967322
0.5185598377281947,0.6010532220585797,0.5059879367590892,0.5350257924130509,0.9856616249001451,0.014338375099854856,0.3901846749141845,0.6010532220585797
0.5189655172413793,0.6087346045783563,0.524901486862335,0.5465255224733541,0.985707991507133,0.014292008492867098,0.4173505937357316,0.6087346045783563
0.5197768762677485,0.593164184440889,0.5038975536945984,0.5333544441390358,0.9856758461245164,0.014324153875483617,0.4028717891733781,0.593164184440889
0.5178498985801218,0.569895634698982,0.499197974147497,0.5163525026687283,0.9857719958562937,0.014228004143706447,0.3923562449459819,0.569895634698982
0.5149087221095334,0.6028616657823314,0.5080351803160502,0.5351937971283791,0.9855749651485868,0.014425034851413165,0.4008321608816209,0.6028616657823314
0.5311359026369168,0.5905450605630529,0.5127748286685184,0.5330969871030315,0.9861095762903183,0.013890423709681715,0.4036776148780382,0.5905450605630529
0.5232251521298175,0.6024018964324723,0.5144546411565072,0.5393295145179845,0.9859230316131662,0.014076968386833819,0.4086975637741054,0.6024018964324723
0.5157200811359026,0.5685410280374145,0.488529313930181,0.5081319646433784,0.9855071345495979,0.014492865450402057,0.37887792934271086,0.5685410280374145
0.5205882352941177,0.5899343922657918,0.5052463741865527,0.5335712420246981,0.9857159791446236,0.014284020855376379,0.399773217153781,0.5899343922657918
0.5145030425963489,0.6124247560579807,0.5006900719801166,0.5320030104266056,0.9856748222437028,0.01432517775629718,0.39857772858250756,0.6124247560579807
0.5152129817444219,0.5806785637366759,0.5207210623118879,0.539268951861339,0.9855459506786388,0.014454049321360976,0.4123120613358432,0.5806785637366759
0.5199797160243408,0.5933400290440144,0.5135732849232293,0.537911454754137,0.9858372639034702,0.014162736096529927,0.4030646437307583,0.5933400290440144
0.5148073022312373,0.5713408611174294,0.5013172935116954,0.5211351466745043,0.9855378137881481,0.014462186211852043,0.3948317529366331,0.5713408611174294
0.5139959432048682,0.6011993686370515,0.4859895847264264,0.5191074591708509,0.9856032318978027,0.014396768102197227,0.3824626851294114,0.6011993686370515
0.5215010141987829,0.597135781301771,0.49741854810386027,0.528101967846183,0.9858548191507882,0.01414518084921187,0.3825500879092613,0.597135781301771
0.5137931034482759,0.5799529395269578,0.49773628901538003,0.5203304486039394,0.9855660639756245,0.014433936024375486,0.3755467817451482,0.5799529395269578
0.5224137931034483,0.5943202271720781,0.5069685832153142,0.5334106189711351,0.9858261299516524,0.014173870048347465,0.39977945612897525,0.5943202271720781
0.518762677484787,0.6148673028852405,0.5128166501959515,0.5426905031317091,0.985719980710533,0.014280019289467028,0.41134759974354485,0.6148673028852405
0.5236308316430021,0.5868940764189245,0.5050882634139058,0.5319658224876258,0.9858071676213911,0.01419283237860886,0.39979179804013226,0.5868940764189245
0.52079107505071,0.5806026189341795,0.510594405745391,0.5339448576067483,0.9858479433029224,0.014152056697077631,0.40549732857828913,0.5806026189341795
0.5148073022312373,0.556710762997401,0.471478611103736,0.4981792301531267,0.9855728329569079,0.014427167043092232,0.3420569544493934,0.556710762997401
0.5234279918864098,0.6226448220031967,0.531358220808569,0.5571925620992401,0.9859095266041923,0.014090473395807702,0.4221821175912461,0.6226448220031967
0.5271805273833672,0.6050318847734786,0.5274221178343339,0.5512967221107936,0.9859492105236519,0.014050789476347964,0.4260063907672821,0.6050318847734786
0.5348884381338742,0.5783175193945338,0.4931544437379895,0.5194247954025061,0.9861933920921899,0.013806607907810076,0.3718626214506907,0.5783175193945338
0.5174442190669372,0.6030394836353146,0.509357787617771,0.5393779114649678,0.9856684451238305,0.01433155487616945,0.39991482877043055,0.6030394836353146
0.5228194726166329,0.5704791354498623,0.5027790534268076,0.5228358467299191,0.9858583233068664,0.014141676693133574,0.3928663084371669,0.5704791354498623
0.5318458417849898,0.6127711541954689,0.5152804677409645,0.5476222705875631,0.9861556557188509,0.01384434428114916,0.41141785052167174,0.6127711541954689
0.5195740365111562,0.601166315543519,0.5137515994180543,0.5379975967065551,0.9857810436180572,0.014218956381942835,0.4026536828842445,0.601166315543519
0.5232251521298175,0.5997604591253297,0.5122459438317474,0.537080052263407,0.985782548583509,0.014217451416491209,0.4040248471054647,0.5997604591253297
0.5077079107505071,0.5808608675272328,0.5096365751105965,0.5314657078237551,0.9853469333219987,0.014653066678001286,0.38967943145238504,0.5808608675272328
0.5221095334685598,0.609793767913481,0.49875912632849645,0.527270524747133,0.9857557244149566,0.014244275585043376,0.390374059299923,0.609793767913481
0.5205882352941177,0.6013772271311455,0.5343619193992278,0.5523881676967912,0.9858544820510661,0.014145517948933988,0.4215329247593669,0.6013772271311455
0.5186612576064908,0.5685469616038332,0.5371742676604786,0.5466787448101463,0.9857291626763137,0.014270837323686267,0.4118692482131611,0.5685469616038332
0.5144016227180528,0.5858649290719921,0.49711280235909766,0.5237872404206881,0.9855852229108681,0.014414777089131737,0.38862517573017613,0.5858649290719921
0.5254563894523326,0.6071466583757881,0.5071378856113491,0.5386996568507814,0.9858691846034535,0.014130815396546464,0.40086111052642526,0.6071466583757881
0.518052738336714,0.5915792599626825,0.5343297955757637,0.5508581289738385,0.9857420233386012,0.014257976661398605,0.4098517181474783,0.5915792599626825
0.5175456389452333,0.6037578698918472,0.5357737235166333,0.559270360216835,0.9856727051362469,0.014327294863753146,0.4233985446557854,0.6037578698918472
0.5164300202839757,0.5888564056390527,0.4948871061663292,0.5229988413269108,0.985730132346356,0.014269867653644097,0.3816088691511739,0.5888564056390527
0.5290060851926978,0.5949854934296216,0.5092415150648252,0.5387848388389855,0.9859923940077963,0.01400760599220378,0.41194340716789046,0.5949854934296216
0.5260649087221095,0.5967451731474149,0.5157402993164384,0.5451220643986867,0.9860019978884113,0.013998002111588609,0.41240802032589824,0.5967451731474149
0.526369168356998,0.6252218274789945,0.513554739167596,0.5475813446458575,0.9859938731196933,0.014006126880306674,0.40872658915879934,0.6252218274789945
0.5232251521298175,0.6131417624026938,0.5101181438054764,0.5418760872575762,0.985844627871398,0.014155372128601823,0.4067264960817445,0.6131417624026938
0.5162271805273834,0.6198026041473327,0.5403861473189082,0.566120630694521,0.9856849841825565,0.0143150158174434,0.43181531112012195,0.6198026041473327
0.5095334685598377,0.616271019539378,0.5132184671465673,0.5410310115007343,0.9854287932366134,0.014571206763386597,0.4061146306738522,0.616271019539378
0.5165314401622718,0.5854302516756305,0.5028197644746524,0.5267305512478362,0.985645614726461,0.014354385273538977,0.3958309980923506,0.5854302516756305
0.5081135902636917,0.6071801598503267,0.49328217115194395,0.527874827918942,0.9854018970667742,0.014598102933225828,0.3879875504291094,0.6071801598503267
0.5172413793103449,0.6015582376425792,0.4977360960507943,0.5276573663900964,0.985679327649821,0.01432067235017884,0.39125226363132076,0.6015582376425792
0.5130831643002028,0.6130005746575027,0.4811312603653571,0.5145536590049395,0.9855560960579265,0.014443903942073446,0.3789131879832473,0.6130005746575027
0.5208924949290061,0.6161360037674406,0.5132400245381399,0.5450849190952092,0.98571383389409,0.014286166105910065,0.40419763196943526,0.6161360037674406
0.516632860040568,0.5927287645731619,0.5138246211220808,0.5354876456055363,0.9856457980031358,0.014354201996864125,0.3918608949667203,0.5927287645731619
0.5159229208924949,0.6035903082966394,0.5236994210541791,0.5471089116581128,0.9856220421379029,0.014377957862096996,0.4139906241593545,0.6035903082966394
0.5105476673427992,0.5987715614878922,0.5078996131492921,0.5384127617701392,0.9854678054249583,0.014532194575041726,0.3864941519825233,0.5987715614878922
0.5197768762677485,0.5882729317879244,0.510081535639632,0.5326161276324767,0.9857118461125189,0.014288153887481106,0.4038991931162215,0.5882729317879244
0.5145030425963489,0.5885667688571565,0.513332134937567,0.53368977115843,0.9855139050969232,0.01448609490307699,0.40193096784802024,0.5885667688571565
0.5174442190669372,0.5812556646669245,0.4827591556461389,0.5103281299718153,0.9857254299450549,0.014274570054945063,0.3811467620374468,0.5812556646669245
0.5191683569979716,0.5908052918691578,0.5203571707661026,0.5399934565634236,0.9857463026213278,0.01425369737867226,0.4099128710404937,0.5908052918691578
0.525050709939148,0.6107013408590019,0.5187467734104544,0.544047604914582,0.9859963728516806,0.01400362714831919,0.40801127842791357,0.6107013408590019
0.5157200811359026,0.6014501624094035,0.5145495037422233,0.5397782184868255,0.9856755733865292,0.01432442661347072,0.40520836342429706,0.6014501624094035
0.5234279918864098,0.6048392751139448,0.5162699673672997,0.5398107364099923,0.9859163439760872,0.014083656023912827,0.4078031766047444,0.6048392751139448
0.52079107505071,0.5898503005980231,0.5053546338057799,0.5315479259515812,0.9857811982816724,0.014218801718327668,0.4059466982110931,0.5898503005980231
0.5104462474645031,0.6193379013229969,0.513257284426581,0.5469122902826238,0.9854788005801115,0.014521199419888348,0.4097151577105963,0.6193379013229969
0.522920892494929,0.5704341014783663,0.5168854941343618,0.5349750110626224,0.9858495560565854,0.014150443943414553,0.4023701816897283,0.5704341014783663
0.5227180527383367,0.5750546250571483,0.4858877805086529,0.5114473214675458,0.9858028601695829,0.014197139830417219,0.3753784593766269,0.5750546250571483
0.5224137931034483,0.5816753646520777,0.4920950676480419,0.5180344740690321,0.9859177444023561,0.014082255597643811,0.38572772094855995,0.5816753646520777
0.5273833671399595,0.6033305590035933,0.4996359243744104,0.5255664760787391,0.9859190371951001,0.014080962804899783,0.3896526536337668,0.6033305590035933
0.5184584178498985,0.5894599190277721,0.5152151277105665,0.5401682250431138,0.985679294169351,0.014320705830649056,0.40549544075804694,0.5894599190277721
0.5210953346855984,0.5998335496990158,0.5143859986407557,0.5427306661300044,0.9857336348975277,0.014266365102472192,0.41037441217051107,0.5998335496990158
0.5185598377281947,0.6148554831396018,0.5070374705511389,0.536085992694654,0.9857453454258467,0.01425465457415335,0.40167966746327843,0.6148554831396018
0.5212981744421906,0.6038793592597017,0.5286351134309171,0.5530335918851652,0.9857672675120493,0.014232732487950614,0.422879317988365,0.6038793592597017
0.5283975659229209,0.5868943874603045,0.48271671322693194,0.5161483215526983,0.9860854332860478,0.01391456671395207,0.3656723872007885,0.5868943874603045
0.5177484787018256,0.5609707526411505,0.5108116514647278,0.5276381465360418,0.985705638511398,0.01429436148860189,0.39889556798769654,0.5609707526411505
0.5169371196754564,0.6222954548764269,0.5284337256108012,0.5565780809535525,0.9856834252178647,0.014316574782135461,0.4226005238115735,0.6222954548764269
0.5192697768762677,0.5979054275034159,0.5172576196100913,0.5397138688765372,0.9857123927933162,0.014287607206683567,0.4051218177758047,0.5979054275034159
0.5048681541582151,0.5712144126772577,0.48125885751726843,0.5103609366587917,0.98525848260399,0.014741517396010017,0.37425380366277167,0.5712144126772577
0.5233265720081136,0.5995480493050077,0.5172287929469667,0.5391024935375611,0.9858775672245109,0.01412243277548913,0.409919497593174,0.5995480493050077
0.51105476673428,0.608097324518293,0.5093141413114364,0.5356210780136095,0.9855522796057923,0.014447720394207811,0.40109851232844757,0.608097324518293
0.5252535496957403,0.6063728731545153,0.5231800748216926,0.5440708843900053,0.9858968749462956,0.014103125053704358,0.41463616176319285,0.6063728731545153
0.5205882352941177,0.5927235314034974,0.5201767297377472,0.5386612777539479,0.9857369613446263,0.014263038655373808,0.4164543939168793,0.5927235314034974
0.5192697768762677,0.6166101999795421,0.5043380345645445,0.5348821923161952,0.9856470159107353,0.014352984089264578,0.39548999857608347,0.6166101999795421
0.5260649087221095,0.6190620695412414,0.5114872883989083,0.5435230816029745,0.9857910820436242,0.014208917956375858,0.4043809475246295,0.6190620695412414
0.5188640973630831,0.5941641468217593,0.5064450289715573,0.5314427609777916,0.9856455550912792,0.01435444490872067,0.3998992491074118,0.5941641468217593
0.5181541582150101,0.5924497270215681,0.5314780842564146,0.5494098772522937,0.9857151945184122,0.014284805481587776,0.42262506135978717,0.5924497270215681
0.5179513184584178,0.5818463126321675,0.5122763345505332,0.5294371354434813,0.9856370091825799,0.014362990817420245,0.3964351919730547,0.5818463126321675
0.5235294117647059,0.6154217250802827,0.5042268490363554,0.5378019584288818,0.9859443902718974,0.014055609728102585,0.4034746232243759,0.6154217250802827
0.5204868154158215,0.5715003009825785,0.4767668169517276,0.5076270086655666,0.9857183861563843,0.014281613843615776,0.36182605016492336,0.5715003009825785
0.518762677484787,0.5835165439573885,0.5088768358907922,0.5329383443213876,0.9857304733481822,0.014269526651817766,0.40262383902394927,0.5835165439573885
0.5234279918864098,0.605582334075061,0.5150859176411825,0.5364436222428287,0.9858178808937691,0.014182119106230873,0.39348846103305524,0.605582334075061
0.5321501014198783,0.6000180618870887,0.5179038571193924,0.5407812972455311,0.9861865994108483,0.013813400589151781,0.39763058955406283,0.6000180618870887
0.5201825557809331,0.5916417910197023,0.5295207600862973,0.5474848525502212,0.985787443049784,0.014212556950216037,0.41662158183218595,0.5916417910197023
0.5241379310344828,0.5830722074128466,0.5194460150837281,0.5407477208173055,0.9858925111058031,0.014107488894196971,0.4088632510208699,0.5830722074128466
0.5102434077079108,0.5903420836229906,0.49251919437597874,0.5153243569027282,0.9854700367221941,0.014529963277805941,0.39167125536793473,0.5903420836229906
0.5095334685598377,0.544990994854239,0.45792827393905233,0.48408390267150203,0.9854628211629018,0.014537178837098142,0.35263041274945534,0.544990994854239
0.5169371196754564,0.5978605490888913,0.527052222850078,0.5466923964182814,0.9856930414033332,0.014306958596666886,0.41785240401330803,0.5978605490888913
0.5211967545638945,0.5789935378713708,0.5140567884738001,0.5320351596397541,0.9858121372806805,0.014187862719319452,0.40971186195800885,0.5789935378713708
0.5174442190669372,0.5774738623339438,0.5110103506224296,0.5345130834829167,0.9856771581040935,0.01432284189590651,0.40363932407363157,0.5774738623339438
0.5221095334685598,0.566619724004793,0.49363581154580227,0.5147737226510037,0.9858567227463174,0.014143277253682593,0.3685476584434986,0.566619724004793
0.5251521298174442,0.5898343721801288,0.4985015020223892,0.5273790474368673,0.9859006322099537,0.014099367790046339,0.39227723355184313,0.5898343721801288
0.5230223123732252,0.6300094746257527,0.5244711306423373,0.5549470309285622,0.9858154406442668,0.014184559355733034,0.41844261850987136,0.6300094746257527
